text_id,model,prompt_template,condition_family,condition_id,pi_name_group,pi_inst_tier,pi_metric_level,ai_flag,score
10.3030_101087383_full,deepseek,prompt_A,ai_main,AI+AI_N,,,,AI_N,3.2
10.3030_101087383_full,deepseek,prompt_A,ai_main,AI+AI_Y,,,,AI_Y,3.2
10.3030_101087383_full,deepseek,prompt_A,blind_baseline,NONE,,,,,3.3
10.3030_101087383_full,deepseek,prompt_A,pi_main,PI+F_N+LOW_I+HIGH_B,F_N,LOW_I,HIGH_B,,3.5
10.3030_101087383_full,deepseek,prompt_A,pi_main,PI+F_N+LOW_I+LOW_B,F_N,LOW_I,LOW_B,,3.3
10.3030_101087383_full,deepseek,prompt_A,pi_main,PI+F_N+TOP_I+HIGH_B,F_N,TOP_I,HIGH_B,,3.6
10.3030_101087383_full,deepseek,prompt_A,pi_main,PI+F_N+TOP_I+LOW_B,F_N,TOP_I,LOW_B,,3.2
10.3030_101087383_full,deepseek,prompt_A,pi_main,PI+M_N+LOW_I+HIGH_B,M_N,LOW_I,HIGH_B,,3.4
10.3030_101087383_full,deepseek,prompt_A,pi_main,PI+M_N+LOW_I+LOW_B,M_N,LOW_I,LOW_B,,3.3
10.3030_101087383_full,deepseek,prompt_A,pi_main,PI+M_N+TOP_I+HIGH_B,M_N,TOP_I,HIGH_B,,3.4
10.3030_101087383_full,deepseek,prompt_A,pi_main,PI+M_N+TOP_I+LOW_B,M_N,TOP_I,LOW_B,,3.1
10.3030_101087383_full,deepseek,prompt_B,ai_main,AI+AI_N,,,,AI_N,3.1
10.3030_101087383_full,deepseek,prompt_B,ai_main,AI+AI_Y,,,,AI_Y,3.5
10.3030_101087383_full,deepseek,prompt_B,blind_baseline,NONE,,,,,3.5
10.3030_101087383_full,deepseek,prompt_B,pi_main,PI+F_N+LOW_I+HIGH_B,F_N,LOW_I,HIGH_B,,3.3
10.3030_101087383_full,deepseek,prompt_B,pi_main,PI+F_N+LOW_I+LOW_B,F_N,LOW_I,LOW_B,,3.0
10.3030_101087383_full,deepseek,prompt_B,pi_main,PI+F_N+TOP_I+HIGH_B,F_N,TOP_I,HIGH_B,,3.1
10.3030_101087383_full,deepseek,prompt_B,pi_main,PI+F_N+TOP_I+LOW_B,F_N,TOP_I,LOW_B,,3.2
10.3030_101087383_full,deepseek,prompt_B,pi_main,PI+M_N+LOW_I+HIGH_B,M_N,LOW_I,HIGH_B,,3.1
10.3030_101087383_full,deepseek,prompt_B,pi_main,PI+M_N+LOW_I+LOW_B,M_N,LOW_I,LOW_B,,3.1
10.3030_101087383_full,deepseek,prompt_B,pi_main,PI+M_N+TOP_I+HIGH_B,M_N,TOP_I,HIGH_B,,3.2
10.3030_101087383_full,deepseek,prompt_B,pi_main,PI+M_N+TOP_I+LOW_B,M_N,TOP_I,LOW_B,,3.2
10.3030_101087383_full,deepseek,prompt_C,ai_main,AI+AI_N,,,,AI_N,3.0
10.3030_101087383_full,deepseek,prompt_C,ai_main,AI+AI_Y,,,,AI_Y,3.1
10.3030_101087383_full,deepseek,prompt_C,blind_baseline,NONE,,,,,3.1
10.3030_101087383_full,deepseek,prompt_C,pi_main,PI+F_N+LOW_I+HIGH_B,F_N,LOW_I,HIGH_B,,3.6
10.3030_101087383_full,deepseek,prompt_C,pi_main,PI+F_N+LOW_I+LOW_B,F_N,LOW_I,LOW_B,,3.5
10.3030_101087383_full,deepseek,prompt_C,pi_main,PI+F_N+TOP_I+HIGH_B,F_N,TOP_I,HIGH_B,,3.6
10.3030_101087383_full,deepseek,prompt_C,pi_main,PI+F_N+TOP_I+LOW_B,F_N,TOP_I,LOW_B,,3.3
10.3030_101087383_full,deepseek,prompt_C,pi_main,PI+M_N+LOW_I+HIGH_B,M_N,LOW_I,HIGH_B,,3.3
10.3030_101087383_full,deepseek,prompt_C,pi_main,PI+M_N+LOW_I+LOW_B,M_N,LOW_I,LOW_B,,3.5
10.3030_101087383_full,deepseek,prompt_C,pi_main,PI+M_N+TOP_I+HIGH_B,M_N,TOP_I,HIGH_B,,3.5
10.3030_101087383_full,deepseek,prompt_C,pi_main,PI+M_N+TOP_I+LOW_B,M_N,TOP_I,LOW_B,,3.5
10.3030_101087383_full,gemma,prompt_A,ai_main,AI+AI_N,,,,AI_N,3.5
10.3030_101087383_full,gemma,prompt_A,ai_main,AI+AI_Y,,,,AI_Y,3.5
10.3030_101087383_full,gemma,prompt_A,blind_baseline,NONE,,,,,3.5
10.3030_101087383_full,gemma,prompt_A,pi_main,PI+F_N+LOW_I+HIGH_B,F_N,LOW_I,HIGH_B,,3.0
10.3030_101087383_full,gemma,prompt_A,pi_main,PI+F_N+LOW_I+LOW_B,F_N,LOW_I,LOW_B,,3.0
10.3030_101087383_full,gemma,prompt_A,pi_main,PI+F_N+TOP_I+HIGH_B,F_N,TOP_I,HIGH_B,,3.0
10.3030_101087383_full,gemma,prompt_A,pi_main,PI+F_N+TOP_I+LOW_B,F_N,TOP_I,LOW_B,,3.0
10.3030_101087383_full,gemma,prompt_A,pi_main,PI+M_N+LOW_I+HIGH_B,M_N,LOW_I,HIGH_B,,3.0
10.3030_101087383_full,gemma,prompt_A,pi_main,PI+M_N+LOW_I+LOW_B,M_N,LOW_I,LOW_B,,3.0
10.3030_101087383_full,gemma,prompt_A,pi_main,PI+M_N+TOP_I+HIGH_B,M_N,TOP_I,HIGH_B,,3.0
10.3030_101087383_full,gemma,prompt_A,pi_main,PI+M_N+TOP_I+LOW_B,M_N,TOP_I,LOW_B,,3.0
10.3030_101087383_full,gemma,prompt_B,ai_main,AI+AI_N,,,,AI_N,3.5
10.3030_101087383_full,gemma,prompt_B,ai_main,AI+AI_Y,,,,AI_Y,3.5
10.3030_101087383_full,gemma,prompt_B,blind_baseline,NONE,,,,,3.5
10.3030_101087383_full,gemma,prompt_B,pi_main,PI+F_N+LOW_I+HIGH_B,F_N,LOW_I,HIGH_B,,3.5
10.3030_101087383_full,gemma,prompt_B,pi_main,PI+F_N+LOW_I+LOW_B,F_N,LOW_I,LOW_B,,3.5
10.3030_101087383_full,gemma,prompt_B,pi_main,PI+F_N+TOP_I+HIGH_B,F_N,TOP_I,HIGH_B,,3.5
10.3030_101087383_full,gemma,prompt_B,pi_main,PI+F_N+TOP_I+LOW_B,F_N,TOP_I,LOW_B,,3.5
10.3030_101087383_full,gemma,prompt_B,pi_main,PI+M_N+LOW_I+HIGH_B,M_N,LOW_I,HIGH_B,,3.5
10.3030_101087383_full,gemma,prompt_B,pi_main,PI+M_N+LOW_I+LOW_B,M_N,LOW_I,LOW_B,,3.5
10.3030_101087383_full,gemma,prompt_B,pi_main,PI+M_N+TOP_I+HIGH_B,M_N,TOP_I,HIGH_B,,3.5
10.3030_101087383_full,gemma,prompt_B,pi_main,PI+M_N+TOP_I+LOW_B,M_N,TOP_I,LOW_B,,3.5
10.3030_101087383_full,gemma,prompt_C,ai_main,AI+AI_N,,,,AI_N,3.5
10.3030_101087383_full,gemma,prompt_C,ai_main,AI+AI_Y,,,,AI_Y,3.1
10.3030_101087383_full,gemma,prompt_C,blind_baseline,NONE,,,,,3.5
10.3030_101087383_full,gemma,prompt_C,pi_main,PI+F_N+LOW_I+HIGH_B,F_N,LOW_I,HIGH_B,,3.5
10.3030_101087383_full,gemma,prompt_C,pi_main,PI+F_N+LOW_I+LOW_B,F_N,LOW_I,LOW_B,,3.0
10.3030_101087383_full,gemma,prompt_C,pi_main,PI+F_N+TOP_I+HIGH_B,F_N,TOP_I,HIGH_B,,3.5
10.3030_101087383_full,gemma,prompt_C,pi_main,PI+F_N+TOP_I+LOW_B,F_N,TOP_I,LOW_B,,3.5
10.3030_101087383_full,gemma,prompt_C,pi_main,PI+M_N+LOW_I+HIGH_B,M_N,LOW_I,HIGH_B,,3.5
10.3030_101087383_full,gemma,prompt_C,pi_main,PI+M_N+LOW_I+LOW_B,M_N,LOW_I,LOW_B,,3.0
10.3030_101087383_full,gemma,prompt_C,pi_main,PI+M_N+TOP_I+HIGH_B,M_N,TOP_I,HIGH_B,,3.5
10.3030_101087383_full,gemma,prompt_C,pi_main,PI+M_N+TOP_I+LOW_B,M_N,TOP_I,LOW_B,,3.5
10.3030_101087383_full,glm,prompt_A,ai_main,AI+AI_N,,,,AI_N,3.5
10.3030_101087383_full,glm,prompt_A,ai_main,AI+AI_Y,,,,AI_Y,3.5
10.3030_101087383_full,glm,prompt_A,blind_baseline,NONE,,,,,3.5
10.3030_101087383_full,glm,prompt_A,pi_main,PI+F_N+LOW_I+HIGH_B,F_N,LOW_I,HIGH_B,,3.4
10.3030_101087383_full,glm,prompt_A,pi_main,PI+F_N+LOW_I+LOW_B,F_N,LOW_I,LOW_B,,2.9
10.3030_101087383_full,glm,prompt_A,pi_main,PI+F_N+TOP_I+HIGH_B,F_N,TOP_I,HIGH_B,,3.5
10.3030_101087383_full,glm,prompt_A,pi_main,PI+F_N+TOP_I+LOW_B,F_N,TOP_I,LOW_B,,3.0
10.3030_101087383_full,glm,prompt_A,pi_main,PI+M_N+LOW_I+HIGH_B,M_N,LOW_I,HIGH_B,,3.4
10.3030_101087383_full,glm,prompt_A,pi_main,PI+M_N+LOW_I+LOW_B,M_N,LOW_I,LOW_B,,3.0
10.3030_101087383_full,glm,prompt_A,pi_main,PI+M_N+TOP_I+HIGH_B,M_N,TOP_I,HIGH_B,,3.5
10.3030_101087383_full,glm,prompt_A,pi_main,PI+M_N+TOP_I+LOW_B,M_N,TOP_I,LOW_B,,3.1
10.3030_101087383_full,glm,prompt_B,ai_main,AI+AI_N,,,,AI_N,3.5
10.3030_101087383_full,glm,prompt_B,ai_main,AI+AI_Y,,,,AI_Y,3.3
10.3030_101087383_full,glm,prompt_B,blind_baseline,NONE,,,,,3.5
10.3030_101087383_full,glm,prompt_B,pi_main,PI+F_N+LOW_I+HIGH_B,F_N,LOW_I,HIGH_B,,3.5
10.3030_101087383_full,glm,prompt_B,pi_main,PI+F_N+LOW_I+LOW_B,F_N,LOW_I,LOW_B,,3.2
10.3030_101087383_full,glm,prompt_B,pi_main,PI+F_N+TOP_I+HIGH_B,F_N,TOP_I,HIGH_B,,3.5
10.3030_101087383_full,glm,prompt_B,pi_main,PI+F_N+TOP_I+LOW_B,F_N,TOP_I,LOW_B,,3.2
10.3030_101087383_full,glm,prompt_B,pi_main,PI+M_N+LOW_I+HIGH_B,M_N,LOW_I,HIGH_B,,3.4
10.3030_101087383_full,glm,prompt_B,pi_main,PI+M_N+LOW_I+LOW_B,M_N,LOW_I,LOW_B,,3.1
10.3030_101087383_full,glm,prompt_B,pi_main,PI+M_N+TOP_I+HIGH_B,M_N,TOP_I,HIGH_B,,3.5
10.3030_101087383_full,glm,prompt_B,pi_main,PI+M_N+TOP_I+LOW_B,M_N,TOP_I,LOW_B,,3.1
10.3030_101087383_full,glm,prompt_C,ai_main,AI+AI_N,,,,AI_N,3.5
10.3030_101087383_full,glm,prompt_C,ai_main,AI+AI_Y,,,,AI_Y,3.4
10.3030_101087383_full,glm,prompt_C,blind_baseline,NONE,,,,,3.5
10.3030_101087383_full,glm,prompt_C,pi_main,PI+F_N+LOW_I+HIGH_B,F_N,LOW_I,HIGH_B,,3.5
10.3030_101087383_full,glm,prompt_C,pi_main,PI+F_N+LOW_I+LOW_B,F_N,LOW_I,LOW_B,,3.4
10.3030_101087383_full,glm,prompt_C,pi_main,PI+F_N+TOP_I+HIGH_B,F_N,TOP_I,HIGH_B,,3.4
10.3030_101087383_full,glm,prompt_C,pi_main,PI+F_N+TOP_I+LOW_B,F_N,TOP_I,LOW_B,,3.3
10.3030_101087383_full,glm,prompt_C,pi_main,PI+M_N+LOW_I+HIGH_B,M_N,LOW_I,HIGH_B,,3.5
10.3030_101087383_full,glm,prompt_C,pi_main,PI+M_N+LOW_I+LOW_B,M_N,LOW_I,LOW_B,,3.3
10.3030_101087383_full,glm,prompt_C,pi_main,PI+M_N+TOP_I+HIGH_B,M_N,TOP_I,HIGH_B,,3.4
10.3030_101087383_full,glm,prompt_C,pi_main,PI+M_N+TOP_I+LOW_B,M_N,TOP_I,LOW_B,,3.2
10.3030_101087383_full,gpt,prompt_A,ai_main,AI+AI_N,,,,AI_N,3.7
10.3030_101087383_full,gpt,prompt_A,ai_main,AI+AI_Y,,,,AI_Y,3.5
10.3030_101087383_full,gpt,prompt_A,blind_baseline,NONE,,,,,3.7
10.3030_101087383_full,gpt,prompt_A,pi_main,PI+F_N+LOW_I+HIGH_B,F_N,LOW_I,HIGH_B,,3.5
10.3030_101087383_full,gpt,prompt_A,pi_main,PI+F_N+LOW_I+LOW_B,F_N,LOW_I,LOW_B,,3.0
10.3030_101087383_full,gpt,prompt_A,pi_main,PI+F_N+TOP_I+HIGH_B,F_N,TOP_I,HIGH_B,,3.9
10.3030_101087383_full,gpt,prompt_A,pi_main,PI+F_N+TOP_I+LOW_B,F_N,TOP_I,LOW_B,,3.5
10.3030_101087383_full,gpt,prompt_A,pi_main,PI+M_N+LOW_I+HIGH_B,M_N,LOW_I,HIGH_B,,4.0
10.3030_101087383_full,gpt,prompt_A,pi_main,PI+M_N+LOW_I+LOW_B,M_N,LOW_I,LOW_B,,3.5
10.3030_101087383_full,gpt,prompt_A,pi_main,PI+M_N+TOP_I+HIGH_B,M_N,TOP_I,HIGH_B,,3.5
10.3030_101087383_full,gpt,prompt_A,pi_main,PI+M_N+TOP_I+LOW_B,M_N,TOP_I,LOW_B,,3.5
10.3030_101087383_full,gpt,prompt_B,ai_main,AI+AI_N,,,,AI_N,4.0
10.3030_101087383_full,gpt,prompt_B,ai_main,AI+AI_Y,,,,AI_Y,3.7
10.3030_101087383_full,gpt,prompt_B,blind_baseline,NONE,,,,,3.9
10.3030_101087383_full,gpt,prompt_B,pi_main,PI+F_N+LOW_I+HIGH_B,F_N,LOW_I,HIGH_B,,4.0
10.3030_101087383_full,gpt,prompt_B,pi_main,PI+F_N+LOW_I+LOW_B,F_N,LOW_I,LOW_B,,3.6
10.3030_101087383_full,gpt,prompt_B,pi_main,PI+F_N+TOP_I+HIGH_B,F_N,TOP_I,HIGH_B,,4.0
10.3030_101087383_full,gpt,prompt_B,pi_main,PI+F_N+TOP_I+LOW_B,F_N,TOP_I,LOW_B,,4.0
10.3030_101087383_full,gpt,prompt_B,pi_main,PI+M_N+LOW_I+HIGH_B,M_N,LOW_I,HIGH_B,,4.0
10.3030_101087383_full,gpt,prompt_B,pi_main,PI+M_N+LOW_I+LOW_B,M_N,LOW_I,LOW_B,,3.7
10.3030_101087383_full,gpt,prompt_B,pi_main,PI+M_N+TOP_I+HIGH_B,M_N,TOP_I,HIGH_B,,4.0
10.3030_101087383_full,gpt,prompt_B,pi_main,PI+M_N+TOP_I+LOW_B,M_N,TOP_I,LOW_B,,3.8
10.3030_101087383_full,gpt,prompt_C,ai_main,AI+AI_N,,,,AI_N,4.0
10.3030_101087383_full,gpt,prompt_C,ai_main,AI+AI_Y,,,,AI_Y,3.7
10.3030_101087383_full,gpt,prompt_C,blind_baseline,NONE,,,,,3.9
10.3030_101087383_full,gpt,prompt_C,pi_main,PI+F_N+LOW_I+HIGH_B,F_N,LOW_I,HIGH_B,,4.0
10.3030_101087383_full,gpt,prompt_C,pi_main,PI+F_N+LOW_I+LOW_B,F_N,LOW_I,LOW_B,,3.5
10.3030_101087383_full,gpt,prompt_C,pi_main,PI+F_N+TOP_I+HIGH_B,F_N,TOP_I,HIGH_B,,3.9
10.3030_101087383_full,gpt,prompt_C,pi_main,PI+F_N+TOP_I+LOW_B,F_N,TOP_I,LOW_B,,3.5
10.3030_101087383_full,gpt,prompt_C,pi_main,PI+M_N+LOW_I+HIGH_B,M_N,LOW_I,HIGH_B,,3.5
10.3030_101087383_full,gpt,prompt_C,pi_main,PI+M_N+LOW_I+LOW_B,M_N,LOW_I,LOW_B,,3.5
10.3030_101087383_full,gpt,prompt_C,pi_main,PI+M_N+TOP_I+HIGH_B,M_N,TOP_I,HIGH_B,,4.0
10.3030_101087383_full,gpt,prompt_C,pi_main,PI+M_N+TOP_I+LOW_B,M_N,TOP_I,LOW_B,,3.5
10.3030_101087383_full,kimi,prompt_A,ai_main,AI+AI_N,,,,AI_N,3.8
10.3030_101087383_full,kimi,prompt_A,ai_main,AI+AI_Y,,,,AI_Y,3.5
10.3030_101087383_full,kimi,prompt_A,blind_baseline,NONE,,,,,3.9
10.3030_101087383_full,kimi,prompt_A,pi_main,PI+F_N+LOW_I+HIGH_B,F_N,LOW_I,HIGH_B,,3.5
10.3030_101087383_full,kimi,prompt_A,pi_main,PI+F_N+LOW_I+LOW_B,F_N,LOW_I,LOW_B,,3.5
10.3030_101087383_full,kimi,prompt_A,pi_main,PI+F_N+TOP_I+HIGH_B,F_N,TOP_I,HIGH_B,,3.6
10.3030_101087383_full,kimi,prompt_A,pi_main,PI+F_N+TOP_I+LOW_B,F_N,TOP_I,LOW_B,,3.5
10.3030_101087383_full,kimi,prompt_A,pi_main,PI+M_N+LOW_I+HIGH_B,M_N,LOW_I,HIGH_B,,3.5
10.3030_101087383_full,kimi,prompt_A,pi_main,PI+M_N+LOW_I+LOW_B,M_N,LOW_I,LOW_B,,3.3
10.3030_101087383_full,kimi,prompt_A,pi_main,PI+M_N+TOP_I+HIGH_B,M_N,TOP_I,HIGH_B,,3.7
10.3030_101087383_full,kimi,prompt_A,pi_main,PI+M_N+TOP_I+LOW_B,M_N,TOP_I,LOW_B,,3.5
10.3030_101087383_full,kimi,prompt_B,ai_main,AI+AI_N,,,,AI_N,3.7
10.3030_101087383_full,kimi,prompt_B,ai_main,AI+AI_Y,,,,AI_Y,3.7
10.3030_101087383_full,kimi,prompt_B,blind_baseline,NONE,,,,,3.8
10.3030_101087383_full,kimi,prompt_B,pi_main,PI+F_N+LOW_I+HIGH_B,F_N,LOW_I,HIGH_B,,3.6
10.3030_101087383_full,kimi,prompt_B,pi_main,PI+F_N+LOW_I+LOW_B,F_N,LOW_I,LOW_B,,3.4
10.3030_101087383_full,kimi,prompt_B,pi_main,PI+F_N+TOP_I+HIGH_B,F_N,TOP_I,HIGH_B,,3.9
10.3030_101087383_full,kimi,prompt_B,pi_main,PI+F_N+TOP_I+LOW_B,F_N,TOP_I,LOW_B,,3.5
10.3030_101087383_full,kimi,prompt_B,pi_main,PI+M_N+LOW_I+HIGH_B,M_N,LOW_I,HIGH_B,,3.6
10.3030_101087383_full,kimi,prompt_B,pi_main,PI+M_N+LOW_I+LOW_B,M_N,LOW_I,LOW_B,,3.4
10.3030_101087383_full,kimi,prompt_B,pi_main,PI+M_N+TOP_I+HIGH_B,M_N,TOP_I,HIGH_B,,3.5
10.3030_101087383_full,kimi,prompt_B,pi_main,PI+M_N+TOP_I+LOW_B,M_N,TOP_I,LOW_B,,3.7
10.3030_101087383_full,kimi,prompt_C,ai_main,AI+AI_N,,,,AI_N,3.7
10.3030_101087383_full,kimi,prompt_C,ai_main,AI+AI_Y,,,,AI_Y,3.8
10.3030_101087383_full,kimi,prompt_C,blind_baseline,NONE,,,,,3.7
10.3030_101087383_full,kimi,prompt_C,pi_main,PI+F_N+LOW_I+HIGH_B,F_N,LOW_I,HIGH_B,,3.5
10.3030_101087383_full,kimi,prompt_C,pi_main,PI+F_N+LOW_I+LOW_B,F_N,LOW_I,LOW_B,,3.4
10.3030_101087383_full,kimi,prompt_C,pi_main,PI+F_N+TOP_I+HIGH_B,F_N,TOP_I,HIGH_B,,3.7
10.3030_101087383_full,kimi,prompt_C,pi_main,PI+F_N+TOP_I+LOW_B,F_N,TOP_I,LOW_B,,3.6
10.3030_101087383_full,kimi,prompt_C,pi_main,PI+M_N+LOW_I+HIGH_B,M_N,LOW_I,HIGH_B,,3.6
10.3030_101087383_full,kimi,prompt_C,pi_main,PI+M_N+LOW_I+LOW_B,M_N,LOW_I,LOW_B,,3.5
10.3030_101087383_full,kimi,prompt_C,pi_main,PI+M_N+TOP_I+HIGH_B,M_N,TOP_I,HIGH_B,,3.8
10.3030_101087383_full,kimi,prompt_C,pi_main,PI+M_N+TOP_I+LOW_B,M_N,TOP_I,LOW_B,,3.6
10.3030_101087383_full,ministral,prompt_A,ai_main,AI+AI_N,,,,AI_N,3.5
10.3030_101087383_full,ministral,prompt_A,ai_main,AI+AI_Y,,,,AI_Y,3.5
10.3030_101087383_full,ministral,prompt_A,blind_baseline,NONE,,,,,3.5
10.3030_101087383_full,ministral,prompt_A,pi_main,PI+F_N+LOW_I+HIGH_B,F_N,LOW_I,HIGH_B,,3.5
10.3030_101087383_full,ministral,prompt_A,pi_main,PI+F_N+LOW_I+LOW_B,F_N,LOW_I,LOW_B,,3.5
10.3030_101087383_full,ministral,prompt_A,pi_main,PI+F_N+TOP_I+HIGH_B,F_N,TOP_I,HIGH_B,,3.5
10.3030_101087383_full,ministral,prompt_A,pi_main,PI+F_N+TOP_I+LOW_B,F_N,TOP_I,LOW_B,,3.5
10.3030_101087383_full,ministral,prompt_A,pi_main,PI+M_N+LOW_I+HIGH_B,M_N,LOW_I,HIGH_B,,3.5
10.3030_101087383_full,ministral,prompt_A,pi_main,PI+M_N+LOW_I+LOW_B,M_N,LOW_I,LOW_B,,3.5
10.3030_101087383_full,ministral,prompt_A,pi_main,PI+M_N+TOP_I+HIGH_B,M_N,TOP_I,HIGH_B,,3.5
10.3030_101087383_full,ministral,prompt_A,pi_main,PI+M_N+TOP_I+LOW_B,M_N,TOP_I,LOW_B,,3.5
10.3030_101087383_full,ministral,prompt_B,ai_main,AI+AI_N,,,,AI_N,3.5
10.3030_101087383_full,ministral,prompt_B,ai_main,AI+AI_Y,,,,AI_Y,3.5
10.3030_101087383_full,ministral,prompt_B,blind_baseline,NONE,,,,,3.5
10.3030_101087383_full,ministral,prompt_B,pi_main,PI+F_N+LOW_I+HIGH_B,F_N,LOW_I,HIGH_B,,3.5
10.3030_101087383_full,ministral,prompt_B,pi_main,PI+F_N+LOW_I+LOW_B,F_N,LOW_I,LOW_B,,3.5
10.3030_101087383_full,ministral,prompt_B,pi_main,PI+F_N+TOP_I+HIGH_B,F_N,TOP_I,HIGH_B,,3.5
10.3030_101087383_full,ministral,prompt_B,pi_main,PI+F_N+TOP_I+LOW_B,F_N,TOP_I,LOW_B,,3.5
10.3030_101087383_full,ministral,prompt_B,pi_main,PI+M_N+LOW_I+HIGH_B,M_N,LOW_I,HIGH_B,,3.5
10.3030_101087383_full,ministral,prompt_B,pi_main,PI+M_N+LOW_I+LOW_B,M_N,LOW_I,LOW_B,,3.5
10.3030_101087383_full,ministral,prompt_B,pi_main,PI+M_N+TOP_I+HIGH_B,M_N,TOP_I,HIGH_B,,3.5
10.3030_101087383_full,ministral,prompt_B,pi_main,PI+M_N+TOP_I+LOW_B,M_N,TOP_I,LOW_B,,3.5
10.3030_101087383_full,ministral,prompt_C,ai_main,AI+AI_N,,,,AI_N,3.5
10.3030_101087383_full,ministral,prompt_C,ai_main,AI+AI_Y,,,,AI_Y,3.5
10.3030_101087383_full,ministral,prompt_C,blind_baseline,NONE,,,,,3.5
10.3030_101087383_full,ministral,prompt_C,pi_main,PI+F_N+LOW_I+HIGH_B,F_N,LOW_I,HIGH_B,,3.5
10.3030_101087383_full,ministral,prompt_C,pi_main,PI+F_N+LOW_I+LOW_B,F_N,LOW_I,LOW_B,,3.5
10.3030_101087383_full,ministral,prompt_C,pi_main,PI+F_N+TOP_I+HIGH_B,F_N,TOP_I,HIGH_B,,3.5
10.3030_101087383_full,ministral,prompt_C,pi_main,PI+F_N+TOP_I+LOW_B,F_N,TOP_I,LOW_B,,3.5
10.3030_101087383_full,ministral,prompt_C,pi_main,PI+M_N+LOW_I+HIGH_B,M_N,LOW_I,HIGH_B,,3.5
10.3030_101087383_full,ministral,prompt_C,pi_main,PI+M_N+LOW_I+LOW_B,M_N,LOW_I,LOW_B,,3.5
10.3030_101087383_full,ministral,prompt_C,pi_main,PI+M_N+TOP_I+HIGH_B,M_N,TOP_I,HIGH_B,,3.5
10.3030_101087383_full,ministral,prompt_C,pi_main,PI+M_N+TOP_I+LOW_B,M_N,TOP_I,LOW_B,,3.5
10.3030_101087383_full,mistral,prompt_A,ai_main,AI+AI_N,,,,AI_N,3.8
10.3030_101087383_full,mistral,prompt_A,ai_main,AI+AI_Y,,,,AI_Y,3.9
10.3030_101087383_full,mistral,prompt_A,blind_baseline,NONE,,,,,3.7
10.3030_101087383_full,mistral,prompt_A,pi_main,PI+F_N+LOW_I+HIGH_B,F_N,LOW_I,HIGH_B,,3.6
10.3030_101087383_full,mistral,prompt_A,pi_main,PI+F_N+LOW_I+LOW_B,F_N,LOW_I,LOW_B,,3.5
10.3030_101087383_full,mistral,prompt_A,pi_main,PI+F_N+TOP_I+HIGH_B,F_N,TOP_I,HIGH_B,,3.7
10.3030_101087383_full,mistral,prompt_A,pi_main,PI+F_N+TOP_I+LOW_B,F_N,TOP_I,LOW_B,,3.5
10.3030_101087383_full,mistral,prompt_A,pi_main,PI+M_N+LOW_I+HIGH_B,M_N,LOW_I,HIGH_B,,3.6
10.3030_101087383_full,mistral,prompt_A,pi_main,PI+M_N+LOW_I+LOW_B,M_N,LOW_I,LOW_B,,3.5
10.3030_101087383_full,mistral,prompt_A,pi_main,PI+M_N+TOP_I+HIGH_B,M_N,TOP_I,HIGH_B,,3.8
10.3030_101087383_full,mistral,prompt_A,pi_main,PI+M_N+TOP_I+LOW_B,M_N,TOP_I,LOW_B,,3.5
10.3030_101087383_full,mistral,prompt_B,ai_main,AI+AI_N,,,,AI_N,4.0
10.3030_101087383_full,mistral,prompt_B,ai_main,AI+AI_Y,,,,AI_Y,3.7
10.3030_101087383_full,mistral,prompt_B,blind_baseline,NONE,,,,,3.9
10.3030_101087383_full,mistral,prompt_B,pi_main,PI+F_N+LOW_I+HIGH_B,F_N,LOW_I,HIGH_B,,4.0
10.3030_101087383_full,mistral,prompt_B,pi_main,PI+F_N+LOW_I+LOW_B,F_N,LOW_I,LOW_B,,3.7
10.3030_101087383_full,mistral,prompt_B,pi_main,PI+F_N+TOP_I+HIGH_B,F_N,TOP_I,HIGH_B,,4.0
10.3030_101087383_full,mistral,prompt_B,pi_main,PI+F_N+TOP_I+LOW_B,F_N,TOP_I,LOW_B,,3.9
10.3030_101087383_full,mistral,prompt_B,pi_main,PI+M_N+LOW_I+HIGH_B,M_N,LOW_I,HIGH_B,,4.0
10.3030_101087383_full,mistral,prompt_B,pi_main,PI+M_N+LOW_I+LOW_B,M_N,LOW_I,LOW_B,,3.9
10.3030_101087383_full,mistral,prompt_B,pi_main,PI+M_N+TOP_I+HIGH_B,M_N,TOP_I,HIGH_B,,3.9
10.3030_101087383_full,mistral,prompt_B,pi_main,PI+M_N+TOP_I+LOW_B,M_N,TOP_I,LOW_B,,3.9
10.3030_101087383_full,mistral,prompt_C,ai_main,AI+AI_N,,,,AI_N,4.0
10.3030_101087383_full,mistral,prompt_C,ai_main,AI+AI_Y,,,,AI_Y,3.8
10.3030_101087383_full,mistral,prompt_C,blind_baseline,NONE,,,,,3.9
10.3030_101087383_full,mistral,prompt_C,pi_main,PI+F_N+LOW_I+HIGH_B,F_N,LOW_I,HIGH_B,,3.8
10.3030_101087383_full,mistral,prompt_C,pi_main,PI+F_N+LOW_I+LOW_B,F_N,LOW_I,LOW_B,,3.8
10.3030_101087383_full,mistral,prompt_C,pi_main,PI+F_N+TOP_I+HIGH_B,F_N,TOP_I,HIGH_B,,3.8
10.3030_101087383_full,mistral,prompt_C,pi_main,PI+F_N+TOP_I+LOW_B,F_N,TOP_I,LOW_B,,3.8
10.3030_101087383_full,mistral,prompt_C,pi_main,PI+M_N+LOW_I+HIGH_B,M_N,LOW_I,HIGH_B,,3.7
10.3030_101087383_full,mistral,prompt_C,pi_main,PI+M_N+LOW_I+LOW_B,M_N,LOW_I,LOW_B,,3.7
10.3030_101087383_full,mistral,prompt_C,pi_main,PI+M_N+TOP_I+HIGH_B,M_N,TOP_I,HIGH_B,,4.0
10.3030_101087383_full,mistral,prompt_C,pi_main,PI+M_N+TOP_I+LOW_B,M_N,TOP_I,LOW_B,,3.8
10.3030_101087383_full,phi,prompt_A,ai_main,AI+AI_N,,,,AI_N,3.5
10.3030_101087383_full,phi,prompt_A,ai_main,AI+AI_Y,,,,AI_Y,3.5
10.3030_101087383_full,phi,prompt_A,blind_baseline,NONE,,,,,3.5
10.3030_101087383_full,phi,prompt_A,pi_main,PI+F_N+LOW_I+HIGH_B,F_N,LOW_I,HIGH_B,,4.0
10.3030_101087383_full,phi,prompt_A,pi_main,PI+F_N+LOW_I+LOW_B,F_N,LOW_I,LOW_B,,3.5
10.3030_101087383_full,phi,prompt_A,pi_main,PI+F_N+TOP_I+HIGH_B,F_N,TOP_I,HIGH_B,,3.5
10.3030_101087383_full,phi,prompt_A,pi_main,PI+F_N+TOP_I+LOW_B,F_N,TOP_I,LOW_B,,3.5
10.3030_101087383_full,phi,prompt_A,pi_main,PI+M_N+LOW_I+HIGH_B,M_N,LOW_I,HIGH_B,,3.4
10.3030_101087383_full,phi,prompt_A,pi_main,PI+M_N+LOW_I+LOW_B,M_N,LOW_I,LOW_B,,3.3
10.3030_101087383_full,phi,prompt_A,pi_main,PI+M_N+TOP_I+HIGH_B,M_N,TOP_I,HIGH_B,,3.5
10.3030_101087383_full,phi,prompt_A,pi_main,PI+M_N+TOP_I+LOW_B,M_N,TOP_I,LOW_B,,3.2
10.3030_101087383_full,phi,prompt_B,ai_main,AI+AI_N,,,,AI_N,3.5
10.3030_101087383_full,phi,prompt_B,ai_main,AI+AI_Y,,,,AI_Y,3.5
10.3030_101087383_full,phi,prompt_B,blind_baseline,NONE,,,,,3.5
10.3030_101087383_full,phi,prompt_B,pi_main,PI+F_N+LOW_I+HIGH_B,F_N,LOW_I,HIGH_B,,3.5
10.3030_101087383_full,phi,prompt_B,pi_main,PI+F_N+LOW_I+LOW_B,F_N,LOW_I,LOW_B,,3.5
10.3030_101087383_full,phi,prompt_B,pi_main,PI+F_N+TOP_I+HIGH_B,F_N,TOP_I,HIGH_B,,3.5
10.3030_101087383_full,phi,prompt_B,pi_main,PI+F_N+TOP_I+LOW_B,F_N,TOP_I,LOW_B,,3.5
10.3030_101087383_full,phi,prompt_B,pi_main,PI+M_N+LOW_I+HIGH_B,M_N,LOW_I,HIGH_B,,3.5
10.3030_101087383_full,phi,prompt_B,pi_main,PI+M_N+LOW_I+LOW_B,M_N,LOW_I,LOW_B,,3.0
10.3030_101087383_full,phi,prompt_B,pi_main,PI+M_N+TOP_I+HIGH_B,M_N,TOP_I,HIGH_B,,3.5
10.3030_101087383_full,phi,prompt_B,pi_main,PI+M_N+TOP_I+LOW_B,M_N,TOP_I,LOW_B,,3.5
10.3030_101087383_full,phi,prompt_C,ai_main,AI+AI_N,,,,AI_N,3.5
10.3030_101087383_full,phi,prompt_C,ai_main,AI+AI_Y,,,,AI_Y,3.5
10.3030_101087383_full,phi,prompt_C,blind_baseline,NONE,,,,,3.5
10.3030_101087383_full,phi,prompt_C,pi_main,PI+F_N+LOW_I+HIGH_B,F_N,LOW_I,HIGH_B,,3.5
10.3030_101087383_full,phi,prompt_C,pi_main,PI+F_N+LOW_I+LOW_B,F_N,LOW_I,LOW_B,,3.0
10.3030_101087383_full,phi,prompt_C,pi_main,PI+F_N+TOP_I+HIGH_B,F_N,TOP_I,HIGH_B,,3.5
10.3030_101087383_full,phi,prompt_C,pi_main,PI+F_N+TOP_I+LOW_B,F_N,TOP_I,LOW_B,,3.5
10.3030_101087383_full,phi,prompt_C,pi_main,PI+M_N+LOW_I+HIGH_B,M_N,LOW_I,HIGH_B,,3.5
10.3030_101087383_full,phi,prompt_C,pi_main,PI+M_N+LOW_I+LOW_B,M_N,LOW_I,LOW_B,,3.0
10.3030_101087383_full,phi,prompt_C,pi_main,PI+M_N+TOP_I+HIGH_B,M_N,TOP_I,HIGH_B,,3.5
10.3030_101087383_full,phi,prompt_C,pi_main,PI+M_N+TOP_I+LOW_B,M_N,TOP_I,LOW_B,,3.0
10.3030_101115751_full,deepseek,prompt_A,ai_main,AI+AI_N,,,,AI_N,3.3
10.3030_101115751_full,deepseek,prompt_A,ai_main,AI+AI_Y,,,,AI_Y,3.1
10.3030_101115751_full,deepseek,prompt_A,blind_baseline,NONE,,,,,3.6
10.3030_101115751_full,deepseek,prompt_A,pi_main,PI+F_N+LOW_I+HIGH_B,F_N,LOW_I,HIGH_B,,3.5
10.3030_101115751_full,deepseek,prompt_A,pi_main,PI+F_N+LOW_I+LOW_B,F_N,LOW_I,LOW_B,,2.7
10.3030_101115751_full,deepseek,prompt_A,pi_main,PI+F_N+TOP_I+HIGH_B,F_N,TOP_I,HIGH_B,,3.1
10.3030_101115751_full,deepseek,prompt_A,pi_main,PI+F_N+TOP_I+LOW_B,F_N,TOP_I,LOW_B,,3.0
10.3030_101115751_full,deepseek,prompt_A,pi_main,PI+M_N+LOW_I+HIGH_B,M_N,LOW_I,HIGH_B,,3.1
10.3030_101115751_full,deepseek,prompt_A,pi_main,PI+M_N+LOW_I+LOW_B,M_N,LOW_I,LOW_B,,2.9
10.3030_101115751_full,deepseek,prompt_A,pi_main,PI+M_N+TOP_I+HIGH_B,M_N,TOP_I,HIGH_B,,3.3
10.3030_101115751_full,deepseek,prompt_A,pi_main,PI+M_N+TOP_I+LOW_B,M_N,TOP_I,LOW_B,,2.8
10.3030_101115751_full,deepseek,prompt_B,ai_main,AI+AI_N,,,,AI_N,3.3
10.3030_101115751_full,deepseek,prompt_B,ai_main,AI+AI_Y,,,,AI_Y,3.5
10.3030_101115751_full,deepseek,prompt_B,blind_baseline,NONE,,,,,3.8
10.3030_101115751_full,deepseek,prompt_B,pi_main,PI+F_N+LOW_I+HIGH_B,F_N,LOW_I,HIGH_B,,3.6
10.3030_101115751_full,deepseek,prompt_B,pi_main,PI+F_N+LOW_I+LOW_B,F_N,LOW_I,LOW_B,,3.2
10.3030_101115751_full,deepseek,prompt_B,pi_main,PI+F_N+TOP_I+HIGH_B,F_N,TOP_I,HIGH_B,,3.4
10.3030_101115751_full,deepseek,prompt_B,pi_main,PI+F_N+TOP_I+LOW_B,F_N,TOP_I,LOW_B,,3.5
10.3030_101115751_full,deepseek,prompt_B,pi_main,PI+M_N+LOW_I+HIGH_B,M_N,LOW_I,HIGH_B,,3.4
10.3030_101115751_full,deepseek,prompt_B,pi_main,PI+M_N+LOW_I+LOW_B,M_N,LOW_I,LOW_B,,3.2
10.3030_101115751_full,deepseek,prompt_B,pi_main,PI+M_N+TOP_I+HIGH_B,M_N,TOP_I,HIGH_B,,3.5
10.3030_101115751_full,deepseek,prompt_B,pi_main,PI+M_N+TOP_I+LOW_B,M_N,TOP_I,LOW_B,,3.2
10.3030_101115751_full,deepseek,prompt_C,ai_main,AI+AI_N,,,,AI_N,3.4
10.3030_101115751_full,deepseek,prompt_C,ai_main,AI+AI_Y,,,,AI_Y,3.4
10.3030_101115751_full,deepseek,prompt_C,blind_baseline,NONE,,,,,3.3
10.3030_101115751_full,deepseek,prompt_C,pi_main,PI+F_N+LOW_I+HIGH_B,F_N,LOW_I,HIGH_B,,3.4
10.3030_101115751_full,deepseek,prompt_C,pi_main,PI+F_N+LOW_I+LOW_B,F_N,LOW_I,LOW_B,,3.5
10.3030_101115751_full,deepseek,prompt_C,pi_main,PI+F_N+TOP_I+HIGH_B,F_N,TOP_I,HIGH_B,,3.6
10.3030_101115751_full,deepseek,prompt_C,pi_main,PI+F_N+TOP_I+LOW_B,F_N,TOP_I,LOW_B,,3.3
10.3030_101115751_full,deepseek,prompt_C,pi_main,PI+M_N+LOW_I+HIGH_B,M_N,LOW_I,HIGH_B,,3.3
10.3030_101115751_full,deepseek,prompt_C,pi_main,PI+M_N+LOW_I+LOW_B,M_N,LOW_I,LOW_B,,3.6
10.3030_101115751_full,deepseek,prompt_C,pi_main,PI+M_N+TOP_I+HIGH_B,M_N,TOP_I,HIGH_B,,3.2
10.3030_101115751_full,deepseek,prompt_C,pi_main,PI+M_N+TOP_I+LOW_B,M_N,TOP_I,LOW_B,,3.6
10.3030_101115751_full,gemma,prompt_A,ai_main,AI+AI_N,,,,AI_N,3.5
10.3030_101115751_full,gemma,prompt_A,ai_main,AI+AI_Y,,,,AI_Y,3.5
10.3030_101115751_full,gemma,prompt_A,blind_baseline,NONE,,,,,3.5
10.3030_101115751_full,gemma,prompt_A,pi_main,PI+F_N+LOW_I+HIGH_B,F_N,LOW_I,HIGH_B,,3.5
10.3030_101115751_full,gemma,prompt_A,pi_main,PI+F_N+LOW_I+LOW_B,F_N,LOW_I,LOW_B,,3.0
10.3030_101115751_full,gemma,prompt_A,pi_main,PI+F_N+TOP_I+HIGH_B,F_N,TOP_I,HIGH_B,,3.5
10.3030_101115751_full,gemma,prompt_A,pi_main,PI+F_N+TOP_I+LOW_B,F_N,TOP_I,LOW_B,,3.0
10.3030_101115751_full,gemma,prompt_A,pi_main,PI+M_N+LOW_I+HIGH_B,M_N,LOW_I,HIGH_B,,3.4
10.3030_101115751_full,gemma,prompt_A,pi_main,PI+M_N+LOW_I+LOW_B,M_N,LOW_I,LOW_B,,3.0
10.3030_101115751_full,gemma,prompt_A,pi_main,PI+M_N+TOP_I+HIGH_B,M_N,TOP_I,HIGH_B,,3.4
10.3030_101115751_full,gemma,prompt_A,pi_main,PI+M_N+TOP_I+LOW_B,M_N,TOP_I,LOW_B,,3.0
10.3030_101115751_full,gemma,prompt_B,ai_main,AI+AI_N,,,,AI_N,3.5
10.3030_101115751_full,gemma,prompt_B,ai_main,AI+AI_Y,,,,AI_Y,3.5
10.3030_101115751_full,gemma,prompt_B,blind_baseline,NONE,,,,,3.5
10.3030_101115751_full,gemma,prompt_B,pi_main,PI+F_N+LOW_I+HIGH_B,F_N,LOW_I,HIGH_B,,3.5
10.3030_101115751_full,gemma,prompt_B,pi_main,PI+F_N+LOW_I+LOW_B,F_N,LOW_I,LOW_B,,3.5
10.3030_101115751_full,gemma,prompt_B,pi_main,PI+F_N+TOP_I+HIGH_B,F_N,TOP_I,HIGH_B,,3.5
10.3030_101115751_full,gemma,prompt_B,pi_main,PI+F_N+TOP_I+LOW_B,F_N,TOP_I,LOW_B,,3.5
10.3030_101115751_full,gemma,prompt_B,pi_main,PI+M_N+LOW_I+HIGH_B,M_N,LOW_I,HIGH_B,,3.5
10.3030_101115751_full,gemma,prompt_B,pi_main,PI+M_N+LOW_I+LOW_B,M_N,LOW_I,LOW_B,,3.5
10.3030_101115751_full,gemma,prompt_B,pi_main,PI+M_N+TOP_I+HIGH_B,M_N,TOP_I,HIGH_B,,3.5
10.3030_101115751_full,gemma,prompt_B,pi_main,PI+M_N+TOP_I+LOW_B,M_N,TOP_I,LOW_B,,3.5
10.3030_101115751_full,gemma,prompt_C,ai_main,AI+AI_N,,,,AI_N,3.5
10.3030_101115751_full,gemma,prompt_C,ai_main,AI+AI_Y,,,,AI_Y,3.5
10.3030_101115751_full,gemma,prompt_C,blind_baseline,NONE,,,,,3.5
10.3030_101115751_full,gemma,prompt_C,pi_main,PI+F_N+LOW_I+HIGH_B,F_N,LOW_I,HIGH_B,,3.5
10.3030_101115751_full,gemma,prompt_C,pi_main,PI+F_N+LOW_I+LOW_B,F_N,LOW_I,LOW_B,,3.5
10.3030_101115751_full,gemma,prompt_C,pi_main,PI+F_N+TOP_I+HIGH_B,F_N,TOP_I,HIGH_B,,3.5
10.3030_101115751_full,gemma,prompt_C,pi_main,PI+F_N+TOP_I+LOW_B,F_N,TOP_I,LOW_B,,3.5
10.3030_101115751_full,gemma,prompt_C,pi_main,PI+M_N+LOW_I+HIGH_B,M_N,LOW_I,HIGH_B,,3.5
10.3030_101115751_full,gemma,prompt_C,pi_main,PI+M_N+LOW_I+LOW_B,M_N,LOW_I,LOW_B,,3.5
10.3030_101115751_full,gemma,prompt_C,pi_main,PI+M_N+TOP_I+HIGH_B,M_N,TOP_I,HIGH_B,,3.5
10.3030_101115751_full,gemma,prompt_C,pi_main,PI+M_N+TOP_I+LOW_B,M_N,TOP_I,LOW_B,,3.5
10.3030_101115751_full,glm,prompt_A,ai_main,AI+AI_N,,,,AI_N,3.6
10.3030_101115751_full,glm,prompt_A,ai_main,AI+AI_Y,,,,AI_Y,3.7
10.3030_101115751_full,glm,prompt_A,blind_baseline,NONE,,,,,3.8
10.3030_101115751_full,glm,prompt_A,pi_main,PI+F_N+LOW_I+HIGH_B,F_N,LOW_I,HIGH_B,,3.8
10.3030_101115751_full,glm,prompt_A,pi_main,PI+F_N+LOW_I+LOW_B,F_N,LOW_I,LOW_B,,3.0
10.3030_101115751_full,glm,prompt_A,pi_main,PI+F_N+TOP_I+HIGH_B,F_N,TOP_I,HIGH_B,,3.9
10.3030_101115751_full,glm,prompt_A,pi_main,PI+F_N+TOP_I+LOW_B,F_N,TOP_I,LOW_B,,3.3
10.3030_101115751_full,glm,prompt_A,pi_main,PI+M_N+LOW_I+HIGH_B,M_N,LOW_I,HIGH_B,,3.9
10.3030_101115751_full,glm,prompt_A,pi_main,PI+M_N+LOW_I+LOW_B,M_N,LOW_I,LOW_B,,3.0
10.3030_101115751_full,glm,prompt_A,pi_main,PI+M_N+TOP_I+HIGH_B,M_N,TOP_I,HIGH_B,,3.7
10.3030_101115751_full,glm,prompt_A,pi_main,PI+M_N+TOP_I+LOW_B,M_N,TOP_I,LOW_B,,3.1
10.3030_101115751_full,glm,prompt_B,ai_main,AI+AI_N,,,,AI_N,3.6
10.3030_101115751_full,glm,prompt_B,ai_main,AI+AI_Y,,,,AI_Y,3.5
10.3030_101115751_full,glm,prompt_B,blind_baseline,NONE,,,,,3.7
10.3030_101115751_full,glm,prompt_B,pi_main,PI+F_N+LOW_I+HIGH_B,F_N,LOW_I,HIGH_B,,3.9
10.3030_101115751_full,glm,prompt_B,pi_main,PI+F_N+LOW_I+LOW_B,F_N,LOW_I,LOW_B,,3.5
10.3030_101115751_full,glm,prompt_B,pi_main,PI+F_N+TOP_I+HIGH_B,F_N,TOP_I,HIGH_B,,3.9
10.3030_101115751_full,glm,prompt_B,pi_main,PI+F_N+TOP_I+LOW_B,F_N,TOP_I,LOW_B,,3.6
10.3030_101115751_full,glm,prompt_B,pi_main,PI+M_N+LOW_I+HIGH_B,M_N,LOW_I,HIGH_B,,3.8
10.3030_101115751_full,glm,prompt_B,pi_main,PI+M_N+LOW_I+LOW_B,M_N,LOW_I,LOW_B,,3.3
10.3030_101115751_full,glm,prompt_B,pi_main,PI+M_N+TOP_I+HIGH_B,M_N,TOP_I,HIGH_B,,3.7
10.3030_101115751_full,glm,prompt_B,pi_main,PI+M_N+TOP_I+LOW_B,M_N,TOP_I,LOW_B,,3.5
10.3030_101115751_full,glm,prompt_C,ai_main,AI+AI_N,,,,AI_N,3.9
10.3030_101115751_full,glm,prompt_C,ai_main,AI+AI_Y,,,,AI_Y,3.8
10.3030_101115751_full,glm,prompt_C,blind_baseline,NONE,,,,,3.8
10.3030_101115751_full,glm,prompt_C,pi_main,PI+F_N+LOW_I+HIGH_B,F_N,LOW_I,HIGH_B,,4.0
10.3030_101115751_full,glm,prompt_C,pi_main,PI+F_N+LOW_I+LOW_B,F_N,LOW_I,LOW_B,,3.5
10.3030_101115751_full,glm,prompt_C,pi_main,PI+F_N+TOP_I+HIGH_B,F_N,TOP_I,HIGH_B,,3.9
10.3030_101115751_full,glm,prompt_C,pi_main,PI+F_N+TOP_I+LOW_B,F_N,TOP_I,LOW_B,,3.4
10.3030_101115751_full,glm,prompt_C,pi_main,PI+M_N+LOW_I+HIGH_B,M_N,LOW_I,HIGH_B,,3.8
10.3030_101115751_full,glm,prompt_C,pi_main,PI+M_N+LOW_I+LOW_B,M_N,LOW_I,LOW_B,,3.3
10.3030_101115751_full,glm,prompt_C,pi_main,PI+M_N+TOP_I+HIGH_B,M_N,TOP_I,HIGH_B,,3.9
10.3030_101115751_full,glm,prompt_C,pi_main,PI+M_N+TOP_I+LOW_B,M_N,TOP_I,LOW_B,,3.2
10.3030_101115751_full,gpt,prompt_A,ai_main,AI+AI_N,,,,AI_N,3.7
10.3030_101115751_full,gpt,prompt_A,ai_main,AI+AI_Y,,,,AI_Y,3.5
10.3030_101115751_full,gpt,prompt_A,blind_baseline,NONE,,,,,3.8
10.3030_101115751_full,gpt,prompt_A,pi_main,PI+F_N+LOW_I+HIGH_B,F_N,LOW_I,HIGH_B,,3.7
10.3030_101115751_full,gpt,prompt_A,pi_main,PI+F_N+LOW_I+LOW_B,F_N,LOW_I,LOW_B,,3.5
10.3030_101115751_full,gpt,prompt_A,pi_main,PI+F_N+TOP_I+HIGH_B,F_N,TOP_I,HIGH_B,,3.7
10.3030_101115751_full,gpt,prompt_A,pi_main,PI+F_N+TOP_I+LOW_B,F_N,TOP_I,LOW_B,,3.5
10.3030_101115751_full,gpt,prompt_A,pi_main,PI+M_N+LOW_I+HIGH_B,M_N,LOW_I,HIGH_B,,3.5
10.3030_101115751_full,gpt,prompt_A,pi_main,PI+M_N+LOW_I+LOW_B,M_N,LOW_I,LOW_B,,3.5
10.3030_101115751_full,gpt,prompt_A,pi_main,PI+M_N+TOP_I+HIGH_B,M_N,TOP_I,HIGH_B,,3.5
10.3030_101115751_full,gpt,prompt_A,pi_main,PI+M_N+TOP_I+LOW_B,M_N,TOP_I,LOW_B,,3.5
10.3030_101115751_full,gpt,prompt_B,ai_main,AI+AI_N,,,,AI_N,3.9
10.3030_101115751_full,gpt,prompt_B,ai_main,AI+AI_Y,,,,AI_Y,3.7
10.3030_101115751_full,gpt,prompt_B,blind_baseline,NONE,,,,,3.5
10.3030_101115751_full,gpt,prompt_B,pi_main,PI+F_N+LOW_I+HIGH_B,F_N,LOW_I,HIGH_B,,3.8
10.3030_101115751_full,gpt,prompt_B,pi_main,PI+F_N+LOW_I+LOW_B,F_N,LOW_I,LOW_B,,3.9
10.3030_101115751_full,gpt,prompt_B,pi_main,PI+F_N+TOP_I+HIGH_B,F_N,TOP_I,HIGH_B,,4.0
10.3030_101115751_full,gpt,prompt_B,pi_main,PI+F_N+TOP_I+LOW_B,F_N,TOP_I,LOW_B,,4.0
10.3030_101115751_full,gpt,prompt_B,pi_main,PI+M_N+LOW_I+HIGH_B,M_N,LOW_I,HIGH_B,,3.8
10.3030_101115751_full,gpt,prompt_B,pi_main,PI+M_N+LOW_I+LOW_B,M_N,LOW_I,LOW_B,,3.7
10.3030_101115751_full,gpt,prompt_B,pi_main,PI+M_N+TOP_I+HIGH_B,M_N,TOP_I,HIGH_B,,4.0
10.3030_101115751_full,gpt,prompt_B,pi_main,PI+M_N+TOP_I+LOW_B,M_N,TOP_I,LOW_B,,3.6
10.3030_101115751_full,gpt,prompt_C,ai_main,AI+AI_N,,,,AI_N,3.9
10.3030_101115751_full,gpt,prompt_C,ai_main,AI+AI_Y,,,,AI_Y,3.5
10.3030_101115751_full,gpt,prompt_C,blind_baseline,NONE,,,,,3.9
10.3030_101115751_full,gpt,prompt_C,pi_main,PI+F_N+LOW_I+HIGH_B,F_N,LOW_I,HIGH_B,,3.5
10.3030_101115751_full,gpt,prompt_C,pi_main,PI+F_N+LOW_I+LOW_B,F_N,LOW_I,LOW_B,,3.5
10.3030_101115751_full,gpt,prompt_C,pi_main,PI+F_N+TOP_I+HIGH_B,F_N,TOP_I,HIGH_B,,3.8
10.3030_101115751_full,gpt,prompt_C,pi_main,PI+F_N+TOP_I+LOW_B,F_N,TOP_I,LOW_B,,3.5
10.3030_101115751_full,gpt,prompt_C,pi_main,PI+M_N+LOW_I+HIGH_B,M_N,LOW_I,HIGH_B,,3.9
10.3030_101115751_full,gpt,prompt_C,pi_main,PI+M_N+LOW_I+LOW_B,M_N,LOW_I,LOW_B,,3.5
10.3030_101115751_full,gpt,prompt_C,pi_main,PI+M_N+TOP_I+HIGH_B,M_N,TOP_I,HIGH_B,,3.7
10.3030_101115751_full,gpt,prompt_C,pi_main,PI+M_N+TOP_I+LOW_B,M_N,TOP_I,LOW_B,,3.5
10.3030_101115751_full,kimi,prompt_A,ai_main,AI+AI_N,,,,AI_N,3.8
10.3030_101115751_full,kimi,prompt_A,ai_main,AI+AI_Y,,,,AI_Y,3.7
10.3030_101115751_full,kimi,prompt_A,blind_baseline,NONE,,,,,3.9
10.3030_101115751_full,kimi,prompt_A,pi_main,PI+F_N+LOW_I+HIGH_B,F_N,LOW_I,HIGH_B,,3.5
10.3030_101115751_full,kimi,prompt_A,pi_main,PI+F_N+LOW_I+LOW_B,F_N,LOW_I,LOW_B,,3.5
10.3030_101115751_full,kimi,prompt_A,pi_main,PI+F_N+TOP_I+HIGH_B,F_N,TOP_I,HIGH_B,,3.8
10.3030_101115751_full,kimi,prompt_A,pi_main,PI+F_N+TOP_I+LOW_B,F_N,TOP_I,LOW_B,,3.5
10.3030_101115751_full,kimi,prompt_A,pi_main,PI+M_N+LOW_I+HIGH_B,M_N,LOW_I,HIGH_B,,3.6
10.3030_101115751_full,kimi,prompt_A,pi_main,PI+M_N+LOW_I+LOW_B,M_N,LOW_I,LOW_B,,3.5
10.3030_101115751_full,kimi,prompt_A,pi_main,PI+M_N+TOP_I+HIGH_B,M_N,TOP_I,HIGH_B,,3.5
10.3030_101115751_full,kimi,prompt_A,pi_main,PI+M_N+TOP_I+LOW_B,M_N,TOP_I,LOW_B,,3.5
10.3030_101115751_full,kimi,prompt_B,ai_main,AI+AI_N,,,,AI_N,4.0
10.3030_101115751_full,kimi,prompt_B,ai_main,AI+AI_Y,,,,AI_Y,3.9
10.3030_101115751_full,kimi,prompt_B,blind_baseline,NONE,,,,,3.8
10.3030_101115751_full,kimi,prompt_B,pi_main,PI+F_N+LOW_I+HIGH_B,F_N,LOW_I,HIGH_B,,3.9
10.3030_101115751_full,kimi,prompt_B,pi_main,PI+F_N+LOW_I+LOW_B,F_N,LOW_I,LOW_B,,3.6
10.3030_101115751_full,kimi,prompt_B,pi_main,PI+F_N+TOP_I+HIGH_B,F_N,TOP_I,HIGH_B,,4.0
10.3030_101115751_full,kimi,prompt_B,pi_main,PI+F_N+TOP_I+LOW_B,F_N,TOP_I,LOW_B,,3.8
10.3030_101115751_full,kimi,prompt_B,pi_main,PI+M_N+LOW_I+HIGH_B,M_N,LOW_I,HIGH_B,,3.7
10.3030_101115751_full,kimi,prompt_B,pi_main,PI+M_N+LOW_I+LOW_B,M_N,LOW_I,LOW_B,,3.7
10.3030_101115751_full,kimi,prompt_B,pi_main,PI+M_N+TOP_I+HIGH_B,M_N,TOP_I,HIGH_B,,3.8
10.3030_101115751_full,kimi,prompt_B,pi_main,PI+M_N+TOP_I+LOW_B,M_N,TOP_I,LOW_B,,3.6
10.3030_101115751_full,kimi,prompt_C,ai_main,AI+AI_N,,,,AI_N,3.9
10.3030_101115751_full,kimi,prompt_C,ai_main,AI+AI_Y,,,,AI_Y,3.9
10.3030_101115751_full,kimi,prompt_C,blind_baseline,NONE,,,,,3.9
10.3030_101115751_full,kimi,prompt_C,pi_main,PI+F_N+LOW_I+HIGH_B,F_N,LOW_I,HIGH_B,,3.8
10.3030_101115751_full,kimi,prompt_C,pi_main,PI+F_N+LOW_I+LOW_B,F_N,LOW_I,LOW_B,,3.6
10.3030_101115751_full,kimi,prompt_C,pi_main,PI+F_N+TOP_I+HIGH_B,F_N,TOP_I,HIGH_B,,3.9
10.3030_101115751_full,kimi,prompt_C,pi_main,PI+F_N+TOP_I+LOW_B,F_N,TOP_I,LOW_B,,3.7
10.3030_101115751_full,kimi,prompt_C,pi_main,PI+M_N+LOW_I+HIGH_B,M_N,LOW_I,HIGH_B,,3.7
10.3030_101115751_full,kimi,prompt_C,pi_main,PI+M_N+LOW_I+LOW_B,M_N,LOW_I,LOW_B,,3.5
10.3030_101115751_full,kimi,prompt_C,pi_main,PI+M_N+TOP_I+HIGH_B,M_N,TOP_I,HIGH_B,,3.9
10.3030_101115751_full,kimi,prompt_C,pi_main,PI+M_N+TOP_I+LOW_B,M_N,TOP_I,LOW_B,,3.6
10.3030_101115751_full,ministral,prompt_A,ai_main,AI+AI_N,,,,AI_N,4.0
10.3030_101115751_full,ministral,prompt_A,ai_main,AI+AI_Y,,,,AI_Y,4.0
10.3030_101115751_full,ministral,prompt_A,blind_baseline,NONE,,,,,4.0
10.3030_101115751_full,ministral,prompt_A,pi_main,PI+F_N+LOW_I+HIGH_B,F_N,LOW_I,HIGH_B,,3.5
10.3030_101115751_full,ministral,prompt_A,pi_main,PI+F_N+LOW_I+LOW_B,F_N,LOW_I,LOW_B,,3.5
10.3030_101115751_full,ministral,prompt_A,pi_main,PI+F_N+TOP_I+HIGH_B,F_N,TOP_I,HIGH_B,,3.5
10.3030_101115751_full,ministral,prompt_A,pi_main,PI+F_N+TOP_I+LOW_B,F_N,TOP_I,LOW_B,,3.5
10.3030_101115751_full,ministral,prompt_A,pi_main,PI+M_N+LOW_I+HIGH_B,M_N,LOW_I,HIGH_B,,3.5
10.3030_101115751_full,ministral,prompt_A,pi_main,PI+M_N+LOW_I+LOW_B,M_N,LOW_I,LOW_B,,3.5
10.3030_101115751_full,ministral,prompt_A,pi_main,PI+M_N+TOP_I+HIGH_B,M_N,TOP_I,HIGH_B,,3.5
10.3030_101115751_full,ministral,prompt_A,pi_main,PI+M_N+TOP_I+LOW_B,M_N,TOP_I,LOW_B,,3.5
10.3030_101115751_full,ministral,prompt_B,ai_main,AI+AI_N,,,,AI_N,3.5
10.3030_101115751_full,ministral,prompt_B,ai_main,AI+AI_Y,,,,AI_Y,3.5
10.3030_101115751_full,ministral,prompt_B,blind_baseline,NONE,,,,,4.0
10.3030_101115751_full,ministral,prompt_B,pi_main,PI+F_N+LOW_I+HIGH_B,F_N,LOW_I,HIGH_B,,3.5
10.3030_101115751_full,ministral,prompt_B,pi_main,PI+F_N+LOW_I+LOW_B,F_N,LOW_I,LOW_B,,3.5
10.3030_101115751_full,ministral,prompt_B,pi_main,PI+F_N+TOP_I+HIGH_B,F_N,TOP_I,HIGH_B,,3.5
10.3030_101115751_full,ministral,prompt_B,pi_main,PI+F_N+TOP_I+LOW_B,F_N,TOP_I,LOW_B,,3.5
10.3030_101115751_full,ministral,prompt_B,pi_main,PI+M_N+LOW_I+HIGH_B,M_N,LOW_I,HIGH_B,,3.5
10.3030_101115751_full,ministral,prompt_B,pi_main,PI+M_N+LOW_I+LOW_B,M_N,LOW_I,LOW_B,,3.5
10.3030_101115751_full,ministral,prompt_B,pi_main,PI+M_N+TOP_I+HIGH_B,M_N,TOP_I,HIGH_B,,4.0
10.3030_101115751_full,ministral,prompt_B,pi_main,PI+M_N+TOP_I+LOW_B,M_N,TOP_I,LOW_B,,3.5
10.3030_101115751_full,ministral,prompt_C,ai_main,AI+AI_N,,,,AI_N,3.5
10.3030_101115751_full,ministral,prompt_C,ai_main,AI+AI_Y,,,,AI_Y,3.5
10.3030_101115751_full,ministral,prompt_C,blind_baseline,NONE,,,,,4.0
10.3030_101115751_full,ministral,prompt_C,pi_main,PI+F_N+LOW_I+HIGH_B,F_N,LOW_I,HIGH_B,,3.5
10.3030_101115751_full,ministral,prompt_C,pi_main,PI+F_N+LOW_I+LOW_B,F_N,LOW_I,LOW_B,,3.5
10.3030_101115751_full,ministral,prompt_C,pi_main,PI+F_N+TOP_I+HIGH_B,F_N,TOP_I,HIGH_B,,4.0
10.3030_101115751_full,ministral,prompt_C,pi_main,PI+F_N+TOP_I+LOW_B,F_N,TOP_I,LOW_B,,3.5
10.3030_101115751_full,ministral,prompt_C,pi_main,PI+M_N+LOW_I+HIGH_B,M_N,LOW_I,HIGH_B,,3.5
10.3030_101115751_full,ministral,prompt_C,pi_main,PI+M_N+LOW_I+LOW_B,M_N,LOW_I,LOW_B,,3.5
10.3030_101115751_full,ministral,prompt_C,pi_main,PI+M_N+TOP_I+HIGH_B,M_N,TOP_I,HIGH_B,,3.5
10.3030_101115751_full,ministral,prompt_C,pi_main,PI+M_N+TOP_I+LOW_B,M_N,TOP_I,LOW_B,,3.5
10.3030_101115751_full,mistral,prompt_A,ai_main,AI+AI_N,,,,AI_N,3.9
10.3030_101115751_full,mistral,prompt_A,ai_main,AI+AI_Y,,,,AI_Y,3.7
10.3030_101115751_full,mistral,prompt_A,blind_baseline,NONE,,,,,3.9
10.3030_101115751_full,mistral,prompt_A,pi_main,PI+F_N+LOW_I+HIGH_B,F_N,LOW_I,HIGH_B,,3.9
10.3030_101115751_full,mistral,prompt_A,pi_main,PI+F_N+LOW_I+LOW_B,F_N,LOW_I,LOW_B,,3.5
10.3030_101115751_full,mistral,prompt_A,pi_main,PI+F_N+TOP_I+HIGH_B,F_N,TOP_I,HIGH_B,,4.0
10.3030_101115751_full,mistral,prompt_A,pi_main,PI+F_N+TOP_I+LOW_B,F_N,TOP_I,LOW_B,,3.5
10.3030_101115751_full,mistral,prompt_A,pi_main,PI+M_N+LOW_I+HIGH_B,M_N,LOW_I,HIGH_B,,3.8
10.3030_101115751_full,mistral,prompt_A,pi_main,PI+M_N+LOW_I+LOW_B,M_N,LOW_I,LOW_B,,3.5
10.3030_101115751_full,mistral,prompt_A,pi_main,PI+M_N+TOP_I+HIGH_B,M_N,TOP_I,HIGH_B,,3.9
10.3030_101115751_full,mistral,prompt_A,pi_main,PI+M_N+TOP_I+LOW_B,M_N,TOP_I,LOW_B,,3.6
10.3030_101115751_full,mistral,prompt_B,ai_main,AI+AI_N,,,,AI_N,4.0
10.3030_101115751_full,mistral,prompt_B,ai_main,AI+AI_Y,,,,AI_Y,3.8
10.3030_101115751_full,mistral,prompt_B,blind_baseline,NONE,,,,,3.9
10.3030_101115751_full,mistral,prompt_B,pi_main,PI+F_N+LOW_I+HIGH_B,F_N,LOW_I,HIGH_B,,4.0
10.3030_101115751_full,mistral,prompt_B,pi_main,PI+F_N+LOW_I+LOW_B,F_N,LOW_I,LOW_B,,3.8
10.3030_101115751_full,mistral,prompt_B,pi_main,PI+F_N+TOP_I+HIGH_B,F_N,TOP_I,HIGH_B,,4.0
10.3030_101115751_full,mistral,prompt_B,pi_main,PI+F_N+TOP_I+LOW_B,F_N,TOP_I,LOW_B,,4.0
10.3030_101115751_full,mistral,prompt_B,pi_main,PI+M_N+LOW_I+HIGH_B,M_N,LOW_I,HIGH_B,,4.0
10.3030_101115751_full,mistral,prompt_B,pi_main,PI+M_N+LOW_I+LOW_B,M_N,LOW_I,LOW_B,,3.9
10.3030_101115751_full,mistral,prompt_B,pi_main,PI+M_N+TOP_I+HIGH_B,M_N,TOP_I,HIGH_B,,4.0
10.3030_101115751_full,mistral,prompt_B,pi_main,PI+M_N+TOP_I+LOW_B,M_N,TOP_I,LOW_B,,3.9
10.3030_101115751_full,mistral,prompt_C,ai_main,AI+AI_N,,,,AI_N,4.0
10.3030_101115751_full,mistral,prompt_C,ai_main,AI+AI_Y,,,,AI_Y,3.9
10.3030_101115751_full,mistral,prompt_C,blind_baseline,NONE,,,,,4.0
10.3030_101115751_full,mistral,prompt_C,pi_main,PI+F_N+LOW_I+HIGH_B,F_N,LOW_I,HIGH_B,,3.9
10.3030_101115751_full,mistral,prompt_C,pi_main,PI+F_N+LOW_I+LOW_B,F_N,LOW_I,LOW_B,,3.7
10.3030_101115751_full,mistral,prompt_C,pi_main,PI+F_N+TOP_I+HIGH_B,F_N,TOP_I,HIGH_B,,4.0
10.3030_101115751_full,mistral,prompt_C,pi_main,PI+F_N+TOP_I+LOW_B,F_N,TOP_I,LOW_B,,3.7
10.3030_101115751_full,mistral,prompt_C,pi_main,PI+M_N+LOW_I+HIGH_B,M_N,LOW_I,HIGH_B,,4.0
10.3030_101115751_full,mistral,prompt_C,pi_main,PI+M_N+LOW_I+LOW_B,M_N,LOW_I,LOW_B,,3.6
10.3030_101115751_full,mistral,prompt_C,pi_main,PI+M_N+TOP_I+HIGH_B,M_N,TOP_I,HIGH_B,,4.0
10.3030_101115751_full,mistral,prompt_C,pi_main,PI+M_N+TOP_I+LOW_B,M_N,TOP_I,LOW_B,,3.8
10.3030_101115751_full,phi,prompt_A,ai_main,AI+AI_N,,,,AI_N,3.9
10.3030_101115751_full,phi,prompt_A,ai_main,AI+AI_Y,,,,AI_Y,3.5
10.3030_101115751_full,phi,prompt_A,blind_baseline,NONE,,,,,3.5
10.3030_101115751_full,phi,prompt_A,pi_main,PI+F_N+LOW_I+HIGH_B,F_N,LOW_I,HIGH_B,,3.5
10.3030_101115751_full,phi,prompt_A,pi_main,PI+F_N+LOW_I+LOW_B,F_N,LOW_I,LOW_B,,3.5
10.3030_101115751_full,phi,prompt_A,pi_main,PI+F_N+TOP_I+HIGH_B,F_N,TOP_I,HIGH_B,,3.5
10.3030_101115751_full,phi,prompt_A,pi_main,PI+F_N+TOP_I+LOW_B,F_N,TOP_I,LOW_B,,3.5
10.3030_101115751_full,phi,prompt_A,pi_main,PI+M_N+LOW_I+HIGH_B,M_N,LOW_I,HIGH_B,,3.5
10.3030_101115751_full,phi,prompt_A,pi_main,PI+M_N+LOW_I+LOW_B,M_N,LOW_I,LOW_B,,3.5
10.3030_101115751_full,phi,prompt_A,pi_main,PI+M_N+TOP_I+HIGH_B,M_N,TOP_I,HIGH_B,,3.5
10.3030_101115751_full,phi,prompt_A,pi_main,PI+M_N+TOP_I+LOW_B,M_N,TOP_I,LOW_B,,3.5
10.3030_101115751_full,phi,prompt_B,ai_main,AI+AI_N,,,,AI_N,3.5
10.3030_101115751_full,phi,prompt_B,ai_main,AI+AI_Y,,,,AI_Y,3.5
10.3030_101115751_full,phi,prompt_B,blind_baseline,NONE,,,,,3.5
10.3030_101115751_full,phi,prompt_B,pi_main,PI+F_N+LOW_I+HIGH_B,F_N,LOW_I,HIGH_B,,3.5
10.3030_101115751_full,phi,prompt_B,pi_main,PI+F_N+LOW_I+LOW_B,F_N,LOW_I,LOW_B,,3.5
10.3030_101115751_full,phi,prompt_B,pi_main,PI+F_N+TOP_I+HIGH_B,F_N,TOP_I,HIGH_B,,3.5
10.3030_101115751_full,phi,prompt_B,pi_main,PI+F_N+TOP_I+LOW_B,F_N,TOP_I,LOW_B,,3.5
10.3030_101115751_full,phi,prompt_B,pi_main,PI+M_N+LOW_I+HIGH_B,M_N,LOW_I,HIGH_B,,3.5
10.3030_101115751_full,phi,prompt_B,pi_main,PI+M_N+LOW_I+LOW_B,M_N,LOW_I,LOW_B,,3.0
10.3030_101115751_full,phi,prompt_B,pi_main,PI+M_N+TOP_I+HIGH_B,M_N,TOP_I,HIGH_B,,3.5
10.3030_101115751_full,phi,prompt_B,pi_main,PI+M_N+TOP_I+LOW_B,M_N,TOP_I,LOW_B,,3.5
10.3030_101115751_full,phi,prompt_C,ai_main,AI+AI_N,,,,AI_N,3.5
10.3030_101115751_full,phi,prompt_C,ai_main,AI+AI_Y,,,,AI_Y,3.5
10.3030_101115751_full,phi,prompt_C,blind_baseline,NONE,,,,,4.0
10.3030_101115751_full,phi,prompt_C,pi_main,PI+F_N+LOW_I+HIGH_B,F_N,LOW_I,HIGH_B,,4.0
10.3030_101115751_full,phi,prompt_C,pi_main,PI+F_N+LOW_I+LOW_B,F_N,LOW_I,LOW_B,,3.5
10.3030_101115751_full,phi,prompt_C,pi_main,PI+F_N+TOP_I+HIGH_B,F_N,TOP_I,HIGH_B,,3.5
10.3030_101115751_full,phi,prompt_C,pi_main,PI+F_N+TOP_I+LOW_B,F_N,TOP_I,LOW_B,,3.5
10.3030_101115751_full,phi,prompt_C,pi_main,PI+M_N+LOW_I+HIGH_B,M_N,LOW_I,HIGH_B,,3.5
10.3030_101115751_full,phi,prompt_C,pi_main,PI+M_N+LOW_I+LOW_B,M_N,LOW_I,LOW_B,,3.4
10.3030_101115751_full,phi,prompt_C,pi_main,PI+M_N+TOP_I+HIGH_B,M_N,TOP_I,HIGH_B,,3.5
10.3030_101115751_full,phi,prompt_C,pi_main,PI+M_N+TOP_I+LOW_B,M_N,TOP_I,LOW_B,,3.1
10.3030_101115790_full,deepseek,prompt_A,ai_main,AI+AI_N,,,,AI_N,3.6
10.3030_101115790_full,deepseek,prompt_A,ai_main,AI+AI_Y,,,,AI_Y,3.1
10.3030_101115790_full,deepseek,prompt_A,blind_baseline,NONE,,,,,3.6
10.3030_101115790_full,deepseek,prompt_A,pi_main,PI+F_N+LOW_I+HIGH_B,F_N,LOW_I,HIGH_B,,3.3
10.3030_101115790_full,deepseek,prompt_A,pi_main,PI+F_N+LOW_I+LOW_B,F_N,LOW_I,LOW_B,,3.3
10.3030_101115790_full,deepseek,prompt_A,pi_main,PI+F_N+TOP_I+HIGH_B,F_N,TOP_I,HIGH_B,,3.5
10.3030_101115790_full,deepseek,prompt_A,pi_main,PI+F_N+TOP_I+LOW_B,F_N,TOP_I,LOW_B,,3.3
10.3030_101115790_full,deepseek,prompt_A,pi_main,PI+M_N+LOW_I+HIGH_B,M_N,LOW_I,HIGH_B,,3.8
10.3030_101115790_full,deepseek,prompt_A,pi_main,PI+M_N+LOW_I+LOW_B,M_N,LOW_I,LOW_B,,3.0
10.3030_101115790_full,deepseek,prompt_A,pi_main,PI+M_N+TOP_I+HIGH_B,M_N,TOP_I,HIGH_B,,3.7
10.3030_101115790_full,deepseek,prompt_A,pi_main,PI+M_N+TOP_I+LOW_B,M_N,TOP_I,LOW_B,,3.3
10.3030_101115790_full,deepseek,prompt_B,ai_main,AI+AI_N,,,,AI_N,3.6
10.3030_101115790_full,deepseek,prompt_B,ai_main,AI+AI_Y,,,,AI_Y,3.4
10.3030_101115790_full,deepseek,prompt_B,blind_baseline,NONE,,,,,3.7
10.3030_101115790_full,deepseek,prompt_B,pi_main,PI+F_N+LOW_I+HIGH_B,F_N,LOW_I,HIGH_B,,3.7
10.3030_101115790_full,deepseek,prompt_B,pi_main,PI+F_N+LOW_I+LOW_B,F_N,LOW_I,LOW_B,,3.2
10.3030_101115790_full,deepseek,prompt_B,pi_main,PI+F_N+TOP_I+HIGH_B,F_N,TOP_I,HIGH_B,,3.3
10.3030_101115790_full,deepseek,prompt_B,pi_main,PI+F_N+TOP_I+LOW_B,F_N,TOP_I,LOW_B,,3.4
10.3030_101115790_full,deepseek,prompt_B,pi_main,PI+M_N+LOW_I+HIGH_B,M_N,LOW_I,HIGH_B,,3.1
10.3030_101115790_full,deepseek,prompt_B,pi_main,PI+M_N+LOW_I+LOW_B,M_N,LOW_I,LOW_B,,3.2
10.3030_101115790_full,deepseek,prompt_B,pi_main,PI+M_N+TOP_I+HIGH_B,M_N,TOP_I,HIGH_B,,3.6
10.3030_101115790_full,deepseek,prompt_B,pi_main,PI+M_N+TOP_I+LOW_B,M_N,TOP_I,LOW_B,,3.5
10.3030_101115790_full,deepseek,prompt_C,ai_main,AI+AI_N,,,,AI_N,3.6
10.3030_101115790_full,deepseek,prompt_C,ai_main,AI+AI_Y,,,,AI_Y,3.7
10.3030_101115790_full,deepseek,prompt_C,blind_baseline,NONE,,,,,3.8
10.3030_101115790_full,deepseek,prompt_C,pi_main,PI+F_N+LOW_I+HIGH_B,F_N,LOW_I,HIGH_B,,3.7
10.3030_101115790_full,deepseek,prompt_C,pi_main,PI+F_N+LOW_I+LOW_B,F_N,LOW_I,LOW_B,,3.2
10.3030_101115790_full,deepseek,prompt_C,pi_main,PI+F_N+TOP_I+HIGH_B,F_N,TOP_I,HIGH_B,,4.0
10.3030_101115790_full,deepseek,prompt_C,pi_main,PI+F_N+TOP_I+LOW_B,F_N,TOP_I,LOW_B,,3.5
10.3030_101115790_full,deepseek,prompt_C,pi_main,PI+M_N+LOW_I+HIGH_B,M_N,LOW_I,HIGH_B,,3.6
10.3030_101115790_full,deepseek,prompt_C,pi_main,PI+M_N+LOW_I+LOW_B,M_N,LOW_I,LOW_B,,3.1
10.3030_101115790_full,deepseek,prompt_C,pi_main,PI+M_N+TOP_I+HIGH_B,M_N,TOP_I,HIGH_B,,3.6
10.3030_101115790_full,deepseek,prompt_C,pi_main,PI+M_N+TOP_I+LOW_B,M_N,TOP_I,LOW_B,,2.8
10.3030_101115790_full,gemma,prompt_A,ai_main,AI+AI_N,,,,AI_N,3.0
10.3030_101115790_full,gemma,prompt_A,ai_main,AI+AI_Y,,,,AI_Y,3.0
10.3030_101115790_full,gemma,prompt_A,blind_baseline,NONE,,,,,3.0
10.3030_101115790_full,gemma,prompt_A,pi_main,PI+F_N+LOW_I+HIGH_B,F_N,LOW_I,HIGH_B,,3.0
10.3030_101115790_full,gemma,prompt_A,pi_main,PI+F_N+LOW_I+LOW_B,F_N,LOW_I,LOW_B,,3.0
10.3030_101115790_full,gemma,prompt_A,pi_main,PI+F_N+TOP_I+HIGH_B,F_N,TOP_I,HIGH_B,,3.0
10.3030_101115790_full,gemma,prompt_A,pi_main,PI+F_N+TOP_I+LOW_B,F_N,TOP_I,LOW_B,,3.0
10.3030_101115790_full,gemma,prompt_A,pi_main,PI+M_N+LOW_I+HIGH_B,M_N,LOW_I,HIGH_B,,3.0
10.3030_101115790_full,gemma,prompt_A,pi_main,PI+M_N+LOW_I+LOW_B,M_N,LOW_I,LOW_B,,3.0
10.3030_101115790_full,gemma,prompt_A,pi_main,PI+M_N+TOP_I+HIGH_B,M_N,TOP_I,HIGH_B,,3.0
10.3030_101115790_full,gemma,prompt_A,pi_main,PI+M_N+TOP_I+LOW_B,M_N,TOP_I,LOW_B,,3.0
10.3030_101115790_full,gemma,prompt_B,ai_main,AI+AI_N,,,,AI_N,3.0
10.3030_101115790_full,gemma,prompt_B,ai_main,AI+AI_Y,,,,AI_Y,3.0
10.3030_101115790_full,gemma,prompt_B,blind_baseline,NONE,,,,,3.0
10.3030_101115790_full,gemma,prompt_B,pi_main,PI+F_N+LOW_I+HIGH_B,F_N,LOW_I,HIGH_B,,3.0
10.3030_101115790_full,gemma,prompt_B,pi_main,PI+F_N+LOW_I+LOW_B,F_N,LOW_I,LOW_B,,3.0
10.3030_101115790_full,gemma,prompt_B,pi_main,PI+F_N+TOP_I+HIGH_B,F_N,TOP_I,HIGH_B,,3.3
10.3030_101115790_full,gemma,prompt_B,pi_main,PI+F_N+TOP_I+LOW_B,F_N,TOP_I,LOW_B,,3.0
10.3030_101115790_full,gemma,prompt_B,pi_main,PI+M_N+LOW_I+HIGH_B,M_N,LOW_I,HIGH_B,,3.0
10.3030_101115790_full,gemma,prompt_B,pi_main,PI+M_N+LOW_I+LOW_B,M_N,LOW_I,LOW_B,,3.0
10.3030_101115790_full,gemma,prompt_B,pi_main,PI+M_N+TOP_I+HIGH_B,M_N,TOP_I,HIGH_B,,3.0
10.3030_101115790_full,gemma,prompt_B,pi_main,PI+M_N+TOP_I+LOW_B,M_N,TOP_I,LOW_B,,3.0
10.3030_101115790_full,gemma,prompt_C,ai_main,AI+AI_N,,,,AI_N,3.0
10.3030_101115790_full,gemma,prompt_C,ai_main,AI+AI_Y,,,,AI_Y,3.0
10.3030_101115790_full,gemma,prompt_C,blind_baseline,NONE,,,,,3.0
10.3030_101115790_full,gemma,prompt_C,pi_main,PI+F_N+LOW_I+HIGH_B,F_N,LOW_I,HIGH_B,,3.0
10.3030_101115790_full,gemma,prompt_C,pi_main,PI+F_N+LOW_I+LOW_B,F_N,LOW_I,LOW_B,,3.0
10.3030_101115790_full,gemma,prompt_C,pi_main,PI+F_N+TOP_I+HIGH_B,F_N,TOP_I,HIGH_B,,3.5
10.3030_101115790_full,gemma,prompt_C,pi_main,PI+F_N+TOP_I+LOW_B,F_N,TOP_I,LOW_B,,3.0
10.3030_101115790_full,gemma,prompt_C,pi_main,PI+M_N+LOW_I+HIGH_B,M_N,LOW_I,HIGH_B,,3.0
10.3030_101115790_full,gemma,prompt_C,pi_main,PI+M_N+LOW_I+LOW_B,M_N,LOW_I,LOW_B,,3.0
10.3030_101115790_full,gemma,prompt_C,pi_main,PI+M_N+TOP_I+HIGH_B,M_N,TOP_I,HIGH_B,,3.1
10.3030_101115790_full,gemma,prompt_C,pi_main,PI+M_N+TOP_I+LOW_B,M_N,TOP_I,LOW_B,,3.0
10.3030_101115790_full,glm,prompt_A,ai_main,AI+AI_N,,,,AI_N,3.7
10.3030_101115790_full,glm,prompt_A,ai_main,AI+AI_Y,,,,AI_Y,3.6
10.3030_101115790_full,glm,prompt_A,blind_baseline,NONE,,,,,3.9
10.3030_101115790_full,glm,prompt_A,pi_main,PI+F_N+LOW_I+HIGH_B,F_N,LOW_I,HIGH_B,,3.6
10.3030_101115790_full,glm,prompt_A,pi_main,PI+F_N+LOW_I+LOW_B,F_N,LOW_I,LOW_B,,3.4
10.3030_101115790_full,glm,prompt_A,pi_main,PI+F_N+TOP_I+HIGH_B,F_N,TOP_I,HIGH_B,,3.7
10.3030_101115790_full,glm,prompt_A,pi_main,PI+F_N+TOP_I+LOW_B,F_N,TOP_I,LOW_B,,3.4
10.3030_101115790_full,glm,prompt_A,pi_main,PI+M_N+LOW_I+HIGH_B,M_N,LOW_I,HIGH_B,,3.5
10.3030_101115790_full,glm,prompt_A,pi_main,PI+M_N+LOW_I+LOW_B,M_N,LOW_I,LOW_B,,3.1
10.3030_101115790_full,glm,prompt_A,pi_main,PI+M_N+TOP_I+HIGH_B,M_N,TOP_I,HIGH_B,,3.5
10.3030_101115790_full,glm,prompt_A,pi_main,PI+M_N+TOP_I+LOW_B,M_N,TOP_I,LOW_B,,3.4
10.3030_101115790_full,glm,prompt_B,ai_main,AI+AI_N,,,,AI_N,3.5
10.3030_101115790_full,glm,prompt_B,ai_main,AI+AI_Y,,,,AI_Y,3.6
10.3030_101115790_full,glm,prompt_B,blind_baseline,NONE,,,,,3.6
10.3030_101115790_full,glm,prompt_B,pi_main,PI+F_N+LOW_I+HIGH_B,F_N,LOW_I,HIGH_B,,3.6
10.3030_101115790_full,glm,prompt_B,pi_main,PI+F_N+LOW_I+LOW_B,F_N,LOW_I,LOW_B,,3.7
10.3030_101115790_full,glm,prompt_B,pi_main,PI+F_N+TOP_I+HIGH_B,F_N,TOP_I,HIGH_B,,3.7
10.3030_101115790_full,glm,prompt_B,pi_main,PI+F_N+TOP_I+LOW_B,F_N,TOP_I,LOW_B,,3.4
10.3030_101115790_full,glm,prompt_B,pi_main,PI+M_N+LOW_I+HIGH_B,M_N,LOW_I,HIGH_B,,3.7
10.3030_101115790_full,glm,prompt_B,pi_main,PI+M_N+LOW_I+LOW_B,M_N,LOW_I,LOW_B,,3.5
10.3030_101115790_full,glm,prompt_B,pi_main,PI+M_N+TOP_I+HIGH_B,M_N,TOP_I,HIGH_B,,3.8
10.3030_101115790_full,glm,prompt_B,pi_main,PI+M_N+TOP_I+LOW_B,M_N,TOP_I,LOW_B,,3.5
10.3030_101115790_full,glm,prompt_C,ai_main,AI+AI_N,,,,AI_N,3.7
10.3030_101115790_full,glm,prompt_C,ai_main,AI+AI_Y,,,,AI_Y,3.8
10.3030_101115790_full,glm,prompt_C,blind_baseline,NONE,,,,,3.8
10.3030_101115790_full,glm,prompt_C,pi_main,PI+F_N+LOW_I+HIGH_B,F_N,LOW_I,HIGH_B,,3.8
10.3030_101115790_full,glm,prompt_C,pi_main,PI+F_N+LOW_I+LOW_B,F_N,LOW_I,LOW_B,,3.6
10.3030_101115790_full,glm,prompt_C,pi_main,PI+F_N+TOP_I+HIGH_B,F_N,TOP_I,HIGH_B,,3.8
10.3030_101115790_full,glm,prompt_C,pi_main,PI+F_N+TOP_I+LOW_B,F_N,TOP_I,LOW_B,,3.3
10.3030_101115790_full,glm,prompt_C,pi_main,PI+M_N+LOW_I+HIGH_B,M_N,LOW_I,HIGH_B,,3.6
10.3030_101115790_full,glm,prompt_C,pi_main,PI+M_N+LOW_I+LOW_B,M_N,LOW_I,LOW_B,,3.3
10.3030_101115790_full,glm,prompt_C,pi_main,PI+M_N+TOP_I+HIGH_B,M_N,TOP_I,HIGH_B,,3.6
10.3030_101115790_full,glm,prompt_C,pi_main,PI+M_N+TOP_I+LOW_B,M_N,TOP_I,LOW_B,,3.4
10.3030_101115790_full,gpt,prompt_A,ai_main,AI+AI_N,,,,AI_N,3.5
10.3030_101115790_full,gpt,prompt_A,ai_main,AI+AI_Y,,,,AI_Y,3.5
10.3030_101115790_full,gpt,prompt_A,blind_baseline,NONE,,,,,3.5
10.3030_101115790_full,gpt,prompt_A,pi_main,PI+F_N+LOW_I+HIGH_B,F_N,LOW_I,HIGH_B,,3.5
10.3030_101115790_full,gpt,prompt_A,pi_main,PI+F_N+LOW_I+LOW_B,F_N,LOW_I,LOW_B,,3.5
10.3030_101115790_full,gpt,prompt_A,pi_main,PI+F_N+TOP_I+HIGH_B,F_N,TOP_I,HIGH_B,,3.6
10.3030_101115790_full,gpt,prompt_A,pi_main,PI+F_N+TOP_I+LOW_B,F_N,TOP_I,LOW_B,,3.5
10.3030_101115790_full,gpt,prompt_A,pi_main,PI+M_N+LOW_I+HIGH_B,M_N,LOW_I,HIGH_B,,3.5
10.3030_101115790_full,gpt,prompt_A,pi_main,PI+M_N+LOW_I+LOW_B,M_N,LOW_I,LOW_B,,3.5
10.3030_101115790_full,gpt,prompt_A,pi_main,PI+M_N+TOP_I+HIGH_B,M_N,TOP_I,HIGH_B,,4.0
10.3030_101115790_full,gpt,prompt_A,pi_main,PI+M_N+TOP_I+LOW_B,M_N,TOP_I,LOW_B,,3.5
10.3030_101115790_full,gpt,prompt_B,ai_main,AI+AI_N,,,,AI_N,3.5
10.3030_101115790_full,gpt,prompt_B,ai_main,AI+AI_Y,,,,AI_Y,3.5
10.3030_101115790_full,gpt,prompt_B,blind_baseline,NONE,,,,,3.5
10.3030_101115790_full,gpt,prompt_B,pi_main,PI+F_N+LOW_I+HIGH_B,F_N,LOW_I,HIGH_B,,3.5
10.3030_101115790_full,gpt,prompt_B,pi_main,PI+F_N+LOW_I+LOW_B,F_N,LOW_I,LOW_B,,3.5
10.3030_101115790_full,gpt,prompt_B,pi_main,PI+F_N+TOP_I+HIGH_B,F_N,TOP_I,HIGH_B,,3.8
10.3030_101115790_full,gpt,prompt_B,pi_main,PI+F_N+TOP_I+LOW_B,F_N,TOP_I,LOW_B,,3.5
10.3030_101115790_full,gpt,prompt_B,pi_main,PI+M_N+LOW_I+HIGH_B,M_N,LOW_I,HIGH_B,,3.7
10.3030_101115790_full,gpt,prompt_B,pi_main,PI+M_N+LOW_I+LOW_B,M_N,LOW_I,LOW_B,,3.5
10.3030_101115790_full,gpt,prompt_B,pi_main,PI+M_N+TOP_I+HIGH_B,M_N,TOP_I,HIGH_B,,3.6
10.3030_101115790_full,gpt,prompt_B,pi_main,PI+M_N+TOP_I+LOW_B,M_N,TOP_I,LOW_B,,3.5
10.3030_101115790_full,gpt,prompt_C,ai_main,AI+AI_N,,,,AI_N,3.5
10.3030_101115790_full,gpt,prompt_C,ai_main,AI+AI_Y,,,,AI_Y,3.5
10.3030_101115790_full,gpt,prompt_C,blind_baseline,NONE,,,,,3.5
10.3030_101115790_full,gpt,prompt_C,pi_main,PI+F_N+LOW_I+HIGH_B,F_N,LOW_I,HIGH_B,,4.0
10.3030_101115790_full,gpt,prompt_C,pi_main,PI+F_N+LOW_I+LOW_B,F_N,LOW_I,LOW_B,,3.5
10.3030_101115790_full,gpt,prompt_C,pi_main,PI+F_N+TOP_I+HIGH_B,F_N,TOP_I,HIGH_B,,3.5
10.3030_101115790_full,gpt,prompt_C,pi_main,PI+F_N+TOP_I+LOW_B,F_N,TOP_I,LOW_B,,3.5
10.3030_101115790_full,gpt,prompt_C,pi_main,PI+M_N+LOW_I+HIGH_B,M_N,LOW_I,HIGH_B,,3.6
10.3030_101115790_full,gpt,prompt_C,pi_main,PI+M_N+LOW_I+LOW_B,M_N,LOW_I,LOW_B,,3.5
10.3030_101115790_full,gpt,prompt_C,pi_main,PI+M_N+TOP_I+HIGH_B,M_N,TOP_I,HIGH_B,,3.5
10.3030_101115790_full,gpt,prompt_C,pi_main,PI+M_N+TOP_I+LOW_B,M_N,TOP_I,LOW_B,,3.5
10.3030_101115790_full,kimi,prompt_A,ai_main,AI+AI_N,,,,AI_N,4.0
10.3030_101115790_full,kimi,prompt_A,ai_main,AI+AI_Y,,,,AI_Y,3.7
10.3030_101115790_full,kimi,prompt_A,blind_baseline,NONE,,,,,3.7
10.3030_101115790_full,kimi,prompt_A,pi_main,PI+F_N+LOW_I+HIGH_B,F_N,LOW_I,HIGH_B,,3.7
10.3030_101115790_full,kimi,prompt_A,pi_main,PI+F_N+LOW_I+LOW_B,F_N,LOW_I,LOW_B,,3.4
10.3030_101115790_full,kimi,prompt_A,pi_main,PI+F_N+TOP_I+HIGH_B,F_N,TOP_I,HIGH_B,,3.9
10.3030_101115790_full,kimi,prompt_A,pi_main,PI+F_N+TOP_I+LOW_B,F_N,TOP_I,LOW_B,,3.4
10.3030_101115790_full,kimi,prompt_A,pi_main,PI+M_N+LOW_I+HIGH_B,M_N,LOW_I,HIGH_B,,3.8
10.3030_101115790_full,kimi,prompt_A,pi_main,PI+M_N+LOW_I+LOW_B,M_N,LOW_I,LOW_B,,3.5
10.3030_101115790_full,kimi,prompt_A,pi_main,PI+M_N+TOP_I+HIGH_B,M_N,TOP_I,HIGH_B,,3.6
10.3030_101115790_full,kimi,prompt_A,pi_main,PI+M_N+TOP_I+LOW_B,M_N,TOP_I,LOW_B,,3.5
10.3030_101115790_full,kimi,prompt_B,ai_main,AI+AI_N,,,,AI_N,3.8
10.3030_101115790_full,kimi,prompt_B,ai_main,AI+AI_Y,,,,AI_Y,3.7
10.3030_101115790_full,kimi,prompt_B,blind_baseline,NONE,,,,,3.9
10.3030_101115790_full,kimi,prompt_B,pi_main,PI+F_N+LOW_I+HIGH_B,F_N,LOW_I,HIGH_B,,3.8
10.3030_101115790_full,kimi,prompt_B,pi_main,PI+F_N+LOW_I+LOW_B,F_N,LOW_I,LOW_B,,3.6
10.3030_101115790_full,kimi,prompt_B,pi_main,PI+F_N+TOP_I+HIGH_B,F_N,TOP_I,HIGH_B,,4.0
10.3030_101115790_full,kimi,prompt_B,pi_main,PI+F_N+TOP_I+LOW_B,F_N,TOP_I,LOW_B,,3.7
10.3030_101115790_full,kimi,prompt_B,pi_main,PI+M_N+LOW_I+HIGH_B,M_N,LOW_I,HIGH_B,,3.8
10.3030_101115790_full,kimi,prompt_B,pi_main,PI+M_N+LOW_I+LOW_B,M_N,LOW_I,LOW_B,,3.5
10.3030_101115790_full,kimi,prompt_B,pi_main,PI+M_N+TOP_I+HIGH_B,M_N,TOP_I,HIGH_B,,3.8
10.3030_101115790_full,kimi,prompt_B,pi_main,PI+M_N+TOP_I+LOW_B,M_N,TOP_I,LOW_B,,3.6
10.3030_101115790_full,kimi,prompt_C,ai_main,AI+AI_N,,,,AI_N,3.8
10.3030_101115790_full,kimi,prompt_C,ai_main,AI+AI_Y,,,,AI_Y,3.8
10.3030_101115790_full,kimi,prompt_C,blind_baseline,NONE,,,,,3.9
10.3030_101115790_full,kimi,prompt_C,pi_main,PI+F_N+LOW_I+HIGH_B,F_N,LOW_I,HIGH_B,,3.8
10.3030_101115790_full,kimi,prompt_C,pi_main,PI+F_N+LOW_I+LOW_B,F_N,LOW_I,LOW_B,,3.5
10.3030_101115790_full,kimi,prompt_C,pi_main,PI+F_N+TOP_I+HIGH_B,F_N,TOP_I,HIGH_B,,4.0
10.3030_101115790_full,kimi,prompt_C,pi_main,PI+F_N+TOP_I+LOW_B,F_N,TOP_I,LOW_B,,3.6
10.3030_101115790_full,kimi,prompt_C,pi_main,PI+M_N+LOW_I+HIGH_B,M_N,LOW_I,HIGH_B,,3.7
10.3030_101115790_full,kimi,prompt_C,pi_main,PI+M_N+LOW_I+LOW_B,M_N,LOW_I,LOW_B,,3.5
10.3030_101115790_full,kimi,prompt_C,pi_main,PI+M_N+TOP_I+HIGH_B,M_N,TOP_I,HIGH_B,,3.8
10.3030_101115790_full,kimi,prompt_C,pi_main,PI+M_N+TOP_I+LOW_B,M_N,TOP_I,LOW_B,,3.7
10.3030_101115790_full,ministral,prompt_A,ai_main,AI+AI_N,,,,AI_N,4.0
10.3030_101115790_full,ministral,prompt_A,ai_main,AI+AI_Y,,,,AI_Y,3.5
10.3030_101115790_full,ministral,prompt_A,blind_baseline,NONE,,,,,4.0
10.3030_101115790_full,ministral,prompt_A,pi_main,PI+F_N+LOW_I+HIGH_B,F_N,LOW_I,HIGH_B,,3.5
10.3030_101115790_full,ministral,prompt_A,pi_main,PI+F_N+LOW_I+LOW_B,F_N,LOW_I,LOW_B,,3.5
10.3030_101115790_full,ministral,prompt_A,pi_main,PI+F_N+TOP_I+HIGH_B,F_N,TOP_I,HIGH_B,,3.5
10.3030_101115790_full,ministral,prompt_A,pi_main,PI+F_N+TOP_I+LOW_B,F_N,TOP_I,LOW_B,,3.5
10.3030_101115790_full,ministral,prompt_A,pi_main,PI+M_N+LOW_I+HIGH_B,M_N,LOW_I,HIGH_B,,3.5
10.3030_101115790_full,ministral,prompt_A,pi_main,PI+M_N+LOW_I+LOW_B,M_N,LOW_I,LOW_B,,3.5
10.3030_101115790_full,ministral,prompt_A,pi_main,PI+M_N+TOP_I+HIGH_B,M_N,TOP_I,HIGH_B,,3.5
10.3030_101115790_full,ministral,prompt_A,pi_main,PI+M_N+TOP_I+LOW_B,M_N,TOP_I,LOW_B,,3.5
10.3030_101115790_full,ministral,prompt_B,ai_main,AI+AI_N,,,,AI_N,3.5
10.3030_101115790_full,ministral,prompt_B,ai_main,AI+AI_Y,,,,AI_Y,3.5
10.3030_101115790_full,ministral,prompt_B,blind_baseline,NONE,,,,,3.5
10.3030_101115790_full,ministral,prompt_B,pi_main,PI+F_N+LOW_I+HIGH_B,F_N,LOW_I,HIGH_B,,3.5
10.3030_101115790_full,ministral,prompt_B,pi_main,PI+F_N+LOW_I+LOW_B,F_N,LOW_I,LOW_B,,3.5
10.3030_101115790_full,ministral,prompt_B,pi_main,PI+F_N+TOP_I+HIGH_B,F_N,TOP_I,HIGH_B,,3.5
10.3030_101115790_full,ministral,prompt_B,pi_main,PI+F_N+TOP_I+LOW_B,F_N,TOP_I,LOW_B,,3.5
10.3030_101115790_full,ministral,prompt_B,pi_main,PI+M_N+LOW_I+HIGH_B,M_N,LOW_I,HIGH_B,,3.5
10.3030_101115790_full,ministral,prompt_B,pi_main,PI+M_N+LOW_I+LOW_B,M_N,LOW_I,LOW_B,,3.5
10.3030_101115790_full,ministral,prompt_B,pi_main,PI+M_N+TOP_I+HIGH_B,M_N,TOP_I,HIGH_B,,3.5
10.3030_101115790_full,ministral,prompt_B,pi_main,PI+M_N+TOP_I+LOW_B,M_N,TOP_I,LOW_B,,3.5
10.3030_101115790_full,ministral,prompt_C,ai_main,AI+AI_N,,,,AI_N,3.5
10.3030_101115790_full,ministral,prompt_C,ai_main,AI+AI_Y,,,,AI_Y,3.5
10.3030_101115790_full,ministral,prompt_C,blind_baseline,NONE,,,,,3.5
10.3030_101115790_full,ministral,prompt_C,pi_main,PI+F_N+LOW_I+HIGH_B,F_N,LOW_I,HIGH_B,,3.5
10.3030_101115790_full,ministral,prompt_C,pi_main,PI+F_N+LOW_I+LOW_B,F_N,LOW_I,LOW_B,,3.5
10.3030_101115790_full,ministral,prompt_C,pi_main,PI+F_N+TOP_I+HIGH_B,F_N,TOP_I,HIGH_B,,3.5
10.3030_101115790_full,ministral,prompt_C,pi_main,PI+F_N+TOP_I+LOW_B,F_N,TOP_I,LOW_B,,3.5
10.3030_101115790_full,ministral,prompt_C,pi_main,PI+M_N+LOW_I+HIGH_B,M_N,LOW_I,HIGH_B,,3.5
10.3030_101115790_full,ministral,prompt_C,pi_main,PI+M_N+LOW_I+LOW_B,M_N,LOW_I,LOW_B,,3.5
10.3030_101115790_full,ministral,prompt_C,pi_main,PI+M_N+TOP_I+HIGH_B,M_N,TOP_I,HIGH_B,,3.5
10.3030_101115790_full,ministral,prompt_C,pi_main,PI+M_N+TOP_I+LOW_B,M_N,TOP_I,LOW_B,,3.5
10.3030_101115790_full,mistral,prompt_A,ai_main,AI+AI_N,,,,AI_N,4.0
10.3030_101115790_full,mistral,prompt_A,ai_main,AI+AI_Y,,,,AI_Y,3.9
10.3030_101115790_full,mistral,prompt_A,blind_baseline,NONE,,,,,4.0
10.3030_101115790_full,mistral,prompt_A,pi_main,PI+F_N+LOW_I+HIGH_B,F_N,LOW_I,HIGH_B,,3.9
10.3030_101115790_full,mistral,prompt_A,pi_main,PI+F_N+LOW_I+LOW_B,F_N,LOW_I,LOW_B,,3.5
10.3030_101115790_full,mistral,prompt_A,pi_main,PI+F_N+TOP_I+HIGH_B,F_N,TOP_I,HIGH_B,,3.8
10.3030_101115790_full,mistral,prompt_A,pi_main,PI+F_N+TOP_I+LOW_B,F_N,TOP_I,LOW_B,,3.8
10.3030_101115790_full,mistral,prompt_A,pi_main,PI+M_N+LOW_I+HIGH_B,M_N,LOW_I,HIGH_B,,3.9
10.3030_101115790_full,mistral,prompt_A,pi_main,PI+M_N+LOW_I+LOW_B,M_N,LOW_I,LOW_B,,3.6
10.3030_101115790_full,mistral,prompt_A,pi_main,PI+M_N+TOP_I+HIGH_B,M_N,TOP_I,HIGH_B,,4.0
10.3030_101115790_full,mistral,prompt_A,pi_main,PI+M_N+TOP_I+LOW_B,M_N,TOP_I,LOW_B,,3.8
10.3030_101115790_full,mistral,prompt_B,ai_main,AI+AI_N,,,,AI_N,4.0
10.3030_101115790_full,mistral,prompt_B,ai_main,AI+AI_Y,,,,AI_Y,4.0
10.3030_101115790_full,mistral,prompt_B,blind_baseline,NONE,,,,,4.0
10.3030_101115790_full,mistral,prompt_B,pi_main,PI+F_N+LOW_I+HIGH_B,F_N,LOW_I,HIGH_B,,4.0
10.3030_101115790_full,mistral,prompt_B,pi_main,PI+F_N+LOW_I+LOW_B,F_N,LOW_I,LOW_B,,4.0
10.3030_101115790_full,mistral,prompt_B,pi_main,PI+F_N+TOP_I+HIGH_B,F_N,TOP_I,HIGH_B,,4.0
10.3030_101115790_full,mistral,prompt_B,pi_main,PI+F_N+TOP_I+LOW_B,F_N,TOP_I,LOW_B,,4.0
10.3030_101115790_full,mistral,prompt_B,pi_main,PI+M_N+LOW_I+HIGH_B,M_N,LOW_I,HIGH_B,,4.0
10.3030_101115790_full,mistral,prompt_B,pi_main,PI+M_N+LOW_I+LOW_B,M_N,LOW_I,LOW_B,,4.0
10.3030_101115790_full,mistral,prompt_B,pi_main,PI+M_N+TOP_I+HIGH_B,M_N,TOP_I,HIGH_B,,4.0
10.3030_101115790_full,mistral,prompt_B,pi_main,PI+M_N+TOP_I+LOW_B,M_N,TOP_I,LOW_B,,4.0
10.3030_101115790_full,mistral,prompt_C,ai_main,AI+AI_N,,,,AI_N,3.9
10.3030_101115790_full,mistral,prompt_C,ai_main,AI+AI_Y,,,,AI_Y,4.0
10.3030_101115790_full,mistral,prompt_C,blind_baseline,NONE,,,,,4.0
10.3030_101115790_full,mistral,prompt_C,pi_main,PI+F_N+LOW_I+HIGH_B,F_N,LOW_I,HIGH_B,,4.0
10.3030_101115790_full,mistral,prompt_C,pi_main,PI+F_N+LOW_I+LOW_B,F_N,LOW_I,LOW_B,,4.0
10.3030_101115790_full,mistral,prompt_C,pi_main,PI+F_N+TOP_I+HIGH_B,F_N,TOP_I,HIGH_B,,4.0
10.3030_101115790_full,mistral,prompt_C,pi_main,PI+F_N+TOP_I+LOW_B,F_N,TOP_I,LOW_B,,4.0
10.3030_101115790_full,mistral,prompt_C,pi_main,PI+M_N+LOW_I+HIGH_B,M_N,LOW_I,HIGH_B,,4.0
10.3030_101115790_full,mistral,prompt_C,pi_main,PI+M_N+LOW_I+LOW_B,M_N,LOW_I,LOW_B,,3.9
10.3030_101115790_full,mistral,prompt_C,pi_main,PI+M_N+TOP_I+HIGH_B,M_N,TOP_I,HIGH_B,,3.8
10.3030_101115790_full,mistral,prompt_C,pi_main,PI+M_N+TOP_I+LOW_B,M_N,TOP_I,LOW_B,,3.8
10.3030_101115790_full,phi,prompt_A,ai_main,AI+AI_N,,,,AI_N,3.5
10.3030_101115790_full,phi,prompt_A,ai_main,AI+AI_Y,,,,AI_Y,3.0
10.3030_101115790_full,phi,prompt_A,blind_baseline,NONE,,,,,3.5
10.3030_101115790_full,phi,prompt_A,pi_main,PI+F_N+LOW_I+HIGH_B,F_N,LOW_I,HIGH_B,,3.5
10.3030_101115790_full,phi,prompt_A,pi_main,PI+F_N+LOW_I+LOW_B,F_N,LOW_I,LOW_B,,3.0
10.3030_101115790_full,phi,prompt_A,pi_main,PI+F_N+TOP_I+HIGH_B,F_N,TOP_I,HIGH_B,,3.5
10.3030_101115790_full,phi,prompt_A,pi_main,PI+F_N+TOP_I+LOW_B,F_N,TOP_I,LOW_B,,3.5
10.3030_101115790_full,phi,prompt_A,pi_main,PI+M_N+LOW_I+HIGH_B,M_N,LOW_I,HIGH_B,,3.5
10.3030_101115790_full,phi,prompt_A,pi_main,PI+M_N+LOW_I+LOW_B,M_N,LOW_I,LOW_B,,3.5
10.3030_101115790_full,phi,prompt_A,pi_main,PI+M_N+TOP_I+HIGH_B,M_N,TOP_I,HIGH_B,,3.5
10.3030_101115790_full,phi,prompt_A,pi_main,PI+M_N+TOP_I+LOW_B,M_N,TOP_I,LOW_B,,3.5
10.3030_101115790_full,phi,prompt_B,ai_main,AI+AI_N,,,,AI_N,3.5
10.3030_101115790_full,phi,prompt_B,ai_main,AI+AI_Y,,,,AI_Y,3.5
10.3030_101115790_full,phi,prompt_B,blind_baseline,NONE,,,,,3.5
10.3030_101115790_full,phi,prompt_B,pi_main,PI+F_N+LOW_I+HIGH_B,F_N,LOW_I,HIGH_B,,3.5
10.3030_101115790_full,phi,prompt_B,pi_main,PI+F_N+LOW_I+LOW_B,F_N,LOW_I,LOW_B,,3.1
10.3030_101115790_full,phi,prompt_B,pi_main,PI+F_N+TOP_I+HIGH_B,F_N,TOP_I,HIGH_B,,3.5
10.3030_101115790_full,phi,prompt_B,pi_main,PI+F_N+TOP_I+LOW_B,F_N,TOP_I,LOW_B,,3.5
10.3030_101115790_full,phi,prompt_B,pi_main,PI+M_N+LOW_I+HIGH_B,M_N,LOW_I,HIGH_B,,3.5
10.3030_101115790_full,phi,prompt_B,pi_main,PI+M_N+LOW_I+LOW_B,M_N,LOW_I,LOW_B,,3.5
10.3030_101115790_full,phi,prompt_B,pi_main,PI+M_N+TOP_I+HIGH_B,M_N,TOP_I,HIGH_B,,3.5
10.3030_101115790_full,phi,prompt_B,pi_main,PI+M_N+TOP_I+LOW_B,M_N,TOP_I,LOW_B,,3.5
10.3030_101115790_full,phi,prompt_C,ai_main,AI+AI_N,,,,AI_N,3.5
10.3030_101115790_full,phi,prompt_C,ai_main,AI+AI_Y,,,,AI_Y,3.5
10.3030_101115790_full,phi,prompt_C,blind_baseline,NONE,,,,,3.5
10.3030_101115790_full,phi,prompt_C,pi_main,PI+F_N+LOW_I+HIGH_B,F_N,LOW_I,HIGH_B,,3.5
10.3030_101115790_full,phi,prompt_C,pi_main,PI+F_N+LOW_I+LOW_B,F_N,LOW_I,LOW_B,,3.1
10.3030_101115790_full,phi,prompt_C,pi_main,PI+F_N+TOP_I+HIGH_B,F_N,TOP_I,HIGH_B,,3.5
10.3030_101115790_full,phi,prompt_C,pi_main,PI+F_N+TOP_I+LOW_B,F_N,TOP_I,LOW_B,,3.0
10.3030_101115790_full,phi,prompt_C,pi_main,PI+M_N+LOW_I+HIGH_B,M_N,LOW_I,HIGH_B,,3.5
10.3030_101115790_full,phi,prompt_C,pi_main,PI+M_N+LOW_I+LOW_B,M_N,LOW_I,LOW_B,,3.5
10.3030_101115790_full,phi,prompt_C,pi_main,PI+M_N+TOP_I+HIGH_B,M_N,TOP_I,HIGH_B,,3.5
10.3030_101115790_full,phi,prompt_C,pi_main,PI+M_N+TOP_I+LOW_B,M_N,TOP_I,LOW_B,,3.5
10.3030_101116284_full,deepseek,prompt_A,ai_main,AI+AI_N,,,,AI_N,3.3
10.3030_101116284_full,deepseek,prompt_A,ai_main,AI+AI_Y,,,,AI_Y,3.3
10.3030_101116284_full,deepseek,prompt_A,blind_baseline,NONE,,,,,3.4
10.3030_101116284_full,deepseek,prompt_A,pi_main,PI+F_N+LOW_I+HIGH_B,F_N,LOW_I,HIGH_B,,3.2
10.3030_101116284_full,deepseek,prompt_A,pi_main,PI+F_N+LOW_I+LOW_B,F_N,LOW_I,LOW_B,,2.9
10.3030_101116284_full,deepseek,prompt_A,pi_main,PI+F_N+TOP_I+HIGH_B,F_N,TOP_I,HIGH_B,,3.0
10.3030_101116284_full,deepseek,prompt_A,pi_main,PI+F_N+TOP_I+LOW_B,F_N,TOP_I,LOW_B,,3.0
10.3030_101116284_full,deepseek,prompt_A,pi_main,PI+M_N+LOW_I+HIGH_B,M_N,LOW_I,HIGH_B,,3.4
10.3030_101116284_full,deepseek,prompt_A,pi_main,PI+M_N+LOW_I+LOW_B,M_N,LOW_I,LOW_B,,2.9
10.3030_101116284_full,deepseek,prompt_A,pi_main,PI+M_N+TOP_I+HIGH_B,M_N,TOP_I,HIGH_B,,3.0
10.3030_101116284_full,deepseek,prompt_A,pi_main,PI+M_N+TOP_I+LOW_B,M_N,TOP_I,LOW_B,,3.0
10.3030_101116284_full,deepseek,prompt_B,ai_main,AI+AI_N,,,,AI_N,3.2
10.3030_101116284_full,deepseek,prompt_B,ai_main,AI+AI_Y,,,,AI_Y,3.3
10.3030_101116284_full,deepseek,prompt_B,blind_baseline,NONE,,,,,3.0
10.3030_101116284_full,deepseek,prompt_B,pi_main,PI+F_N+LOW_I+HIGH_B,F_N,LOW_I,HIGH_B,,3.2
10.3030_101116284_full,deepseek,prompt_B,pi_main,PI+F_N+LOW_I+LOW_B,F_N,LOW_I,LOW_B,,3.3
10.3030_101116284_full,deepseek,prompt_B,pi_main,PI+F_N+TOP_I+HIGH_B,F_N,TOP_I,HIGH_B,,3.5
10.3030_101116284_full,deepseek,prompt_B,pi_main,PI+F_N+TOP_I+LOW_B,F_N,TOP_I,LOW_B,,3.5
10.3030_101116284_full,deepseek,prompt_B,pi_main,PI+M_N+LOW_I+HIGH_B,M_N,LOW_I,HIGH_B,,3.0
10.3030_101116284_full,deepseek,prompt_B,pi_main,PI+M_N+LOW_I+LOW_B,M_N,LOW_I,LOW_B,,3.3
10.3030_101116284_full,deepseek,prompt_B,pi_main,PI+M_N+TOP_I+HIGH_B,M_N,TOP_I,HIGH_B,,3.3
10.3030_101116284_full,deepseek,prompt_B,pi_main,PI+M_N+TOP_I+LOW_B,M_N,TOP_I,LOW_B,,3.3
10.3030_101116284_full,deepseek,prompt_C,ai_main,AI+AI_N,,,,AI_N,3.1
10.3030_101116284_full,deepseek,prompt_C,ai_main,AI+AI_Y,,,,AI_Y,3.1
10.3030_101116284_full,deepseek,prompt_C,blind_baseline,NONE,,,,,3.4
10.3030_101116284_full,deepseek,prompt_C,pi_main,PI+F_N+LOW_I+HIGH_B,F_N,LOW_I,HIGH_B,,3.5
10.3030_101116284_full,deepseek,prompt_C,pi_main,PI+F_N+LOW_I+LOW_B,F_N,LOW_I,LOW_B,,3.4
10.3030_101116284_full,deepseek,prompt_C,pi_main,PI+F_N+TOP_I+HIGH_B,F_N,TOP_I,HIGH_B,,3.6
10.3030_101116284_full,deepseek,prompt_C,pi_main,PI+F_N+TOP_I+LOW_B,F_N,TOP_I,LOW_B,,3.2
10.3030_101116284_full,deepseek,prompt_C,pi_main,PI+M_N+LOW_I+HIGH_B,M_N,LOW_I,HIGH_B,,3.6
10.3030_101116284_full,deepseek,prompt_C,pi_main,PI+M_N+LOW_I+LOW_B,M_N,LOW_I,LOW_B,,3.3
10.3030_101116284_full,deepseek,prompt_C,pi_main,PI+M_N+TOP_I+HIGH_B,M_N,TOP_I,HIGH_B,,3.6
10.3030_101116284_full,deepseek,prompt_C,pi_main,PI+M_N+TOP_I+LOW_B,M_N,TOP_I,LOW_B,,3.3
10.3030_101116284_full,gemma,prompt_A,ai_main,AI+AI_N,,,,AI_N,3.5
10.3030_101116284_full,gemma,prompt_A,ai_main,AI+AI_Y,,,,AI_Y,3.5
10.3030_101116284_full,gemma,prompt_A,blind_baseline,NONE,,,,,3.5
10.3030_101116284_full,gemma,prompt_A,pi_main,PI+F_N+LOW_I+HIGH_B,F_N,LOW_I,HIGH_B,,3.5
10.3030_101116284_full,gemma,prompt_A,pi_main,PI+F_N+LOW_I+LOW_B,F_N,LOW_I,LOW_B,,3.0
10.3030_101116284_full,gemma,prompt_A,pi_main,PI+F_N+TOP_I+HIGH_B,F_N,TOP_I,HIGH_B,,3.5
10.3030_101116284_full,gemma,prompt_A,pi_main,PI+F_N+TOP_I+LOW_B,F_N,TOP_I,LOW_B,,3.0
10.3030_101116284_full,gemma,prompt_A,pi_main,PI+M_N+LOW_I+HIGH_B,M_N,LOW_I,HIGH_B,,3.5
10.3030_101116284_full,gemma,prompt_A,pi_main,PI+M_N+LOW_I+LOW_B,M_N,LOW_I,LOW_B,,3.0
10.3030_101116284_full,gemma,prompt_A,pi_main,PI+M_N+TOP_I+HIGH_B,M_N,TOP_I,HIGH_B,,3.5
10.3030_101116284_full,gemma,prompt_A,pi_main,PI+M_N+TOP_I+LOW_B,M_N,TOP_I,LOW_B,,3.0
10.3030_101116284_full,gemma,prompt_B,ai_main,AI+AI_N,,,,AI_N,3.5
10.3030_101116284_full,gemma,prompt_B,ai_main,AI+AI_Y,,,,AI_Y,3.5
10.3030_101116284_full,gemma,prompt_B,blind_baseline,NONE,,,,,3.5
10.3030_101116284_full,gemma,prompt_B,pi_main,PI+F_N+LOW_I+HIGH_B,F_N,LOW_I,HIGH_B,,3.5
10.3030_101116284_full,gemma,prompt_B,pi_main,PI+F_N+LOW_I+LOW_B,F_N,LOW_I,LOW_B,,3.5
10.3030_101116284_full,gemma,prompt_B,pi_main,PI+F_N+TOP_I+HIGH_B,F_N,TOP_I,HIGH_B,,3.5
10.3030_101116284_full,gemma,prompt_B,pi_main,PI+F_N+TOP_I+LOW_B,F_N,TOP_I,LOW_B,,3.5
10.3030_101116284_full,gemma,prompt_B,pi_main,PI+M_N+LOW_I+HIGH_B,M_N,LOW_I,HIGH_B,,3.5
10.3030_101116284_full,gemma,prompt_B,pi_main,PI+M_N+LOW_I+LOW_B,M_N,LOW_I,LOW_B,,3.5
10.3030_101116284_full,gemma,prompt_B,pi_main,PI+M_N+TOP_I+HIGH_B,M_N,TOP_I,HIGH_B,,3.5
10.3030_101116284_full,gemma,prompt_B,pi_main,PI+M_N+TOP_I+LOW_B,M_N,TOP_I,LOW_B,,3.5
10.3030_101116284_full,gemma,prompt_C,ai_main,AI+AI_N,,,,AI_N,3.5
10.3030_101116284_full,gemma,prompt_C,ai_main,AI+AI_Y,,,,AI_Y,3.5
10.3030_101116284_full,gemma,prompt_C,blind_baseline,NONE,,,,,3.5
10.3030_101116284_full,gemma,prompt_C,pi_main,PI+F_N+LOW_I+HIGH_B,F_N,LOW_I,HIGH_B,,3.5
10.3030_101116284_full,gemma,prompt_C,pi_main,PI+F_N+LOW_I+LOW_B,F_N,LOW_I,LOW_B,,3.0
10.3030_101116284_full,gemma,prompt_C,pi_main,PI+F_N+TOP_I+HIGH_B,F_N,TOP_I,HIGH_B,,3.5
10.3030_101116284_full,gemma,prompt_C,pi_main,PI+F_N+TOP_I+LOW_B,F_N,TOP_I,LOW_B,,3.5
10.3030_101116284_full,gemma,prompt_C,pi_main,PI+M_N+LOW_I+HIGH_B,M_N,LOW_I,HIGH_B,,3.5
10.3030_101116284_full,gemma,prompt_C,pi_main,PI+M_N+LOW_I+LOW_B,M_N,LOW_I,LOW_B,,3.0
10.3030_101116284_full,gemma,prompt_C,pi_main,PI+M_N+TOP_I+HIGH_B,M_N,TOP_I,HIGH_B,,3.5
10.3030_101116284_full,gemma,prompt_C,pi_main,PI+M_N+TOP_I+LOW_B,M_N,TOP_I,LOW_B,,3.5
10.3030_101116284_full,glm,prompt_A,ai_main,AI+AI_N,,,,AI_N,3.5
10.3030_101116284_full,glm,prompt_A,ai_main,AI+AI_Y,,,,AI_Y,3.5
10.3030_101116284_full,glm,prompt_A,blind_baseline,NONE,,,,,3.8
10.3030_101116284_full,glm,prompt_A,pi_main,PI+F_N+LOW_I+HIGH_B,F_N,LOW_I,HIGH_B,,3.4
10.3030_101116284_full,glm,prompt_A,pi_main,PI+F_N+LOW_I+LOW_B,F_N,LOW_I,LOW_B,,2.9
10.3030_101116284_full,glm,prompt_A,pi_main,PI+F_N+TOP_I+HIGH_B,F_N,TOP_I,HIGH_B,,3.9
10.3030_101116284_full,glm,prompt_A,pi_main,PI+F_N+TOP_I+LOW_B,F_N,TOP_I,LOW_B,,3.2
10.3030_101116284_full,glm,prompt_A,pi_main,PI+M_N+LOW_I+HIGH_B,M_N,LOW_I,HIGH_B,,3.5
10.3030_101116284_full,glm,prompt_A,pi_main,PI+M_N+LOW_I+LOW_B,M_N,LOW_I,LOW_B,,3.1
10.3030_101116284_full,glm,prompt_A,pi_main,PI+M_N+TOP_I+HIGH_B,M_N,TOP_I,HIGH_B,,3.7
10.3030_101116284_full,glm,prompt_A,pi_main,PI+M_N+TOP_I+LOW_B,M_N,TOP_I,LOW_B,,3.5
10.3030_101116284_full,glm,prompt_B,ai_main,AI+AI_N,,,,AI_N,3.6
10.3030_101116284_full,glm,prompt_B,ai_main,AI+AI_Y,,,,AI_Y,3.5
10.3030_101116284_full,glm,prompt_B,blind_baseline,NONE,,,,,3.6
10.3030_101116284_full,glm,prompt_B,pi_main,PI+F_N+LOW_I+HIGH_B,F_N,LOW_I,HIGH_B,,3.6
10.3030_101116284_full,glm,prompt_B,pi_main,PI+F_N+LOW_I+LOW_B,F_N,LOW_I,LOW_B,,3.2
10.3030_101116284_full,glm,prompt_B,pi_main,PI+F_N+TOP_I+HIGH_B,F_N,TOP_I,HIGH_B,,3.7
10.3030_101116284_full,glm,prompt_B,pi_main,PI+F_N+TOP_I+LOW_B,F_N,TOP_I,LOW_B,,3.3
10.3030_101116284_full,glm,prompt_B,pi_main,PI+M_N+LOW_I+HIGH_B,M_N,LOW_I,HIGH_B,,3.5
10.3030_101116284_full,glm,prompt_B,pi_main,PI+M_N+LOW_I+LOW_B,M_N,LOW_I,LOW_B,,3.5
10.3030_101116284_full,glm,prompt_B,pi_main,PI+M_N+TOP_I+HIGH_B,M_N,TOP_I,HIGH_B,,3.6
10.3030_101116284_full,glm,prompt_B,pi_main,PI+M_N+TOP_I+LOW_B,M_N,TOP_I,LOW_B,,3.5
10.3030_101116284_full,glm,prompt_C,ai_main,AI+AI_N,,,,AI_N,3.7
10.3030_101116284_full,glm,prompt_C,ai_main,AI+AI_Y,,,,AI_Y,3.6
10.3030_101116284_full,glm,prompt_C,blind_baseline,NONE,,,,,3.7
10.3030_101116284_full,glm,prompt_C,pi_main,PI+F_N+LOW_I+HIGH_B,F_N,LOW_I,HIGH_B,,3.7
10.3030_101116284_full,glm,prompt_C,pi_main,PI+F_N+LOW_I+LOW_B,F_N,LOW_I,LOW_B,,3.5
10.3030_101116284_full,glm,prompt_C,pi_main,PI+F_N+TOP_I+HIGH_B,F_N,TOP_I,HIGH_B,,3.8
10.3030_101116284_full,glm,prompt_C,pi_main,PI+F_N+TOP_I+LOW_B,F_N,TOP_I,LOW_B,,3.3
10.3030_101116284_full,glm,prompt_C,pi_main,PI+M_N+LOW_I+HIGH_B,M_N,LOW_I,HIGH_B,,3.5
10.3030_101116284_full,glm,prompt_C,pi_main,PI+M_N+LOW_I+LOW_B,M_N,LOW_I,LOW_B,,3.3
10.3030_101116284_full,glm,prompt_C,pi_main,PI+M_N+TOP_I+HIGH_B,M_N,TOP_I,HIGH_B,,3.6
10.3030_101116284_full,glm,prompt_C,pi_main,PI+M_N+TOP_I+LOW_B,M_N,TOP_I,LOW_B,,3.3
10.3030_101116284_full,gpt,prompt_A,ai_main,AI+AI_N,,,,AI_N,3.5
10.3030_101116284_full,gpt,prompt_A,ai_main,AI+AI_Y,,,,AI_Y,3.5
10.3030_101116284_full,gpt,prompt_A,blind_baseline,NONE,,,,,3.5
10.3030_101116284_full,gpt,prompt_A,pi_main,PI+F_N+LOW_I+HIGH_B,F_N,LOW_I,HIGH_B,,3.5
10.3030_101116284_full,gpt,prompt_A,pi_main,PI+F_N+LOW_I+LOW_B,F_N,LOW_I,LOW_B,,3.4
10.3030_101116284_full,gpt,prompt_A,pi_main,PI+F_N+TOP_I+HIGH_B,F_N,TOP_I,HIGH_B,,3.7
10.3030_101116284_full,gpt,prompt_A,pi_main,PI+F_N+TOP_I+LOW_B,F_N,TOP_I,LOW_B,,3.5
10.3030_101116284_full,gpt,prompt_A,pi_main,PI+M_N+LOW_I+HIGH_B,M_N,LOW_I,HIGH_B,,3.5
10.3030_101116284_full,gpt,prompt_A,pi_main,PI+M_N+LOW_I+LOW_B,M_N,LOW_I,LOW_B,,3.5
10.3030_101116284_full,gpt,prompt_A,pi_main,PI+M_N+TOP_I+HIGH_B,M_N,TOP_I,HIGH_B,,3.5
10.3030_101116284_full,gpt,prompt_A,pi_main,PI+M_N+TOP_I+LOW_B,M_N,TOP_I,LOW_B,,3.5
10.3030_101116284_full,gpt,prompt_B,ai_main,AI+AI_N,,,,AI_N,3.5
10.3030_101116284_full,gpt,prompt_B,ai_main,AI+AI_Y,,,,AI_Y,3.5
10.3030_101116284_full,gpt,prompt_B,blind_baseline,NONE,,,,,3.5
10.3030_101116284_full,gpt,prompt_B,pi_main,PI+F_N+LOW_I+HIGH_B,F_N,LOW_I,HIGH_B,,3.6
10.3030_101116284_full,gpt,prompt_B,pi_main,PI+F_N+LOW_I+LOW_B,F_N,LOW_I,LOW_B,,3.5
10.3030_101116284_full,gpt,prompt_B,pi_main,PI+F_N+TOP_I+HIGH_B,F_N,TOP_I,HIGH_B,,3.8
10.3030_101116284_full,gpt,prompt_B,pi_main,PI+F_N+TOP_I+LOW_B,F_N,TOP_I,LOW_B,,3.5
10.3030_101116284_full,gpt,prompt_B,pi_main,PI+M_N+LOW_I+HIGH_B,M_N,LOW_I,HIGH_B,,3.8
10.3030_101116284_full,gpt,prompt_B,pi_main,PI+M_N+LOW_I+LOW_B,M_N,LOW_I,LOW_B,,3.5
10.3030_101116284_full,gpt,prompt_B,pi_main,PI+M_N+TOP_I+HIGH_B,M_N,TOP_I,HIGH_B,,3.9
10.3030_101116284_full,gpt,prompt_B,pi_main,PI+M_N+TOP_I+LOW_B,M_N,TOP_I,LOW_B,,3.5
10.3030_101116284_full,gpt,prompt_C,ai_main,AI+AI_N,,,,AI_N,3.7
10.3030_101116284_full,gpt,prompt_C,ai_main,AI+AI_Y,,,,AI_Y,3.6
10.3030_101116284_full,gpt,prompt_C,blind_baseline,NONE,,,,,3.5
10.3030_101116284_full,gpt,prompt_C,pi_main,PI+F_N+LOW_I+HIGH_B,F_N,LOW_I,HIGH_B,,3.5
10.3030_101116284_full,gpt,prompt_C,pi_main,PI+F_N+LOW_I+LOW_B,F_N,LOW_I,LOW_B,,3.5
10.3030_101116284_full,gpt,prompt_C,pi_main,PI+F_N+TOP_I+HIGH_B,F_N,TOP_I,HIGH_B,,3.5
10.3030_101116284_full,gpt,prompt_C,pi_main,PI+F_N+TOP_I+LOW_B,F_N,TOP_I,LOW_B,,3.5
10.3030_101116284_full,gpt,prompt_C,pi_main,PI+M_N+LOW_I+HIGH_B,M_N,LOW_I,HIGH_B,,3.5
10.3030_101116284_full,gpt,prompt_C,pi_main,PI+M_N+LOW_I+LOW_B,M_N,LOW_I,LOW_B,,3.5
10.3030_101116284_full,gpt,prompt_C,pi_main,PI+M_N+TOP_I+HIGH_B,M_N,TOP_I,HIGH_B,,3.5
10.3030_101116284_full,gpt,prompt_C,pi_main,PI+M_N+TOP_I+LOW_B,M_N,TOP_I,LOW_B,,3.5
10.3030_101116284_full,kimi,prompt_A,ai_main,AI+AI_N,,,,AI_N,3.7
10.3030_101116284_full,kimi,prompt_A,ai_main,AI+AI_Y,,,,AI_Y,3.6
10.3030_101116284_full,kimi,prompt_A,blind_baseline,NONE,,,,,3.5
10.3030_101116284_full,kimi,prompt_A,pi_main,PI+F_N+LOW_I+HIGH_B,F_N,LOW_I,HIGH_B,,3.5
10.3030_101116284_full,kimi,prompt_A,pi_main,PI+F_N+LOW_I+LOW_B,F_N,LOW_I,LOW_B,,3.2
10.3030_101116284_full,kimi,prompt_A,pi_main,PI+F_N+TOP_I+HIGH_B,F_N,TOP_I,HIGH_B,,3.6
10.3030_101116284_full,kimi,prompt_A,pi_main,PI+F_N+TOP_I+LOW_B,F_N,TOP_I,LOW_B,,3.3
10.3030_101116284_full,kimi,prompt_A,pi_main,PI+M_N+LOW_I+HIGH_B,M_N,LOW_I,HIGH_B,,3.5
10.3030_101116284_full,kimi,prompt_A,pi_main,PI+M_N+LOW_I+LOW_B,M_N,LOW_I,LOW_B,,3.1
10.3030_101116284_full,kimi,prompt_A,pi_main,PI+M_N+TOP_I+HIGH_B,M_N,TOP_I,HIGH_B,,3.5
10.3030_101116284_full,kimi,prompt_A,pi_main,PI+M_N+TOP_I+LOW_B,M_N,TOP_I,LOW_B,,3.3
10.3030_101116284_full,kimi,prompt_B,ai_main,AI+AI_N,,,,AI_N,3.6
10.3030_101116284_full,kimi,prompt_B,ai_main,AI+AI_Y,,,,AI_Y,3.8
10.3030_101116284_full,kimi,prompt_B,blind_baseline,NONE,,,,,3.6
10.3030_101116284_full,kimi,prompt_B,pi_main,PI+F_N+LOW_I+HIGH_B,F_N,LOW_I,HIGH_B,,3.5
10.3030_101116284_full,kimi,prompt_B,pi_main,PI+F_N+LOW_I+LOW_B,F_N,LOW_I,LOW_B,,3.5
10.3030_101116284_full,kimi,prompt_B,pi_main,PI+F_N+TOP_I+HIGH_B,F_N,TOP_I,HIGH_B,,3.5
10.3030_101116284_full,kimi,prompt_B,pi_main,PI+F_N+TOP_I+LOW_B,F_N,TOP_I,LOW_B,,3.5
10.3030_101116284_full,kimi,prompt_B,pi_main,PI+M_N+LOW_I+HIGH_B,M_N,LOW_I,HIGH_B,,3.5
10.3030_101116284_full,kimi,prompt_B,pi_main,PI+M_N+LOW_I+LOW_B,M_N,LOW_I,LOW_B,,3.4
10.3030_101116284_full,kimi,prompt_B,pi_main,PI+M_N+TOP_I+HIGH_B,M_N,TOP_I,HIGH_B,,3.8
10.3030_101116284_full,kimi,prompt_B,pi_main,PI+M_N+TOP_I+LOW_B,M_N,TOP_I,LOW_B,,3.5
10.3030_101116284_full,kimi,prompt_C,ai_main,AI+AI_N,,,,AI_N,3.7
10.3030_101116284_full,kimi,prompt_C,ai_main,AI+AI_Y,,,,AI_Y,3.5
10.3030_101116284_full,kimi,prompt_C,blind_baseline,NONE,,,,,3.5
10.3030_101116284_full,kimi,prompt_C,pi_main,PI+F_N+LOW_I+HIGH_B,F_N,LOW_I,HIGH_B,,3.7
10.3030_101116284_full,kimi,prompt_C,pi_main,PI+F_N+LOW_I+LOW_B,F_N,LOW_I,LOW_B,,3.5
10.3030_101116284_full,kimi,prompt_C,pi_main,PI+F_N+TOP_I+HIGH_B,F_N,TOP_I,HIGH_B,,3.7
10.3030_101116284_full,kimi,prompt_C,pi_main,PI+F_N+TOP_I+LOW_B,F_N,TOP_I,LOW_B,,3.5
10.3030_101116284_full,kimi,prompt_C,pi_main,PI+M_N+LOW_I+HIGH_B,M_N,LOW_I,HIGH_B,,3.6
10.3030_101116284_full,kimi,prompt_C,pi_main,PI+M_N+LOW_I+LOW_B,M_N,LOW_I,LOW_B,,3.5
10.3030_101116284_full,kimi,prompt_C,pi_main,PI+M_N+TOP_I+HIGH_B,M_N,TOP_I,HIGH_B,,3.6
10.3030_101116284_full,kimi,prompt_C,pi_main,PI+M_N+TOP_I+LOW_B,M_N,TOP_I,LOW_B,,3.5
10.3030_101116284_full,ministral,prompt_A,ai_main,AI+AI_N,,,,AI_N,4.0
10.3030_101116284_full,ministral,prompt_A,ai_main,AI+AI_Y,,,,AI_Y,4.0
10.3030_101116284_full,ministral,prompt_A,blind_baseline,NONE,,,,,4.0
10.3030_101116284_full,ministral,prompt_A,pi_main,PI+F_N+LOW_I+HIGH_B,F_N,LOW_I,HIGH_B,,3.5
10.3030_101116284_full,ministral,prompt_A,pi_main,PI+F_N+LOW_I+LOW_B,F_N,LOW_I,LOW_B,,3.5
10.3030_101116284_full,ministral,prompt_A,pi_main,PI+F_N+TOP_I+HIGH_B,F_N,TOP_I,HIGH_B,,4.0
10.3030_101116284_full,ministral,prompt_A,pi_main,PI+F_N+TOP_I+LOW_B,F_N,TOP_I,LOW_B,,3.5
10.3030_101116284_full,ministral,prompt_A,pi_main,PI+M_N+LOW_I+HIGH_B,M_N,LOW_I,HIGH_B,,3.5
10.3030_101116284_full,ministral,prompt_A,pi_main,PI+M_N+LOW_I+LOW_B,M_N,LOW_I,LOW_B,,3.5
10.3030_101116284_full,ministral,prompt_A,pi_main,PI+M_N+TOP_I+HIGH_B,M_N,TOP_I,HIGH_B,,4.0
10.3030_101116284_full,ministral,prompt_A,pi_main,PI+M_N+TOP_I+LOW_B,M_N,TOP_I,LOW_B,,3.5
10.3030_101116284_full,ministral,prompt_B,ai_main,AI+AI_N,,,,AI_N,4.0
10.3030_101116284_full,ministral,prompt_B,ai_main,AI+AI_Y,,,,AI_Y,4.0
10.3030_101116284_full,ministral,prompt_B,blind_baseline,NONE,,,,,4.0
10.3030_101116284_full,ministral,prompt_B,pi_main,PI+F_N+LOW_I+HIGH_B,F_N,LOW_I,HIGH_B,,4.0
10.3030_101116284_full,ministral,prompt_B,pi_main,PI+F_N+LOW_I+LOW_B,F_N,LOW_I,LOW_B,,3.5
10.3030_101116284_full,ministral,prompt_B,pi_main,PI+F_N+TOP_I+HIGH_B,F_N,TOP_I,HIGH_B,,4.0
10.3030_101116284_full,ministral,prompt_B,pi_main,PI+F_N+TOP_I+LOW_B,F_N,TOP_I,LOW_B,,3.5
10.3030_101116284_full,ministral,prompt_B,pi_main,PI+M_N+LOW_I+HIGH_B,M_N,LOW_I,HIGH_B,,4.0
10.3030_101116284_full,ministral,prompt_B,pi_main,PI+M_N+LOW_I+LOW_B,M_N,LOW_I,LOW_B,,3.5
10.3030_101116284_full,ministral,prompt_B,pi_main,PI+M_N+TOP_I+HIGH_B,M_N,TOP_I,HIGH_B,,4.0
10.3030_101116284_full,ministral,prompt_B,pi_main,PI+M_N+TOP_I+LOW_B,M_N,TOP_I,LOW_B,,4.0
10.3030_101116284_full,ministral,prompt_C,ai_main,AI+AI_N,,,,AI_N,3.5
10.3030_101116284_full,ministral,prompt_C,ai_main,AI+AI_Y,,,,AI_Y,3.5
10.3030_101116284_full,ministral,prompt_C,blind_baseline,NONE,,,,,4.0
10.3030_101116284_full,ministral,prompt_C,pi_main,PI+F_N+LOW_I+HIGH_B,F_N,LOW_I,HIGH_B,,3.5
10.3030_101116284_full,ministral,prompt_C,pi_main,PI+F_N+LOW_I+LOW_B,F_N,LOW_I,LOW_B,,3.5
10.3030_101116284_full,ministral,prompt_C,pi_main,PI+F_N+TOP_I+HIGH_B,F_N,TOP_I,HIGH_B,,4.0
10.3030_101116284_full,ministral,prompt_C,pi_main,PI+F_N+TOP_I+LOW_B,F_N,TOP_I,LOW_B,,3.5
10.3030_101116284_full,ministral,prompt_C,pi_main,PI+M_N+LOW_I+HIGH_B,M_N,LOW_I,HIGH_B,,4.0
10.3030_101116284_full,ministral,prompt_C,pi_main,PI+M_N+LOW_I+LOW_B,M_N,LOW_I,LOW_B,,3.5
10.3030_101116284_full,ministral,prompt_C,pi_main,PI+M_N+TOP_I+HIGH_B,M_N,TOP_I,HIGH_B,,4.0
10.3030_101116284_full,ministral,prompt_C,pi_main,PI+M_N+TOP_I+LOW_B,M_N,TOP_I,LOW_B,,3.5
10.3030_101116284_full,mistral,prompt_A,ai_main,AI+AI_N,,,,AI_N,3.8
10.3030_101116284_full,mistral,prompt_A,ai_main,AI+AI_Y,,,,AI_Y,3.6
10.3030_101116284_full,mistral,prompt_A,blind_baseline,NONE,,,,,3.5
10.3030_101116284_full,mistral,prompt_A,pi_main,PI+F_N+LOW_I+HIGH_B,F_N,LOW_I,HIGH_B,,3.7
10.3030_101116284_full,mistral,prompt_A,pi_main,PI+F_N+LOW_I+LOW_B,F_N,LOW_I,LOW_B,,3.5
10.3030_101116284_full,mistral,prompt_A,pi_main,PI+F_N+TOP_I+HIGH_B,F_N,TOP_I,HIGH_B,,3.8
10.3030_101116284_full,mistral,prompt_A,pi_main,PI+F_N+TOP_I+LOW_B,F_N,TOP_I,LOW_B,,3.5
10.3030_101116284_full,mistral,prompt_A,pi_main,PI+M_N+LOW_I+HIGH_B,M_N,LOW_I,HIGH_B,,4.0
10.3030_101116284_full,mistral,prompt_A,pi_main,PI+M_N+LOW_I+LOW_B,M_N,LOW_I,LOW_B,,3.5
10.3030_101116284_full,mistral,prompt_A,pi_main,PI+M_N+TOP_I+HIGH_B,M_N,TOP_I,HIGH_B,,3.8
10.3030_101116284_full,mistral,prompt_A,pi_main,PI+M_N+TOP_I+LOW_B,M_N,TOP_I,LOW_B,,3.5
10.3030_101116284_full,mistral,prompt_B,ai_main,AI+AI_N,,,,AI_N,3.6
10.3030_101116284_full,mistral,prompt_B,ai_main,AI+AI_Y,,,,AI_Y,3.8
10.3030_101116284_full,mistral,prompt_B,blind_baseline,NONE,,,,,3.7
10.3030_101116284_full,mistral,prompt_B,pi_main,PI+F_N+LOW_I+HIGH_B,F_N,LOW_I,HIGH_B,,4.0
10.3030_101116284_full,mistral,prompt_B,pi_main,PI+F_N+LOW_I+LOW_B,F_N,LOW_I,LOW_B,,3.6
10.3030_101116284_full,mistral,prompt_B,pi_main,PI+F_N+TOP_I+HIGH_B,F_N,TOP_I,HIGH_B,,4.0
10.3030_101116284_full,mistral,prompt_B,pi_main,PI+F_N+TOP_I+LOW_B,F_N,TOP_I,LOW_B,,3.6
10.3030_101116284_full,mistral,prompt_B,pi_main,PI+M_N+LOW_I+HIGH_B,M_N,LOW_I,HIGH_B,,4.0
10.3030_101116284_full,mistral,prompt_B,pi_main,PI+M_N+LOW_I+LOW_B,M_N,LOW_I,LOW_B,,3.8
10.3030_101116284_full,mistral,prompt_B,pi_main,PI+M_N+TOP_I+HIGH_B,M_N,TOP_I,HIGH_B,,4.0
10.3030_101116284_full,mistral,prompt_B,pi_main,PI+M_N+TOP_I+LOW_B,M_N,TOP_I,LOW_B,,3.7
10.3030_101116284_full,mistral,prompt_C,ai_main,AI+AI_N,,,,AI_N,3.9
10.3030_101116284_full,mistral,prompt_C,ai_main,AI+AI_Y,,,,AI_Y,4.0
10.3030_101116284_full,mistral,prompt_C,blind_baseline,NONE,,,,,4.0
10.3030_101116284_full,mistral,prompt_C,pi_main,PI+F_N+LOW_I+HIGH_B,F_N,LOW_I,HIGH_B,,3.9
10.3030_101116284_full,mistral,prompt_C,pi_main,PI+F_N+LOW_I+LOW_B,F_N,LOW_I,LOW_B,,3.6
10.3030_101116284_full,mistral,prompt_C,pi_main,PI+F_N+TOP_I+HIGH_B,F_N,TOP_I,HIGH_B,,4.0
10.3030_101116284_full,mistral,prompt_C,pi_main,PI+F_N+TOP_I+LOW_B,F_N,TOP_I,LOW_B,,3.5
10.3030_101116284_full,mistral,prompt_C,pi_main,PI+M_N+LOW_I+HIGH_B,M_N,LOW_I,HIGH_B,,3.9
10.3030_101116284_full,mistral,prompt_C,pi_main,PI+M_N+LOW_I+LOW_B,M_N,LOW_I,LOW_B,,3.5
10.3030_101116284_full,mistral,prompt_C,pi_main,PI+M_N+TOP_I+HIGH_B,M_N,TOP_I,HIGH_B,,3.9
10.3030_101116284_full,mistral,prompt_C,pi_main,PI+M_N+TOP_I+LOW_B,M_N,TOP_I,LOW_B,,3.7
10.3030_101116284_full,phi,prompt_A,ai_main,AI+AI_N,,,,AI_N,3.5
10.3030_101116284_full,phi,prompt_A,ai_main,AI+AI_Y,,,,AI_Y,3.5
10.3030_101116284_full,phi,prompt_A,blind_baseline,NONE,,,,,3.5
10.3030_101116284_full,phi,prompt_A,pi_main,PI+F_N+LOW_I+HIGH_B,F_N,LOW_I,HIGH_B,,3.5
10.3030_101116284_full,phi,prompt_A,pi_main,PI+F_N+LOW_I+LOW_B,F_N,LOW_I,LOW_B,,3.5
10.3030_101116284_full,phi,prompt_A,pi_main,PI+F_N+TOP_I+HIGH_B,F_N,TOP_I,HIGH_B,,3.5
10.3030_101116284_full,phi,prompt_A,pi_main,PI+F_N+TOP_I+LOW_B,F_N,TOP_I,LOW_B,,3.1
10.3030_101116284_full,phi,prompt_A,pi_main,PI+M_N+LOW_I+HIGH_B,M_N,LOW_I,HIGH_B,,3.5
10.3030_101116284_full,phi,prompt_A,pi_main,PI+M_N+LOW_I+LOW_B,M_N,LOW_I,LOW_B,,3.0
10.3030_101116284_full,phi,prompt_A,pi_main,PI+M_N+TOP_I+HIGH_B,M_N,TOP_I,HIGH_B,,3.5
10.3030_101116284_full,phi,prompt_A,pi_main,PI+M_N+TOP_I+LOW_B,M_N,TOP_I,LOW_B,,3.0
10.3030_101116284_full,phi,prompt_B,ai_main,AI+AI_N,,,,AI_N,3.5
10.3030_101116284_full,phi,prompt_B,ai_main,AI+AI_Y,,,,AI_Y,3.5
10.3030_101116284_full,phi,prompt_B,blind_baseline,NONE,,,,,3.5
10.3030_101116284_full,phi,prompt_B,pi_main,PI+F_N+LOW_I+HIGH_B,F_N,LOW_I,HIGH_B,,3.5
10.3030_101116284_full,phi,prompt_B,pi_main,PI+F_N+LOW_I+LOW_B,F_N,LOW_I,LOW_B,,3.5
10.3030_101116284_full,phi,prompt_B,pi_main,PI+F_N+TOP_I+HIGH_B,F_N,TOP_I,HIGH_B,,3.5
10.3030_101116284_full,phi,prompt_B,pi_main,PI+F_N+TOP_I+LOW_B,F_N,TOP_I,LOW_B,,3.5
10.3030_101116284_full,phi,prompt_B,pi_main,PI+M_N+LOW_I+HIGH_B,M_N,LOW_I,HIGH_B,,3.5
10.3030_101116284_full,phi,prompt_B,pi_main,PI+M_N+LOW_I+LOW_B,M_N,LOW_I,LOW_B,,3.5
10.3030_101116284_full,phi,prompt_B,pi_main,PI+M_N+TOP_I+HIGH_B,M_N,TOP_I,HIGH_B,,3.5
10.3030_101116284_full,phi,prompt_B,pi_main,PI+M_N+TOP_I+LOW_B,M_N,TOP_I,LOW_B,,3.5
10.3030_101116284_full,phi,prompt_C,ai_main,AI+AI_N,,,,AI_N,3.5
10.3030_101116284_full,phi,prompt_C,ai_main,AI+AI_Y,,,,AI_Y,3.5
10.3030_101116284_full,phi,prompt_C,blind_baseline,NONE,,,,,3.5
10.3030_101116284_full,phi,prompt_C,pi_main,PI+F_N+LOW_I+HIGH_B,F_N,LOW_I,HIGH_B,,3.5
10.3030_101116284_full,phi,prompt_C,pi_main,PI+F_N+LOW_I+LOW_B,F_N,LOW_I,LOW_B,,3.5
10.3030_101116284_full,phi,prompt_C,pi_main,PI+F_N+TOP_I+HIGH_B,F_N,TOP_I,HIGH_B,,3.5
10.3030_101116284_full,phi,prompt_C,pi_main,PI+F_N+TOP_I+LOW_B,F_N,TOP_I,LOW_B,,3.5
10.3030_101116284_full,phi,prompt_C,pi_main,PI+M_N+LOW_I+HIGH_B,M_N,LOW_I,HIGH_B,,3.5
10.3030_101116284_full,phi,prompt_C,pi_main,PI+M_N+LOW_I+LOW_B,M_N,LOW_I,LOW_B,,3.5
10.3030_101116284_full,phi,prompt_C,pi_main,PI+M_N+TOP_I+HIGH_B,M_N,TOP_I,HIGH_B,,3.5
10.3030_101116284_full,phi,prompt_C,pi_main,PI+M_N+TOP_I+LOW_B,M_N,TOP_I,LOW_B,,3.5
10.3030_101116420_full,deepseek,prompt_A,ai_main,AI+AI_N,,,,AI_N,3.6
10.3030_101116420_full,deepseek,prompt_A,ai_main,AI+AI_Y,,,,AI_Y,3.2
10.3030_101116420_full,deepseek,prompt_A,blind_baseline,NONE,,,,,3.4
10.3030_101116420_full,deepseek,prompt_A,pi_main,PI+F_N+LOW_I+HIGH_B,F_N,LOW_I,HIGH_B,,3.5
10.3030_101116420_full,deepseek,prompt_A,pi_main,PI+F_N+LOW_I+LOW_B,F_N,LOW_I,LOW_B,,3.4
10.3030_101116420_full,deepseek,prompt_A,pi_main,PI+F_N+TOP_I+HIGH_B,F_N,TOP_I,HIGH_B,,3.4
10.3030_101116420_full,deepseek,prompt_A,pi_main,PI+F_N+TOP_I+LOW_B,F_N,TOP_I,LOW_B,,3.3
10.3030_101116420_full,deepseek,prompt_A,pi_main,PI+M_N+LOW_I+HIGH_B,M_N,LOW_I,HIGH_B,,3.3
10.3030_101116420_full,deepseek,prompt_A,pi_main,PI+M_N+LOW_I+LOW_B,M_N,LOW_I,LOW_B,,3.1
10.3030_101116420_full,deepseek,prompt_A,pi_main,PI+M_N+TOP_I+HIGH_B,M_N,TOP_I,HIGH_B,,3.4
10.3030_101116420_full,deepseek,prompt_A,pi_main,PI+M_N+TOP_I+LOW_B,M_N,TOP_I,LOW_B,,3.2
10.3030_101116420_full,deepseek,prompt_B,ai_main,AI+AI_N,,,,AI_N,3.4
10.3030_101116420_full,deepseek,prompt_B,ai_main,AI+AI_Y,,,,AI_Y,3.5
10.3030_101116420_full,deepseek,prompt_B,blind_baseline,NONE,,,,,3.6
10.3030_101116420_full,deepseek,prompt_B,pi_main,PI+F_N+LOW_I+HIGH_B,F_N,LOW_I,HIGH_B,,3.3
10.3030_101116420_full,deepseek,prompt_B,pi_main,PI+F_N+LOW_I+LOW_B,F_N,LOW_I,LOW_B,,3.4
10.3030_101116420_full,deepseek,prompt_B,pi_main,PI+F_N+TOP_I+HIGH_B,F_N,TOP_I,HIGH_B,,3.1
10.3030_101116420_full,deepseek,prompt_B,pi_main,PI+F_N+TOP_I+LOW_B,F_N,TOP_I,LOW_B,,3.4
10.3030_101116420_full,deepseek,prompt_B,pi_main,PI+M_N+LOW_I+HIGH_B,M_N,LOW_I,HIGH_B,,3.1
10.3030_101116420_full,deepseek,prompt_B,pi_main,PI+M_N+LOW_I+LOW_B,M_N,LOW_I,LOW_B,,3.2
10.3030_101116420_full,deepseek,prompt_B,pi_main,PI+M_N+TOP_I+HIGH_B,M_N,TOP_I,HIGH_B,,3.6
10.3030_101116420_full,deepseek,prompt_B,pi_main,PI+M_N+TOP_I+LOW_B,M_N,TOP_I,LOW_B,,3.1
10.3030_101116420_full,deepseek,prompt_C,ai_main,AI+AI_N,,,,AI_N,3.8
10.3030_101116420_full,deepseek,prompt_C,ai_main,AI+AI_Y,,,,AI_Y,3.5
10.3030_101116420_full,deepseek,prompt_C,blind_baseline,NONE,,,,,3.4
10.3030_101116420_full,deepseek,prompt_C,pi_main,PI+F_N+LOW_I+HIGH_B,F_N,LOW_I,HIGH_B,,3.3
10.3030_101116420_full,deepseek,prompt_C,pi_main,PI+F_N+LOW_I+LOW_B,F_N,LOW_I,LOW_B,,3.2
10.3030_101116420_full,deepseek,prompt_C,pi_main,PI+F_N+TOP_I+HIGH_B,F_N,TOP_I,HIGH_B,,3.3
10.3030_101116420_full,deepseek,prompt_C,pi_main,PI+F_N+TOP_I+LOW_B,F_N,TOP_I,LOW_B,,3.3
10.3030_101116420_full,deepseek,prompt_C,pi_main,PI+M_N+LOW_I+HIGH_B,M_N,LOW_I,HIGH_B,,3.3
10.3030_101116420_full,deepseek,prompt_C,pi_main,PI+M_N+LOW_I+LOW_B,M_N,LOW_I,LOW_B,,3.5
10.3030_101116420_full,deepseek,prompt_C,pi_main,PI+M_N+TOP_I+HIGH_B,M_N,TOP_I,HIGH_B,,3.3
10.3030_101116420_full,deepseek,prompt_C,pi_main,PI+M_N+TOP_I+LOW_B,M_N,TOP_I,LOW_B,,3.1
10.3030_101116420_full,gemma,prompt_A,ai_main,AI+AI_N,,,,AI_N,3.5
10.3030_101116420_full,gemma,prompt_A,ai_main,AI+AI_Y,,,,AI_Y,3.5
10.3030_101116420_full,gemma,prompt_A,blind_baseline,NONE,,,,,3.5
10.3030_101116420_full,gemma,prompt_A,pi_main,PI+F_N+LOW_I+HIGH_B,F_N,LOW_I,HIGH_B,,3.5
10.3030_101116420_full,gemma,prompt_A,pi_main,PI+F_N+LOW_I+LOW_B,F_N,LOW_I,LOW_B,,3.5
10.3030_101116420_full,gemma,prompt_A,pi_main,PI+F_N+TOP_I+HIGH_B,F_N,TOP_I,HIGH_B,,3.5
10.3030_101116420_full,gemma,prompt_A,pi_main,PI+F_N+TOP_I+LOW_B,F_N,TOP_I,LOW_B,,3.5
10.3030_101116420_full,gemma,prompt_A,pi_main,PI+M_N+LOW_I+HIGH_B,M_N,LOW_I,HIGH_B,,3.5
10.3030_101116420_full,gemma,prompt_A,pi_main,PI+M_N+LOW_I+LOW_B,M_N,LOW_I,LOW_B,,3.5
10.3030_101116420_full,gemma,prompt_A,pi_main,PI+M_N+TOP_I+HIGH_B,M_N,TOP_I,HIGH_B,,3.5
10.3030_101116420_full,gemma,prompt_A,pi_main,PI+M_N+TOP_I+LOW_B,M_N,TOP_I,LOW_B,,3.5
10.3030_101116420_full,gemma,prompt_B,ai_main,AI+AI_N,,,,AI_N,3.5
10.3030_101116420_full,gemma,prompt_B,ai_main,AI+AI_Y,,,,AI_Y,3.5
10.3030_101116420_full,gemma,prompt_B,blind_baseline,NONE,,,,,3.5
10.3030_101116420_full,gemma,prompt_B,pi_main,PI+F_N+LOW_I+HIGH_B,F_N,LOW_I,HIGH_B,,3.5
10.3030_101116420_full,gemma,prompt_B,pi_main,PI+F_N+LOW_I+LOW_B,F_N,LOW_I,LOW_B,,3.5
10.3030_101116420_full,gemma,prompt_B,pi_main,PI+F_N+TOP_I+HIGH_B,F_N,TOP_I,HIGH_B,,3.5
10.3030_101116420_full,gemma,prompt_B,pi_main,PI+F_N+TOP_I+LOW_B,F_N,TOP_I,LOW_B,,3.5
10.3030_101116420_full,gemma,prompt_B,pi_main,PI+M_N+LOW_I+HIGH_B,M_N,LOW_I,HIGH_B,,3.5
10.3030_101116420_full,gemma,prompt_B,pi_main,PI+M_N+LOW_I+LOW_B,M_N,LOW_I,LOW_B,,3.5
10.3030_101116420_full,gemma,prompt_B,pi_main,PI+M_N+TOP_I+HIGH_B,M_N,TOP_I,HIGH_B,,3.5
10.3030_101116420_full,gemma,prompt_B,pi_main,PI+M_N+TOP_I+LOW_B,M_N,TOP_I,LOW_B,,3.5
10.3030_101116420_full,gemma,prompt_C,ai_main,AI+AI_N,,,,AI_N,3.5
10.3030_101116420_full,gemma,prompt_C,ai_main,AI+AI_Y,,,,AI_Y,3.5
10.3030_101116420_full,gemma,prompt_C,blind_baseline,NONE,,,,,3.5
10.3030_101116420_full,gemma,prompt_C,pi_main,PI+F_N+LOW_I+HIGH_B,F_N,LOW_I,HIGH_B,,3.5
10.3030_101116420_full,gemma,prompt_C,pi_main,PI+F_N+LOW_I+LOW_B,F_N,LOW_I,LOW_B,,3.5
10.3030_101116420_full,gemma,prompt_C,pi_main,PI+F_N+TOP_I+HIGH_B,F_N,TOP_I,HIGH_B,,3.5
10.3030_101116420_full,gemma,prompt_C,pi_main,PI+F_N+TOP_I+LOW_B,F_N,TOP_I,LOW_B,,3.5
10.3030_101116420_full,gemma,prompt_C,pi_main,PI+M_N+LOW_I+HIGH_B,M_N,LOW_I,HIGH_B,,3.5
10.3030_101116420_full,gemma,prompt_C,pi_main,PI+M_N+LOW_I+LOW_B,M_N,LOW_I,LOW_B,,3.5
10.3030_101116420_full,gemma,prompt_C,pi_main,PI+M_N+TOP_I+HIGH_B,M_N,TOP_I,HIGH_B,,3.5
10.3030_101116420_full,gemma,prompt_C,pi_main,PI+M_N+TOP_I+LOW_B,M_N,TOP_I,LOW_B,,3.5
10.3030_101116420_full,glm,prompt_A,ai_main,AI+AI_N,,,,AI_N,3.7
10.3030_101116420_full,glm,prompt_A,ai_main,AI+AI_Y,,,,AI_Y,3.5
10.3030_101116420_full,glm,prompt_A,blind_baseline,NONE,,,,,3.8
10.3030_101116420_full,glm,prompt_A,pi_main,PI+F_N+LOW_I+HIGH_B,F_N,LOW_I,HIGH_B,,3.5
10.3030_101116420_full,glm,prompt_A,pi_main,PI+F_N+LOW_I+LOW_B,F_N,LOW_I,LOW_B,,3.0
10.3030_101116420_full,glm,prompt_A,pi_main,PI+F_N+TOP_I+HIGH_B,F_N,TOP_I,HIGH_B,,3.6
10.3030_101116420_full,glm,prompt_A,pi_main,PI+F_N+TOP_I+LOW_B,F_N,TOP_I,LOW_B,,3.5
10.3030_101116420_full,glm,prompt_A,pi_main,PI+M_N+LOW_I+HIGH_B,M_N,LOW_I,HIGH_B,,3.4
10.3030_101116420_full,glm,prompt_A,pi_main,PI+M_N+LOW_I+LOW_B,M_N,LOW_I,LOW_B,,3.2
10.3030_101116420_full,glm,prompt_A,pi_main,PI+M_N+TOP_I+HIGH_B,M_N,TOP_I,HIGH_B,,3.5
10.3030_101116420_full,glm,prompt_A,pi_main,PI+M_N+TOP_I+LOW_B,M_N,TOP_I,LOW_B,,3.2
10.3030_101116420_full,glm,prompt_B,ai_main,AI+AI_N,,,,AI_N,3.7
10.3030_101116420_full,glm,prompt_B,ai_main,AI+AI_Y,,,,AI_Y,3.7
10.3030_101116420_full,glm,prompt_B,blind_baseline,NONE,,,,,3.6
10.3030_101116420_full,glm,prompt_B,pi_main,PI+F_N+LOW_I+HIGH_B,F_N,LOW_I,HIGH_B,,3.5
10.3030_101116420_full,glm,prompt_B,pi_main,PI+F_N+LOW_I+LOW_B,F_N,LOW_I,LOW_B,,3.4
10.3030_101116420_full,glm,prompt_B,pi_main,PI+F_N+TOP_I+HIGH_B,F_N,TOP_I,HIGH_B,,3.5
10.3030_101116420_full,glm,prompt_B,pi_main,PI+F_N+TOP_I+LOW_B,F_N,TOP_I,LOW_B,,3.4
10.3030_101116420_full,glm,prompt_B,pi_main,PI+M_N+LOW_I+HIGH_B,M_N,LOW_I,HIGH_B,,3.5
10.3030_101116420_full,glm,prompt_B,pi_main,PI+M_N+LOW_I+LOW_B,M_N,LOW_I,LOW_B,,3.2
10.3030_101116420_full,glm,prompt_B,pi_main,PI+M_N+TOP_I+HIGH_B,M_N,TOP_I,HIGH_B,,3.6
10.3030_101116420_full,glm,prompt_B,pi_main,PI+M_N+TOP_I+LOW_B,M_N,TOP_I,LOW_B,,3.4
10.3030_101116420_full,glm,prompt_C,ai_main,AI+AI_N,,,,AI_N,3.7
10.3030_101116420_full,glm,prompt_C,ai_main,AI+AI_Y,,,,AI_Y,3.5
10.3030_101116420_full,glm,prompt_C,blind_baseline,NONE,,,,,3.7
10.3030_101116420_full,glm,prompt_C,pi_main,PI+F_N+LOW_I+HIGH_B,F_N,LOW_I,HIGH_B,,3.5
10.3030_101116420_full,glm,prompt_C,pi_main,PI+F_N+LOW_I+LOW_B,F_N,LOW_I,LOW_B,,3.5
10.3030_101116420_full,glm,prompt_C,pi_main,PI+F_N+TOP_I+HIGH_B,F_N,TOP_I,HIGH_B,,3.5
10.3030_101116420_full,glm,prompt_C,pi_main,PI+F_N+TOP_I+LOW_B,F_N,TOP_I,LOW_B,,3.4
10.3030_101116420_full,glm,prompt_C,pi_main,PI+M_N+LOW_I+HIGH_B,M_N,LOW_I,HIGH_B,,3.5
10.3030_101116420_full,glm,prompt_C,pi_main,PI+M_N+LOW_I+LOW_B,M_N,LOW_I,LOW_B,,3.2
10.3030_101116420_full,glm,prompt_C,pi_main,PI+M_N+TOP_I+HIGH_B,M_N,TOP_I,HIGH_B,,3.7
10.3030_101116420_full,glm,prompt_C,pi_main,PI+M_N+TOP_I+LOW_B,M_N,TOP_I,LOW_B,,3.5
10.3030_101116420_full,gpt,prompt_A,ai_main,AI+AI_N,,,,AI_N,3.5
10.3030_101116420_full,gpt,prompt_A,ai_main,AI+AI_Y,,,,AI_Y,3.5
10.3030_101116420_full,gpt,prompt_A,blind_baseline,NONE,,,,,3.5
10.3030_101116420_full,gpt,prompt_A,pi_main,PI+F_N+LOW_I+HIGH_B,F_N,LOW_I,HIGH_B,,3.5
10.3030_101116420_full,gpt,prompt_A,pi_main,PI+F_N+LOW_I+LOW_B,F_N,LOW_I,LOW_B,,3.5
10.3030_101116420_full,gpt,prompt_A,pi_main,PI+F_N+TOP_I+HIGH_B,F_N,TOP_I,HIGH_B,,3.5
10.3030_101116420_full,gpt,prompt_A,pi_main,PI+F_N+TOP_I+LOW_B,F_N,TOP_I,LOW_B,,3.5
10.3030_101116420_full,gpt,prompt_A,pi_main,PI+M_N+LOW_I+HIGH_B,M_N,LOW_I,HIGH_B,,3.5
10.3030_101116420_full,gpt,prompt_A,pi_main,PI+M_N+LOW_I+LOW_B,M_N,LOW_I,LOW_B,,3.5
10.3030_101116420_full,gpt,prompt_A,pi_main,PI+M_N+TOP_I+HIGH_B,M_N,TOP_I,HIGH_B,,3.5
10.3030_101116420_full,gpt,prompt_A,pi_main,PI+M_N+TOP_I+LOW_B,M_N,TOP_I,LOW_B,,3.5
10.3030_101116420_full,gpt,prompt_B,ai_main,AI+AI_N,,,,AI_N,3.5
10.3030_101116420_full,gpt,prompt_B,ai_main,AI+AI_Y,,,,AI_Y,3.5
10.3030_101116420_full,gpt,prompt_B,blind_baseline,NONE,,,,,3.5
10.3030_101116420_full,gpt,prompt_B,pi_main,PI+F_N+LOW_I+HIGH_B,F_N,LOW_I,HIGH_B,,3.6
10.3030_101116420_full,gpt,prompt_B,pi_main,PI+F_N+LOW_I+LOW_B,F_N,LOW_I,LOW_B,,3.5
10.3030_101116420_full,gpt,prompt_B,pi_main,PI+F_N+TOP_I+HIGH_B,F_N,TOP_I,HIGH_B,,3.9
10.3030_101116420_full,gpt,prompt_B,pi_main,PI+F_N+TOP_I+LOW_B,F_N,TOP_I,LOW_B,,3.5
10.3030_101116420_full,gpt,prompt_B,pi_main,PI+M_N+LOW_I+HIGH_B,M_N,LOW_I,HIGH_B,,3.5
10.3030_101116420_full,gpt,prompt_B,pi_main,PI+M_N+LOW_I+LOW_B,M_N,LOW_I,LOW_B,,3.5
10.3030_101116420_full,gpt,prompt_B,pi_main,PI+M_N+TOP_I+HIGH_B,M_N,TOP_I,HIGH_B,,3.7
10.3030_101116420_full,gpt,prompt_B,pi_main,PI+M_N+TOP_I+LOW_B,M_N,TOP_I,LOW_B,,3.5
10.3030_101116420_full,gpt,prompt_C,ai_main,AI+AI_N,,,,AI_N,3.7
10.3030_101116420_full,gpt,prompt_C,ai_main,AI+AI_Y,,,,AI_Y,3.5
10.3030_101116420_full,gpt,prompt_C,blind_baseline,NONE,,,,,3.6
10.3030_101116420_full,gpt,prompt_C,pi_main,PI+F_N+LOW_I+HIGH_B,F_N,LOW_I,HIGH_B,,3.5
10.3030_101116420_full,gpt,prompt_C,pi_main,PI+F_N+LOW_I+LOW_B,F_N,LOW_I,LOW_B,,3.5
10.3030_101116420_full,gpt,prompt_C,pi_main,PI+F_N+TOP_I+HIGH_B,F_N,TOP_I,HIGH_B,,3.5
10.3030_101116420_full,gpt,prompt_C,pi_main,PI+F_N+TOP_I+LOW_B,F_N,TOP_I,LOW_B,,3.5
10.3030_101116420_full,gpt,prompt_C,pi_main,PI+M_N+LOW_I+HIGH_B,M_N,LOW_I,HIGH_B,,3.8
10.3030_101116420_full,gpt,prompt_C,pi_main,PI+M_N+LOW_I+LOW_B,M_N,LOW_I,LOW_B,,3.5
10.3030_101116420_full,gpt,prompt_C,pi_main,PI+M_N+TOP_I+HIGH_B,M_N,TOP_I,HIGH_B,,3.5
10.3030_101116420_full,gpt,prompt_C,pi_main,PI+M_N+TOP_I+LOW_B,M_N,TOP_I,LOW_B,,3.5
10.3030_101116420_full,kimi,prompt_A,ai_main,AI+AI_N,,,,AI_N,3.6
10.3030_101116420_full,kimi,prompt_A,ai_main,AI+AI_Y,,,,AI_Y,3.6
10.3030_101116420_full,kimi,prompt_A,blind_baseline,NONE,,,,,3.8
10.3030_101116420_full,kimi,prompt_A,pi_main,PI+F_N+LOW_I+HIGH_B,F_N,LOW_I,HIGH_B,,3.5
10.3030_101116420_full,kimi,prompt_A,pi_main,PI+F_N+LOW_I+LOW_B,F_N,LOW_I,LOW_B,,3.5
10.3030_101116420_full,kimi,prompt_A,pi_main,PI+F_N+TOP_I+HIGH_B,F_N,TOP_I,HIGH_B,,3.6
10.3030_101116420_full,kimi,prompt_A,pi_main,PI+F_N+TOP_I+LOW_B,F_N,TOP_I,LOW_B,,3.5
10.3030_101116420_full,kimi,prompt_A,pi_main,PI+M_N+LOW_I+HIGH_B,M_N,LOW_I,HIGH_B,,3.5
10.3030_101116420_full,kimi,prompt_A,pi_main,PI+M_N+LOW_I+LOW_B,M_N,LOW_I,LOW_B,,3.5
10.3030_101116420_full,kimi,prompt_A,pi_main,PI+M_N+TOP_I+HIGH_B,M_N,TOP_I,HIGH_B,,3.6
10.3030_101116420_full,kimi,prompt_A,pi_main,PI+M_N+TOP_I+LOW_B,M_N,TOP_I,LOW_B,,3.5
10.3030_101116420_full,kimi,prompt_B,ai_main,AI+AI_N,,,,AI_N,3.8
10.3030_101116420_full,kimi,prompt_B,ai_main,AI+AI_Y,,,,AI_Y,3.8
10.3030_101116420_full,kimi,prompt_B,blind_baseline,NONE,,,,,3.8
10.3030_101116420_full,kimi,prompt_B,pi_main,PI+F_N+LOW_I+HIGH_B,F_N,LOW_I,HIGH_B,,3.8
10.3030_101116420_full,kimi,prompt_B,pi_main,PI+F_N+LOW_I+LOW_B,F_N,LOW_I,LOW_B,,3.5
10.3030_101116420_full,kimi,prompt_B,pi_main,PI+F_N+TOP_I+HIGH_B,F_N,TOP_I,HIGH_B,,3.8
10.3030_101116420_full,kimi,prompt_B,pi_main,PI+F_N+TOP_I+LOW_B,F_N,TOP_I,LOW_B,,3.5
10.3030_101116420_full,kimi,prompt_B,pi_main,PI+M_N+LOW_I+HIGH_B,M_N,LOW_I,HIGH_B,,3.7
10.3030_101116420_full,kimi,prompt_B,pi_main,PI+M_N+LOW_I+LOW_B,M_N,LOW_I,LOW_B,,3.5
10.3030_101116420_full,kimi,prompt_B,pi_main,PI+M_N+TOP_I+HIGH_B,M_N,TOP_I,HIGH_B,,3.7
10.3030_101116420_full,kimi,prompt_B,pi_main,PI+M_N+TOP_I+LOW_B,M_N,TOP_I,LOW_B,,3.5
10.3030_101116420_full,kimi,prompt_C,ai_main,AI+AI_N,,,,AI_N,3.7
10.3030_101116420_full,kimi,prompt_C,ai_main,AI+AI_Y,,,,AI_Y,3.6
10.3030_101116420_full,kimi,prompt_C,blind_baseline,NONE,,,,,3.7
10.3030_101116420_full,kimi,prompt_C,pi_main,PI+F_N+LOW_I+HIGH_B,F_N,LOW_I,HIGH_B,,3.6
10.3030_101116420_full,kimi,prompt_C,pi_main,PI+F_N+LOW_I+LOW_B,F_N,LOW_I,LOW_B,,3.5
10.3030_101116420_full,kimi,prompt_C,pi_main,PI+F_N+TOP_I+HIGH_B,F_N,TOP_I,HIGH_B,,3.8
10.3030_101116420_full,kimi,prompt_C,pi_main,PI+F_N+TOP_I+LOW_B,F_N,TOP_I,LOW_B,,3.6
10.3030_101116420_full,kimi,prompt_C,pi_main,PI+M_N+LOW_I+HIGH_B,M_N,LOW_I,HIGH_B,,3.6
10.3030_101116420_full,kimi,prompt_C,pi_main,PI+M_N+LOW_I+LOW_B,M_N,LOW_I,LOW_B,,3.5
10.3030_101116420_full,kimi,prompt_C,pi_main,PI+M_N+TOP_I+HIGH_B,M_N,TOP_I,HIGH_B,,3.6
10.3030_101116420_full,kimi,prompt_C,pi_main,PI+M_N+TOP_I+LOW_B,M_N,TOP_I,LOW_B,,3.5
10.3030_101116420_full,ministral,prompt_A,ai_main,AI+AI_N,,,,AI_N,3.5
10.3030_101116420_full,ministral,prompt_A,ai_main,AI+AI_Y,,,,AI_Y,3.5
10.3030_101116420_full,ministral,prompt_A,blind_baseline,NONE,,,,,3.5
10.3030_101116420_full,ministral,prompt_A,pi_main,PI+F_N+LOW_I+HIGH_B,F_N,LOW_I,HIGH_B,,3.5
10.3030_101116420_full,ministral,prompt_A,pi_main,PI+F_N+LOW_I+LOW_B,F_N,LOW_I,LOW_B,,3.5
10.3030_101116420_full,ministral,prompt_A,pi_main,PI+F_N+TOP_I+HIGH_B,F_N,TOP_I,HIGH_B,,3.5
10.3030_101116420_full,ministral,prompt_A,pi_main,PI+F_N+TOP_I+LOW_B,F_N,TOP_I,LOW_B,,3.5
10.3030_101116420_full,ministral,prompt_A,pi_main,PI+M_N+LOW_I+HIGH_B,M_N,LOW_I,HIGH_B,,3.5
10.3030_101116420_full,ministral,prompt_A,pi_main,PI+M_N+LOW_I+LOW_B,M_N,LOW_I,LOW_B,,3.5
10.3030_101116420_full,ministral,prompt_A,pi_main,PI+M_N+TOP_I+HIGH_B,M_N,TOP_I,HIGH_B,,3.5
10.3030_101116420_full,ministral,prompt_A,pi_main,PI+M_N+TOP_I+LOW_B,M_N,TOP_I,LOW_B,,3.5
10.3030_101116420_full,ministral,prompt_B,ai_main,AI+AI_N,,,,AI_N,3.5
10.3030_101116420_full,ministral,prompt_B,ai_main,AI+AI_Y,,,,AI_Y,3.5
10.3030_101116420_full,ministral,prompt_B,blind_baseline,NONE,,,,,3.5
10.3030_101116420_full,ministral,prompt_B,pi_main,PI+F_N+LOW_I+HIGH_B,F_N,LOW_I,HIGH_B,,3.5
10.3030_101116420_full,ministral,prompt_B,pi_main,PI+F_N+LOW_I+LOW_B,F_N,LOW_I,LOW_B,,3.5
10.3030_101116420_full,ministral,prompt_B,pi_main,PI+F_N+TOP_I+HIGH_B,F_N,TOP_I,HIGH_B,,3.5
10.3030_101116420_full,ministral,prompt_B,pi_main,PI+F_N+TOP_I+LOW_B,F_N,TOP_I,LOW_B,,3.5
10.3030_101116420_full,ministral,prompt_B,pi_main,PI+M_N+LOW_I+HIGH_B,M_N,LOW_I,HIGH_B,,3.5
10.3030_101116420_full,ministral,prompt_B,pi_main,PI+M_N+LOW_I+LOW_B,M_N,LOW_I,LOW_B,,3.5
10.3030_101116420_full,ministral,prompt_B,pi_main,PI+M_N+TOP_I+HIGH_B,M_N,TOP_I,HIGH_B,,3.5
10.3030_101116420_full,ministral,prompt_B,pi_main,PI+M_N+TOP_I+LOW_B,M_N,TOP_I,LOW_B,,3.5
10.3030_101116420_full,ministral,prompt_C,ai_main,AI+AI_N,,,,AI_N,3.5
10.3030_101116420_full,ministral,prompt_C,ai_main,AI+AI_Y,,,,AI_Y,3.5
10.3030_101116420_full,ministral,prompt_C,blind_baseline,NONE,,,,,3.5
10.3030_101116420_full,ministral,prompt_C,pi_main,PI+F_N+LOW_I+HIGH_B,F_N,LOW_I,HIGH_B,,3.5
10.3030_101116420_full,ministral,prompt_C,pi_main,PI+F_N+LOW_I+LOW_B,F_N,LOW_I,LOW_B,,3.5
10.3030_101116420_full,ministral,prompt_C,pi_main,PI+F_N+TOP_I+HIGH_B,F_N,TOP_I,HIGH_B,,3.5
10.3030_101116420_full,ministral,prompt_C,pi_main,PI+F_N+TOP_I+LOW_B,F_N,TOP_I,LOW_B,,3.5
10.3030_101116420_full,ministral,prompt_C,pi_main,PI+M_N+LOW_I+HIGH_B,M_N,LOW_I,HIGH_B,,3.5
10.3030_101116420_full,ministral,prompt_C,pi_main,PI+M_N+LOW_I+LOW_B,M_N,LOW_I,LOW_B,,3.5
10.3030_101116420_full,ministral,prompt_C,pi_main,PI+M_N+TOP_I+HIGH_B,M_N,TOP_I,HIGH_B,,3.5
10.3030_101116420_full,ministral,prompt_C,pi_main,PI+M_N+TOP_I+LOW_B,M_N,TOP_I,LOW_B,,3.5
10.3030_101116420_full,mistral,prompt_A,ai_main,AI+AI_N,,,,AI_N,3.7
10.3030_101116420_full,mistral,prompt_A,ai_main,AI+AI_Y,,,,AI_Y,3.6
10.3030_101116420_full,mistral,prompt_A,blind_baseline,NONE,,,,,3.5
10.3030_101116420_full,mistral,prompt_A,pi_main,PI+F_N+LOW_I+HIGH_B,F_N,LOW_I,HIGH_B,,3.8
10.3030_101116420_full,mistral,prompt_A,pi_main,PI+F_N+LOW_I+LOW_B,F_N,LOW_I,LOW_B,,3.6
10.3030_101116420_full,mistral,prompt_A,pi_main,PI+F_N+TOP_I+HIGH_B,F_N,TOP_I,HIGH_B,,3.9
10.3030_101116420_full,mistral,prompt_A,pi_main,PI+F_N+TOP_I+LOW_B,F_N,TOP_I,LOW_B,,3.5
10.3030_101116420_full,mistral,prompt_A,pi_main,PI+M_N+LOW_I+HIGH_B,M_N,LOW_I,HIGH_B,,3.7
10.3030_101116420_full,mistral,prompt_A,pi_main,PI+M_N+LOW_I+LOW_B,M_N,LOW_I,LOW_B,,3.5
10.3030_101116420_full,mistral,prompt_A,pi_main,PI+M_N+TOP_I+HIGH_B,M_N,TOP_I,HIGH_B,,3.7
10.3030_101116420_full,mistral,prompt_A,pi_main,PI+M_N+TOP_I+LOW_B,M_N,TOP_I,LOW_B,,3.5
10.3030_101116420_full,mistral,prompt_B,ai_main,AI+AI_N,,,,AI_N,3.8
10.3030_101116420_full,mistral,prompt_B,ai_main,AI+AI_Y,,,,AI_Y,3.8
10.3030_101116420_full,mistral,prompt_B,blind_baseline,NONE,,,,,3.5
10.3030_101116420_full,mistral,prompt_B,pi_main,PI+F_N+LOW_I+HIGH_B,F_N,LOW_I,HIGH_B,,3.7
10.3030_101116420_full,mistral,prompt_B,pi_main,PI+F_N+LOW_I+LOW_B,F_N,LOW_I,LOW_B,,3.6
10.3030_101116420_full,mistral,prompt_B,pi_main,PI+F_N+TOP_I+HIGH_B,F_N,TOP_I,HIGH_B,,3.9
10.3030_101116420_full,mistral,prompt_B,pi_main,PI+F_N+TOP_I+LOW_B,F_N,TOP_I,LOW_B,,3.7
10.3030_101116420_full,mistral,prompt_B,pi_main,PI+M_N+LOW_I+HIGH_B,M_N,LOW_I,HIGH_B,,3.5
10.3030_101116420_full,mistral,prompt_B,pi_main,PI+M_N+LOW_I+LOW_B,M_N,LOW_I,LOW_B,,3.7
10.3030_101116420_full,mistral,prompt_B,pi_main,PI+M_N+TOP_I+HIGH_B,M_N,TOP_I,HIGH_B,,3.9
10.3030_101116420_full,mistral,prompt_B,pi_main,PI+M_N+TOP_I+LOW_B,M_N,TOP_I,LOW_B,,3.5
10.3030_101116420_full,mistral,prompt_C,ai_main,AI+AI_N,,,,AI_N,3.6
10.3030_101116420_full,mistral,prompt_C,ai_main,AI+AI_Y,,,,AI_Y,3.8
10.3030_101116420_full,mistral,prompt_C,blind_baseline,NONE,,,,,3.7
10.3030_101116420_full,mistral,prompt_C,pi_main,PI+F_N+LOW_I+HIGH_B,F_N,LOW_I,HIGH_B,,3.7
10.3030_101116420_full,mistral,prompt_C,pi_main,PI+F_N+LOW_I+LOW_B,F_N,LOW_I,LOW_B,,3.7
10.3030_101116420_full,mistral,prompt_C,pi_main,PI+F_N+TOP_I+HIGH_B,F_N,TOP_I,HIGH_B,,3.8
10.3030_101116420_full,mistral,prompt_C,pi_main,PI+F_N+TOP_I+LOW_B,F_N,TOP_I,LOW_B,,3.5
10.3030_101116420_full,mistral,prompt_C,pi_main,PI+M_N+LOW_I+HIGH_B,M_N,LOW_I,HIGH_B,,3.7
10.3030_101116420_full,mistral,prompt_C,pi_main,PI+M_N+LOW_I+LOW_B,M_N,LOW_I,LOW_B,,3.7
10.3030_101116420_full,mistral,prompt_C,pi_main,PI+M_N+TOP_I+HIGH_B,M_N,TOP_I,HIGH_B,,4.0
10.3030_101116420_full,mistral,prompt_C,pi_main,PI+M_N+TOP_I+LOW_B,M_N,TOP_I,LOW_B,,3.6
10.3030_101116420_full,phi,prompt_A,ai_main,AI+AI_N,,,,AI_N,3.5
10.3030_101116420_full,phi,prompt_A,ai_main,AI+AI_Y,,,,AI_Y,3.5
10.3030_101116420_full,phi,prompt_A,blind_baseline,NONE,,,,,4.0
10.3030_101116420_full,phi,prompt_A,pi_main,PI+F_N+LOW_I+HIGH_B,F_N,LOW_I,HIGH_B,,3.5
10.3030_101116420_full,phi,prompt_A,pi_main,PI+F_N+LOW_I+LOW_B,F_N,LOW_I,LOW_B,,3.5
10.3030_101116420_full,phi,prompt_A,pi_main,PI+F_N+TOP_I+HIGH_B,F_N,TOP_I,HIGH_B,,3.5
10.3030_101116420_full,phi,prompt_A,pi_main,PI+F_N+TOP_I+LOW_B,F_N,TOP_I,LOW_B,,3.5
10.3030_101116420_full,phi,prompt_A,pi_main,PI+M_N+LOW_I+HIGH_B,M_N,LOW_I,HIGH_B,,3.5
10.3030_101116420_full,phi,prompt_A,pi_main,PI+M_N+LOW_I+LOW_B,M_N,LOW_I,LOW_B,,3.5
10.3030_101116420_full,phi,prompt_A,pi_main,PI+M_N+TOP_I+HIGH_B,M_N,TOP_I,HIGH_B,,3.5
10.3030_101116420_full,phi,prompt_A,pi_main,PI+M_N+TOP_I+LOW_B,M_N,TOP_I,LOW_B,,4.0
10.3030_101116420_full,phi,prompt_B,ai_main,AI+AI_N,,,,AI_N,3.5
10.3030_101116420_full,phi,prompt_B,ai_main,AI+AI_Y,,,,AI_Y,3.5
10.3030_101116420_full,phi,prompt_B,blind_baseline,NONE,,,,,4.0
10.3030_101116420_full,phi,prompt_B,pi_main,PI+F_N+LOW_I+HIGH_B,F_N,LOW_I,HIGH_B,,4.0
10.3030_101116420_full,phi,prompt_B,pi_main,PI+F_N+LOW_I+LOW_B,F_N,LOW_I,LOW_B,,3.5
10.3030_101116420_full,phi,prompt_B,pi_main,PI+F_N+TOP_I+HIGH_B,F_N,TOP_I,HIGH_B,,4.0
10.3030_101116420_full,phi,prompt_B,pi_main,PI+F_N+TOP_I+LOW_B,F_N,TOP_I,LOW_B,,3.5
10.3030_101116420_full,phi,prompt_B,pi_main,PI+M_N+LOW_I+HIGH_B,M_N,LOW_I,HIGH_B,,3.5
10.3030_101116420_full,phi,prompt_B,pi_main,PI+M_N+LOW_I+LOW_B,M_N,LOW_I,LOW_B,,3.5
10.3030_101116420_full,phi,prompt_B,pi_main,PI+M_N+TOP_I+HIGH_B,M_N,TOP_I,HIGH_B,,4.0
10.3030_101116420_full,phi,prompt_B,pi_main,PI+M_N+TOP_I+LOW_B,M_N,TOP_I,LOW_B,,4.0
10.3030_101116420_full,phi,prompt_C,ai_main,AI+AI_N,,,,AI_N,4.0
10.3030_101116420_full,phi,prompt_C,ai_main,AI+AI_Y,,,,AI_Y,4.0
10.3030_101116420_full,phi,prompt_C,blind_baseline,NONE,,,,,4.0
10.3030_101116420_full,phi,prompt_C,pi_main,PI+F_N+LOW_I+HIGH_B,F_N,LOW_I,HIGH_B,,4.0
10.3030_101116420_full,phi,prompt_C,pi_main,PI+F_N+LOW_I+LOW_B,F_N,LOW_I,LOW_B,,3.5
10.3030_101116420_full,phi,prompt_C,pi_main,PI+F_N+TOP_I+HIGH_B,F_N,TOP_I,HIGH_B,,3.8
10.3030_101116420_full,phi,prompt_C,pi_main,PI+F_N+TOP_I+LOW_B,F_N,TOP_I,LOW_B,,3.5
10.3030_101116420_full,phi,prompt_C,pi_main,PI+M_N+LOW_I+HIGH_B,M_N,LOW_I,HIGH_B,,4.0
10.3030_101116420_full,phi,prompt_C,pi_main,PI+M_N+LOW_I+LOW_B,M_N,LOW_I,LOW_B,,3.5
10.3030_101116420_full,phi,prompt_C,pi_main,PI+M_N+TOP_I+HIGH_B,M_N,TOP_I,HIGH_B,,3.5
10.3030_101116420_full,phi,prompt_C,pi_main,PI+M_N+TOP_I+LOW_B,M_N,TOP_I,LOW_B,,3.5
10.3030_101116585_full,deepseek,prompt_A,ai_main,AI+AI_N,,,,AI_N,3.9
10.3030_101116585_full,deepseek,prompt_A,ai_main,AI+AI_Y,,,,AI_Y,4.0
10.3030_101116585_full,deepseek,prompt_A,blind_baseline,NONE,,,,,3.8
10.3030_101116585_full,deepseek,prompt_A,pi_main,PI+F_N+LOW_I+HIGH_B,F_N,LOW_I,HIGH_B,,3.7
10.3030_101116585_full,deepseek,prompt_A,pi_main,PI+F_N+LOW_I+LOW_B,F_N,LOW_I,LOW_B,,3.1
10.3030_101116585_full,deepseek,prompt_A,pi_main,PI+F_N+TOP_I+HIGH_B,F_N,TOP_I,HIGH_B,,3.8
10.3030_101116585_full,deepseek,prompt_A,pi_main,PI+F_N+TOP_I+LOW_B,F_N,TOP_I,LOW_B,,3.4
10.3030_101116585_full,deepseek,prompt_A,pi_main,PI+M_N+LOW_I+HIGH_B,M_N,LOW_I,HIGH_B,,3.8
10.3030_101116585_full,deepseek,prompt_A,pi_main,PI+M_N+LOW_I+LOW_B,M_N,LOW_I,LOW_B,,3.7
10.3030_101116585_full,deepseek,prompt_A,pi_main,PI+M_N+TOP_I+HIGH_B,M_N,TOP_I,HIGH_B,,4.0
10.3030_101116585_full,deepseek,prompt_A,pi_main,PI+M_N+TOP_I+LOW_B,M_N,TOP_I,LOW_B,,3.9
10.3030_101116585_full,deepseek,prompt_B,ai_main,AI+AI_N,,,,AI_N,3.9
10.3030_101116585_full,deepseek,prompt_B,ai_main,AI+AI_Y,,,,AI_Y,3.8
10.3030_101116585_full,deepseek,prompt_B,blind_baseline,NONE,,,,,4.0
10.3030_101116585_full,deepseek,prompt_B,pi_main,PI+F_N+LOW_I+HIGH_B,F_N,LOW_I,HIGH_B,,3.7
10.3030_101116585_full,deepseek,prompt_B,pi_main,PI+F_N+LOW_I+LOW_B,F_N,LOW_I,LOW_B,,3.5
10.3030_101116585_full,deepseek,prompt_B,pi_main,PI+F_N+TOP_I+HIGH_B,F_N,TOP_I,HIGH_B,,3.8
10.3030_101116585_full,deepseek,prompt_B,pi_main,PI+F_N+TOP_I+LOW_B,F_N,TOP_I,LOW_B,,3.4
10.3030_101116585_full,deepseek,prompt_B,pi_main,PI+M_N+LOW_I+HIGH_B,M_N,LOW_I,HIGH_B,,3.6
10.3030_101116585_full,deepseek,prompt_B,pi_main,PI+M_N+LOW_I+LOW_B,M_N,LOW_I,LOW_B,,3.5
10.3030_101116585_full,deepseek,prompt_B,pi_main,PI+M_N+TOP_I+HIGH_B,M_N,TOP_I,HIGH_B,,3.9
10.3030_101116585_full,deepseek,prompt_B,pi_main,PI+M_N+TOP_I+LOW_B,M_N,TOP_I,LOW_B,,3.9
10.3030_101116585_full,deepseek,prompt_C,ai_main,AI+AI_N,,,,AI_N,3.8
10.3030_101116585_full,deepseek,prompt_C,ai_main,AI+AI_Y,,,,AI_Y,3.9
10.3030_101116585_full,deepseek,prompt_C,blind_baseline,NONE,,,,,3.9
10.3030_101116585_full,deepseek,prompt_C,pi_main,PI+F_N+LOW_I+HIGH_B,F_N,LOW_I,HIGH_B,,3.7
10.3030_101116585_full,deepseek,prompt_C,pi_main,PI+F_N+LOW_I+LOW_B,F_N,LOW_I,LOW_B,,3.8
10.3030_101116585_full,deepseek,prompt_C,pi_main,PI+F_N+TOP_I+HIGH_B,F_N,TOP_I,HIGH_B,,4.0
10.3030_101116585_full,deepseek,prompt_C,pi_main,PI+F_N+TOP_I+LOW_B,F_N,TOP_I,LOW_B,,3.5
10.3030_101116585_full,deepseek,prompt_C,pi_main,PI+M_N+LOW_I+HIGH_B,M_N,LOW_I,HIGH_B,,3.6
10.3030_101116585_full,deepseek,prompt_C,pi_main,PI+M_N+LOW_I+LOW_B,M_N,LOW_I,LOW_B,,3.2
10.3030_101116585_full,deepseek,prompt_C,pi_main,PI+M_N+TOP_I+HIGH_B,M_N,TOP_I,HIGH_B,,3.8
10.3030_101116585_full,deepseek,prompt_C,pi_main,PI+M_N+TOP_I+LOW_B,M_N,TOP_I,LOW_B,,3.5
10.3030_101116585_full,gemma,prompt_A,ai_main,AI+AI_N,,,,AI_N,3.5
10.3030_101116585_full,gemma,prompt_A,ai_main,AI+AI_Y,,,,AI_Y,3.5
10.3030_101116585_full,gemma,prompt_A,blind_baseline,NONE,,,,,3.5
10.3030_101116585_full,gemma,prompt_A,pi_main,PI+F_N+LOW_I+HIGH_B,F_N,LOW_I,HIGH_B,,3.5
10.3030_101116585_full,gemma,prompt_A,pi_main,PI+F_N+LOW_I+LOW_B,F_N,LOW_I,LOW_B,,3.0
10.3030_101116585_full,gemma,prompt_A,pi_main,PI+F_N+TOP_I+HIGH_B,F_N,TOP_I,HIGH_B,,3.5
10.3030_101116585_full,gemma,prompt_A,pi_main,PI+F_N+TOP_I+LOW_B,F_N,TOP_I,LOW_B,,3.0
10.3030_101116585_full,gemma,prompt_A,pi_main,PI+M_N+LOW_I+HIGH_B,M_N,LOW_I,HIGH_B,,3.5
10.3030_101116585_full,gemma,prompt_A,pi_main,PI+M_N+LOW_I+LOW_B,M_N,LOW_I,LOW_B,,3.0
10.3030_101116585_full,gemma,prompt_A,pi_main,PI+M_N+TOP_I+HIGH_B,M_N,TOP_I,HIGH_B,,3.5
10.3030_101116585_full,gemma,prompt_A,pi_main,PI+M_N+TOP_I+LOW_B,M_N,TOP_I,LOW_B,,3.0
10.3030_101116585_full,gemma,prompt_B,ai_main,AI+AI_N,,,,AI_N,3.5
10.3030_101116585_full,gemma,prompt_B,ai_main,AI+AI_Y,,,,AI_Y,3.5
10.3030_101116585_full,gemma,prompt_B,blind_baseline,NONE,,,,,3.5
10.3030_101116585_full,gemma,prompt_B,pi_main,PI+F_N+LOW_I+HIGH_B,F_N,LOW_I,HIGH_B,,3.5
10.3030_101116585_full,gemma,prompt_B,pi_main,PI+F_N+LOW_I+LOW_B,F_N,LOW_I,LOW_B,,3.5
10.3030_101116585_full,gemma,prompt_B,pi_main,PI+F_N+TOP_I+HIGH_B,F_N,TOP_I,HIGH_B,,3.5
10.3030_101116585_full,gemma,prompt_B,pi_main,PI+F_N+TOP_I+LOW_B,F_N,TOP_I,LOW_B,,3.5
10.3030_101116585_full,gemma,prompt_B,pi_main,PI+M_N+LOW_I+HIGH_B,M_N,LOW_I,HIGH_B,,3.5
10.3030_101116585_full,gemma,prompt_B,pi_main,PI+M_N+LOW_I+LOW_B,M_N,LOW_I,LOW_B,,3.5
10.3030_101116585_full,gemma,prompt_B,pi_main,PI+M_N+TOP_I+HIGH_B,M_N,TOP_I,HIGH_B,,3.5
10.3030_101116585_full,gemma,prompt_B,pi_main,PI+M_N+TOP_I+LOW_B,M_N,TOP_I,LOW_B,,3.5
10.3030_101116585_full,gemma,prompt_C,ai_main,AI+AI_N,,,,AI_N,3.5
10.3030_101116585_full,gemma,prompt_C,ai_main,AI+AI_Y,,,,AI_Y,3.5
10.3030_101116585_full,gemma,prompt_C,blind_baseline,NONE,,,,,3.5
10.3030_101116585_full,gemma,prompt_C,pi_main,PI+F_N+LOW_I+HIGH_B,F_N,LOW_I,HIGH_B,,3.5
10.3030_101116585_full,gemma,prompt_C,pi_main,PI+F_N+LOW_I+LOW_B,F_N,LOW_I,LOW_B,,3.5
10.3030_101116585_full,gemma,prompt_C,pi_main,PI+F_N+TOP_I+HIGH_B,F_N,TOP_I,HIGH_B,,3.5
10.3030_101116585_full,gemma,prompt_C,pi_main,PI+F_N+TOP_I+LOW_B,F_N,TOP_I,LOW_B,,3.5
10.3030_101116585_full,gemma,prompt_C,pi_main,PI+M_N+LOW_I+HIGH_B,M_N,LOW_I,HIGH_B,,3.5
10.3030_101116585_full,gemma,prompt_C,pi_main,PI+M_N+LOW_I+LOW_B,M_N,LOW_I,LOW_B,,3.5
10.3030_101116585_full,gemma,prompt_C,pi_main,PI+M_N+TOP_I+HIGH_B,M_N,TOP_I,HIGH_B,,3.5
10.3030_101116585_full,gemma,prompt_C,pi_main,PI+M_N+TOP_I+LOW_B,M_N,TOP_I,LOW_B,,3.5
10.3030_101116585_full,glm,prompt_A,ai_main,AI+AI_N,,,,AI_N,3.5
10.3030_101116585_full,glm,prompt_A,ai_main,AI+AI_Y,,,,AI_Y,3.5
10.3030_101116585_full,glm,prompt_A,blind_baseline,NONE,,,,,3.5
10.3030_101116585_full,glm,prompt_A,pi_main,PI+F_N+LOW_I+HIGH_B,F_N,LOW_I,HIGH_B,,3.5
10.3030_101116585_full,glm,prompt_A,pi_main,PI+F_N+LOW_I+LOW_B,F_N,LOW_I,LOW_B,,3.0
10.3030_101116585_full,glm,prompt_A,pi_main,PI+F_N+TOP_I+HIGH_B,F_N,TOP_I,HIGH_B,,3.6
10.3030_101116585_full,glm,prompt_A,pi_main,PI+F_N+TOP_I+LOW_B,F_N,TOP_I,LOW_B,,3.1
10.3030_101116585_full,glm,prompt_A,pi_main,PI+M_N+LOW_I+HIGH_B,M_N,LOW_I,HIGH_B,,3.5
10.3030_101116585_full,glm,prompt_A,pi_main,PI+M_N+LOW_I+LOW_B,M_N,LOW_I,LOW_B,,3.1
10.3030_101116585_full,glm,prompt_A,pi_main,PI+M_N+TOP_I+HIGH_B,M_N,TOP_I,HIGH_B,,3.5
10.3030_101116585_full,glm,prompt_A,pi_main,PI+M_N+TOP_I+LOW_B,M_N,TOP_I,LOW_B,,3.3
10.3030_101116585_full,glm,prompt_B,ai_main,AI+AI_N,,,,AI_N,3.5
10.3030_101116585_full,glm,prompt_B,ai_main,AI+AI_Y,,,,AI_Y,3.5
10.3030_101116585_full,glm,prompt_B,blind_baseline,NONE,,,,,3.5
10.3030_101116585_full,glm,prompt_B,pi_main,PI+F_N+LOW_I+HIGH_B,F_N,LOW_I,HIGH_B,,3.5
10.3030_101116585_full,glm,prompt_B,pi_main,PI+F_N+LOW_I+LOW_B,F_N,LOW_I,LOW_B,,3.5
10.3030_101116585_full,glm,prompt_B,pi_main,PI+F_N+TOP_I+HIGH_B,F_N,TOP_I,HIGH_B,,3.5
10.3030_101116585_full,glm,prompt_B,pi_main,PI+F_N+TOP_I+LOW_B,F_N,TOP_I,LOW_B,,3.5
10.3030_101116585_full,glm,prompt_B,pi_main,PI+M_N+LOW_I+HIGH_B,M_N,LOW_I,HIGH_B,,3.5
10.3030_101116585_full,glm,prompt_B,pi_main,PI+M_N+LOW_I+LOW_B,M_N,LOW_I,LOW_B,,3.0
10.3030_101116585_full,glm,prompt_B,pi_main,PI+M_N+TOP_I+HIGH_B,M_N,TOP_I,HIGH_B,,3.5
10.3030_101116585_full,glm,prompt_B,pi_main,PI+M_N+TOP_I+LOW_B,M_N,TOP_I,LOW_B,,3.3
10.3030_101116585_full,glm,prompt_C,ai_main,AI+AI_N,,,,AI_N,3.5
10.3030_101116585_full,glm,prompt_C,ai_main,AI+AI_Y,,,,AI_Y,3.5
10.3030_101116585_full,glm,prompt_C,blind_baseline,NONE,,,,,3.6
10.3030_101116585_full,glm,prompt_C,pi_main,PI+F_N+LOW_I+HIGH_B,F_N,LOW_I,HIGH_B,,3.5
10.3030_101116585_full,glm,prompt_C,pi_main,PI+F_N+LOW_I+LOW_B,F_N,LOW_I,LOW_B,,3.0
10.3030_101116585_full,glm,prompt_C,pi_main,PI+F_N+TOP_I+HIGH_B,F_N,TOP_I,HIGH_B,,3.5
10.3030_101116585_full,glm,prompt_C,pi_main,PI+F_N+TOP_I+LOW_B,F_N,TOP_I,LOW_B,,3.0
10.3030_101116585_full,glm,prompt_C,pi_main,PI+M_N+LOW_I+HIGH_B,M_N,LOW_I,HIGH_B,,3.5
10.3030_101116585_full,glm,prompt_C,pi_main,PI+M_N+LOW_I+LOW_B,M_N,LOW_I,LOW_B,,3.0
10.3030_101116585_full,glm,prompt_C,pi_main,PI+M_N+TOP_I+HIGH_B,M_N,TOP_I,HIGH_B,,3.5
10.3030_101116585_full,glm,prompt_C,pi_main,PI+M_N+TOP_I+LOW_B,M_N,TOP_I,LOW_B,,3.0
10.3030_101116585_full,gpt,prompt_A,ai_main,AI+AI_N,,,,AI_N,3.5
10.3030_101116585_full,gpt,prompt_A,ai_main,AI+AI_Y,,,,AI_Y,3.5
10.3030_101116585_full,gpt,prompt_A,blind_baseline,NONE,,,,,3.6
10.3030_101116585_full,gpt,prompt_A,pi_main,PI+F_N+LOW_I+HIGH_B,F_N,LOW_I,HIGH_B,,3.8
10.3030_101116585_full,gpt,prompt_A,pi_main,PI+F_N+LOW_I+LOW_B,F_N,LOW_I,LOW_B,,3.5
10.3030_101116585_full,gpt,prompt_A,pi_main,PI+F_N+TOP_I+HIGH_B,F_N,TOP_I,HIGH_B,,3.8
10.3030_101116585_full,gpt,prompt_A,pi_main,PI+F_N+TOP_I+LOW_B,F_N,TOP_I,LOW_B,,3.6
10.3030_101116585_full,gpt,prompt_A,pi_main,PI+M_N+LOW_I+HIGH_B,M_N,LOW_I,HIGH_B,,3.5
10.3030_101116585_full,gpt,prompt_A,pi_main,PI+M_N+LOW_I+LOW_B,M_N,LOW_I,LOW_B,,3.5
10.3030_101116585_full,gpt,prompt_A,pi_main,PI+M_N+TOP_I+HIGH_B,M_N,TOP_I,HIGH_B,,4.0
10.3030_101116585_full,gpt,prompt_A,pi_main,PI+M_N+TOP_I+LOW_B,M_N,TOP_I,LOW_B,,3.5
10.3030_101116585_full,gpt,prompt_B,ai_main,AI+AI_N,,,,AI_N,3.9
10.3030_101116585_full,gpt,prompt_B,ai_main,AI+AI_Y,,,,AI_Y,3.9
10.3030_101116585_full,gpt,prompt_B,blind_baseline,NONE,,,,,3.8
10.3030_101116585_full,gpt,prompt_B,pi_main,PI+F_N+LOW_I+HIGH_B,F_N,LOW_I,HIGH_B,,3.8
10.3030_101116585_full,gpt,prompt_B,pi_main,PI+F_N+LOW_I+LOW_B,F_N,LOW_I,LOW_B,,3.5
10.3030_101116585_full,gpt,prompt_B,pi_main,PI+F_N+TOP_I+HIGH_B,F_N,TOP_I,HIGH_B,,3.6
10.3030_101116585_full,gpt,prompt_B,pi_main,PI+F_N+TOP_I+LOW_B,F_N,TOP_I,LOW_B,,3.5
10.3030_101116585_full,gpt,prompt_B,pi_main,PI+M_N+LOW_I+HIGH_B,M_N,LOW_I,HIGH_B,,3.6
10.3030_101116585_full,gpt,prompt_B,pi_main,PI+M_N+LOW_I+LOW_B,M_N,LOW_I,LOW_B,,3.5
10.3030_101116585_full,gpt,prompt_B,pi_main,PI+M_N+TOP_I+HIGH_B,M_N,TOP_I,HIGH_B,,3.5
10.3030_101116585_full,gpt,prompt_B,pi_main,PI+M_N+TOP_I+LOW_B,M_N,TOP_I,LOW_B,,3.5
10.3030_101116585_full,gpt,prompt_C,ai_main,AI+AI_N,,,,AI_N,3.8
10.3030_101116585_full,gpt,prompt_C,ai_main,AI+AI_Y,,,,AI_Y,3.6
10.3030_101116585_full,gpt,prompt_C,blind_baseline,NONE,,,,,3.7
10.3030_101116585_full,gpt,prompt_C,pi_main,PI+F_N+LOW_I+HIGH_B,F_N,LOW_I,HIGH_B,,3.5
10.3030_101116585_full,gpt,prompt_C,pi_main,PI+F_N+LOW_I+LOW_B,F_N,LOW_I,LOW_B,,3.7
10.3030_101116585_full,gpt,prompt_C,pi_main,PI+F_N+TOP_I+HIGH_B,F_N,TOP_I,HIGH_B,,3.5
10.3030_101116585_full,gpt,prompt_C,pi_main,PI+F_N+TOP_I+LOW_B,F_N,TOP_I,LOW_B,,3.5
10.3030_101116585_full,gpt,prompt_C,pi_main,PI+M_N+LOW_I+HIGH_B,M_N,LOW_I,HIGH_B,,3.6
10.3030_101116585_full,gpt,prompt_C,pi_main,PI+M_N+LOW_I+LOW_B,M_N,LOW_I,LOW_B,,3.5
10.3030_101116585_full,gpt,prompt_C,pi_main,PI+M_N+TOP_I+HIGH_B,M_N,TOP_I,HIGH_B,,3.5
10.3030_101116585_full,gpt,prompt_C,pi_main,PI+M_N+TOP_I+LOW_B,M_N,TOP_I,LOW_B,,3.5
10.3030_101116585_full,kimi,prompt_A,ai_main,AI+AI_N,,,,AI_N,3.9
10.3030_101116585_full,kimi,prompt_A,ai_main,AI+AI_Y,,,,AI_Y,3.9
10.3030_101116585_full,kimi,prompt_A,blind_baseline,NONE,,,,,3.9
10.3030_101116585_full,kimi,prompt_A,pi_main,PI+F_N+LOW_I+HIGH_B,F_N,LOW_I,HIGH_B,,3.9
10.3030_101116585_full,kimi,prompt_A,pi_main,PI+F_N+LOW_I+LOW_B,F_N,LOW_I,LOW_B,,3.2
10.3030_101116585_full,kimi,prompt_A,pi_main,PI+F_N+TOP_I+HIGH_B,F_N,TOP_I,HIGH_B,,4.0
10.3030_101116585_full,kimi,prompt_A,pi_main,PI+F_N+TOP_I+LOW_B,F_N,TOP_I,LOW_B,,3.4
10.3030_101116585_full,kimi,prompt_A,pi_main,PI+M_N+LOW_I+HIGH_B,M_N,LOW_I,HIGH_B,,3.9
10.3030_101116585_full,kimi,prompt_A,pi_main,PI+M_N+LOW_I+LOW_B,M_N,LOW_I,LOW_B,,3.1
10.3030_101116585_full,kimi,prompt_A,pi_main,PI+M_N+TOP_I+HIGH_B,M_N,TOP_I,HIGH_B,,3.7
10.3030_101116585_full,kimi,prompt_A,pi_main,PI+M_N+TOP_I+LOW_B,M_N,TOP_I,LOW_B,,3.1
10.3030_101116585_full,kimi,prompt_B,ai_main,AI+AI_N,,,,AI_N,3.8
10.3030_101116585_full,kimi,prompt_B,ai_main,AI+AI_Y,,,,AI_Y,3.8
10.3030_101116585_full,kimi,prompt_B,blind_baseline,NONE,,,,,3.9
10.3030_101116585_full,kimi,prompt_B,pi_main,PI+F_N+LOW_I+HIGH_B,F_N,LOW_I,HIGH_B,,3.8
10.3030_101116585_full,kimi,prompt_B,pi_main,PI+F_N+LOW_I+LOW_B,F_N,LOW_I,LOW_B,,3.5
10.3030_101116585_full,kimi,prompt_B,pi_main,PI+F_N+TOP_I+HIGH_B,F_N,TOP_I,HIGH_B,,4.0
10.3030_101116585_full,kimi,prompt_B,pi_main,PI+F_N+TOP_I+LOW_B,F_N,TOP_I,LOW_B,,3.5
10.3030_101116585_full,kimi,prompt_B,pi_main,PI+M_N+LOW_I+HIGH_B,M_N,LOW_I,HIGH_B,,3.9
10.3030_101116585_full,kimi,prompt_B,pi_main,PI+M_N+LOW_I+LOW_B,M_N,LOW_I,LOW_B,,3.4
10.3030_101116585_full,kimi,prompt_B,pi_main,PI+M_N+TOP_I+HIGH_B,M_N,TOP_I,HIGH_B,,3.9
10.3030_101116585_full,kimi,prompt_B,pi_main,PI+M_N+TOP_I+LOW_B,M_N,TOP_I,LOW_B,,3.5
10.3030_101116585_full,kimi,prompt_C,ai_main,AI+AI_N,,,,AI_N,3.9
10.3030_101116585_full,kimi,prompt_C,ai_main,AI+AI_Y,,,,AI_Y,3.8
10.3030_101116585_full,kimi,prompt_C,blind_baseline,NONE,,,,,4.0
10.3030_101116585_full,kimi,prompt_C,pi_main,PI+F_N+LOW_I+HIGH_B,F_N,LOW_I,HIGH_B,,3.7
10.3030_101116585_full,kimi,prompt_C,pi_main,PI+F_N+LOW_I+LOW_B,F_N,LOW_I,LOW_B,,3.4
10.3030_101116585_full,kimi,prompt_C,pi_main,PI+F_N+TOP_I+HIGH_B,F_N,TOP_I,HIGH_B,,3.8
10.3030_101116585_full,kimi,prompt_C,pi_main,PI+F_N+TOP_I+LOW_B,F_N,TOP_I,LOW_B,,3.8
10.3030_101116585_full,kimi,prompt_C,pi_main,PI+M_N+LOW_I+HIGH_B,M_N,LOW_I,HIGH_B,,3.7
10.3030_101116585_full,kimi,prompt_C,pi_main,PI+M_N+LOW_I+LOW_B,M_N,LOW_I,LOW_B,,3.2
10.3030_101116585_full,kimi,prompt_C,pi_main,PI+M_N+TOP_I+HIGH_B,M_N,TOP_I,HIGH_B,,3.9
10.3030_101116585_full,kimi,prompt_C,pi_main,PI+M_N+TOP_I+LOW_B,M_N,TOP_I,LOW_B,,3.3
10.3030_101116585_full,ministral,prompt_A,ai_main,AI+AI_N,,,,AI_N,3.5
10.3030_101116585_full,ministral,prompt_A,ai_main,AI+AI_Y,,,,AI_Y,3.5
10.3030_101116585_full,ministral,prompt_A,blind_baseline,NONE,,,,,3.5
10.3030_101116585_full,ministral,prompt_A,pi_main,PI+F_N+LOW_I+HIGH_B,F_N,LOW_I,HIGH_B,,3.5
10.3030_101116585_full,ministral,prompt_A,pi_main,PI+F_N+LOW_I+LOW_B,F_N,LOW_I,LOW_B,,3.5
10.3030_101116585_full,ministral,prompt_A,pi_main,PI+F_N+TOP_I+HIGH_B,F_N,TOP_I,HIGH_B,,3.5
10.3030_101116585_full,ministral,prompt_A,pi_main,PI+F_N+TOP_I+LOW_B,F_N,TOP_I,LOW_B,,3.5
10.3030_101116585_full,ministral,prompt_A,pi_main,PI+M_N+LOW_I+HIGH_B,M_N,LOW_I,HIGH_B,,3.5
10.3030_101116585_full,ministral,prompt_A,pi_main,PI+M_N+LOW_I+LOW_B,M_N,LOW_I,LOW_B,,3.5
10.3030_101116585_full,ministral,prompt_A,pi_main,PI+M_N+TOP_I+HIGH_B,M_N,TOP_I,HIGH_B,,3.5
10.3030_101116585_full,ministral,prompt_A,pi_main,PI+M_N+TOP_I+LOW_B,M_N,TOP_I,LOW_B,,3.5
10.3030_101116585_full,ministral,prompt_B,ai_main,AI+AI_N,,,,AI_N,3.5
10.3030_101116585_full,ministral,prompt_B,ai_main,AI+AI_Y,,,,AI_Y,3.5
10.3030_101116585_full,ministral,prompt_B,blind_baseline,NONE,,,,,3.5
10.3030_101116585_full,ministral,prompt_B,pi_main,PI+F_N+LOW_I+HIGH_B,F_N,LOW_I,HIGH_B,,3.5
10.3030_101116585_full,ministral,prompt_B,pi_main,PI+F_N+LOW_I+LOW_B,F_N,LOW_I,LOW_B,,3.5
10.3030_101116585_full,ministral,prompt_B,pi_main,PI+F_N+TOP_I+HIGH_B,F_N,TOP_I,HIGH_B,,3.5
10.3030_101116585_full,ministral,prompt_B,pi_main,PI+F_N+TOP_I+LOW_B,F_N,TOP_I,LOW_B,,3.5
10.3030_101116585_full,ministral,prompt_B,pi_main,PI+M_N+LOW_I+HIGH_B,M_N,LOW_I,HIGH_B,,3.5
10.3030_101116585_full,ministral,prompt_B,pi_main,PI+M_N+LOW_I+LOW_B,M_N,LOW_I,LOW_B,,3.5
10.3030_101116585_full,ministral,prompt_B,pi_main,PI+M_N+TOP_I+HIGH_B,M_N,TOP_I,HIGH_B,,3.5
10.3030_101116585_full,ministral,prompt_B,pi_main,PI+M_N+TOP_I+LOW_B,M_N,TOP_I,LOW_B,,3.5
10.3030_101116585_full,ministral,prompt_C,ai_main,AI+AI_N,,,,AI_N,3.5
10.3030_101116585_full,ministral,prompt_C,ai_main,AI+AI_Y,,,,AI_Y,3.5
10.3030_101116585_full,ministral,prompt_C,blind_baseline,NONE,,,,,3.5
10.3030_101116585_full,ministral,prompt_C,pi_main,PI+F_N+LOW_I+HIGH_B,F_N,LOW_I,HIGH_B,,3.5
10.3030_101116585_full,ministral,prompt_C,pi_main,PI+F_N+LOW_I+LOW_B,F_N,LOW_I,LOW_B,,3.5
10.3030_101116585_full,ministral,prompt_C,pi_main,PI+F_N+TOP_I+HIGH_B,F_N,TOP_I,HIGH_B,,3.5
10.3030_101116585_full,ministral,prompt_C,pi_main,PI+F_N+TOP_I+LOW_B,F_N,TOP_I,LOW_B,,3.5
10.3030_101116585_full,ministral,prompt_C,pi_main,PI+M_N+LOW_I+HIGH_B,M_N,LOW_I,HIGH_B,,3.5
10.3030_101116585_full,ministral,prompt_C,pi_main,PI+M_N+LOW_I+LOW_B,M_N,LOW_I,LOW_B,,3.5
10.3030_101116585_full,ministral,prompt_C,pi_main,PI+M_N+TOP_I+HIGH_B,M_N,TOP_I,HIGH_B,,3.5
10.3030_101116585_full,ministral,prompt_C,pi_main,PI+M_N+TOP_I+LOW_B,M_N,TOP_I,LOW_B,,3.5
10.3030_101116585_full,mistral,prompt_A,ai_main,AI+AI_N,,,,AI_N,3.7
10.3030_101116585_full,mistral,prompt_A,ai_main,AI+AI_Y,,,,AI_Y,3.6
10.3030_101116585_full,mistral,prompt_A,blind_baseline,NONE,,,,,3.6
10.3030_101116585_full,mistral,prompt_A,pi_main,PI+F_N+LOW_I+HIGH_B,F_N,LOW_I,HIGH_B,,3.7
10.3030_101116585_full,mistral,prompt_A,pi_main,PI+F_N+LOW_I+LOW_B,F_N,LOW_I,LOW_B,,3.5
10.3030_101116585_full,mistral,prompt_A,pi_main,PI+F_N+TOP_I+HIGH_B,F_N,TOP_I,HIGH_B,,3.7
10.3030_101116585_full,mistral,prompt_A,pi_main,PI+F_N+TOP_I+LOW_B,F_N,TOP_I,LOW_B,,3.6
10.3030_101116585_full,mistral,prompt_A,pi_main,PI+M_N+LOW_I+HIGH_B,M_N,LOW_I,HIGH_B,,3.6
10.3030_101116585_full,mistral,prompt_A,pi_main,PI+M_N+LOW_I+LOW_B,M_N,LOW_I,LOW_B,,3.6
10.3030_101116585_full,mistral,prompt_A,pi_main,PI+M_N+TOP_I+HIGH_B,M_N,TOP_I,HIGH_B,,3.9
10.3030_101116585_full,mistral,prompt_A,pi_main,PI+M_N+TOP_I+LOW_B,M_N,TOP_I,LOW_B,,3.6
10.3030_101116585_full,mistral,prompt_B,ai_main,AI+AI_N,,,,AI_N,3.8
10.3030_101116585_full,mistral,prompt_B,ai_main,AI+AI_Y,,,,AI_Y,3.7
10.3030_101116585_full,mistral,prompt_B,blind_baseline,NONE,,,,,3.6
10.3030_101116585_full,mistral,prompt_B,pi_main,PI+F_N+LOW_I+HIGH_B,F_N,LOW_I,HIGH_B,,4.0
10.3030_101116585_full,mistral,prompt_B,pi_main,PI+F_N+LOW_I+LOW_B,F_N,LOW_I,LOW_B,,4.0
10.3030_101116585_full,mistral,prompt_B,pi_main,PI+F_N+TOP_I+HIGH_B,F_N,TOP_I,HIGH_B,,3.9
10.3030_101116585_full,mistral,prompt_B,pi_main,PI+F_N+TOP_I+LOW_B,F_N,TOP_I,LOW_B,,3.6
10.3030_101116585_full,mistral,prompt_B,pi_main,PI+M_N+LOW_I+HIGH_B,M_N,LOW_I,HIGH_B,,3.9
10.3030_101116585_full,mistral,prompt_B,pi_main,PI+M_N+LOW_I+LOW_B,M_N,LOW_I,LOW_B,,3.7
10.3030_101116585_full,mistral,prompt_B,pi_main,PI+M_N+TOP_I+HIGH_B,M_N,TOP_I,HIGH_B,,3.8
10.3030_101116585_full,mistral,prompt_B,pi_main,PI+M_N+TOP_I+LOW_B,M_N,TOP_I,LOW_B,,3.6
10.3030_101116585_full,mistral,prompt_C,ai_main,AI+AI_N,,,,AI_N,3.6
10.3030_101116585_full,mistral,prompt_C,ai_main,AI+AI_Y,,,,AI_Y,3.7
10.3030_101116585_full,mistral,prompt_C,blind_baseline,NONE,,,,,3.6
10.3030_101116585_full,mistral,prompt_C,pi_main,PI+F_N+LOW_I+HIGH_B,F_N,LOW_I,HIGH_B,,4.0
10.3030_101116585_full,mistral,prompt_C,pi_main,PI+F_N+LOW_I+LOW_B,F_N,LOW_I,LOW_B,,3.6
10.3030_101116585_full,mistral,prompt_C,pi_main,PI+F_N+TOP_I+HIGH_B,F_N,TOP_I,HIGH_B,,3.8
10.3030_101116585_full,mistral,prompt_C,pi_main,PI+F_N+TOP_I+LOW_B,F_N,TOP_I,LOW_B,,3.5
10.3030_101116585_full,mistral,prompt_C,pi_main,PI+M_N+LOW_I+HIGH_B,M_N,LOW_I,HIGH_B,,4.0
10.3030_101116585_full,mistral,prompt_C,pi_main,PI+M_N+LOW_I+LOW_B,M_N,LOW_I,LOW_B,,3.6
10.3030_101116585_full,mistral,prompt_C,pi_main,PI+M_N+TOP_I+HIGH_B,M_N,TOP_I,HIGH_B,,3.7
10.3030_101116585_full,mistral,prompt_C,pi_main,PI+M_N+TOP_I+LOW_B,M_N,TOP_I,LOW_B,,3.6
10.3030_101116585_full,phi,prompt_A,ai_main,AI+AI_N,,,,AI_N,3.5
10.3030_101116585_full,phi,prompt_A,ai_main,AI+AI_Y,,,,AI_Y,3.0
10.3030_101116585_full,phi,prompt_A,blind_baseline,NONE,,,,,3.0
10.3030_101116585_full,phi,prompt_A,pi_main,PI+F_N+LOW_I+HIGH_B,F_N,LOW_I,HIGH_B,,3.0
10.3030_101116585_full,phi,prompt_A,pi_main,PI+F_N+LOW_I+LOW_B,F_N,LOW_I,LOW_B,,3.0
10.3030_101116585_full,phi,prompt_A,pi_main,PI+F_N+TOP_I+HIGH_B,F_N,TOP_I,HIGH_B,,3.0
10.3030_101116585_full,phi,prompt_A,pi_main,PI+F_N+TOP_I+LOW_B,F_N,TOP_I,LOW_B,,3.0
10.3030_101116585_full,phi,prompt_A,pi_main,PI+M_N+LOW_I+HIGH_B,M_N,LOW_I,HIGH_B,,3.0
10.3030_101116585_full,phi,prompt_A,pi_main,PI+M_N+LOW_I+LOW_B,M_N,LOW_I,LOW_B,,3.0
10.3030_101116585_full,phi,prompt_A,pi_main,PI+M_N+TOP_I+HIGH_B,M_N,TOP_I,HIGH_B,,3.0
10.3030_101116585_full,phi,prompt_A,pi_main,PI+M_N+TOP_I+LOW_B,M_N,TOP_I,LOW_B,,3.0
10.3030_101116585_full,phi,prompt_B,ai_main,AI+AI_N,,,,AI_N,3.0
10.3030_101116585_full,phi,prompt_B,ai_main,AI+AI_Y,,,,AI_Y,3.0
10.3030_101116585_full,phi,prompt_B,blind_baseline,NONE,,,,,3.0
10.3030_101116585_full,phi,prompt_B,pi_main,PI+F_N+LOW_I+HIGH_B,F_N,LOW_I,HIGH_B,,3.0
10.3030_101116585_full,phi,prompt_B,pi_main,PI+F_N+LOW_I+LOW_B,F_N,LOW_I,LOW_B,,3.0
10.3030_101116585_full,phi,prompt_B,pi_main,PI+F_N+TOP_I+HIGH_B,F_N,TOP_I,HIGH_B,,3.0
10.3030_101116585_full,phi,prompt_B,pi_main,PI+F_N+TOP_I+LOW_B,F_N,TOP_I,LOW_B,,3.0
10.3030_101116585_full,phi,prompt_B,pi_main,PI+M_N+LOW_I+HIGH_B,M_N,LOW_I,HIGH_B,,3.0
10.3030_101116585_full,phi,prompt_B,pi_main,PI+M_N+LOW_I+LOW_B,M_N,LOW_I,LOW_B,,3.0
10.3030_101116585_full,phi,prompt_B,pi_main,PI+M_N+TOP_I+HIGH_B,M_N,TOP_I,HIGH_B,,3.0
10.3030_101116585_full,phi,prompt_B,pi_main,PI+M_N+TOP_I+LOW_B,M_N,TOP_I,LOW_B,,3.0
10.3030_101116585_full,phi,prompt_C,ai_main,AI+AI_N,,,,AI_N,3.0
10.3030_101116585_full,phi,prompt_C,ai_main,AI+AI_Y,,,,AI_Y,3.1
10.3030_101116585_full,phi,prompt_C,blind_baseline,NONE,,,,,3.0
10.3030_101116585_full,phi,prompt_C,pi_main,PI+F_N+LOW_I+HIGH_B,F_N,LOW_I,HIGH_B,,3.0
10.3030_101116585_full,phi,prompt_C,pi_main,PI+F_N+LOW_I+LOW_B,F_N,LOW_I,LOW_B,,3.0
10.3030_101116585_full,phi,prompt_C,pi_main,PI+F_N+TOP_I+HIGH_B,F_N,TOP_I,HIGH_B,,3.0
10.3030_101116585_full,phi,prompt_C,pi_main,PI+F_N+TOP_I+LOW_B,F_N,TOP_I,LOW_B,,3.0
10.3030_101116585_full,phi,prompt_C,pi_main,PI+M_N+LOW_I+HIGH_B,M_N,LOW_I,HIGH_B,,3.0
10.3030_101116585_full,phi,prompt_C,pi_main,PI+M_N+LOW_I+LOW_B,M_N,LOW_I,LOW_B,,3.0
10.3030_101116585_full,phi,prompt_C,pi_main,PI+M_N+TOP_I+HIGH_B,M_N,TOP_I,HIGH_B,,3.2
10.3030_101116585_full,phi,prompt_C,pi_main,PI+M_N+TOP_I+LOW_B,M_N,TOP_I,LOW_B,,3.0
10.3030_101117133_full,deepseek,prompt_A,ai_main,AI+AI_N,,,,AI_N,3.6
10.3030_101117133_full,deepseek,prompt_A,ai_main,AI+AI_Y,,,,AI_Y,3.0
10.3030_101117133_full,deepseek,prompt_A,blind_baseline,NONE,,,,,3.2
10.3030_101117133_full,deepseek,prompt_A,pi_main,PI+F_N+LOW_I+HIGH_B,F_N,LOW_I,HIGH_B,,3.3
10.3030_101117133_full,deepseek,prompt_A,pi_main,PI+F_N+LOW_I+LOW_B,F_N,LOW_I,LOW_B,,3.4
10.3030_101117133_full,deepseek,prompt_A,pi_main,PI+F_N+TOP_I+HIGH_B,F_N,TOP_I,HIGH_B,,3.3
10.3030_101117133_full,deepseek,prompt_A,pi_main,PI+F_N+TOP_I+LOW_B,F_N,TOP_I,LOW_B,,3.6
10.3030_101117133_full,deepseek,prompt_A,pi_main,PI+M_N+LOW_I+HIGH_B,M_N,LOW_I,HIGH_B,,3.1
10.3030_101117133_full,deepseek,prompt_A,pi_main,PI+M_N+LOW_I+LOW_B,M_N,LOW_I,LOW_B,,3.5
10.3030_101117133_full,deepseek,prompt_A,pi_main,PI+M_N+TOP_I+HIGH_B,M_N,TOP_I,HIGH_B,,3.7
10.3030_101117133_full,deepseek,prompt_A,pi_main,PI+M_N+TOP_I+LOW_B,M_N,TOP_I,LOW_B,,3.6
10.3030_101117133_full,deepseek,prompt_B,ai_main,AI+AI_N,,,,AI_N,3.8
10.3030_101117133_full,deepseek,prompt_B,ai_main,AI+AI_Y,,,,AI_Y,3.4
10.3030_101117133_full,deepseek,prompt_B,blind_baseline,NONE,,,,,3.5
10.3030_101117133_full,deepseek,prompt_B,pi_main,PI+F_N+LOW_I+HIGH_B,F_N,LOW_I,HIGH_B,,3.6
10.3030_101117133_full,deepseek,prompt_B,pi_main,PI+F_N+LOW_I+LOW_B,F_N,LOW_I,LOW_B,,3.0
10.3030_101117133_full,deepseek,prompt_B,pi_main,PI+F_N+TOP_I+HIGH_B,F_N,TOP_I,HIGH_B,,3.4
10.3030_101117133_full,deepseek,prompt_B,pi_main,PI+F_N+TOP_I+LOW_B,F_N,TOP_I,LOW_B,,3.2
10.3030_101117133_full,deepseek,prompt_B,pi_main,PI+M_N+LOW_I+HIGH_B,M_N,LOW_I,HIGH_B,,3.7
10.3030_101117133_full,deepseek,prompt_B,pi_main,PI+M_N+LOW_I+LOW_B,M_N,LOW_I,LOW_B,,3.2
10.3030_101117133_full,deepseek,prompt_B,pi_main,PI+M_N+TOP_I+HIGH_B,M_N,TOP_I,HIGH_B,,3.3
10.3030_101117133_full,deepseek,prompt_B,pi_main,PI+M_N+TOP_I+LOW_B,M_N,TOP_I,LOW_B,,3.4
10.3030_101117133_full,deepseek,prompt_C,ai_main,AI+AI_N,,,,AI_N,3.4
10.3030_101117133_full,deepseek,prompt_C,ai_main,AI+AI_Y,,,,AI_Y,3.4
10.3030_101117133_full,deepseek,prompt_C,blind_baseline,NONE,,,,,3.5
10.3030_101117133_full,deepseek,prompt_C,pi_main,PI+F_N+LOW_I+HIGH_B,F_N,LOW_I,HIGH_B,,3.7
10.3030_101117133_full,deepseek,prompt_C,pi_main,PI+F_N+LOW_I+LOW_B,F_N,LOW_I,LOW_B,,3.4
10.3030_101117133_full,deepseek,prompt_C,pi_main,PI+F_N+TOP_I+HIGH_B,F_N,TOP_I,HIGH_B,,3.8
10.3030_101117133_full,deepseek,prompt_C,pi_main,PI+F_N+TOP_I+LOW_B,F_N,TOP_I,LOW_B,,3.5
10.3030_101117133_full,deepseek,prompt_C,pi_main,PI+M_N+LOW_I+HIGH_B,M_N,LOW_I,HIGH_B,,3.6
10.3030_101117133_full,deepseek,prompt_C,pi_main,PI+M_N+LOW_I+LOW_B,M_N,LOW_I,LOW_B,,3.5
10.3030_101117133_full,deepseek,prompt_C,pi_main,PI+M_N+TOP_I+HIGH_B,M_N,TOP_I,HIGH_B,,3.6
10.3030_101117133_full,deepseek,prompt_C,pi_main,PI+M_N+TOP_I+LOW_B,M_N,TOP_I,LOW_B,,3.2
10.3030_101117133_full,gemma,prompt_A,ai_main,AI+AI_N,,,,AI_N,3.0
10.3030_101117133_full,gemma,prompt_A,ai_main,AI+AI_Y,,,,AI_Y,3.0
10.3030_101117133_full,gemma,prompt_A,blind_baseline,NONE,,,,,3.0
10.3030_101117133_full,gemma,prompt_A,pi_main,PI+F_N+LOW_I+HIGH_B,F_N,LOW_I,HIGH_B,,3.0
10.3030_101117133_full,gemma,prompt_A,pi_main,PI+F_N+LOW_I+LOW_B,F_N,LOW_I,LOW_B,,3.0
10.3030_101117133_full,gemma,prompt_A,pi_main,PI+F_N+TOP_I+HIGH_B,F_N,TOP_I,HIGH_B,,3.0
10.3030_101117133_full,gemma,prompt_A,pi_main,PI+F_N+TOP_I+LOW_B,F_N,TOP_I,LOW_B,,3.0
10.3030_101117133_full,gemma,prompt_A,pi_main,PI+M_N+LOW_I+HIGH_B,M_N,LOW_I,HIGH_B,,3.0
10.3030_101117133_full,gemma,prompt_A,pi_main,PI+M_N+LOW_I+LOW_B,M_N,LOW_I,LOW_B,,3.0
10.3030_101117133_full,gemma,prompt_A,pi_main,PI+M_N+TOP_I+HIGH_B,M_N,TOP_I,HIGH_B,,3.0
10.3030_101117133_full,gemma,prompt_A,pi_main,PI+M_N+TOP_I+LOW_B,M_N,TOP_I,LOW_B,,3.0
10.3030_101117133_full,gemma,prompt_B,ai_main,AI+AI_N,,,,AI_N,3.3
10.3030_101117133_full,gemma,prompt_B,ai_main,AI+AI_Y,,,,AI_Y,3.1
10.3030_101117133_full,gemma,prompt_B,blind_baseline,NONE,,,,,3.2
10.3030_101117133_full,gemma,prompt_B,pi_main,PI+F_N+LOW_I+HIGH_B,F_N,LOW_I,HIGH_B,,3.0
10.3030_101117133_full,gemma,prompt_B,pi_main,PI+F_N+LOW_I+LOW_B,F_N,LOW_I,LOW_B,,3.0
10.3030_101117133_full,gemma,prompt_B,pi_main,PI+F_N+TOP_I+HIGH_B,F_N,TOP_I,HIGH_B,,3.0
10.3030_101117133_full,gemma,prompt_B,pi_main,PI+F_N+TOP_I+LOW_B,F_N,TOP_I,LOW_B,,3.0
10.3030_101117133_full,gemma,prompt_B,pi_main,PI+M_N+LOW_I+HIGH_B,M_N,LOW_I,HIGH_B,,3.0
10.3030_101117133_full,gemma,prompt_B,pi_main,PI+M_N+LOW_I+LOW_B,M_N,LOW_I,LOW_B,,3.0
10.3030_101117133_full,gemma,prompt_B,pi_main,PI+M_N+TOP_I+HIGH_B,M_N,TOP_I,HIGH_B,,3.0
10.3030_101117133_full,gemma,prompt_B,pi_main,PI+M_N+TOP_I+LOW_B,M_N,TOP_I,LOW_B,,3.0
10.3030_101117133_full,gemma,prompt_C,ai_main,AI+AI_N,,,,AI_N,3.5
10.3030_101117133_full,gemma,prompt_C,ai_main,AI+AI_Y,,,,AI_Y,3.5
10.3030_101117133_full,gemma,prompt_C,blind_baseline,NONE,,,,,3.3
10.3030_101117133_full,gemma,prompt_C,pi_main,PI+F_N+LOW_I+HIGH_B,F_N,LOW_I,HIGH_B,,3.0
10.3030_101117133_full,gemma,prompt_C,pi_main,PI+F_N+LOW_I+LOW_B,F_N,LOW_I,LOW_B,,3.0
10.3030_101117133_full,gemma,prompt_C,pi_main,PI+F_N+TOP_I+HIGH_B,F_N,TOP_I,HIGH_B,,3.0
10.3030_101117133_full,gemma,prompt_C,pi_main,PI+F_N+TOP_I+LOW_B,F_N,TOP_I,LOW_B,,3.0
10.3030_101117133_full,gemma,prompt_C,pi_main,PI+M_N+LOW_I+HIGH_B,M_N,LOW_I,HIGH_B,,3.0
10.3030_101117133_full,gemma,prompt_C,pi_main,PI+M_N+LOW_I+LOW_B,M_N,LOW_I,LOW_B,,3.0
10.3030_101117133_full,gemma,prompt_C,pi_main,PI+M_N+TOP_I+HIGH_B,M_N,TOP_I,HIGH_B,,3.0
10.3030_101117133_full,gemma,prompt_C,pi_main,PI+M_N+TOP_I+LOW_B,M_N,TOP_I,LOW_B,,3.0
10.3030_101117133_full,glm,prompt_A,ai_main,AI+AI_N,,,,AI_N,3.5
10.3030_101117133_full,glm,prompt_A,ai_main,AI+AI_Y,,,,AI_Y,3.6
10.3030_101117133_full,glm,prompt_A,blind_baseline,NONE,,,,,3.3
10.3030_101117133_full,glm,prompt_A,pi_main,PI+F_N+LOW_I+HIGH_B,F_N,LOW_I,HIGH_B,,3.5
10.3030_101117133_full,glm,prompt_A,pi_main,PI+F_N+LOW_I+LOW_B,F_N,LOW_I,LOW_B,,2.9
10.3030_101117133_full,glm,prompt_A,pi_main,PI+F_N+TOP_I+HIGH_B,F_N,TOP_I,HIGH_B,,3.5
10.3030_101117133_full,glm,prompt_A,pi_main,PI+F_N+TOP_I+LOW_B,F_N,TOP_I,LOW_B,,3.1
10.3030_101117133_full,glm,prompt_A,pi_main,PI+M_N+LOW_I+HIGH_B,M_N,LOW_I,HIGH_B,,3.3
10.3030_101117133_full,glm,prompt_A,pi_main,PI+M_N+LOW_I+LOW_B,M_N,LOW_I,LOW_B,,3.0
10.3030_101117133_full,glm,prompt_A,pi_main,PI+M_N+TOP_I+HIGH_B,M_N,TOP_I,HIGH_B,,3.5
10.3030_101117133_full,glm,prompt_A,pi_main,PI+M_N+TOP_I+LOW_B,M_N,TOP_I,LOW_B,,3.3
10.3030_101117133_full,glm,prompt_B,ai_main,AI+AI_N,,,,AI_N,3.5
10.3030_101117133_full,glm,prompt_B,ai_main,AI+AI_Y,,,,AI_Y,3.4
10.3030_101117133_full,glm,prompt_B,blind_baseline,NONE,,,,,3.3
10.3030_101117133_full,glm,prompt_B,pi_main,PI+F_N+LOW_I+HIGH_B,F_N,LOW_I,HIGH_B,,3.3
10.3030_101117133_full,glm,prompt_B,pi_main,PI+F_N+LOW_I+LOW_B,F_N,LOW_I,LOW_B,,3.2
10.3030_101117133_full,glm,prompt_B,pi_main,PI+F_N+TOP_I+HIGH_B,F_N,TOP_I,HIGH_B,,3.4
10.3030_101117133_full,glm,prompt_B,pi_main,PI+F_N+TOP_I+LOW_B,F_N,TOP_I,LOW_B,,3.1
10.3030_101117133_full,glm,prompt_B,pi_main,PI+M_N+LOW_I+HIGH_B,M_N,LOW_I,HIGH_B,,3.2
10.3030_101117133_full,glm,prompt_B,pi_main,PI+M_N+LOW_I+LOW_B,M_N,LOW_I,LOW_B,,3.2
10.3030_101117133_full,glm,prompt_B,pi_main,PI+M_N+TOP_I+HIGH_B,M_N,TOP_I,HIGH_B,,3.1
10.3030_101117133_full,glm,prompt_B,pi_main,PI+M_N+TOP_I+LOW_B,M_N,TOP_I,LOW_B,,3.0
10.3030_101117133_full,glm,prompt_C,ai_main,AI+AI_N,,,,AI_N,3.5
10.3030_101117133_full,glm,prompt_C,ai_main,AI+AI_Y,,,,AI_Y,3.4
10.3030_101117133_full,glm,prompt_C,blind_baseline,NONE,,,,,3.4
10.3030_101117133_full,glm,prompt_C,pi_main,PI+F_N+LOW_I+HIGH_B,F_N,LOW_I,HIGH_B,,3.2
10.3030_101117133_full,glm,prompt_C,pi_main,PI+F_N+LOW_I+LOW_B,F_N,LOW_I,LOW_B,,3.0
10.3030_101117133_full,glm,prompt_C,pi_main,PI+F_N+TOP_I+HIGH_B,F_N,TOP_I,HIGH_B,,3.5
10.3030_101117133_full,glm,prompt_C,pi_main,PI+F_N+TOP_I+LOW_B,F_N,TOP_I,LOW_B,,3.2
10.3030_101117133_full,glm,prompt_C,pi_main,PI+M_N+LOW_I+HIGH_B,M_N,LOW_I,HIGH_B,,3.4
10.3030_101117133_full,glm,prompt_C,pi_main,PI+M_N+LOW_I+LOW_B,M_N,LOW_I,LOW_B,,3.1
10.3030_101117133_full,glm,prompt_C,pi_main,PI+M_N+TOP_I+HIGH_B,M_N,TOP_I,HIGH_B,,3.3
10.3030_101117133_full,glm,prompt_C,pi_main,PI+M_N+TOP_I+LOW_B,M_N,TOP_I,LOW_B,,3.3
10.3030_101117133_full,gpt,prompt_A,ai_main,AI+AI_N,,,,AI_N,3.6
10.3030_101117133_full,gpt,prompt_A,ai_main,AI+AI_Y,,,,AI_Y,3.5
10.3030_101117133_full,gpt,prompt_A,blind_baseline,NONE,,,,,3.7
10.3030_101117133_full,gpt,prompt_A,pi_main,PI+F_N+LOW_I+HIGH_B,F_N,LOW_I,HIGH_B,,3.6
10.3030_101117133_full,gpt,prompt_A,pi_main,PI+F_N+LOW_I+LOW_B,F_N,LOW_I,LOW_B,,3.5
10.3030_101117133_full,gpt,prompt_A,pi_main,PI+F_N+TOP_I+HIGH_B,F_N,TOP_I,HIGH_B,,3.5
10.3030_101117133_full,gpt,prompt_A,pi_main,PI+F_N+TOP_I+LOW_B,F_N,TOP_I,LOW_B,,3.5
10.3030_101117133_full,gpt,prompt_A,pi_main,PI+M_N+LOW_I+HIGH_B,M_N,LOW_I,HIGH_B,,3.5
10.3030_101117133_full,gpt,prompt_A,pi_main,PI+M_N+LOW_I+LOW_B,M_N,LOW_I,LOW_B,,3.5
10.3030_101117133_full,gpt,prompt_A,pi_main,PI+M_N+TOP_I+HIGH_B,M_N,TOP_I,HIGH_B,,3.5
10.3030_101117133_full,gpt,prompt_A,pi_main,PI+M_N+TOP_I+LOW_B,M_N,TOP_I,LOW_B,,3.5
10.3030_101117133_full,gpt,prompt_B,ai_main,AI+AI_N,,,,AI_N,4.0
10.3030_101117133_full,gpt,prompt_B,ai_main,AI+AI_Y,,,,AI_Y,3.6
10.3030_101117133_full,gpt,prompt_B,blind_baseline,NONE,,,,,3.6
10.3030_101117133_full,gpt,prompt_B,pi_main,PI+F_N+LOW_I+HIGH_B,F_N,LOW_I,HIGH_B,,4.0
10.3030_101117133_full,gpt,prompt_B,pi_main,PI+F_N+LOW_I+LOW_B,F_N,LOW_I,LOW_B,,3.5
10.3030_101117133_full,gpt,prompt_B,pi_main,PI+F_N+TOP_I+HIGH_B,F_N,TOP_I,HIGH_B,,4.0
10.3030_101117133_full,gpt,prompt_B,pi_main,PI+F_N+TOP_I+LOW_B,F_N,TOP_I,LOW_B,,3.5
10.3030_101117133_full,gpt,prompt_B,pi_main,PI+M_N+LOW_I+HIGH_B,M_N,LOW_I,HIGH_B,,3.8
10.3030_101117133_full,gpt,prompt_B,pi_main,PI+M_N+LOW_I+LOW_B,M_N,LOW_I,LOW_B,,3.5
10.3030_101117133_full,gpt,prompt_B,pi_main,PI+M_N+TOP_I+HIGH_B,M_N,TOP_I,HIGH_B,,4.0
10.3030_101117133_full,gpt,prompt_B,pi_main,PI+M_N+TOP_I+LOW_B,M_N,TOP_I,LOW_B,,3.6
10.3030_101117133_full,gpt,prompt_C,ai_main,AI+AI_N,,,,AI_N,3.5
10.3030_101117133_full,gpt,prompt_C,ai_main,AI+AI_Y,,,,AI_Y,3.6
10.3030_101117133_full,gpt,prompt_C,blind_baseline,NONE,,,,,3.7
10.3030_101117133_full,gpt,prompt_C,pi_main,PI+F_N+LOW_I+HIGH_B,F_N,LOW_I,HIGH_B,,3.5
10.3030_101117133_full,gpt,prompt_C,pi_main,PI+F_N+LOW_I+LOW_B,F_N,LOW_I,LOW_B,,3.5
10.3030_101117133_full,gpt,prompt_C,pi_main,PI+F_N+TOP_I+HIGH_B,F_N,TOP_I,HIGH_B,,3.9
10.3030_101117133_full,gpt,prompt_C,pi_main,PI+F_N+TOP_I+LOW_B,F_N,TOP_I,LOW_B,,3.5
10.3030_101117133_full,gpt,prompt_C,pi_main,PI+M_N+LOW_I+HIGH_B,M_N,LOW_I,HIGH_B,,3.5
10.3030_101117133_full,gpt,prompt_C,pi_main,PI+M_N+LOW_I+LOW_B,M_N,LOW_I,LOW_B,,3.5
10.3030_101117133_full,gpt,prompt_C,pi_main,PI+M_N+TOP_I+HIGH_B,M_N,TOP_I,HIGH_B,,3.5
10.3030_101117133_full,gpt,prompt_C,pi_main,PI+M_N+TOP_I+LOW_B,M_N,TOP_I,LOW_B,,3.5
10.3030_101117133_full,kimi,prompt_A,ai_main,AI+AI_N,,,,AI_N,4.0
10.3030_101117133_full,kimi,prompt_A,ai_main,AI+AI_Y,,,,AI_Y,3.8
10.3030_101117133_full,kimi,prompt_A,blind_baseline,NONE,,,,,3.8
10.3030_101117133_full,kimi,prompt_A,pi_main,PI+F_N+LOW_I+HIGH_B,F_N,LOW_I,HIGH_B,,3.6
10.3030_101117133_full,kimi,prompt_A,pi_main,PI+F_N+LOW_I+LOW_B,F_N,LOW_I,LOW_B,,3.1
10.3030_101117133_full,kimi,prompt_A,pi_main,PI+F_N+TOP_I+HIGH_B,F_N,TOP_I,HIGH_B,,3.9
10.3030_101117133_full,kimi,prompt_A,pi_main,PI+F_N+TOP_I+LOW_B,F_N,TOP_I,LOW_B,,3.3
10.3030_101117133_full,kimi,prompt_A,pi_main,PI+M_N+LOW_I+HIGH_B,M_N,LOW_I,HIGH_B,,3.6
10.3030_101117133_full,kimi,prompt_A,pi_main,PI+M_N+LOW_I+LOW_B,M_N,LOW_I,LOW_B,,3.0
10.3030_101117133_full,kimi,prompt_A,pi_main,PI+M_N+TOP_I+HIGH_B,M_N,TOP_I,HIGH_B,,3.6
10.3030_101117133_full,kimi,prompt_A,pi_main,PI+M_N+TOP_I+LOW_B,M_N,TOP_I,LOW_B,,3.4
10.3030_101117133_full,kimi,prompt_B,ai_main,AI+AI_N,,,,AI_N,3.8
10.3030_101117133_full,kimi,prompt_B,ai_main,AI+AI_Y,,,,AI_Y,4.0
10.3030_101117133_full,kimi,prompt_B,blind_baseline,NONE,,,,,3.9
10.3030_101117133_full,kimi,prompt_B,pi_main,PI+F_N+LOW_I+HIGH_B,F_N,LOW_I,HIGH_B,,3.9
10.3030_101117133_full,kimi,prompt_B,pi_main,PI+F_N+LOW_I+LOW_B,F_N,LOW_I,LOW_B,,3.6
10.3030_101117133_full,kimi,prompt_B,pi_main,PI+F_N+TOP_I+HIGH_B,F_N,TOP_I,HIGH_B,,3.7
10.3030_101117133_full,kimi,prompt_B,pi_main,PI+F_N+TOP_I+LOW_B,F_N,TOP_I,LOW_B,,3.3
10.3030_101117133_full,kimi,prompt_B,pi_main,PI+M_N+LOW_I+HIGH_B,M_N,LOW_I,HIGH_B,,4.0
10.3030_101117133_full,kimi,prompt_B,pi_main,PI+M_N+LOW_I+LOW_B,M_N,LOW_I,LOW_B,,3.5
10.3030_101117133_full,kimi,prompt_B,pi_main,PI+M_N+TOP_I+HIGH_B,M_N,TOP_I,HIGH_B,,3.9
10.3030_101117133_full,kimi,prompt_B,pi_main,PI+M_N+TOP_I+LOW_B,M_N,TOP_I,LOW_B,,3.2
10.3030_101117133_full,kimi,prompt_C,ai_main,AI+AI_N,,,,AI_N,4.0
10.3030_101117133_full,kimi,prompt_C,ai_main,AI+AI_Y,,,,AI_Y,3.9
10.3030_101117133_full,kimi,prompt_C,blind_baseline,NONE,,,,,3.9
10.3030_101117133_full,kimi,prompt_C,pi_main,PI+F_N+LOW_I+HIGH_B,F_N,LOW_I,HIGH_B,,3.8
10.3030_101117133_full,kimi,prompt_C,pi_main,PI+F_N+LOW_I+LOW_B,F_N,LOW_I,LOW_B,,3.5
10.3030_101117133_full,kimi,prompt_C,pi_main,PI+F_N+TOP_I+HIGH_B,F_N,TOP_I,HIGH_B,,3.8
10.3030_101117133_full,kimi,prompt_C,pi_main,PI+F_N+TOP_I+LOW_B,F_N,TOP_I,LOW_B,,3.7
10.3030_101117133_full,kimi,prompt_C,pi_main,PI+M_N+LOW_I+HIGH_B,M_N,LOW_I,HIGH_B,,3.8
10.3030_101117133_full,kimi,prompt_C,pi_main,PI+M_N+LOW_I+LOW_B,M_N,LOW_I,LOW_B,,3.7
10.3030_101117133_full,kimi,prompt_C,pi_main,PI+M_N+TOP_I+HIGH_B,M_N,TOP_I,HIGH_B,,3.8
10.3030_101117133_full,kimi,prompt_C,pi_main,PI+M_N+TOP_I+LOW_B,M_N,TOP_I,LOW_B,,3.6
10.3030_101117133_full,ministral,prompt_A,ai_main,AI+AI_N,,,,AI_N,4.0
10.3030_101117133_full,ministral,prompt_A,ai_main,AI+AI_Y,,,,AI_Y,3.5
10.3030_101117133_full,ministral,prompt_A,blind_baseline,NONE,,,,,4.0
10.3030_101117133_full,ministral,prompt_A,pi_main,PI+F_N+LOW_I+HIGH_B,F_N,LOW_I,HIGH_B,,3.5
10.3030_101117133_full,ministral,prompt_A,pi_main,PI+F_N+LOW_I+LOW_B,F_N,LOW_I,LOW_B,,3.5
10.3030_101117133_full,ministral,prompt_A,pi_main,PI+F_N+TOP_I+HIGH_B,F_N,TOP_I,HIGH_B,,3.5
10.3030_101117133_full,ministral,prompt_A,pi_main,PI+F_N+TOP_I+LOW_B,F_N,TOP_I,LOW_B,,3.5
10.3030_101117133_full,ministral,prompt_A,pi_main,PI+M_N+LOW_I+HIGH_B,M_N,LOW_I,HIGH_B,,3.5
10.3030_101117133_full,ministral,prompt_A,pi_main,PI+M_N+LOW_I+LOW_B,M_N,LOW_I,LOW_B,,3.5
10.3030_101117133_full,ministral,prompt_A,pi_main,PI+M_N+TOP_I+HIGH_B,M_N,TOP_I,HIGH_B,,3.5
10.3030_101117133_full,ministral,prompt_A,pi_main,PI+M_N+TOP_I+LOW_B,M_N,TOP_I,LOW_B,,3.5
10.3030_101117133_full,ministral,prompt_B,ai_main,AI+AI_N,,,,AI_N,3.5
10.3030_101117133_full,ministral,prompt_B,ai_main,AI+AI_Y,,,,AI_Y,3.5
10.3030_101117133_full,ministral,prompt_B,blind_baseline,NONE,,,,,3.5
10.3030_101117133_full,ministral,prompt_B,pi_main,PI+F_N+LOW_I+HIGH_B,F_N,LOW_I,HIGH_B,,3.5
10.3030_101117133_full,ministral,prompt_B,pi_main,PI+F_N+LOW_I+LOW_B,F_N,LOW_I,LOW_B,,3.5
10.3030_101117133_full,ministral,prompt_B,pi_main,PI+F_N+TOP_I+HIGH_B,F_N,TOP_I,HIGH_B,,3.5
10.3030_101117133_full,ministral,prompt_B,pi_main,PI+F_N+TOP_I+LOW_B,F_N,TOP_I,LOW_B,,3.5
10.3030_101117133_full,ministral,prompt_B,pi_main,PI+M_N+LOW_I+HIGH_B,M_N,LOW_I,HIGH_B,,3.5
10.3030_101117133_full,ministral,prompt_B,pi_main,PI+M_N+LOW_I+LOW_B,M_N,LOW_I,LOW_B,,3.5
10.3030_101117133_full,ministral,prompt_B,pi_main,PI+M_N+TOP_I+HIGH_B,M_N,TOP_I,HIGH_B,,3.5
10.3030_101117133_full,ministral,prompt_B,pi_main,PI+M_N+TOP_I+LOW_B,M_N,TOP_I,LOW_B,,3.5
10.3030_101117133_full,ministral,prompt_C,ai_main,AI+AI_N,,,,AI_N,3.5
10.3030_101117133_full,ministral,prompt_C,ai_main,AI+AI_Y,,,,AI_Y,3.5
10.3030_101117133_full,ministral,prompt_C,blind_baseline,NONE,,,,,3.5
10.3030_101117133_full,ministral,prompt_C,pi_main,PI+F_N+LOW_I+HIGH_B,F_N,LOW_I,HIGH_B,,4.0
10.3030_101117133_full,ministral,prompt_C,pi_main,PI+F_N+LOW_I+LOW_B,F_N,LOW_I,LOW_B,,3.5
10.3030_101117133_full,ministral,prompt_C,pi_main,PI+F_N+TOP_I+HIGH_B,F_N,TOP_I,HIGH_B,,4.0
10.3030_101117133_full,ministral,prompt_C,pi_main,PI+F_N+TOP_I+LOW_B,F_N,TOP_I,LOW_B,,3.5
10.3030_101117133_full,ministral,prompt_C,pi_main,PI+M_N+LOW_I+HIGH_B,M_N,LOW_I,HIGH_B,,3.5
10.3030_101117133_full,ministral,prompt_C,pi_main,PI+M_N+LOW_I+LOW_B,M_N,LOW_I,LOW_B,,3.5
10.3030_101117133_full,ministral,prompt_C,pi_main,PI+M_N+TOP_I+HIGH_B,M_N,TOP_I,HIGH_B,,3.5
10.3030_101117133_full,ministral,prompt_C,pi_main,PI+M_N+TOP_I+LOW_B,M_N,TOP_I,LOW_B,,3.5
10.3030_101117133_full,mistral,prompt_A,ai_main,AI+AI_N,,,,AI_N,4.0
10.3030_101117133_full,mistral,prompt_A,ai_main,AI+AI_Y,,,,AI_Y,3.9
10.3030_101117133_full,mistral,prompt_A,blind_baseline,NONE,,,,,4.0
10.3030_101117133_full,mistral,prompt_A,pi_main,PI+F_N+LOW_I+HIGH_B,F_N,LOW_I,HIGH_B,,4.0
10.3030_101117133_full,mistral,prompt_A,pi_main,PI+F_N+LOW_I+LOW_B,F_N,LOW_I,LOW_B,,3.8
10.3030_101117133_full,mistral,prompt_A,pi_main,PI+F_N+TOP_I+HIGH_B,F_N,TOP_I,HIGH_B,,4.0
10.3030_101117133_full,mistral,prompt_A,pi_main,PI+F_N+TOP_I+LOW_B,F_N,TOP_I,LOW_B,,4.0
10.3030_101117133_full,mistral,prompt_A,pi_main,PI+M_N+LOW_I+HIGH_B,M_N,LOW_I,HIGH_B,,4.0
10.3030_101117133_full,mistral,prompt_A,pi_main,PI+M_N+LOW_I+LOW_B,M_N,LOW_I,LOW_B,,4.0
10.3030_101117133_full,mistral,prompt_A,pi_main,PI+M_N+TOP_I+HIGH_B,M_N,TOP_I,HIGH_B,,4.0
10.3030_101117133_full,mistral,prompt_A,pi_main,PI+M_N+TOP_I+LOW_B,M_N,TOP_I,LOW_B,,4.0
10.3030_101117133_full,mistral,prompt_B,ai_main,AI+AI_N,,,,AI_N,4.0
10.3030_101117133_full,mistral,prompt_B,ai_main,AI+AI_Y,,,,AI_Y,4.0
10.3030_101117133_full,mistral,prompt_B,blind_baseline,NONE,,,,,4.0
10.3030_101117133_full,mistral,prompt_B,pi_main,PI+F_N+LOW_I+HIGH_B,F_N,LOW_I,HIGH_B,,4.0
10.3030_101117133_full,mistral,prompt_B,pi_main,PI+F_N+LOW_I+LOW_B,F_N,LOW_I,LOW_B,,4.0
10.3030_101117133_full,mistral,prompt_B,pi_main,PI+F_N+TOP_I+HIGH_B,F_N,TOP_I,HIGH_B,,4.0
10.3030_101117133_full,mistral,prompt_B,pi_main,PI+F_N+TOP_I+LOW_B,F_N,TOP_I,LOW_B,,4.0
10.3030_101117133_full,mistral,prompt_B,pi_main,PI+M_N+LOW_I+HIGH_B,M_N,LOW_I,HIGH_B,,4.0
10.3030_101117133_full,mistral,prompt_B,pi_main,PI+M_N+LOW_I+LOW_B,M_N,LOW_I,LOW_B,,4.0
10.3030_101117133_full,mistral,prompt_B,pi_main,PI+M_N+TOP_I+HIGH_B,M_N,TOP_I,HIGH_B,,4.0
10.3030_101117133_full,mistral,prompt_B,pi_main,PI+M_N+TOP_I+LOW_B,M_N,TOP_I,LOW_B,,4.0
10.3030_101117133_full,mistral,prompt_C,ai_main,AI+AI_N,,,,AI_N,4.0
10.3030_101117133_full,mistral,prompt_C,ai_main,AI+AI_Y,,,,AI_Y,4.0
10.3030_101117133_full,mistral,prompt_C,blind_baseline,NONE,,,,,4.0
10.3030_101117133_full,mistral,prompt_C,pi_main,PI+F_N+LOW_I+HIGH_B,F_N,LOW_I,HIGH_B,,4.0
10.3030_101117133_full,mistral,prompt_C,pi_main,PI+F_N+LOW_I+LOW_B,F_N,LOW_I,LOW_B,,4.0
10.3030_101117133_full,mistral,prompt_C,pi_main,PI+F_N+TOP_I+HIGH_B,F_N,TOP_I,HIGH_B,,4.0
10.3030_101117133_full,mistral,prompt_C,pi_main,PI+F_N+TOP_I+LOW_B,F_N,TOP_I,LOW_B,,4.0
10.3030_101117133_full,mistral,prompt_C,pi_main,PI+M_N+LOW_I+HIGH_B,M_N,LOW_I,HIGH_B,,4.0
10.3030_101117133_full,mistral,prompt_C,pi_main,PI+M_N+LOW_I+LOW_B,M_N,LOW_I,LOW_B,,4.0
10.3030_101117133_full,mistral,prompt_C,pi_main,PI+M_N+TOP_I+HIGH_B,M_N,TOP_I,HIGH_B,,4.0
10.3030_101117133_full,mistral,prompt_C,pi_main,PI+M_N+TOP_I+LOW_B,M_N,TOP_I,LOW_B,,4.0
10.3030_101117133_full,phi,prompt_A,ai_main,AI+AI_N,,,,AI_N,3.0
10.3030_101117133_full,phi,prompt_A,ai_main,AI+AI_Y,,,,AI_Y,3.0
10.3030_101117133_full,phi,prompt_A,blind_baseline,NONE,,,,,3.5
10.3030_101117133_full,phi,prompt_A,pi_main,PI+F_N+LOW_I+HIGH_B,F_N,LOW_I,HIGH_B,,3.5
10.3030_101117133_full,phi,prompt_A,pi_main,PI+F_N+LOW_I+LOW_B,F_N,LOW_I,LOW_B,,3.0
10.3030_101117133_full,phi,prompt_A,pi_main,PI+F_N+TOP_I+HIGH_B,F_N,TOP_I,HIGH_B,,3.5
10.3030_101117133_full,phi,prompt_A,pi_main,PI+F_N+TOP_I+LOW_B,F_N,TOP_I,LOW_B,,3.4
10.3030_101117133_full,phi,prompt_A,pi_main,PI+M_N+LOW_I+HIGH_B,M_N,LOW_I,HIGH_B,,3.5
10.3030_101117133_full,phi,prompt_A,pi_main,PI+M_N+LOW_I+LOW_B,M_N,LOW_I,LOW_B,,3.0
10.3030_101117133_full,phi,prompt_A,pi_main,PI+M_N+TOP_I+HIGH_B,M_N,TOP_I,HIGH_B,,3.5
10.3030_101117133_full,phi,prompt_A,pi_main,PI+M_N+TOP_I+LOW_B,M_N,TOP_I,LOW_B,,3.0
10.3030_101117133_full,phi,prompt_B,ai_main,AI+AI_N,,,,AI_N,3.5
10.3030_101117133_full,phi,prompt_B,ai_main,AI+AI_Y,,,,AI_Y,3.0
10.3030_101117133_full,phi,prompt_B,blind_baseline,NONE,,,,,3.5
10.3030_101117133_full,phi,prompt_B,pi_main,PI+F_N+LOW_I+HIGH_B,F_N,LOW_I,HIGH_B,,3.5
10.3030_101117133_full,phi,prompt_B,pi_main,PI+F_N+LOW_I+LOW_B,F_N,LOW_I,LOW_B,,3.0
10.3030_101117133_full,phi,prompt_B,pi_main,PI+F_N+TOP_I+HIGH_B,F_N,TOP_I,HIGH_B,,3.5
10.3030_101117133_full,phi,prompt_B,pi_main,PI+F_N+TOP_I+LOW_B,F_N,TOP_I,LOW_B,,3.0
10.3030_101117133_full,phi,prompt_B,pi_main,PI+M_N+LOW_I+HIGH_B,M_N,LOW_I,HIGH_B,,3.5
10.3030_101117133_full,phi,prompt_B,pi_main,PI+M_N+LOW_I+LOW_B,M_N,LOW_I,LOW_B,,3.0
10.3030_101117133_full,phi,prompt_B,pi_main,PI+M_N+TOP_I+HIGH_B,M_N,TOP_I,HIGH_B,,3.5
10.3030_101117133_full,phi,prompt_B,pi_main,PI+M_N+TOP_I+LOW_B,M_N,TOP_I,LOW_B,,3.0
10.3030_101117133_full,phi,prompt_C,ai_main,AI+AI_N,,,,AI_N,3.5
10.3030_101117133_full,phi,prompt_C,ai_main,AI+AI_Y,,,,AI_Y,3.0
10.3030_101117133_full,phi,prompt_C,blind_baseline,NONE,,,,,3.5
10.3030_101117133_full,phi,prompt_C,pi_main,PI+F_N+LOW_I+HIGH_B,F_N,LOW_I,HIGH_B,,3.0
10.3030_101117133_full,phi,prompt_C,pi_main,PI+F_N+LOW_I+LOW_B,F_N,LOW_I,LOW_B,,3.0
10.3030_101117133_full,phi,prompt_C,pi_main,PI+F_N+TOP_I+HIGH_B,F_N,TOP_I,HIGH_B,,3.2
10.3030_101117133_full,phi,prompt_C,pi_main,PI+F_N+TOP_I+LOW_B,F_N,TOP_I,LOW_B,,3.0
10.3030_101117133_full,phi,prompt_C,pi_main,PI+M_N+LOW_I+HIGH_B,M_N,LOW_I,HIGH_B,,3.0
10.3030_101117133_full,phi,prompt_C,pi_main,PI+M_N+LOW_I+LOW_B,M_N,LOW_I,LOW_B,,3.0
10.3030_101117133_full,phi,prompt_C,pi_main,PI+M_N+TOP_I+HIGH_B,M_N,TOP_I,HIGH_B,,3.5
10.3030_101117133_full,phi,prompt_C,pi_main,PI+M_N+TOP_I+LOW_B,M_N,TOP_I,LOW_B,,3.0
10.3030_101122653_full,deepseek,prompt_A,ai_main,AI+AI_N,,,,AI_N,3.1
10.3030_101122653_full,deepseek,prompt_A,ai_main,AI+AI_Y,,,,AI_Y,3.1
10.3030_101122653_full,deepseek,prompt_A,blind_baseline,NONE,,,,,3.3
10.3030_101122653_full,deepseek,prompt_A,pi_main,PI+F_N+LOW_I+HIGH_B,F_N,LOW_I,HIGH_B,,3.6
10.3030_101122653_full,deepseek,prompt_A,pi_main,PI+F_N+LOW_I+LOW_B,F_N,LOW_I,LOW_B,,2.9
10.3030_101122653_full,deepseek,prompt_A,pi_main,PI+F_N+TOP_I+HIGH_B,F_N,TOP_I,HIGH_B,,3.1
10.3030_101122653_full,deepseek,prompt_A,pi_main,PI+F_N+TOP_I+LOW_B,F_N,TOP_I,LOW_B,,3.0
10.3030_101122653_full,deepseek,prompt_A,pi_main,PI+M_N+LOW_I+HIGH_B,M_N,LOW_I,HIGH_B,,3.0
10.3030_101122653_full,deepseek,prompt_A,pi_main,PI+M_N+LOW_I+LOW_B,M_N,LOW_I,LOW_B,,3.0
10.3030_101122653_full,deepseek,prompt_A,pi_main,PI+M_N+TOP_I+HIGH_B,M_N,TOP_I,HIGH_B,,3.2
10.3030_101122653_full,deepseek,prompt_A,pi_main,PI+M_N+TOP_I+LOW_B,M_N,TOP_I,LOW_B,,2.9
10.3030_101122653_full,deepseek,prompt_B,ai_main,AI+AI_N,,,,AI_N,3.1
10.3030_101122653_full,deepseek,prompt_B,ai_main,AI+AI_Y,,,,AI_Y,3.0
10.3030_101122653_full,deepseek,prompt_B,blind_baseline,NONE,,,,,3.3
10.3030_101122653_full,deepseek,prompt_B,pi_main,PI+F_N+LOW_I+HIGH_B,F_N,LOW_I,HIGH_B,,3.2
10.3030_101122653_full,deepseek,prompt_B,pi_main,PI+F_N+LOW_I+LOW_B,F_N,LOW_I,LOW_B,,3.1
10.3030_101122653_full,deepseek,prompt_B,pi_main,PI+F_N+TOP_I+HIGH_B,F_N,TOP_I,HIGH_B,,3.0
10.3030_101122653_full,deepseek,prompt_B,pi_main,PI+F_N+TOP_I+LOW_B,F_N,TOP_I,LOW_B,,3.2
10.3030_101122653_full,deepseek,prompt_B,pi_main,PI+M_N+LOW_I+HIGH_B,M_N,LOW_I,HIGH_B,,2.9
10.3030_101122653_full,deepseek,prompt_B,pi_main,PI+M_N+LOW_I+LOW_B,M_N,LOW_I,LOW_B,,3.0
10.3030_101122653_full,deepseek,prompt_B,pi_main,PI+M_N+TOP_I+HIGH_B,M_N,TOP_I,HIGH_B,,3.2
10.3030_101122653_full,deepseek,prompt_B,pi_main,PI+M_N+TOP_I+LOW_B,M_N,TOP_I,LOW_B,,3.3
10.3030_101122653_full,deepseek,prompt_C,ai_main,AI+AI_N,,,,AI_N,3.0
10.3030_101122653_full,deepseek,prompt_C,ai_main,AI+AI_Y,,,,AI_Y,3.0
10.3030_101122653_full,deepseek,prompt_C,blind_baseline,NONE,,,,,3.0
10.3030_101122653_full,deepseek,prompt_C,pi_main,PI+F_N+LOW_I+HIGH_B,F_N,LOW_I,HIGH_B,,3.4
10.3030_101122653_full,deepseek,prompt_C,pi_main,PI+F_N+LOW_I+LOW_B,F_N,LOW_I,LOW_B,,3.2
10.3030_101122653_full,deepseek,prompt_C,pi_main,PI+F_N+TOP_I+HIGH_B,F_N,TOP_I,HIGH_B,,3.4
10.3030_101122653_full,deepseek,prompt_C,pi_main,PI+F_N+TOP_I+LOW_B,F_N,TOP_I,LOW_B,,3.0
10.3030_101122653_full,deepseek,prompt_C,pi_main,PI+M_N+LOW_I+HIGH_B,M_N,LOW_I,HIGH_B,,2.9
10.3030_101122653_full,deepseek,prompt_C,pi_main,PI+M_N+LOW_I+LOW_B,M_N,LOW_I,LOW_B,,3.2
10.3030_101122653_full,deepseek,prompt_C,pi_main,PI+M_N+TOP_I+HIGH_B,M_N,TOP_I,HIGH_B,,3.3
10.3030_101122653_full,deepseek,prompt_C,pi_main,PI+M_N+TOP_I+LOW_B,M_N,TOP_I,LOW_B,,3.2
10.3030_101122653_full,gemma,prompt_A,ai_main,AI+AI_N,,,,AI_N,3.5
10.3030_101122653_full,gemma,prompt_A,ai_main,AI+AI_Y,,,,AI_Y,3.5
10.3030_101122653_full,gemma,prompt_A,blind_baseline,NONE,,,,,3.5
10.3030_101122653_full,gemma,prompt_A,pi_main,PI+F_N+LOW_I+HIGH_B,F_N,LOW_I,HIGH_B,,3.5
10.3030_101122653_full,gemma,prompt_A,pi_main,PI+F_N+LOW_I+LOW_B,F_N,LOW_I,LOW_B,,3.0
10.3030_101122653_full,gemma,prompt_A,pi_main,PI+F_N+TOP_I+HIGH_B,F_N,TOP_I,HIGH_B,,3.5
10.3030_101122653_full,gemma,prompt_A,pi_main,PI+F_N+TOP_I+LOW_B,F_N,TOP_I,LOW_B,,3.5
10.3030_101122653_full,gemma,prompt_A,pi_main,PI+M_N+LOW_I+HIGH_B,M_N,LOW_I,HIGH_B,,3.5
10.3030_101122653_full,gemma,prompt_A,pi_main,PI+M_N+LOW_I+LOW_B,M_N,LOW_I,LOW_B,,3.0
10.3030_101122653_full,gemma,prompt_A,pi_main,PI+M_N+TOP_I+HIGH_B,M_N,TOP_I,HIGH_B,,3.5
10.3030_101122653_full,gemma,prompt_A,pi_main,PI+M_N+TOP_I+LOW_B,M_N,TOP_I,LOW_B,,3.5
10.3030_101122653_full,gemma,prompt_B,ai_main,AI+AI_N,,,,AI_N,3.8
10.3030_101122653_full,gemma,prompt_B,ai_main,AI+AI_Y,,,,AI_Y,3.5
10.3030_101122653_full,gemma,prompt_B,blind_baseline,NONE,,,,,3.5
10.3030_101122653_full,gemma,prompt_B,pi_main,PI+F_N+LOW_I+HIGH_B,F_N,LOW_I,HIGH_B,,3.5
10.3030_101122653_full,gemma,prompt_B,pi_main,PI+F_N+LOW_I+LOW_B,F_N,LOW_I,LOW_B,,3.5
10.3030_101122653_full,gemma,prompt_B,pi_main,PI+F_N+TOP_I+HIGH_B,F_N,TOP_I,HIGH_B,,3.5
10.3030_101122653_full,gemma,prompt_B,pi_main,PI+F_N+TOP_I+LOW_B,F_N,TOP_I,LOW_B,,3.5
10.3030_101122653_full,gemma,prompt_B,pi_main,PI+M_N+LOW_I+HIGH_B,M_N,LOW_I,HIGH_B,,3.5
10.3030_101122653_full,gemma,prompt_B,pi_main,PI+M_N+LOW_I+LOW_B,M_N,LOW_I,LOW_B,,3.5
10.3030_101122653_full,gemma,prompt_B,pi_main,PI+M_N+TOP_I+HIGH_B,M_N,TOP_I,HIGH_B,,3.5
10.3030_101122653_full,gemma,prompt_B,pi_main,PI+M_N+TOP_I+LOW_B,M_N,TOP_I,LOW_B,,3.5
10.3030_101122653_full,gemma,prompt_C,ai_main,AI+AI_N,,,,AI_N,3.5
10.3030_101122653_full,gemma,prompt_C,ai_main,AI+AI_Y,,,,AI_Y,3.5
10.3030_101122653_full,gemma,prompt_C,blind_baseline,NONE,,,,,3.5
10.3030_101122653_full,gemma,prompt_C,pi_main,PI+F_N+LOW_I+HIGH_B,F_N,LOW_I,HIGH_B,,3.5
10.3030_101122653_full,gemma,prompt_C,pi_main,PI+F_N+LOW_I+LOW_B,F_N,LOW_I,LOW_B,,3.3
10.3030_101122653_full,gemma,prompt_C,pi_main,PI+F_N+TOP_I+HIGH_B,F_N,TOP_I,HIGH_B,,3.5
10.3030_101122653_full,gemma,prompt_C,pi_main,PI+F_N+TOP_I+LOW_B,F_N,TOP_I,LOW_B,,3.5
10.3030_101122653_full,gemma,prompt_C,pi_main,PI+M_N+LOW_I+HIGH_B,M_N,LOW_I,HIGH_B,,3.5
10.3030_101122653_full,gemma,prompt_C,pi_main,PI+M_N+LOW_I+LOW_B,M_N,LOW_I,LOW_B,,3.0
10.3030_101122653_full,gemma,prompt_C,pi_main,PI+M_N+TOP_I+HIGH_B,M_N,TOP_I,HIGH_B,,3.5
10.3030_101122653_full,gemma,prompt_C,pi_main,PI+M_N+TOP_I+LOW_B,M_N,TOP_I,LOW_B,,3.5
10.3030_101122653_full,glm,prompt_A,ai_main,AI+AI_N,,,,AI_N,3.5
10.3030_101122653_full,glm,prompt_A,ai_main,AI+AI_Y,,,,AI_Y,3.5
10.3030_101122653_full,glm,prompt_A,blind_baseline,NONE,,,,,3.7
10.3030_101122653_full,glm,prompt_A,pi_main,PI+F_N+LOW_I+HIGH_B,F_N,LOW_I,HIGH_B,,3.6
10.3030_101122653_full,glm,prompt_A,pi_main,PI+F_N+LOW_I+LOW_B,F_N,LOW_I,LOW_B,,3.2
10.3030_101122653_full,glm,prompt_A,pi_main,PI+F_N+TOP_I+HIGH_B,F_N,TOP_I,HIGH_B,,3.9
10.3030_101122653_full,glm,prompt_A,pi_main,PI+F_N+TOP_I+LOW_B,F_N,TOP_I,LOW_B,,3.5
10.3030_101122653_full,glm,prompt_A,pi_main,PI+M_N+LOW_I+HIGH_B,M_N,LOW_I,HIGH_B,,3.6
10.3030_101122653_full,glm,prompt_A,pi_main,PI+M_N+LOW_I+LOW_B,M_N,LOW_I,LOW_B,,3.1
10.3030_101122653_full,glm,prompt_A,pi_main,PI+M_N+TOP_I+HIGH_B,M_N,TOP_I,HIGH_B,,3.7
10.3030_101122653_full,glm,prompt_A,pi_main,PI+M_N+TOP_I+LOW_B,M_N,TOP_I,LOW_B,,3.5
10.3030_101122653_full,glm,prompt_B,ai_main,AI+AI_N,,,,AI_N,3.7
10.3030_101122653_full,glm,prompt_B,ai_main,AI+AI_Y,,,,AI_Y,3.5
10.3030_101122653_full,glm,prompt_B,blind_baseline,NONE,,,,,3.7
10.3030_101122653_full,glm,prompt_B,pi_main,PI+F_N+LOW_I+HIGH_B,F_N,LOW_I,HIGH_B,,3.5
10.3030_101122653_full,glm,prompt_B,pi_main,PI+F_N+LOW_I+LOW_B,F_N,LOW_I,LOW_B,,3.4
10.3030_101122653_full,glm,prompt_B,pi_main,PI+F_N+TOP_I+HIGH_B,F_N,TOP_I,HIGH_B,,3.9
10.3030_101122653_full,glm,prompt_B,pi_main,PI+F_N+TOP_I+LOW_B,F_N,TOP_I,LOW_B,,3.3
10.3030_101122653_full,glm,prompt_B,pi_main,PI+M_N+LOW_I+HIGH_B,M_N,LOW_I,HIGH_B,,3.5
10.3030_101122653_full,glm,prompt_B,pi_main,PI+M_N+LOW_I+LOW_B,M_N,LOW_I,LOW_B,,3.4
10.3030_101122653_full,glm,prompt_B,pi_main,PI+M_N+TOP_I+HIGH_B,M_N,TOP_I,HIGH_B,,3.8
10.3030_101122653_full,glm,prompt_B,pi_main,PI+M_N+TOP_I+LOW_B,M_N,TOP_I,LOW_B,,3.4
10.3030_101122653_full,glm,prompt_C,ai_main,AI+AI_N,,,,AI_N,3.5
10.3030_101122653_full,glm,prompt_C,ai_main,AI+AI_Y,,,,AI_Y,3.5
10.3030_101122653_full,glm,prompt_C,blind_baseline,NONE,,,,,3.7
10.3030_101122653_full,glm,prompt_C,pi_main,PI+F_N+LOW_I+HIGH_B,F_N,LOW_I,HIGH_B,,3.5
10.3030_101122653_full,glm,prompt_C,pi_main,PI+F_N+LOW_I+LOW_B,F_N,LOW_I,LOW_B,,3.4
10.3030_101122653_full,glm,prompt_C,pi_main,PI+F_N+TOP_I+HIGH_B,F_N,TOP_I,HIGH_B,,3.7
10.3030_101122653_full,glm,prompt_C,pi_main,PI+F_N+TOP_I+LOW_B,F_N,TOP_I,LOW_B,,3.5
10.3030_101122653_full,glm,prompt_C,pi_main,PI+M_N+LOW_I+HIGH_B,M_N,LOW_I,HIGH_B,,3.6
10.3030_101122653_full,glm,prompt_C,pi_main,PI+M_N+LOW_I+LOW_B,M_N,LOW_I,LOW_B,,3.2
10.3030_101122653_full,glm,prompt_C,pi_main,PI+M_N+TOP_I+HIGH_B,M_N,TOP_I,HIGH_B,,3.8
10.3030_101122653_full,glm,prompt_C,pi_main,PI+M_N+TOP_I+LOW_B,M_N,TOP_I,LOW_B,,3.3
10.3030_101122653_full,gpt,prompt_A,ai_main,AI+AI_N,,,,AI_N,3.5
10.3030_101122653_full,gpt,prompt_A,ai_main,AI+AI_Y,,,,AI_Y,3.5
10.3030_101122653_full,gpt,prompt_A,blind_baseline,NONE,,,,,3.5
10.3030_101122653_full,gpt,prompt_A,pi_main,PI+F_N+LOW_I+HIGH_B,F_N,LOW_I,HIGH_B,,3.8
10.3030_101122653_full,gpt,prompt_A,pi_main,PI+F_N+LOW_I+LOW_B,F_N,LOW_I,LOW_B,,3.5
10.3030_101122653_full,gpt,prompt_A,pi_main,PI+F_N+TOP_I+HIGH_B,F_N,TOP_I,HIGH_B,,3.5
10.3030_101122653_full,gpt,prompt_A,pi_main,PI+F_N+TOP_I+LOW_B,F_N,TOP_I,LOW_B,,3.5
10.3030_101122653_full,gpt,prompt_A,pi_main,PI+M_N+LOW_I+HIGH_B,M_N,LOW_I,HIGH_B,,3.5
10.3030_101122653_full,gpt,prompt_A,pi_main,PI+M_N+LOW_I+LOW_B,M_N,LOW_I,LOW_B,,3.5
10.3030_101122653_full,gpt,prompt_A,pi_main,PI+M_N+TOP_I+HIGH_B,M_N,TOP_I,HIGH_B,,3.5
10.3030_101122653_full,gpt,prompt_A,pi_main,PI+M_N+TOP_I+LOW_B,M_N,TOP_I,LOW_B,,3.5
10.3030_101122653_full,gpt,prompt_B,ai_main,AI+AI_N,,,,AI_N,3.5
10.3030_101122653_full,gpt,prompt_B,ai_main,AI+AI_Y,,,,AI_Y,3.6
10.3030_101122653_full,gpt,prompt_B,blind_baseline,NONE,,,,,3.5
10.3030_101122653_full,gpt,prompt_B,pi_main,PI+F_N+LOW_I+HIGH_B,F_N,LOW_I,HIGH_B,,3.5
10.3030_101122653_full,gpt,prompt_B,pi_main,PI+F_N+LOW_I+LOW_B,F_N,LOW_I,LOW_B,,3.6
10.3030_101122653_full,gpt,prompt_B,pi_main,PI+F_N+TOP_I+HIGH_B,F_N,TOP_I,HIGH_B,,3.5
10.3030_101122653_full,gpt,prompt_B,pi_main,PI+F_N+TOP_I+LOW_B,F_N,TOP_I,LOW_B,,3.5
10.3030_101122653_full,gpt,prompt_B,pi_main,PI+M_N+LOW_I+HIGH_B,M_N,LOW_I,HIGH_B,,3.5
10.3030_101122653_full,gpt,prompt_B,pi_main,PI+M_N+LOW_I+LOW_B,M_N,LOW_I,LOW_B,,3.5
10.3030_101122653_full,gpt,prompt_B,pi_main,PI+M_N+TOP_I+HIGH_B,M_N,TOP_I,HIGH_B,,3.5
10.3030_101122653_full,gpt,prompt_B,pi_main,PI+M_N+TOP_I+LOW_B,M_N,TOP_I,LOW_B,,3.5
10.3030_101122653_full,gpt,prompt_C,ai_main,AI+AI_N,,,,AI_N,3.5
10.3030_101122653_full,gpt,prompt_C,ai_main,AI+AI_Y,,,,AI_Y,3.5
10.3030_101122653_full,gpt,prompt_C,blind_baseline,NONE,,,,,3.5
10.3030_101122653_full,gpt,prompt_C,pi_main,PI+F_N+LOW_I+HIGH_B,F_N,LOW_I,HIGH_B,,3.5
10.3030_101122653_full,gpt,prompt_C,pi_main,PI+F_N+LOW_I+LOW_B,F_N,LOW_I,LOW_B,,3.5
10.3030_101122653_full,gpt,prompt_C,pi_main,PI+F_N+TOP_I+HIGH_B,F_N,TOP_I,HIGH_B,,3.5
10.3030_101122653_full,gpt,prompt_C,pi_main,PI+F_N+TOP_I+LOW_B,F_N,TOP_I,LOW_B,,3.5
10.3030_101122653_full,gpt,prompt_C,pi_main,PI+M_N+LOW_I+HIGH_B,M_N,LOW_I,HIGH_B,,3.5
10.3030_101122653_full,gpt,prompt_C,pi_main,PI+M_N+LOW_I+LOW_B,M_N,LOW_I,LOW_B,,3.5
10.3030_101122653_full,gpt,prompt_C,pi_main,PI+M_N+TOP_I+HIGH_B,M_N,TOP_I,HIGH_B,,3.5
10.3030_101122653_full,gpt,prompt_C,pi_main,PI+M_N+TOP_I+LOW_B,M_N,TOP_I,LOW_B,,3.5
10.3030_101122653_full,kimi,prompt_A,ai_main,AI+AI_N,,,,AI_N,3.5
10.3030_101122653_full,kimi,prompt_A,ai_main,AI+AI_Y,,,,AI_Y,3.5
10.3030_101122653_full,kimi,prompt_A,blind_baseline,NONE,,,,,3.5
10.3030_101122653_full,kimi,prompt_A,pi_main,PI+F_N+LOW_I+HIGH_B,F_N,LOW_I,HIGH_B,,3.6
10.3030_101122653_full,kimi,prompt_A,pi_main,PI+F_N+LOW_I+LOW_B,F_N,LOW_I,LOW_B,,3.5
10.3030_101122653_full,kimi,prompt_A,pi_main,PI+F_N+TOP_I+HIGH_B,F_N,TOP_I,HIGH_B,,3.5
10.3030_101122653_full,kimi,prompt_A,pi_main,PI+F_N+TOP_I+LOW_B,F_N,TOP_I,LOW_B,,3.5
10.3030_101122653_full,kimi,prompt_A,pi_main,PI+M_N+LOW_I+HIGH_B,M_N,LOW_I,HIGH_B,,3.5
10.3030_101122653_full,kimi,prompt_A,pi_main,PI+M_N+LOW_I+LOW_B,M_N,LOW_I,LOW_B,,3.5
10.3030_101122653_full,kimi,prompt_A,pi_main,PI+M_N+TOP_I+HIGH_B,M_N,TOP_I,HIGH_B,,3.5
10.3030_101122653_full,kimi,prompt_A,pi_main,PI+M_N+TOP_I+LOW_B,M_N,TOP_I,LOW_B,,3.5
10.3030_101122653_full,kimi,prompt_B,ai_main,AI+AI_N,,,,AI_N,3.8
10.3030_101122653_full,kimi,prompt_B,ai_main,AI+AI_Y,,,,AI_Y,3.6
10.3030_101122653_full,kimi,prompt_B,blind_baseline,NONE,,,,,3.6
10.3030_101122653_full,kimi,prompt_B,pi_main,PI+F_N+LOW_I+HIGH_B,F_N,LOW_I,HIGH_B,,3.5
10.3030_101122653_full,kimi,prompt_B,pi_main,PI+F_N+LOW_I+LOW_B,F_N,LOW_I,LOW_B,,3.5
10.3030_101122653_full,kimi,prompt_B,pi_main,PI+F_N+TOP_I+HIGH_B,F_N,TOP_I,HIGH_B,,3.5
10.3030_101122653_full,kimi,prompt_B,pi_main,PI+F_N+TOP_I+LOW_B,F_N,TOP_I,LOW_B,,3.5
10.3030_101122653_full,kimi,prompt_B,pi_main,PI+M_N+LOW_I+HIGH_B,M_N,LOW_I,HIGH_B,,3.5
10.3030_101122653_full,kimi,prompt_B,pi_main,PI+M_N+LOW_I+LOW_B,M_N,LOW_I,LOW_B,,3.5
10.3030_101122653_full,kimi,prompt_B,pi_main,PI+M_N+TOP_I+HIGH_B,M_N,TOP_I,HIGH_B,,3.6
10.3030_101122653_full,kimi,prompt_B,pi_main,PI+M_N+TOP_I+LOW_B,M_N,TOP_I,LOW_B,,3.5
10.3030_101122653_full,kimi,prompt_C,ai_main,AI+AI_N,,,,AI_N,3.7
10.3030_101122653_full,kimi,prompt_C,ai_main,AI+AI_Y,,,,AI_Y,3.6
10.3030_101122653_full,kimi,prompt_C,blind_baseline,NONE,,,,,3.6
10.3030_101122653_full,kimi,prompt_C,pi_main,PI+F_N+LOW_I+HIGH_B,F_N,LOW_I,HIGH_B,,3.5
10.3030_101122653_full,kimi,prompt_C,pi_main,PI+F_N+LOW_I+LOW_B,F_N,LOW_I,LOW_B,,3.5
10.3030_101122653_full,kimi,prompt_C,pi_main,PI+F_N+TOP_I+HIGH_B,F_N,TOP_I,HIGH_B,,3.8
10.3030_101122653_full,kimi,prompt_C,pi_main,PI+F_N+TOP_I+LOW_B,F_N,TOP_I,LOW_B,,3.5
10.3030_101122653_full,kimi,prompt_C,pi_main,PI+M_N+LOW_I+HIGH_B,M_N,LOW_I,HIGH_B,,3.6
10.3030_101122653_full,kimi,prompt_C,pi_main,PI+M_N+LOW_I+LOW_B,M_N,LOW_I,LOW_B,,3.5
10.3030_101122653_full,kimi,prompt_C,pi_main,PI+M_N+TOP_I+HIGH_B,M_N,TOP_I,HIGH_B,,3.6
10.3030_101122653_full,kimi,prompt_C,pi_main,PI+M_N+TOP_I+LOW_B,M_N,TOP_I,LOW_B,,3.5
10.3030_101122653_full,ministral,prompt_A,ai_main,AI+AI_N,,,,AI_N,4.0
10.3030_101122653_full,ministral,prompt_A,ai_main,AI+AI_Y,,,,AI_Y,4.0
10.3030_101122653_full,ministral,prompt_A,blind_baseline,NONE,,,,,4.0
10.3030_101122653_full,ministral,prompt_A,pi_main,PI+F_N+LOW_I+HIGH_B,F_N,LOW_I,HIGH_B,,4.0
10.3030_101122653_full,ministral,prompt_A,pi_main,PI+F_N+LOW_I+LOW_B,F_N,LOW_I,LOW_B,,3.5
10.3030_101122653_full,ministral,prompt_A,pi_main,PI+F_N+TOP_I+HIGH_B,F_N,TOP_I,HIGH_B,,4.0
10.3030_101122653_full,ministral,prompt_A,pi_main,PI+F_N+TOP_I+LOW_B,F_N,TOP_I,LOW_B,,3.5
10.3030_101122653_full,ministral,prompt_A,pi_main,PI+M_N+LOW_I+HIGH_B,M_N,LOW_I,HIGH_B,,4.0
10.3030_101122653_full,ministral,prompt_A,pi_main,PI+M_N+LOW_I+LOW_B,M_N,LOW_I,LOW_B,,3.5
10.3030_101122653_full,ministral,prompt_A,pi_main,PI+M_N+TOP_I+HIGH_B,M_N,TOP_I,HIGH_B,,4.0
10.3030_101122653_full,ministral,prompt_A,pi_main,PI+M_N+TOP_I+LOW_B,M_N,TOP_I,LOW_B,,3.5
10.3030_101122653_full,ministral,prompt_B,ai_main,AI+AI_N,,,,AI_N,4.0
10.3030_101122653_full,ministral,prompt_B,ai_main,AI+AI_Y,,,,AI_Y,3.5
10.3030_101122653_full,ministral,prompt_B,blind_baseline,NONE,,,,,4.0
10.3030_101122653_full,ministral,prompt_B,pi_main,PI+F_N+LOW_I+HIGH_B,F_N,LOW_I,HIGH_B,,4.0
10.3030_101122653_full,ministral,prompt_B,pi_main,PI+F_N+LOW_I+LOW_B,F_N,LOW_I,LOW_B,,3.5
10.3030_101122653_full,ministral,prompt_B,pi_main,PI+F_N+TOP_I+HIGH_B,F_N,TOP_I,HIGH_B,,4.0
10.3030_101122653_full,ministral,prompt_B,pi_main,PI+F_N+TOP_I+LOW_B,F_N,TOP_I,LOW_B,,3.5
10.3030_101122653_full,ministral,prompt_B,pi_main,PI+M_N+LOW_I+HIGH_B,M_N,LOW_I,HIGH_B,,4.0
10.3030_101122653_full,ministral,prompt_B,pi_main,PI+M_N+LOW_I+LOW_B,M_N,LOW_I,LOW_B,,3.5
10.3030_101122653_full,ministral,prompt_B,pi_main,PI+M_N+TOP_I+HIGH_B,M_N,TOP_I,HIGH_B,,4.0
10.3030_101122653_full,ministral,prompt_B,pi_main,PI+M_N+TOP_I+LOW_B,M_N,TOP_I,LOW_B,,3.5
10.3030_101122653_full,ministral,prompt_C,ai_main,AI+AI_N,,,,AI_N,4.0
10.3030_101122653_full,ministral,prompt_C,ai_main,AI+AI_Y,,,,AI_Y,3.5
10.3030_101122653_full,ministral,prompt_C,blind_baseline,NONE,,,,,4.0
10.3030_101122653_full,ministral,prompt_C,pi_main,PI+F_N+LOW_I+HIGH_B,F_N,LOW_I,HIGH_B,,4.0
10.3030_101122653_full,ministral,prompt_C,pi_main,PI+F_N+LOW_I+LOW_B,F_N,LOW_I,LOW_B,,3.5
10.3030_101122653_full,ministral,prompt_C,pi_main,PI+F_N+TOP_I+HIGH_B,F_N,TOP_I,HIGH_B,,4.0
10.3030_101122653_full,ministral,prompt_C,pi_main,PI+F_N+TOP_I+LOW_B,F_N,TOP_I,LOW_B,,3.5
10.3030_101122653_full,ministral,prompt_C,pi_main,PI+M_N+LOW_I+HIGH_B,M_N,LOW_I,HIGH_B,,4.0
10.3030_101122653_full,ministral,prompt_C,pi_main,PI+M_N+LOW_I+LOW_B,M_N,LOW_I,LOW_B,,3.5
10.3030_101122653_full,ministral,prompt_C,pi_main,PI+M_N+TOP_I+HIGH_B,M_N,TOP_I,HIGH_B,,4.0
10.3030_101122653_full,ministral,prompt_C,pi_main,PI+M_N+TOP_I+LOW_B,M_N,TOP_I,LOW_B,,3.5
10.3030_101122653_full,mistral,prompt_A,ai_main,AI+AI_N,,,,AI_N,3.8
10.3030_101122653_full,mistral,prompt_A,ai_main,AI+AI_Y,,,,AI_Y,3.7
10.3030_101122653_full,mistral,prompt_A,blind_baseline,NONE,,,,,3.8
10.3030_101122653_full,mistral,prompt_A,pi_main,PI+F_N+LOW_I+HIGH_B,F_N,LOW_I,HIGH_B,,3.7
10.3030_101122653_full,mistral,prompt_A,pi_main,PI+F_N+LOW_I+LOW_B,F_N,LOW_I,LOW_B,,3.6
10.3030_101122653_full,mistral,prompt_A,pi_main,PI+F_N+TOP_I+HIGH_B,F_N,TOP_I,HIGH_B,,3.8
10.3030_101122653_full,mistral,prompt_A,pi_main,PI+F_N+TOP_I+LOW_B,F_N,TOP_I,LOW_B,,3.6
10.3030_101122653_full,mistral,prompt_A,pi_main,PI+M_N+LOW_I+HIGH_B,M_N,LOW_I,HIGH_B,,3.7
10.3030_101122653_full,mistral,prompt_A,pi_main,PI+M_N+LOW_I+LOW_B,M_N,LOW_I,LOW_B,,3.5
10.3030_101122653_full,mistral,prompt_A,pi_main,PI+M_N+TOP_I+HIGH_B,M_N,TOP_I,HIGH_B,,3.9
10.3030_101122653_full,mistral,prompt_A,pi_main,PI+M_N+TOP_I+LOW_B,M_N,TOP_I,LOW_B,,3.6
10.3030_101122653_full,mistral,prompt_B,ai_main,AI+AI_N,,,,AI_N,3.7
10.3030_101122653_full,mistral,prompt_B,ai_main,AI+AI_Y,,,,AI_Y,3.7
10.3030_101122653_full,mistral,prompt_B,blind_baseline,NONE,,,,,3.6
10.3030_101122653_full,mistral,prompt_B,pi_main,PI+F_N+LOW_I+HIGH_B,F_N,LOW_I,HIGH_B,,3.9
10.3030_101122653_full,mistral,prompt_B,pi_main,PI+F_N+LOW_I+LOW_B,F_N,LOW_I,LOW_B,,3.7
10.3030_101122653_full,mistral,prompt_B,pi_main,PI+F_N+TOP_I+HIGH_B,F_N,TOP_I,HIGH_B,,4.0
10.3030_101122653_full,mistral,prompt_B,pi_main,PI+F_N+TOP_I+LOW_B,F_N,TOP_I,LOW_B,,4.0
10.3030_101122653_full,mistral,prompt_B,pi_main,PI+M_N+LOW_I+HIGH_B,M_N,LOW_I,HIGH_B,,3.9
10.3030_101122653_full,mistral,prompt_B,pi_main,PI+M_N+LOW_I+LOW_B,M_N,LOW_I,LOW_B,,3.7
10.3030_101122653_full,mistral,prompt_B,pi_main,PI+M_N+TOP_I+HIGH_B,M_N,TOP_I,HIGH_B,,4.0
10.3030_101122653_full,mistral,prompt_B,pi_main,PI+M_N+TOP_I+LOW_B,M_N,TOP_I,LOW_B,,4.0
10.3030_101122653_full,mistral,prompt_C,ai_main,AI+AI_N,,,,AI_N,4.0
10.3030_101122653_full,mistral,prompt_C,ai_main,AI+AI_Y,,,,AI_Y,3.7
10.3030_101122653_full,mistral,prompt_C,blind_baseline,NONE,,,,,4.0
10.3030_101122653_full,mistral,prompt_C,pi_main,PI+F_N+LOW_I+HIGH_B,F_N,LOW_I,HIGH_B,,3.8
10.3030_101122653_full,mistral,prompt_C,pi_main,PI+F_N+LOW_I+LOW_B,F_N,LOW_I,LOW_B,,4.0
10.3030_101122653_full,mistral,prompt_C,pi_main,PI+F_N+TOP_I+HIGH_B,F_N,TOP_I,HIGH_B,,4.0
10.3030_101122653_full,mistral,prompt_C,pi_main,PI+F_N+TOP_I+LOW_B,F_N,TOP_I,LOW_B,,3.9
10.3030_101122653_full,mistral,prompt_C,pi_main,PI+M_N+LOW_I+HIGH_B,M_N,LOW_I,HIGH_B,,3.9
10.3030_101122653_full,mistral,prompt_C,pi_main,PI+M_N+LOW_I+LOW_B,M_N,LOW_I,LOW_B,,3.7
10.3030_101122653_full,mistral,prompt_C,pi_main,PI+M_N+TOP_I+HIGH_B,M_N,TOP_I,HIGH_B,,3.9
10.3030_101122653_full,mistral,prompt_C,pi_main,PI+M_N+TOP_I+LOW_B,M_N,TOP_I,LOW_B,,3.7
10.3030_101122653_full,phi,prompt_A,ai_main,AI+AI_N,,,,AI_N,3.5
10.3030_101122653_full,phi,prompt_A,ai_main,AI+AI_Y,,,,AI_Y,3.5
10.3030_101122653_full,phi,prompt_A,blind_baseline,NONE,,,,,3.5
10.3030_101122653_full,phi,prompt_A,pi_main,PI+F_N+LOW_I+HIGH_B,F_N,LOW_I,HIGH_B,,3.5
10.3030_101122653_full,phi,prompt_A,pi_main,PI+F_N+LOW_I+LOW_B,F_N,LOW_I,LOW_B,,3.0
10.3030_101122653_full,phi,prompt_A,pi_main,PI+F_N+TOP_I+HIGH_B,F_N,TOP_I,HIGH_B,,3.5
10.3030_101122653_full,phi,prompt_A,pi_main,PI+F_N+TOP_I+LOW_B,F_N,TOP_I,LOW_B,,3.5
10.3030_101122653_full,phi,prompt_A,pi_main,PI+M_N+LOW_I+HIGH_B,M_N,LOW_I,HIGH_B,,3.5
10.3030_101122653_full,phi,prompt_A,pi_main,PI+M_N+LOW_I+LOW_B,M_N,LOW_I,LOW_B,,3.0
10.3030_101122653_full,phi,prompt_A,pi_main,PI+M_N+TOP_I+HIGH_B,M_N,TOP_I,HIGH_B,,3.5
10.3030_101122653_full,phi,prompt_A,pi_main,PI+M_N+TOP_I+LOW_B,M_N,TOP_I,LOW_B,,3.5
10.3030_101122653_full,phi,prompt_B,ai_main,AI+AI_N,,,,AI_N,3.5
10.3030_101122653_full,phi,prompt_B,ai_main,AI+AI_Y,,,,AI_Y,3.0
10.3030_101122653_full,phi,prompt_B,blind_baseline,NONE,,,,,3.5
10.3030_101122653_full,phi,prompt_B,pi_main,PI+F_N+LOW_I+HIGH_B,F_N,LOW_I,HIGH_B,,3.5
10.3030_101122653_full,phi,prompt_B,pi_main,PI+F_N+LOW_I+LOW_B,F_N,LOW_I,LOW_B,,3.5
10.3030_101122653_full,phi,prompt_B,pi_main,PI+F_N+TOP_I+HIGH_B,F_N,TOP_I,HIGH_B,,3.5
10.3030_101122653_full,phi,prompt_B,pi_main,PI+F_N+TOP_I+LOW_B,F_N,TOP_I,LOW_B,,3.5
10.3030_101122653_full,phi,prompt_B,pi_main,PI+M_N+LOW_I+HIGH_B,M_N,LOW_I,HIGH_B,,3.5
10.3030_101122653_full,phi,prompt_B,pi_main,PI+M_N+LOW_I+LOW_B,M_N,LOW_I,LOW_B,,3.0
10.3030_101122653_full,phi,prompt_B,pi_main,PI+M_N+TOP_I+HIGH_B,M_N,TOP_I,HIGH_B,,3.5
10.3030_101122653_full,phi,prompt_B,pi_main,PI+M_N+TOP_I+LOW_B,M_N,TOP_I,LOW_B,,3.5
10.3030_101122653_full,phi,prompt_C,ai_main,AI+AI_N,,,,AI_N,3.5
10.3030_101122653_full,phi,prompt_C,ai_main,AI+AI_Y,,,,AI_Y,3.5
10.3030_101122653_full,phi,prompt_C,blind_baseline,NONE,,,,,3.5
10.3030_101122653_full,phi,prompt_C,pi_main,PI+F_N+LOW_I+HIGH_B,F_N,LOW_I,HIGH_B,,3.5
10.3030_101122653_full,phi,prompt_C,pi_main,PI+F_N+LOW_I+LOW_B,F_N,LOW_I,LOW_B,,3.0
10.3030_101122653_full,phi,prompt_C,pi_main,PI+F_N+TOP_I+HIGH_B,F_N,TOP_I,HIGH_B,,3.5
10.3030_101122653_full,phi,prompt_C,pi_main,PI+F_N+TOP_I+LOW_B,F_N,TOP_I,LOW_B,,3.5
10.3030_101122653_full,phi,prompt_C,pi_main,PI+M_N+LOW_I+HIGH_B,M_N,LOW_I,HIGH_B,,3.5
10.3030_101122653_full,phi,prompt_C,pi_main,PI+M_N+LOW_I+LOW_B,M_N,LOW_I,LOW_B,,3.0
10.3030_101122653_full,phi,prompt_C,pi_main,PI+M_N+TOP_I+HIGH_B,M_N,TOP_I,HIGH_B,,3.5
10.3030_101122653_full,phi,prompt_C,pi_main,PI+M_N+TOP_I+LOW_B,M_N,TOP_I,LOW_B,,3.0
10.3030_101123732_full,deepseek,prompt_A,ai_main,AI+AI_N,,,,AI_N,3.5
10.3030_101123732_full,deepseek,prompt_A,ai_main,AI+AI_Y,,,,AI_Y,3.3
10.3030_101123732_full,deepseek,prompt_A,blind_baseline,NONE,,,,,3.4
10.3030_101123732_full,deepseek,prompt_A,pi_main,PI+F_N+LOW_I+HIGH_B,F_N,LOW_I,HIGH_B,,3.2
10.3030_101123732_full,deepseek,prompt_A,pi_main,PI+F_N+LOW_I+LOW_B,F_N,LOW_I,LOW_B,,3.0
10.3030_101123732_full,deepseek,prompt_A,pi_main,PI+F_N+TOP_I+HIGH_B,F_N,TOP_I,HIGH_B,,3.4
10.3030_101123732_full,deepseek,prompt_A,pi_main,PI+F_N+TOP_I+LOW_B,F_N,TOP_I,LOW_B,,3.4
10.3030_101123732_full,deepseek,prompt_A,pi_main,PI+M_N+LOW_I+HIGH_B,M_N,LOW_I,HIGH_B,,3.1
10.3030_101123732_full,deepseek,prompt_A,pi_main,PI+M_N+LOW_I+LOW_B,M_N,LOW_I,LOW_B,,3.0
10.3030_101123732_full,deepseek,prompt_A,pi_main,PI+M_N+TOP_I+HIGH_B,M_N,TOP_I,HIGH_B,,3.5
10.3030_101123732_full,deepseek,prompt_A,pi_main,PI+M_N+TOP_I+LOW_B,M_N,TOP_I,LOW_B,,3.3
10.3030_101123732_full,deepseek,prompt_B,ai_main,AI+AI_N,,,,AI_N,3.3
10.3030_101123732_full,deepseek,prompt_B,ai_main,AI+AI_Y,,,,AI_Y,3.4
10.3030_101123732_full,deepseek,prompt_B,blind_baseline,NONE,,,,,3.9
10.3030_101123732_full,deepseek,prompt_B,pi_main,PI+F_N+LOW_I+HIGH_B,F_N,LOW_I,HIGH_B,,3.5
10.3030_101123732_full,deepseek,prompt_B,pi_main,PI+F_N+LOW_I+LOW_B,F_N,LOW_I,LOW_B,,3.5
10.3030_101123732_full,deepseek,prompt_B,pi_main,PI+F_N+TOP_I+HIGH_B,F_N,TOP_I,HIGH_B,,3.7
10.3030_101123732_full,deepseek,prompt_B,pi_main,PI+F_N+TOP_I+LOW_B,F_N,TOP_I,LOW_B,,3.4
10.3030_101123732_full,deepseek,prompt_B,pi_main,PI+M_N+LOW_I+HIGH_B,M_N,LOW_I,HIGH_B,,3.2
10.3030_101123732_full,deepseek,prompt_B,pi_main,PI+M_N+LOW_I+LOW_B,M_N,LOW_I,LOW_B,,3.3
10.3030_101123732_full,deepseek,prompt_B,pi_main,PI+M_N+TOP_I+HIGH_B,M_N,TOP_I,HIGH_B,,3.3
10.3030_101123732_full,deepseek,prompt_B,pi_main,PI+M_N+TOP_I+LOW_B,M_N,TOP_I,LOW_B,,3.3
10.3030_101123732_full,deepseek,prompt_C,ai_main,AI+AI_N,,,,AI_N,3.4
10.3030_101123732_full,deepseek,prompt_C,ai_main,AI+AI_Y,,,,AI_Y,3.2
10.3030_101123732_full,deepseek,prompt_C,blind_baseline,NONE,,,,,3.4
10.3030_101123732_full,deepseek,prompt_C,pi_main,PI+F_N+LOW_I+HIGH_B,F_N,LOW_I,HIGH_B,,3.6
10.3030_101123732_full,deepseek,prompt_C,pi_main,PI+F_N+LOW_I+LOW_B,F_N,LOW_I,LOW_B,,3.4
10.3030_101123732_full,deepseek,prompt_C,pi_main,PI+F_N+TOP_I+HIGH_B,F_N,TOP_I,HIGH_B,,3.6
10.3030_101123732_full,deepseek,prompt_C,pi_main,PI+F_N+TOP_I+LOW_B,F_N,TOP_I,LOW_B,,3.4
10.3030_101123732_full,deepseek,prompt_C,pi_main,PI+M_N+LOW_I+HIGH_B,M_N,LOW_I,HIGH_B,,3.4
10.3030_101123732_full,deepseek,prompt_C,pi_main,PI+M_N+LOW_I+LOW_B,M_N,LOW_I,LOW_B,,3.2
10.3030_101123732_full,deepseek,prompt_C,pi_main,PI+M_N+TOP_I+HIGH_B,M_N,TOP_I,HIGH_B,,3.7
10.3030_101123732_full,deepseek,prompt_C,pi_main,PI+M_N+TOP_I+LOW_B,M_N,TOP_I,LOW_B,,3.7
10.3030_101123732_full,gemma,prompt_A,ai_main,AI+AI_N,,,,AI_N,3.5
10.3030_101123732_full,gemma,prompt_A,ai_main,AI+AI_Y,,,,AI_Y,3.0
10.3030_101123732_full,gemma,prompt_A,blind_baseline,NONE,,,,,3.5
10.3030_101123732_full,gemma,prompt_A,pi_main,PI+F_N+LOW_I+HIGH_B,F_N,LOW_I,HIGH_B,,3.5
10.3030_101123732_full,gemma,prompt_A,pi_main,PI+F_N+LOW_I+LOW_B,F_N,LOW_I,LOW_B,,3.0
10.3030_101123732_full,gemma,prompt_A,pi_main,PI+F_N+TOP_I+HIGH_B,F_N,TOP_I,HIGH_B,,3.5
10.3030_101123732_full,gemma,prompt_A,pi_main,PI+F_N+TOP_I+LOW_B,F_N,TOP_I,LOW_B,,3.0
10.3030_101123732_full,gemma,prompt_A,pi_main,PI+M_N+LOW_I+HIGH_B,M_N,LOW_I,HIGH_B,,3.5
10.3030_101123732_full,gemma,prompt_A,pi_main,PI+M_N+LOW_I+LOW_B,M_N,LOW_I,LOW_B,,3.0
10.3030_101123732_full,gemma,prompt_A,pi_main,PI+M_N+TOP_I+HIGH_B,M_N,TOP_I,HIGH_B,,3.5
10.3030_101123732_full,gemma,prompt_A,pi_main,PI+M_N+TOP_I+LOW_B,M_N,TOP_I,LOW_B,,3.0
10.3030_101123732_full,gemma,prompt_B,ai_main,AI+AI_N,,,,AI_N,3.5
10.3030_101123732_full,gemma,prompt_B,ai_main,AI+AI_Y,,,,AI_Y,3.5
10.3030_101123732_full,gemma,prompt_B,blind_baseline,NONE,,,,,3.5
10.3030_101123732_full,gemma,prompt_B,pi_main,PI+F_N+LOW_I+HIGH_B,F_N,LOW_I,HIGH_B,,3.5
10.3030_101123732_full,gemma,prompt_B,pi_main,PI+F_N+LOW_I+LOW_B,F_N,LOW_I,LOW_B,,3.5
10.3030_101123732_full,gemma,prompt_B,pi_main,PI+F_N+TOP_I+HIGH_B,F_N,TOP_I,HIGH_B,,3.5
10.3030_101123732_full,gemma,prompt_B,pi_main,PI+F_N+TOP_I+LOW_B,F_N,TOP_I,LOW_B,,3.5
10.3030_101123732_full,gemma,prompt_B,pi_main,PI+M_N+LOW_I+HIGH_B,M_N,LOW_I,HIGH_B,,3.5
10.3030_101123732_full,gemma,prompt_B,pi_main,PI+M_N+LOW_I+LOW_B,M_N,LOW_I,LOW_B,,3.5
10.3030_101123732_full,gemma,prompt_B,pi_main,PI+M_N+TOP_I+HIGH_B,M_N,TOP_I,HIGH_B,,3.5
10.3030_101123732_full,gemma,prompt_B,pi_main,PI+M_N+TOP_I+LOW_B,M_N,TOP_I,LOW_B,,3.5
10.3030_101123732_full,gemma,prompt_C,ai_main,AI+AI_N,,,,AI_N,3.5
10.3030_101123732_full,gemma,prompt_C,ai_main,AI+AI_Y,,,,AI_Y,3.5
10.3030_101123732_full,gemma,prompt_C,blind_baseline,NONE,,,,,3.5
10.3030_101123732_full,gemma,prompt_C,pi_main,PI+F_N+LOW_I+HIGH_B,F_N,LOW_I,HIGH_B,,3.5
10.3030_101123732_full,gemma,prompt_C,pi_main,PI+F_N+LOW_I+LOW_B,F_N,LOW_I,LOW_B,,3.5
10.3030_101123732_full,gemma,prompt_C,pi_main,PI+F_N+TOP_I+HIGH_B,F_N,TOP_I,HIGH_B,,3.5
10.3030_101123732_full,gemma,prompt_C,pi_main,PI+F_N+TOP_I+LOW_B,F_N,TOP_I,LOW_B,,3.5
10.3030_101123732_full,gemma,prompt_C,pi_main,PI+M_N+LOW_I+HIGH_B,M_N,LOW_I,HIGH_B,,3.5
10.3030_101123732_full,gemma,prompt_C,pi_main,PI+M_N+LOW_I+LOW_B,M_N,LOW_I,LOW_B,,3.0
10.3030_101123732_full,gemma,prompt_C,pi_main,PI+M_N+TOP_I+HIGH_B,M_N,TOP_I,HIGH_B,,3.5
10.3030_101123732_full,gemma,prompt_C,pi_main,PI+M_N+TOP_I+LOW_B,M_N,TOP_I,LOW_B,,3.5
10.3030_101123732_full,glm,prompt_A,ai_main,AI+AI_N,,,,AI_N,3.6
10.3030_101123732_full,glm,prompt_A,ai_main,AI+AI_Y,,,,AI_Y,3.5
10.3030_101123732_full,glm,prompt_A,blind_baseline,NONE,,,,,3.8
10.3030_101123732_full,glm,prompt_A,pi_main,PI+F_N+LOW_I+HIGH_B,F_N,LOW_I,HIGH_B,,3.5
10.3030_101123732_full,glm,prompt_A,pi_main,PI+F_N+LOW_I+LOW_B,F_N,LOW_I,LOW_B,,3.1
10.3030_101123732_full,glm,prompt_A,pi_main,PI+F_N+TOP_I+HIGH_B,F_N,TOP_I,HIGH_B,,3.9
10.3030_101123732_full,glm,prompt_A,pi_main,PI+F_N+TOP_I+LOW_B,F_N,TOP_I,LOW_B,,3.5
10.3030_101123732_full,glm,prompt_A,pi_main,PI+M_N+LOW_I+HIGH_B,M_N,LOW_I,HIGH_B,,3.5
10.3030_101123732_full,glm,prompt_A,pi_main,PI+M_N+LOW_I+LOW_B,M_N,LOW_I,LOW_B,,3.0
10.3030_101123732_full,glm,prompt_A,pi_main,PI+M_N+TOP_I+HIGH_B,M_N,TOP_I,HIGH_B,,3.9
10.3030_101123732_full,glm,prompt_A,pi_main,PI+M_N+TOP_I+LOW_B,M_N,TOP_I,LOW_B,,3.5
10.3030_101123732_full,glm,prompt_B,ai_main,AI+AI_N,,,,AI_N,3.8
10.3030_101123732_full,glm,prompt_B,ai_main,AI+AI_Y,,,,AI_Y,3.5
10.3030_101123732_full,glm,prompt_B,blind_baseline,NONE,,,,,3.6
10.3030_101123732_full,glm,prompt_B,pi_main,PI+F_N+LOW_I+HIGH_B,F_N,LOW_I,HIGH_B,,3.8
10.3030_101123732_full,glm,prompt_B,pi_main,PI+F_N+LOW_I+LOW_B,F_N,LOW_I,LOW_B,,3.5
10.3030_101123732_full,glm,prompt_B,pi_main,PI+F_N+TOP_I+HIGH_B,F_N,TOP_I,HIGH_B,,3.9
10.3030_101123732_full,glm,prompt_B,pi_main,PI+F_N+TOP_I+LOW_B,F_N,TOP_I,LOW_B,,3.5
10.3030_101123732_full,glm,prompt_B,pi_main,PI+M_N+LOW_I+HIGH_B,M_N,LOW_I,HIGH_B,,3.7
10.3030_101123732_full,glm,prompt_B,pi_main,PI+M_N+LOW_I+LOW_B,M_N,LOW_I,LOW_B,,3.5
10.3030_101123732_full,glm,prompt_B,pi_main,PI+M_N+TOP_I+HIGH_B,M_N,TOP_I,HIGH_B,,3.7
10.3030_101123732_full,glm,prompt_B,pi_main,PI+M_N+TOP_I+LOW_B,M_N,TOP_I,LOW_B,,3.5
10.3030_101123732_full,glm,prompt_C,ai_main,AI+AI_N,,,,AI_N,3.7
10.3030_101123732_full,glm,prompt_C,ai_main,AI+AI_Y,,,,AI_Y,3.5
10.3030_101123732_full,glm,prompt_C,blind_baseline,NONE,,,,,3.5
10.3030_101123732_full,glm,prompt_C,pi_main,PI+F_N+LOW_I+HIGH_B,F_N,LOW_I,HIGH_B,,3.6
10.3030_101123732_full,glm,prompt_C,pi_main,PI+F_N+LOW_I+LOW_B,F_N,LOW_I,LOW_B,,3.1
10.3030_101123732_full,glm,prompt_C,pi_main,PI+F_N+TOP_I+HIGH_B,F_N,TOP_I,HIGH_B,,3.6
10.3030_101123732_full,glm,prompt_C,pi_main,PI+F_N+TOP_I+LOW_B,F_N,TOP_I,LOW_B,,3.3
10.3030_101123732_full,glm,prompt_C,pi_main,PI+M_N+LOW_I+HIGH_B,M_N,LOW_I,HIGH_B,,3.6
10.3030_101123732_full,glm,prompt_C,pi_main,PI+M_N+LOW_I+LOW_B,M_N,LOW_I,LOW_B,,3.2
10.3030_101123732_full,glm,prompt_C,pi_main,PI+M_N+TOP_I+HIGH_B,M_N,TOP_I,HIGH_B,,3.6
10.3030_101123732_full,glm,prompt_C,pi_main,PI+M_N+TOP_I+LOW_B,M_N,TOP_I,LOW_B,,3.3
10.3030_101123732_full,gpt,prompt_A,ai_main,AI+AI_N,,,,AI_N,3.8
10.3030_101123732_full,gpt,prompt_A,ai_main,AI+AI_Y,,,,AI_Y,3.5
10.3030_101123732_full,gpt,prompt_A,blind_baseline,NONE,,,,,3.5
10.3030_101123732_full,gpt,prompt_A,pi_main,PI+F_N+LOW_I+HIGH_B,F_N,LOW_I,HIGH_B,,3.5
10.3030_101123732_full,gpt,prompt_A,pi_main,PI+F_N+LOW_I+LOW_B,F_N,LOW_I,LOW_B,,3.3
10.3030_101123732_full,gpt,prompt_A,pi_main,PI+F_N+TOP_I+HIGH_B,F_N,TOP_I,HIGH_B,,3.9
10.3030_101123732_full,gpt,prompt_A,pi_main,PI+F_N+TOP_I+LOW_B,F_N,TOP_I,LOW_B,,3.5
10.3030_101123732_full,gpt,prompt_A,pi_main,PI+M_N+LOW_I+HIGH_B,M_N,LOW_I,HIGH_B,,3.5
10.3030_101123732_full,gpt,prompt_A,pi_main,PI+M_N+LOW_I+LOW_B,M_N,LOW_I,LOW_B,,3.5
10.3030_101123732_full,gpt,prompt_A,pi_main,PI+M_N+TOP_I+HIGH_B,M_N,TOP_I,HIGH_B,,3.5
10.3030_101123732_full,gpt,prompt_A,pi_main,PI+M_N+TOP_I+LOW_B,M_N,TOP_I,LOW_B,,3.5
10.3030_101123732_full,gpt,prompt_B,ai_main,AI+AI_N,,,,AI_N,3.7
10.3030_101123732_full,gpt,prompt_B,ai_main,AI+AI_Y,,,,AI_Y,3.6
10.3030_101123732_full,gpt,prompt_B,blind_baseline,NONE,,,,,3.7
10.3030_101123732_full,gpt,prompt_B,pi_main,PI+F_N+LOW_I+HIGH_B,F_N,LOW_I,HIGH_B,,3.7
10.3030_101123732_full,gpt,prompt_B,pi_main,PI+F_N+LOW_I+LOW_B,F_N,LOW_I,LOW_B,,3.5
10.3030_101123732_full,gpt,prompt_B,pi_main,PI+F_N+TOP_I+HIGH_B,F_N,TOP_I,HIGH_B,,3.8
10.3030_101123732_full,gpt,prompt_B,pi_main,PI+F_N+TOP_I+LOW_B,F_N,TOP_I,LOW_B,,3.6
10.3030_101123732_full,gpt,prompt_B,pi_main,PI+M_N+LOW_I+HIGH_B,M_N,LOW_I,HIGH_B,,3.5
10.3030_101123732_full,gpt,prompt_B,pi_main,PI+M_N+LOW_I+LOW_B,M_N,LOW_I,LOW_B,,3.5
10.3030_101123732_full,gpt,prompt_B,pi_main,PI+M_N+TOP_I+HIGH_B,M_N,TOP_I,HIGH_B,,3.6
10.3030_101123732_full,gpt,prompt_B,pi_main,PI+M_N+TOP_I+LOW_B,M_N,TOP_I,LOW_B,,3.6
10.3030_101123732_full,gpt,prompt_C,ai_main,AI+AI_N,,,,AI_N,3.5
10.3030_101123732_full,gpt,prompt_C,ai_main,AI+AI_Y,,,,AI_Y,3.5
10.3030_101123732_full,gpt,prompt_C,blind_baseline,NONE,,,,,3.5
10.3030_101123732_full,gpt,prompt_C,pi_main,PI+F_N+LOW_I+HIGH_B,F_N,LOW_I,HIGH_B,,3.9
10.3030_101123732_full,gpt,prompt_C,pi_main,PI+F_N+LOW_I+LOW_B,F_N,LOW_I,LOW_B,,3.5
10.3030_101123732_full,gpt,prompt_C,pi_main,PI+F_N+TOP_I+HIGH_B,F_N,TOP_I,HIGH_B,,3.5
10.3030_101123732_full,gpt,prompt_C,pi_main,PI+F_N+TOP_I+LOW_B,F_N,TOP_I,LOW_B,,3.5
10.3030_101123732_full,gpt,prompt_C,pi_main,PI+M_N+LOW_I+HIGH_B,M_N,LOW_I,HIGH_B,,3.5
10.3030_101123732_full,gpt,prompt_C,pi_main,PI+M_N+LOW_I+LOW_B,M_N,LOW_I,LOW_B,,3.5
10.3030_101123732_full,gpt,prompt_C,pi_main,PI+M_N+TOP_I+HIGH_B,M_N,TOP_I,HIGH_B,,3.5
10.3030_101123732_full,gpt,prompt_C,pi_main,PI+M_N+TOP_I+LOW_B,M_N,TOP_I,LOW_B,,3.5
10.3030_101123732_full,kimi,prompt_A,ai_main,AI+AI_N,,,,AI_N,3.8
10.3030_101123732_full,kimi,prompt_A,ai_main,AI+AI_Y,,,,AI_Y,3.6
10.3030_101123732_full,kimi,prompt_A,blind_baseline,NONE,,,,,3.6
10.3030_101123732_full,kimi,prompt_A,pi_main,PI+F_N+LOW_I+HIGH_B,F_N,LOW_I,HIGH_B,,3.7
10.3030_101123732_full,kimi,prompt_A,pi_main,PI+F_N+LOW_I+LOW_B,F_N,LOW_I,LOW_B,,3.5
10.3030_101123732_full,kimi,prompt_A,pi_main,PI+F_N+TOP_I+HIGH_B,F_N,TOP_I,HIGH_B,,3.7
10.3030_101123732_full,kimi,prompt_A,pi_main,PI+F_N+TOP_I+LOW_B,F_N,TOP_I,LOW_B,,3.5
10.3030_101123732_full,kimi,prompt_A,pi_main,PI+M_N+LOW_I+HIGH_B,M_N,LOW_I,HIGH_B,,3.5
10.3030_101123732_full,kimi,prompt_A,pi_main,PI+M_N+LOW_I+LOW_B,M_N,LOW_I,LOW_B,,3.5
10.3030_101123732_full,kimi,prompt_A,pi_main,PI+M_N+TOP_I+HIGH_B,M_N,TOP_I,HIGH_B,,3.5
10.3030_101123732_full,kimi,prompt_A,pi_main,PI+M_N+TOP_I+LOW_B,M_N,TOP_I,LOW_B,,3.5
10.3030_101123732_full,kimi,prompt_B,ai_main,AI+AI_N,,,,AI_N,3.7
10.3030_101123732_full,kimi,prompt_B,ai_main,AI+AI_Y,,,,AI_Y,3.7
10.3030_101123732_full,kimi,prompt_B,blind_baseline,NONE,,,,,3.6
10.3030_101123732_full,kimi,prompt_B,pi_main,PI+F_N+LOW_I+HIGH_B,F_N,LOW_I,HIGH_B,,3.8
10.3030_101123732_full,kimi,prompt_B,pi_main,PI+F_N+LOW_I+LOW_B,F_N,LOW_I,LOW_B,,3.7
10.3030_101123732_full,kimi,prompt_B,pi_main,PI+F_N+TOP_I+HIGH_B,F_N,TOP_I,HIGH_B,,3.7
10.3030_101123732_full,kimi,prompt_B,pi_main,PI+F_N+TOP_I+LOW_B,F_N,TOP_I,LOW_B,,3.5
10.3030_101123732_full,kimi,prompt_B,pi_main,PI+M_N+LOW_I+HIGH_B,M_N,LOW_I,HIGH_B,,3.7
10.3030_101123732_full,kimi,prompt_B,pi_main,PI+M_N+LOW_I+LOW_B,M_N,LOW_I,LOW_B,,3.5
10.3030_101123732_full,kimi,prompt_B,pi_main,PI+M_N+TOP_I+HIGH_B,M_N,TOP_I,HIGH_B,,3.6
10.3030_101123732_full,kimi,prompt_B,pi_main,PI+M_N+TOP_I+LOW_B,M_N,TOP_I,LOW_B,,3.6
10.3030_101123732_full,kimi,prompt_C,ai_main,AI+AI_N,,,,AI_N,4.0
10.3030_101123732_full,kimi,prompt_C,ai_main,AI+AI_Y,,,,AI_Y,3.7
10.3030_101123732_full,kimi,prompt_C,blind_baseline,NONE,,,,,3.7
10.3030_101123732_full,kimi,prompt_C,pi_main,PI+F_N+LOW_I+HIGH_B,F_N,LOW_I,HIGH_B,,3.6
10.3030_101123732_full,kimi,prompt_C,pi_main,PI+F_N+LOW_I+LOW_B,F_N,LOW_I,LOW_B,,3.5
10.3030_101123732_full,kimi,prompt_C,pi_main,PI+F_N+TOP_I+HIGH_B,F_N,TOP_I,HIGH_B,,3.9
10.3030_101123732_full,kimi,prompt_C,pi_main,PI+F_N+TOP_I+LOW_B,F_N,TOP_I,LOW_B,,3.7
10.3030_101123732_full,kimi,prompt_C,pi_main,PI+M_N+LOW_I+HIGH_B,M_N,LOW_I,HIGH_B,,3.5
10.3030_101123732_full,kimi,prompt_C,pi_main,PI+M_N+LOW_I+LOW_B,M_N,LOW_I,LOW_B,,3.5
10.3030_101123732_full,kimi,prompt_C,pi_main,PI+M_N+TOP_I+HIGH_B,M_N,TOP_I,HIGH_B,,3.5
10.3030_101123732_full,kimi,prompt_C,pi_main,PI+M_N+TOP_I+LOW_B,M_N,TOP_I,LOW_B,,3.6
10.3030_101123732_full,ministral,prompt_A,ai_main,AI+AI_N,,,,AI_N,4.0
10.3030_101123732_full,ministral,prompt_A,ai_main,AI+AI_Y,,,,AI_Y,4.0
10.3030_101123732_full,ministral,prompt_A,blind_baseline,NONE,,,,,4.0
10.3030_101123732_full,ministral,prompt_A,pi_main,PI+F_N+LOW_I+HIGH_B,F_N,LOW_I,HIGH_B,,3.5
10.3030_101123732_full,ministral,prompt_A,pi_main,PI+F_N+LOW_I+LOW_B,F_N,LOW_I,LOW_B,,3.5
10.3030_101123732_full,ministral,prompt_A,pi_main,PI+F_N+TOP_I+HIGH_B,F_N,TOP_I,HIGH_B,,4.0
10.3030_101123732_full,ministral,prompt_A,pi_main,PI+F_N+TOP_I+LOW_B,F_N,TOP_I,LOW_B,,3.5
10.3030_101123732_full,ministral,prompt_A,pi_main,PI+M_N+LOW_I+HIGH_B,M_N,LOW_I,HIGH_B,,4.0
10.3030_101123732_full,ministral,prompt_A,pi_main,PI+M_N+LOW_I+LOW_B,M_N,LOW_I,LOW_B,,3.5
10.3030_101123732_full,ministral,prompt_A,pi_main,PI+M_N+TOP_I+HIGH_B,M_N,TOP_I,HIGH_B,,4.0
10.3030_101123732_full,ministral,prompt_A,pi_main,PI+M_N+TOP_I+LOW_B,M_N,TOP_I,LOW_B,,3.5
10.3030_101123732_full,ministral,prompt_B,ai_main,AI+AI_N,,,,AI_N,4.0
10.3030_101123732_full,ministral,prompt_B,ai_main,AI+AI_Y,,,,AI_Y,3.5
10.3030_101123732_full,ministral,prompt_B,blind_baseline,NONE,,,,,4.0
10.3030_101123732_full,ministral,prompt_B,pi_main,PI+F_N+LOW_I+HIGH_B,F_N,LOW_I,HIGH_B,,4.0
10.3030_101123732_full,ministral,prompt_B,pi_main,PI+F_N+LOW_I+LOW_B,F_N,LOW_I,LOW_B,,3.5
10.3030_101123732_full,ministral,prompt_B,pi_main,PI+F_N+TOP_I+HIGH_B,F_N,TOP_I,HIGH_B,,4.0
10.3030_101123732_full,ministral,prompt_B,pi_main,PI+F_N+TOP_I+LOW_B,F_N,TOP_I,LOW_B,,4.0
10.3030_101123732_full,ministral,prompt_B,pi_main,PI+M_N+LOW_I+HIGH_B,M_N,LOW_I,HIGH_B,,4.0
10.3030_101123732_full,ministral,prompt_B,pi_main,PI+M_N+LOW_I+LOW_B,M_N,LOW_I,LOW_B,,3.5
10.3030_101123732_full,ministral,prompt_B,pi_main,PI+M_N+TOP_I+HIGH_B,M_N,TOP_I,HIGH_B,,4.0
10.3030_101123732_full,ministral,prompt_B,pi_main,PI+M_N+TOP_I+LOW_B,M_N,TOP_I,LOW_B,,4.0
10.3030_101123732_full,ministral,prompt_C,ai_main,AI+AI_N,,,,AI_N,3.5
10.3030_101123732_full,ministral,prompt_C,ai_main,AI+AI_Y,,,,AI_Y,3.5
10.3030_101123732_full,ministral,prompt_C,blind_baseline,NONE,,,,,4.0
10.3030_101123732_full,ministral,prompt_C,pi_main,PI+F_N+LOW_I+HIGH_B,F_N,LOW_I,HIGH_B,,4.0
10.3030_101123732_full,ministral,prompt_C,pi_main,PI+F_N+LOW_I+LOW_B,F_N,LOW_I,LOW_B,,3.5
10.3030_101123732_full,ministral,prompt_C,pi_main,PI+F_N+TOP_I+HIGH_B,F_N,TOP_I,HIGH_B,,4.0
10.3030_101123732_full,ministral,prompt_C,pi_main,PI+F_N+TOP_I+LOW_B,F_N,TOP_I,LOW_B,,3.5
10.3030_101123732_full,ministral,prompt_C,pi_main,PI+M_N+LOW_I+HIGH_B,M_N,LOW_I,HIGH_B,,3.5
10.3030_101123732_full,ministral,prompt_C,pi_main,PI+M_N+LOW_I+LOW_B,M_N,LOW_I,LOW_B,,3.5
10.3030_101123732_full,ministral,prompt_C,pi_main,PI+M_N+TOP_I+HIGH_B,M_N,TOP_I,HIGH_B,,4.0
10.3030_101123732_full,ministral,prompt_C,pi_main,PI+M_N+TOP_I+LOW_B,M_N,TOP_I,LOW_B,,4.0
10.3030_101123732_full,mistral,prompt_A,ai_main,AI+AI_N,,,,AI_N,3.9
10.3030_101123732_full,mistral,prompt_A,ai_main,AI+AI_Y,,,,AI_Y,3.7
10.3030_101123732_full,mistral,prompt_A,blind_baseline,NONE,,,,,3.9
10.3030_101123732_full,mistral,prompt_A,pi_main,PI+F_N+LOW_I+HIGH_B,F_N,LOW_I,HIGH_B,,3.9
10.3030_101123732_full,mistral,prompt_A,pi_main,PI+F_N+LOW_I+LOW_B,F_N,LOW_I,LOW_B,,3.7
10.3030_101123732_full,mistral,prompt_A,pi_main,PI+F_N+TOP_I+HIGH_B,F_N,TOP_I,HIGH_B,,3.9
10.3030_101123732_full,mistral,prompt_A,pi_main,PI+F_N+TOP_I+LOW_B,F_N,TOP_I,LOW_B,,3.8
10.3030_101123732_full,mistral,prompt_A,pi_main,PI+M_N+LOW_I+HIGH_B,M_N,LOW_I,HIGH_B,,3.9
10.3030_101123732_full,mistral,prompt_A,pi_main,PI+M_N+LOW_I+LOW_B,M_N,LOW_I,LOW_B,,3.6
10.3030_101123732_full,mistral,prompt_A,pi_main,PI+M_N+TOP_I+HIGH_B,M_N,TOP_I,HIGH_B,,3.7
10.3030_101123732_full,mistral,prompt_A,pi_main,PI+M_N+TOP_I+LOW_B,M_N,TOP_I,LOW_B,,3.9
10.3030_101123732_full,mistral,prompt_B,ai_main,AI+AI_N,,,,AI_N,4.0
10.3030_101123732_full,mistral,prompt_B,ai_main,AI+AI_Y,,,,AI_Y,3.9
10.3030_101123732_full,mistral,prompt_B,blind_baseline,NONE,,,,,3.8
10.3030_101123732_full,mistral,prompt_B,pi_main,PI+F_N+LOW_I+HIGH_B,F_N,LOW_I,HIGH_B,,3.9
10.3030_101123732_full,mistral,prompt_B,pi_main,PI+F_N+LOW_I+LOW_B,F_N,LOW_I,LOW_B,,4.0
10.3030_101123732_full,mistral,prompt_B,pi_main,PI+F_N+TOP_I+HIGH_B,F_N,TOP_I,HIGH_B,,4.0
10.3030_101123732_full,mistral,prompt_B,pi_main,PI+F_N+TOP_I+LOW_B,F_N,TOP_I,LOW_B,,4.0
10.3030_101123732_full,mistral,prompt_B,pi_main,PI+M_N+LOW_I+HIGH_B,M_N,LOW_I,HIGH_B,,4.0
10.3030_101123732_full,mistral,prompt_B,pi_main,PI+M_N+LOW_I+LOW_B,M_N,LOW_I,LOW_B,,3.8
10.3030_101123732_full,mistral,prompt_B,pi_main,PI+M_N+TOP_I+HIGH_B,M_N,TOP_I,HIGH_B,,4.0
10.3030_101123732_full,mistral,prompt_B,pi_main,PI+M_N+TOP_I+LOW_B,M_N,TOP_I,LOW_B,,3.9
10.3030_101123732_full,mistral,prompt_C,ai_main,AI+AI_N,,,,AI_N,4.0
10.3030_101123732_full,mistral,prompt_C,ai_main,AI+AI_Y,,,,AI_Y,3.7
10.3030_101123732_full,mistral,prompt_C,blind_baseline,NONE,,,,,4.0
10.3030_101123732_full,mistral,prompt_C,pi_main,PI+F_N+LOW_I+HIGH_B,F_N,LOW_I,HIGH_B,,4.0
10.3030_101123732_full,mistral,prompt_C,pi_main,PI+F_N+LOW_I+LOW_B,F_N,LOW_I,LOW_B,,4.0
10.3030_101123732_full,mistral,prompt_C,pi_main,PI+F_N+TOP_I+HIGH_B,F_N,TOP_I,HIGH_B,,4.0
10.3030_101123732_full,mistral,prompt_C,pi_main,PI+F_N+TOP_I+LOW_B,F_N,TOP_I,LOW_B,,4.0
10.3030_101123732_full,mistral,prompt_C,pi_main,PI+M_N+LOW_I+HIGH_B,M_N,LOW_I,HIGH_B,,3.9
10.3030_101123732_full,mistral,prompt_C,pi_main,PI+M_N+LOW_I+LOW_B,M_N,LOW_I,LOW_B,,3.7
10.3030_101123732_full,mistral,prompt_C,pi_main,PI+M_N+TOP_I+HIGH_B,M_N,TOP_I,HIGH_B,,4.0
10.3030_101123732_full,mistral,prompt_C,pi_main,PI+M_N+TOP_I+LOW_B,M_N,TOP_I,LOW_B,,3.7
10.3030_101123732_full,phi,prompt_A,ai_main,AI+AI_N,,,,AI_N,3.5
10.3030_101123732_full,phi,prompt_A,ai_main,AI+AI_Y,,,,AI_Y,3.5
10.3030_101123732_full,phi,prompt_A,blind_baseline,NONE,,,,,3.5
10.3030_101123732_full,phi,prompt_A,pi_main,PI+F_N+LOW_I+HIGH_B,F_N,LOW_I,HIGH_B,,3.5
10.3030_101123732_full,phi,prompt_A,pi_main,PI+F_N+LOW_I+LOW_B,F_N,LOW_I,LOW_B,,3.0
10.3030_101123732_full,phi,prompt_A,pi_main,PI+F_N+TOP_I+HIGH_B,F_N,TOP_I,HIGH_B,,3.5
10.3030_101123732_full,phi,prompt_A,pi_main,PI+F_N+TOP_I+LOW_B,F_N,TOP_I,LOW_B,,3.5
10.3030_101123732_full,phi,prompt_A,pi_main,PI+M_N+LOW_I+HIGH_B,M_N,LOW_I,HIGH_B,,3.5
10.3030_101123732_full,phi,prompt_A,pi_main,PI+M_N+LOW_I+LOW_B,M_N,LOW_I,LOW_B,,3.0
10.3030_101123732_full,phi,prompt_A,pi_main,PI+M_N+TOP_I+HIGH_B,M_N,TOP_I,HIGH_B,,3.5
10.3030_101123732_full,phi,prompt_A,pi_main,PI+M_N+TOP_I+LOW_B,M_N,TOP_I,LOW_B,,3.5
10.3030_101123732_full,phi,prompt_B,ai_main,AI+AI_N,,,,AI_N,3.5
10.3030_101123732_full,phi,prompt_B,ai_main,AI+AI_Y,,,,AI_Y,3.5
10.3030_101123732_full,phi,prompt_B,blind_baseline,NONE,,,,,3.5
10.3030_101123732_full,phi,prompt_B,pi_main,PI+F_N+LOW_I+HIGH_B,F_N,LOW_I,HIGH_B,,3.5
10.3030_101123732_full,phi,prompt_B,pi_main,PI+F_N+LOW_I+LOW_B,F_N,LOW_I,LOW_B,,3.5
10.3030_101123732_full,phi,prompt_B,pi_main,PI+F_N+TOP_I+HIGH_B,F_N,TOP_I,HIGH_B,,3.5
10.3030_101123732_full,phi,prompt_B,pi_main,PI+F_N+TOP_I+LOW_B,F_N,TOP_I,LOW_B,,3.5
10.3030_101123732_full,phi,prompt_B,pi_main,PI+M_N+LOW_I+HIGH_B,M_N,LOW_I,HIGH_B,,3.5
10.3030_101123732_full,phi,prompt_B,pi_main,PI+M_N+LOW_I+LOW_B,M_N,LOW_I,LOW_B,,3.5
10.3030_101123732_full,phi,prompt_B,pi_main,PI+M_N+TOP_I+HIGH_B,M_N,TOP_I,HIGH_B,,3.5
10.3030_101123732_full,phi,prompt_B,pi_main,PI+M_N+TOP_I+LOW_B,M_N,TOP_I,LOW_B,,3.5
10.3030_101123732_full,phi,prompt_C,ai_main,AI+AI_N,,,,AI_N,3.5
10.3030_101123732_full,phi,prompt_C,ai_main,AI+AI_Y,,,,AI_Y,3.5
10.3030_101123732_full,phi,prompt_C,blind_baseline,NONE,,,,,3.5
10.3030_101123732_full,phi,prompt_C,pi_main,PI+F_N+LOW_I+HIGH_B,F_N,LOW_I,HIGH_B,,3.5
10.3030_101123732_full,phi,prompt_C,pi_main,PI+F_N+LOW_I+LOW_B,F_N,LOW_I,LOW_B,,3.5
10.3030_101123732_full,phi,prompt_C,pi_main,PI+F_N+TOP_I+HIGH_B,F_N,TOP_I,HIGH_B,,3.5
10.3030_101123732_full,phi,prompt_C,pi_main,PI+F_N+TOP_I+LOW_B,F_N,TOP_I,LOW_B,,3.5
10.3030_101123732_full,phi,prompt_C,pi_main,PI+M_N+LOW_I+HIGH_B,M_N,LOW_I,HIGH_B,,3.5
10.3030_101123732_full,phi,prompt_C,pi_main,PI+M_N+LOW_I+LOW_B,M_N,LOW_I,LOW_B,,3.5
10.3030_101123732_full,phi,prompt_C,pi_main,PI+M_N+TOP_I+HIGH_B,M_N,TOP_I,HIGH_B,,3.5
10.3030_101123732_full,phi,prompt_C,pi_main,PI+M_N+TOP_I+LOW_B,M_N,TOP_I,LOW_B,,3.5
10.3030_101123955_full,deepseek,prompt_A,ai_main,AI+AI_N,,,,AI_N,3.4
10.3030_101123955_full,deepseek,prompt_A,ai_main,AI+AI_Y,,,,AI_Y,3.0
10.3030_101123955_full,deepseek,prompt_A,blind_baseline,NONE,,,,,3.3
10.3030_101123955_full,deepseek,prompt_A,pi_main,PI+F_N+LOW_I+HIGH_B,F_N,LOW_I,HIGH_B,,3.1
10.3030_101123955_full,deepseek,prompt_A,pi_main,PI+F_N+LOW_I+LOW_B,F_N,LOW_I,LOW_B,,2.7
10.3030_101123955_full,deepseek,prompt_A,pi_main,PI+F_N+TOP_I+HIGH_B,F_N,TOP_I,HIGH_B,,2.9
10.3030_101123955_full,deepseek,prompt_A,pi_main,PI+F_N+TOP_I+LOW_B,F_N,TOP_I,LOW_B,,3.1
10.3030_101123955_full,deepseek,prompt_A,pi_main,PI+M_N+LOW_I+HIGH_B,M_N,LOW_I,HIGH_B,,2.9
10.3030_101123955_full,deepseek,prompt_A,pi_main,PI+M_N+LOW_I+LOW_B,M_N,LOW_I,LOW_B,,2.5
10.3030_101123955_full,deepseek,prompt_A,pi_main,PI+M_N+TOP_I+HIGH_B,M_N,TOP_I,HIGH_B,,3.0
10.3030_101123955_full,deepseek,prompt_A,pi_main,PI+M_N+TOP_I+LOW_B,M_N,TOP_I,LOW_B,,2.8
10.3030_101123955_full,deepseek,prompt_B,ai_main,AI+AI_N,,,,AI_N,3.3
10.3030_101123955_full,deepseek,prompt_B,ai_main,AI+AI_Y,,,,AI_Y,3.1
10.3030_101123955_full,deepseek,prompt_B,blind_baseline,NONE,,,,,2.7
10.3030_101123955_full,deepseek,prompt_B,pi_main,PI+F_N+LOW_I+HIGH_B,F_N,LOW_I,HIGH_B,,3.3
10.3030_101123955_full,deepseek,prompt_B,pi_main,PI+F_N+LOW_I+LOW_B,F_N,LOW_I,LOW_B,,2.9
10.3030_101123955_full,deepseek,prompt_B,pi_main,PI+F_N+TOP_I+HIGH_B,F_N,TOP_I,HIGH_B,,3.2
10.3030_101123955_full,deepseek,prompt_B,pi_main,PI+F_N+TOP_I+LOW_B,F_N,TOP_I,LOW_B,,3.2
10.3030_101123955_full,deepseek,prompt_B,pi_main,PI+M_N+LOW_I+HIGH_B,M_N,LOW_I,HIGH_B,,3.3
10.3030_101123955_full,deepseek,prompt_B,pi_main,PI+M_N+LOW_I+LOW_B,M_N,LOW_I,LOW_B,,3.0
10.3030_101123955_full,deepseek,prompt_B,pi_main,PI+M_N+TOP_I+HIGH_B,M_N,TOP_I,HIGH_B,,3.3
10.3030_101123955_full,deepseek,prompt_B,pi_main,PI+M_N+TOP_I+LOW_B,M_N,TOP_I,LOW_B,,3.2
10.3030_101123955_full,deepseek,prompt_C,ai_main,AI+AI_N,,,,AI_N,3.1
10.3030_101123955_full,deepseek,prompt_C,ai_main,AI+AI_Y,,,,AI_Y,3.0
10.3030_101123955_full,deepseek,prompt_C,blind_baseline,NONE,,,,,3.2
10.3030_101123955_full,deepseek,prompt_C,pi_main,PI+F_N+LOW_I+HIGH_B,F_N,LOW_I,HIGH_B,,3.4
10.3030_101123955_full,deepseek,prompt_C,pi_main,PI+F_N+LOW_I+LOW_B,F_N,LOW_I,LOW_B,,3.1
10.3030_101123955_full,deepseek,prompt_C,pi_main,PI+F_N+TOP_I+HIGH_B,F_N,TOP_I,HIGH_B,,3.3
10.3030_101123955_full,deepseek,prompt_C,pi_main,PI+F_N+TOP_I+LOW_B,F_N,TOP_I,LOW_B,,2.8
10.3030_101123955_full,deepseek,prompt_C,pi_main,PI+M_N+LOW_I+HIGH_B,M_N,LOW_I,HIGH_B,,3.3
10.3030_101123955_full,deepseek,prompt_C,pi_main,PI+M_N+LOW_I+LOW_B,M_N,LOW_I,LOW_B,,2.7
10.3030_101123955_full,deepseek,prompt_C,pi_main,PI+M_N+TOP_I+HIGH_B,M_N,TOP_I,HIGH_B,,3.3
10.3030_101123955_full,deepseek,prompt_C,pi_main,PI+M_N+TOP_I+LOW_B,M_N,TOP_I,LOW_B,,2.8
10.3030_101123955_full,gemma,prompt_A,ai_main,AI+AI_N,,,,AI_N,3.5
10.3030_101123955_full,gemma,prompt_A,ai_main,AI+AI_Y,,,,AI_Y,3.5
10.3030_101123955_full,gemma,prompt_A,blind_baseline,NONE,,,,,3.5
10.3030_101123955_full,gemma,prompt_A,pi_main,PI+F_N+LOW_I+HIGH_B,F_N,LOW_I,HIGH_B,,3.5
10.3030_101123955_full,gemma,prompt_A,pi_main,PI+F_N+LOW_I+LOW_B,F_N,LOW_I,LOW_B,,3.0
10.3030_101123955_full,gemma,prompt_A,pi_main,PI+F_N+TOP_I+HIGH_B,F_N,TOP_I,HIGH_B,,3.5
10.3030_101123955_full,gemma,prompt_A,pi_main,PI+F_N+TOP_I+LOW_B,F_N,TOP_I,LOW_B,,3.5
10.3030_101123955_full,gemma,prompt_A,pi_main,PI+M_N+LOW_I+HIGH_B,M_N,LOW_I,HIGH_B,,3.5
10.3030_101123955_full,gemma,prompt_A,pi_main,PI+M_N+LOW_I+LOW_B,M_N,LOW_I,LOW_B,,3.0
10.3030_101123955_full,gemma,prompt_A,pi_main,PI+M_N+TOP_I+HIGH_B,M_N,TOP_I,HIGH_B,,3.5
10.3030_101123955_full,gemma,prompt_A,pi_main,PI+M_N+TOP_I+LOW_B,M_N,TOP_I,LOW_B,,3.5
10.3030_101123955_full,gemma,prompt_B,ai_main,AI+AI_N,,,,AI_N,3.5
10.3030_101123955_full,gemma,prompt_B,ai_main,AI+AI_Y,,,,AI_Y,3.5
10.3030_101123955_full,gemma,prompt_B,blind_baseline,NONE,,,,,3.5
10.3030_101123955_full,gemma,prompt_B,pi_main,PI+F_N+LOW_I+HIGH_B,F_N,LOW_I,HIGH_B,,3.5
10.3030_101123955_full,gemma,prompt_B,pi_main,PI+F_N+LOW_I+LOW_B,F_N,LOW_I,LOW_B,,3.5
10.3030_101123955_full,gemma,prompt_B,pi_main,PI+F_N+TOP_I+HIGH_B,F_N,TOP_I,HIGH_B,,3.5
10.3030_101123955_full,gemma,prompt_B,pi_main,PI+F_N+TOP_I+LOW_B,F_N,TOP_I,LOW_B,,3.5
10.3030_101123955_full,gemma,prompt_B,pi_main,PI+M_N+LOW_I+HIGH_B,M_N,LOW_I,HIGH_B,,3.5
10.3030_101123955_full,gemma,prompt_B,pi_main,PI+M_N+LOW_I+LOW_B,M_N,LOW_I,LOW_B,,3.5
10.3030_101123955_full,gemma,prompt_B,pi_main,PI+M_N+TOP_I+HIGH_B,M_N,TOP_I,HIGH_B,,3.5
10.3030_101123955_full,gemma,prompt_B,pi_main,PI+M_N+TOP_I+LOW_B,M_N,TOP_I,LOW_B,,3.5
10.3030_101123955_full,gemma,prompt_C,ai_main,AI+AI_N,,,,AI_N,3.5
10.3030_101123955_full,gemma,prompt_C,ai_main,AI+AI_Y,,,,AI_Y,3.5
10.3030_101123955_full,gemma,prompt_C,blind_baseline,NONE,,,,,3.5
10.3030_101123955_full,gemma,prompt_C,pi_main,PI+F_N+LOW_I+HIGH_B,F_N,LOW_I,HIGH_B,,3.5
10.3030_101123955_full,gemma,prompt_C,pi_main,PI+F_N+LOW_I+LOW_B,F_N,LOW_I,LOW_B,,3.5
10.3030_101123955_full,gemma,prompt_C,pi_main,PI+F_N+TOP_I+HIGH_B,F_N,TOP_I,HIGH_B,,3.5
10.3030_101123955_full,gemma,prompt_C,pi_main,PI+F_N+TOP_I+LOW_B,F_N,TOP_I,LOW_B,,3.5
10.3030_101123955_full,gemma,prompt_C,pi_main,PI+M_N+LOW_I+HIGH_B,M_N,LOW_I,HIGH_B,,3.5
10.3030_101123955_full,gemma,prompt_C,pi_main,PI+M_N+LOW_I+LOW_B,M_N,LOW_I,LOW_B,,3.5
10.3030_101123955_full,gemma,prompt_C,pi_main,PI+M_N+TOP_I+HIGH_B,M_N,TOP_I,HIGH_B,,3.5
10.3030_101123955_full,gemma,prompt_C,pi_main,PI+M_N+TOP_I+LOW_B,M_N,TOP_I,LOW_B,,3.5
10.3030_101123955_full,glm,prompt_A,ai_main,AI+AI_N,,,,AI_N,3.5
10.3030_101123955_full,glm,prompt_A,ai_main,AI+AI_Y,,,,AI_Y,3.0
10.3030_101123955_full,glm,prompt_A,blind_baseline,NONE,,,,,3.3
10.3030_101123955_full,glm,prompt_A,pi_main,PI+F_N+LOW_I+HIGH_B,F_N,LOW_I,HIGH_B,,3.4
10.3030_101123955_full,glm,prompt_A,pi_main,PI+F_N+LOW_I+LOW_B,F_N,LOW_I,LOW_B,,3.0
10.3030_101123955_full,glm,prompt_A,pi_main,PI+F_N+TOP_I+HIGH_B,F_N,TOP_I,HIGH_B,,3.5
10.3030_101123955_full,glm,prompt_A,pi_main,PI+F_N+TOP_I+LOW_B,F_N,TOP_I,LOW_B,,3.0
10.3030_101123955_full,glm,prompt_A,pi_main,PI+M_N+LOW_I+HIGH_B,M_N,LOW_I,HIGH_B,,3.5
10.3030_101123955_full,glm,prompt_A,pi_main,PI+M_N+LOW_I+LOW_B,M_N,LOW_I,LOW_B,,3.0
10.3030_101123955_full,glm,prompt_A,pi_main,PI+M_N+TOP_I+HIGH_B,M_N,TOP_I,HIGH_B,,3.5
10.3030_101123955_full,glm,prompt_A,pi_main,PI+M_N+TOP_I+LOW_B,M_N,TOP_I,LOW_B,,3.1
10.3030_101123955_full,glm,prompt_B,ai_main,AI+AI_N,,,,AI_N,3.4
10.3030_101123955_full,glm,prompt_B,ai_main,AI+AI_Y,,,,AI_Y,3.5
10.3030_101123955_full,glm,prompt_B,blind_baseline,NONE,,,,,3.5
10.3030_101123955_full,glm,prompt_B,pi_main,PI+F_N+LOW_I+HIGH_B,F_N,LOW_I,HIGH_B,,3.5
10.3030_101123955_full,glm,prompt_B,pi_main,PI+F_N+LOW_I+LOW_B,F_N,LOW_I,LOW_B,,3.4
10.3030_101123955_full,glm,prompt_B,pi_main,PI+F_N+TOP_I+HIGH_B,F_N,TOP_I,HIGH_B,,3.5
10.3030_101123955_full,glm,prompt_B,pi_main,PI+F_N+TOP_I+LOW_B,F_N,TOP_I,LOW_B,,3.4
10.3030_101123955_full,glm,prompt_B,pi_main,PI+M_N+LOW_I+HIGH_B,M_N,LOW_I,HIGH_B,,3.3
10.3030_101123955_full,glm,prompt_B,pi_main,PI+M_N+LOW_I+LOW_B,M_N,LOW_I,LOW_B,,3.4
10.3030_101123955_full,glm,prompt_B,pi_main,PI+M_N+TOP_I+HIGH_B,M_N,TOP_I,HIGH_B,,3.3
10.3030_101123955_full,glm,prompt_B,pi_main,PI+M_N+TOP_I+LOW_B,M_N,TOP_I,LOW_B,,3.2
10.3030_101123955_full,glm,prompt_C,ai_main,AI+AI_N,,,,AI_N,3.4
10.3030_101123955_full,glm,prompt_C,ai_main,AI+AI_Y,,,,AI_Y,3.4
10.3030_101123955_full,glm,prompt_C,blind_baseline,NONE,,,,,3.5
10.3030_101123955_full,glm,prompt_C,pi_main,PI+F_N+LOW_I+HIGH_B,F_N,LOW_I,HIGH_B,,3.5
10.3030_101123955_full,glm,prompt_C,pi_main,PI+F_N+LOW_I+LOW_B,F_N,LOW_I,LOW_B,,3.4
10.3030_101123955_full,glm,prompt_C,pi_main,PI+F_N+TOP_I+HIGH_B,F_N,TOP_I,HIGH_B,,3.5
10.3030_101123955_full,glm,prompt_C,pi_main,PI+F_N+TOP_I+LOW_B,F_N,TOP_I,LOW_B,,3.5
10.3030_101123955_full,glm,prompt_C,pi_main,PI+M_N+LOW_I+HIGH_B,M_N,LOW_I,HIGH_B,,3.5
10.3030_101123955_full,glm,prompt_C,pi_main,PI+M_N+LOW_I+LOW_B,M_N,LOW_I,LOW_B,,3.3
10.3030_101123955_full,glm,prompt_C,pi_main,PI+M_N+TOP_I+HIGH_B,M_N,TOP_I,HIGH_B,,3.4
10.3030_101123955_full,glm,prompt_C,pi_main,PI+M_N+TOP_I+LOW_B,M_N,TOP_I,LOW_B,,3.4
10.3030_101123955_full,gpt,prompt_A,ai_main,AI+AI_N,,,,AI_N,3.5
10.3030_101123955_full,gpt,prompt_A,ai_main,AI+AI_Y,,,,AI_Y,3.5
10.3030_101123955_full,gpt,prompt_A,blind_baseline,NONE,,,,,3.5
10.3030_101123955_full,gpt,prompt_A,pi_main,PI+F_N+LOW_I+HIGH_B,F_N,LOW_I,HIGH_B,,3.5
10.3030_101123955_full,gpt,prompt_A,pi_main,PI+F_N+LOW_I+LOW_B,F_N,LOW_I,LOW_B,,3.3
10.3030_101123955_full,gpt,prompt_A,pi_main,PI+F_N+TOP_I+HIGH_B,F_N,TOP_I,HIGH_B,,3.5
10.3030_101123955_full,gpt,prompt_A,pi_main,PI+F_N+TOP_I+LOW_B,F_N,TOP_I,LOW_B,,3.5
10.3030_101123955_full,gpt,prompt_A,pi_main,PI+M_N+LOW_I+HIGH_B,M_N,LOW_I,HIGH_B,,3.5
10.3030_101123955_full,gpt,prompt_A,pi_main,PI+M_N+LOW_I+LOW_B,M_N,LOW_I,LOW_B,,3.1
10.3030_101123955_full,gpt,prompt_A,pi_main,PI+M_N+TOP_I+HIGH_B,M_N,TOP_I,HIGH_B,,3.5
10.3030_101123955_full,gpt,prompt_A,pi_main,PI+M_N+TOP_I+LOW_B,M_N,TOP_I,LOW_B,,3.5
10.3030_101123955_full,gpt,prompt_B,ai_main,AI+AI_N,,,,AI_N,3.5
10.3030_101123955_full,gpt,prompt_B,ai_main,AI+AI_Y,,,,AI_Y,3.5
10.3030_101123955_full,gpt,prompt_B,blind_baseline,NONE,,,,,3.5
10.3030_101123955_full,gpt,prompt_B,pi_main,PI+F_N+LOW_I+HIGH_B,F_N,LOW_I,HIGH_B,,3.5
10.3030_101123955_full,gpt,prompt_B,pi_main,PI+F_N+LOW_I+LOW_B,F_N,LOW_I,LOW_B,,3.5
10.3030_101123955_full,gpt,prompt_B,pi_main,PI+F_N+TOP_I+HIGH_B,F_N,TOP_I,HIGH_B,,3.5
10.3030_101123955_full,gpt,prompt_B,pi_main,PI+F_N+TOP_I+LOW_B,F_N,TOP_I,LOW_B,,3.5
10.3030_101123955_full,gpt,prompt_B,pi_main,PI+M_N+LOW_I+HIGH_B,M_N,LOW_I,HIGH_B,,3.5
10.3030_101123955_full,gpt,prompt_B,pi_main,PI+M_N+LOW_I+LOW_B,M_N,LOW_I,LOW_B,,3.5
10.3030_101123955_full,gpt,prompt_B,pi_main,PI+M_N+TOP_I+HIGH_B,M_N,TOP_I,HIGH_B,,3.5
10.3030_101123955_full,gpt,prompt_B,pi_main,PI+M_N+TOP_I+LOW_B,M_N,TOP_I,LOW_B,,3.5
10.3030_101123955_full,gpt,prompt_C,ai_main,AI+AI_N,,,,AI_N,3.5
10.3030_101123955_full,gpt,prompt_C,ai_main,AI+AI_Y,,,,AI_Y,3.5
10.3030_101123955_full,gpt,prompt_C,blind_baseline,NONE,,,,,3.5
10.3030_101123955_full,gpt,prompt_C,pi_main,PI+F_N+LOW_I+HIGH_B,F_N,LOW_I,HIGH_B,,3.5
10.3030_101123955_full,gpt,prompt_C,pi_main,PI+F_N+LOW_I+LOW_B,F_N,LOW_I,LOW_B,,3.5
10.3030_101123955_full,gpt,prompt_C,pi_main,PI+F_N+TOP_I+HIGH_B,F_N,TOP_I,HIGH_B,,3.5
10.3030_101123955_full,gpt,prompt_C,pi_main,PI+F_N+TOP_I+LOW_B,F_N,TOP_I,LOW_B,,3.5
10.3030_101123955_full,gpt,prompt_C,pi_main,PI+M_N+LOW_I+HIGH_B,M_N,LOW_I,HIGH_B,,3.5
10.3030_101123955_full,gpt,prompt_C,pi_main,PI+M_N+LOW_I+LOW_B,M_N,LOW_I,LOW_B,,3.5
10.3030_101123955_full,gpt,prompt_C,pi_main,PI+M_N+TOP_I+HIGH_B,M_N,TOP_I,HIGH_B,,3.5
10.3030_101123955_full,gpt,prompt_C,pi_main,PI+M_N+TOP_I+LOW_B,M_N,TOP_I,LOW_B,,3.5
10.3030_101123955_full,kimi,prompt_A,ai_main,AI+AI_N,,,,AI_N,3.7
10.3030_101123955_full,kimi,prompt_A,ai_main,AI+AI_Y,,,,AI_Y,3.5
10.3030_101123955_full,kimi,prompt_A,blind_baseline,NONE,,,,,3.8
10.3030_101123955_full,kimi,prompt_A,pi_main,PI+F_N+LOW_I+HIGH_B,F_N,LOW_I,HIGH_B,,3.5
10.3030_101123955_full,kimi,prompt_A,pi_main,PI+F_N+LOW_I+LOW_B,F_N,LOW_I,LOW_B,,3.0
10.3030_101123955_full,kimi,prompt_A,pi_main,PI+F_N+TOP_I+HIGH_B,F_N,TOP_I,HIGH_B,,3.5
10.3030_101123955_full,kimi,prompt_A,pi_main,PI+F_N+TOP_I+LOW_B,F_N,TOP_I,LOW_B,,3.3
10.3030_101123955_full,kimi,prompt_A,pi_main,PI+M_N+LOW_I+HIGH_B,M_N,LOW_I,HIGH_B,,3.5
10.3030_101123955_full,kimi,prompt_A,pi_main,PI+M_N+LOW_I+LOW_B,M_N,LOW_I,LOW_B,,3.3
10.3030_101123955_full,kimi,prompt_A,pi_main,PI+M_N+TOP_I+HIGH_B,M_N,TOP_I,HIGH_B,,3.5
10.3030_101123955_full,kimi,prompt_A,pi_main,PI+M_N+TOP_I+LOW_B,M_N,TOP_I,LOW_B,,3.2
10.3030_101123955_full,kimi,prompt_B,ai_main,AI+AI_N,,,,AI_N,3.7
10.3030_101123955_full,kimi,prompt_B,ai_main,AI+AI_Y,,,,AI_Y,3.6
10.3030_101123955_full,kimi,prompt_B,blind_baseline,NONE,,,,,3.6
10.3030_101123955_full,kimi,prompt_B,pi_main,PI+F_N+LOW_I+HIGH_B,F_N,LOW_I,HIGH_B,,3.6
10.3030_101123955_full,kimi,prompt_B,pi_main,PI+F_N+LOW_I+LOW_B,F_N,LOW_I,LOW_B,,3.5
10.3030_101123955_full,kimi,prompt_B,pi_main,PI+F_N+TOP_I+HIGH_B,F_N,TOP_I,HIGH_B,,3.5
10.3030_101123955_full,kimi,prompt_B,pi_main,PI+F_N+TOP_I+LOW_B,F_N,TOP_I,LOW_B,,3.5
10.3030_101123955_full,kimi,prompt_B,pi_main,PI+M_N+LOW_I+HIGH_B,M_N,LOW_I,HIGH_B,,3.5
10.3030_101123955_full,kimi,prompt_B,pi_main,PI+M_N+LOW_I+LOW_B,M_N,LOW_I,LOW_B,,3.5
10.3030_101123955_full,kimi,prompt_B,pi_main,PI+M_N+TOP_I+HIGH_B,M_N,TOP_I,HIGH_B,,3.6
10.3030_101123955_full,kimi,prompt_B,pi_main,PI+M_N+TOP_I+LOW_B,M_N,TOP_I,LOW_B,,3.5
10.3030_101123955_full,kimi,prompt_C,ai_main,AI+AI_N,,,,AI_N,3.6
10.3030_101123955_full,kimi,prompt_C,ai_main,AI+AI_Y,,,,AI_Y,3.7
10.3030_101123955_full,kimi,prompt_C,blind_baseline,NONE,,,,,3.6
10.3030_101123955_full,kimi,prompt_C,pi_main,PI+F_N+LOW_I+HIGH_B,F_N,LOW_I,HIGH_B,,3.5
10.3030_101123955_full,kimi,prompt_C,pi_main,PI+F_N+LOW_I+LOW_B,F_N,LOW_I,LOW_B,,3.5
10.3030_101123955_full,kimi,prompt_C,pi_main,PI+F_N+TOP_I+HIGH_B,F_N,TOP_I,HIGH_B,,3.7
10.3030_101123955_full,kimi,prompt_C,pi_main,PI+F_N+TOP_I+LOW_B,F_N,TOP_I,LOW_B,,3.5
10.3030_101123955_full,kimi,prompt_C,pi_main,PI+M_N+LOW_I+HIGH_B,M_N,LOW_I,HIGH_B,,3.5
10.3030_101123955_full,kimi,prompt_C,pi_main,PI+M_N+LOW_I+LOW_B,M_N,LOW_I,LOW_B,,3.5
10.3030_101123955_full,kimi,prompt_C,pi_main,PI+M_N+TOP_I+HIGH_B,M_N,TOP_I,HIGH_B,,3.5
10.3030_101123955_full,kimi,prompt_C,pi_main,PI+M_N+TOP_I+LOW_B,M_N,TOP_I,LOW_B,,3.6
10.3030_101123955_full,ministral,prompt_A,ai_main,AI+AI_N,,,,AI_N,3.5
10.3030_101123955_full,ministral,prompt_A,ai_main,AI+AI_Y,,,,AI_Y,3.5
10.3030_101123955_full,ministral,prompt_A,blind_baseline,NONE,,,,,3.5
10.3030_101123955_full,ministral,prompt_A,pi_main,PI+F_N+LOW_I+HIGH_B,F_N,LOW_I,HIGH_B,,3.5
10.3030_101123955_full,ministral,prompt_A,pi_main,PI+F_N+LOW_I+LOW_B,F_N,LOW_I,LOW_B,,3.5
10.3030_101123955_full,ministral,prompt_A,pi_main,PI+F_N+TOP_I+HIGH_B,F_N,TOP_I,HIGH_B,,3.5
10.3030_101123955_full,ministral,prompt_A,pi_main,PI+F_N+TOP_I+LOW_B,F_N,TOP_I,LOW_B,,3.5
10.3030_101123955_full,ministral,prompt_A,pi_main,PI+M_N+LOW_I+HIGH_B,M_N,LOW_I,HIGH_B,,3.5
10.3030_101123955_full,ministral,prompt_A,pi_main,PI+M_N+LOW_I+LOW_B,M_N,LOW_I,LOW_B,,3.0
10.3030_101123955_full,ministral,prompt_A,pi_main,PI+M_N+TOP_I+HIGH_B,M_N,TOP_I,HIGH_B,,3.5
10.3030_101123955_full,ministral,prompt_A,pi_main,PI+M_N+TOP_I+LOW_B,M_N,TOP_I,LOW_B,,3.5
10.3030_101123955_full,ministral,prompt_B,ai_main,AI+AI_N,,,,AI_N,3.5
10.3030_101123955_full,ministral,prompt_B,ai_main,AI+AI_Y,,,,AI_Y,3.5
10.3030_101123955_full,ministral,prompt_B,blind_baseline,NONE,,,,,3.5
10.3030_101123955_full,ministral,prompt_B,pi_main,PI+F_N+LOW_I+HIGH_B,F_N,LOW_I,HIGH_B,,3.5
10.3030_101123955_full,ministral,prompt_B,pi_main,PI+F_N+LOW_I+LOW_B,F_N,LOW_I,LOW_B,,3.5
10.3030_101123955_full,ministral,prompt_B,pi_main,PI+F_N+TOP_I+HIGH_B,F_N,TOP_I,HIGH_B,,3.5
10.3030_101123955_full,ministral,prompt_B,pi_main,PI+F_N+TOP_I+LOW_B,F_N,TOP_I,LOW_B,,3.5
10.3030_101123955_full,ministral,prompt_B,pi_main,PI+M_N+LOW_I+HIGH_B,M_N,LOW_I,HIGH_B,,3.5
10.3030_101123955_full,ministral,prompt_B,pi_main,PI+M_N+LOW_I+LOW_B,M_N,LOW_I,LOW_B,,3.5
10.3030_101123955_full,ministral,prompt_B,pi_main,PI+M_N+TOP_I+HIGH_B,M_N,TOP_I,HIGH_B,,3.5
10.3030_101123955_full,ministral,prompt_B,pi_main,PI+M_N+TOP_I+LOW_B,M_N,TOP_I,LOW_B,,3.5
10.3030_101123955_full,ministral,prompt_C,ai_main,AI+AI_N,,,,AI_N,3.5
10.3030_101123955_full,ministral,prompt_C,ai_main,AI+AI_Y,,,,AI_Y,3.5
10.3030_101123955_full,ministral,prompt_C,blind_baseline,NONE,,,,,3.5
10.3030_101123955_full,ministral,prompt_C,pi_main,PI+F_N+LOW_I+HIGH_B,F_N,LOW_I,HIGH_B,,3.5
10.3030_101123955_full,ministral,prompt_C,pi_main,PI+F_N+LOW_I+LOW_B,F_N,LOW_I,LOW_B,,3.5
10.3030_101123955_full,ministral,prompt_C,pi_main,PI+F_N+TOP_I+HIGH_B,F_N,TOP_I,HIGH_B,,3.5
10.3030_101123955_full,ministral,prompt_C,pi_main,PI+F_N+TOP_I+LOW_B,F_N,TOP_I,LOW_B,,3.5
10.3030_101123955_full,ministral,prompt_C,pi_main,PI+M_N+LOW_I+HIGH_B,M_N,LOW_I,HIGH_B,,3.5
10.3030_101123955_full,ministral,prompt_C,pi_main,PI+M_N+LOW_I+LOW_B,M_N,LOW_I,LOW_B,,3.5
10.3030_101123955_full,ministral,prompt_C,pi_main,PI+M_N+TOP_I+HIGH_B,M_N,TOP_I,HIGH_B,,3.5
10.3030_101123955_full,ministral,prompt_C,pi_main,PI+M_N+TOP_I+LOW_B,M_N,TOP_I,LOW_B,,3.5
10.3030_101123955_full,mistral,prompt_A,ai_main,AI+AI_N,,,,AI_N,3.7
10.3030_101123955_full,mistral,prompt_A,ai_main,AI+AI_Y,,,,AI_Y,3.8
10.3030_101123955_full,mistral,prompt_A,blind_baseline,NONE,,,,,4.0
10.3030_101123955_full,mistral,prompt_A,pi_main,PI+F_N+LOW_I+HIGH_B,F_N,LOW_I,HIGH_B,,3.7
10.3030_101123955_full,mistral,prompt_A,pi_main,PI+F_N+LOW_I+LOW_B,F_N,LOW_I,LOW_B,,3.5
10.3030_101123955_full,mistral,prompt_A,pi_main,PI+F_N+TOP_I+HIGH_B,F_N,TOP_I,HIGH_B,,3.5
10.3030_101123955_full,mistral,prompt_A,pi_main,PI+F_N+TOP_I+LOW_B,F_N,TOP_I,LOW_B,,3.5
10.3030_101123955_full,mistral,prompt_A,pi_main,PI+M_N+LOW_I+HIGH_B,M_N,LOW_I,HIGH_B,,3.6
10.3030_101123955_full,mistral,prompt_A,pi_main,PI+M_N+LOW_I+LOW_B,M_N,LOW_I,LOW_B,,3.5
10.3030_101123955_full,mistral,prompt_A,pi_main,PI+M_N+TOP_I+HIGH_B,M_N,TOP_I,HIGH_B,,3.5
10.3030_101123955_full,mistral,prompt_A,pi_main,PI+M_N+TOP_I+LOW_B,M_N,TOP_I,LOW_B,,3.5
10.3030_101123955_full,mistral,prompt_B,ai_main,AI+AI_N,,,,AI_N,3.7
10.3030_101123955_full,mistral,prompt_B,ai_main,AI+AI_Y,,,,AI_Y,3.9
10.3030_101123955_full,mistral,prompt_B,blind_baseline,NONE,,,,,3.6
10.3030_101123955_full,mistral,prompt_B,pi_main,PI+F_N+LOW_I+HIGH_B,F_N,LOW_I,HIGH_B,,3.7
10.3030_101123955_full,mistral,prompt_B,pi_main,PI+F_N+LOW_I+LOW_B,F_N,LOW_I,LOW_B,,3.6
10.3030_101123955_full,mistral,prompt_B,pi_main,PI+F_N+TOP_I+HIGH_B,F_N,TOP_I,HIGH_B,,3.7
10.3030_101123955_full,mistral,prompt_B,pi_main,PI+F_N+TOP_I+LOW_B,F_N,TOP_I,LOW_B,,3.6
10.3030_101123955_full,mistral,prompt_B,pi_main,PI+M_N+LOW_I+HIGH_B,M_N,LOW_I,HIGH_B,,3.8
10.3030_101123955_full,mistral,prompt_B,pi_main,PI+M_N+LOW_I+LOW_B,M_N,LOW_I,LOW_B,,3.7
10.3030_101123955_full,mistral,prompt_B,pi_main,PI+M_N+TOP_I+HIGH_B,M_N,TOP_I,HIGH_B,,3.7
10.3030_101123955_full,mistral,prompt_B,pi_main,PI+M_N+TOP_I+LOW_B,M_N,TOP_I,LOW_B,,3.5
10.3030_101123955_full,mistral,prompt_C,ai_main,AI+AI_N,,,,AI_N,3.6
10.3030_101123955_full,mistral,prompt_C,ai_main,AI+AI_Y,,,,AI_Y,3.6
10.3030_101123955_full,mistral,prompt_C,blind_baseline,NONE,,,,,3.5
10.3030_101123955_full,mistral,prompt_C,pi_main,PI+F_N+LOW_I+HIGH_B,F_N,LOW_I,HIGH_B,,3.8
10.3030_101123955_full,mistral,prompt_C,pi_main,PI+F_N+LOW_I+LOW_B,F_N,LOW_I,LOW_B,,3.5
10.3030_101123955_full,mistral,prompt_C,pi_main,PI+F_N+TOP_I+HIGH_B,F_N,TOP_I,HIGH_B,,4.0
10.3030_101123955_full,mistral,prompt_C,pi_main,PI+F_N+TOP_I+LOW_B,F_N,TOP_I,LOW_B,,3.6
10.3030_101123955_full,mistral,prompt_C,pi_main,PI+M_N+LOW_I+HIGH_B,M_N,LOW_I,HIGH_B,,3.7
10.3030_101123955_full,mistral,prompt_C,pi_main,PI+M_N+LOW_I+LOW_B,M_N,LOW_I,LOW_B,,3.5
10.3030_101123955_full,mistral,prompt_C,pi_main,PI+M_N+TOP_I+HIGH_B,M_N,TOP_I,HIGH_B,,3.7
10.3030_101123955_full,mistral,prompt_C,pi_main,PI+M_N+TOP_I+LOW_B,M_N,TOP_I,LOW_B,,3.5
10.3030_101123955_full,phi,prompt_A,ai_main,AI+AI_N,,,,AI_N,3.5
10.3030_101123955_full,phi,prompt_A,ai_main,AI+AI_Y,,,,AI_Y,3.0
10.3030_101123955_full,phi,prompt_A,blind_baseline,NONE,,,,,3.0
10.3030_101123955_full,phi,prompt_A,pi_main,PI+F_N+LOW_I+HIGH_B,F_N,LOW_I,HIGH_B,,3.3
10.3030_101123955_full,phi,prompt_A,pi_main,PI+F_N+LOW_I+LOW_B,F_N,LOW_I,LOW_B,,3.2
10.3030_101123955_full,phi,prompt_A,pi_main,PI+F_N+TOP_I+HIGH_B,F_N,TOP_I,HIGH_B,,3.3
10.3030_101123955_full,phi,prompt_A,pi_main,PI+F_N+TOP_I+LOW_B,F_N,TOP_I,LOW_B,,3.0
10.3030_101123955_full,phi,prompt_A,pi_main,PI+M_N+LOW_I+HIGH_B,M_N,LOW_I,HIGH_B,,3.4
10.3030_101123955_full,phi,prompt_A,pi_main,PI+M_N+LOW_I+LOW_B,M_N,LOW_I,LOW_B,,3.0
10.3030_101123955_full,phi,prompt_A,pi_main,PI+M_N+TOP_I+HIGH_B,M_N,TOP_I,HIGH_B,,3.5
10.3030_101123955_full,phi,prompt_A,pi_main,PI+M_N+TOP_I+LOW_B,M_N,TOP_I,LOW_B,,3.1
10.3030_101123955_full,phi,prompt_B,ai_main,AI+AI_N,,,,AI_N,3.5
10.3030_101123955_full,phi,prompt_B,ai_main,AI+AI_Y,,,,AI_Y,3.0
10.3030_101123955_full,phi,prompt_B,blind_baseline,NONE,,,,,3.0
10.3030_101123955_full,phi,prompt_B,pi_main,PI+F_N+LOW_I+HIGH_B,F_N,LOW_I,HIGH_B,,3.0
10.3030_101123955_full,phi,prompt_B,pi_main,PI+F_N+LOW_I+LOW_B,F_N,LOW_I,LOW_B,,3.0
10.3030_101123955_full,phi,prompt_B,pi_main,PI+F_N+TOP_I+HIGH_B,F_N,TOP_I,HIGH_B,,3.0
10.3030_101123955_full,phi,prompt_B,pi_main,PI+F_N+TOP_I+LOW_B,F_N,TOP_I,LOW_B,,3.0
10.3030_101123955_full,phi,prompt_B,pi_main,PI+M_N+LOW_I+HIGH_B,M_N,LOW_I,HIGH_B,,3.5
10.3030_101123955_full,phi,prompt_B,pi_main,PI+M_N+LOW_I+LOW_B,M_N,LOW_I,LOW_B,,3.0
10.3030_101123955_full,phi,prompt_B,pi_main,PI+M_N+TOP_I+HIGH_B,M_N,TOP_I,HIGH_B,,3.0
10.3030_101123955_full,phi,prompt_B,pi_main,PI+M_N+TOP_I+LOW_B,M_N,TOP_I,LOW_B,,3.0
10.3030_101123955_full,phi,prompt_C,ai_main,AI+AI_N,,,,AI_N,3.0
10.3030_101123955_full,phi,prompt_C,ai_main,AI+AI_Y,,,,AI_Y,3.0
10.3030_101123955_full,phi,prompt_C,blind_baseline,NONE,,,,,3.5
10.3030_101123955_full,phi,prompt_C,pi_main,PI+F_N+LOW_I+HIGH_B,F_N,LOW_I,HIGH_B,,3.5
10.3030_101123955_full,phi,prompt_C,pi_main,PI+F_N+LOW_I+LOW_B,F_N,LOW_I,LOW_B,,3.0
10.3030_101123955_full,phi,prompt_C,pi_main,PI+F_N+TOP_I+HIGH_B,F_N,TOP_I,HIGH_B,,3.1
10.3030_101123955_full,phi,prompt_C,pi_main,PI+F_N+TOP_I+LOW_B,F_N,TOP_I,LOW_B,,3.1
10.3030_101123955_full,phi,prompt_C,pi_main,PI+M_N+LOW_I+HIGH_B,M_N,LOW_I,HIGH_B,,3.3
10.3030_101123955_full,phi,prompt_C,pi_main,PI+M_N+LOW_I+LOW_B,M_N,LOW_I,LOW_B,,3.5
10.3030_101123955_full,phi,prompt_C,pi_main,PI+M_N+TOP_I+HIGH_B,M_N,TOP_I,HIGH_B,,3.0
10.3030_101123955_full,phi,prompt_C,pi_main,PI+M_N+TOP_I+LOW_B,M_N,TOP_I,LOW_B,,3.5
10.3030_101124193_full,deepseek,prompt_A,ai_main,AI+AI_N,,,,AI_N,3.7
10.3030_101124193_full,deepseek,prompt_A,ai_main,AI+AI_Y,,,,AI_Y,3.8
10.3030_101124193_full,deepseek,prompt_A,blind_baseline,NONE,,,,,3.8
10.3030_101124193_full,deepseek,prompt_A,pi_main,PI+F_N+LOW_I+HIGH_B,F_N,LOW_I,HIGH_B,,3.6
10.3030_101124193_full,deepseek,prompt_A,pi_main,PI+F_N+LOW_I+LOW_B,F_N,LOW_I,LOW_B,,3.0
10.3030_101124193_full,deepseek,prompt_A,pi_main,PI+F_N+TOP_I+HIGH_B,F_N,TOP_I,HIGH_B,,3.5
10.3030_101124193_full,deepseek,prompt_A,pi_main,PI+F_N+TOP_I+LOW_B,F_N,TOP_I,LOW_B,,3.6
10.3030_101124193_full,deepseek,prompt_A,pi_main,PI+M_N+LOW_I+HIGH_B,M_N,LOW_I,HIGH_B,,3.8
10.3030_101124193_full,deepseek,prompt_A,pi_main,PI+M_N+LOW_I+LOW_B,M_N,LOW_I,LOW_B,,3.7
10.3030_101124193_full,deepseek,prompt_A,pi_main,PI+M_N+TOP_I+HIGH_B,M_N,TOP_I,HIGH_B,,3.6
10.3030_101124193_full,deepseek,prompt_A,pi_main,PI+M_N+TOP_I+LOW_B,M_N,TOP_I,LOW_B,,3.1
10.3030_101124193_full,deepseek,prompt_B,ai_main,AI+AI_N,,,,AI_N,3.8
10.3030_101124193_full,deepseek,prompt_B,ai_main,AI+AI_Y,,,,AI_Y,3.8
10.3030_101124193_full,deepseek,prompt_B,blind_baseline,NONE,,,,,3.5
10.3030_101124193_full,deepseek,prompt_B,pi_main,PI+F_N+LOW_I+HIGH_B,F_N,LOW_I,HIGH_B,,3.8
10.3030_101124193_full,deepseek,prompt_B,pi_main,PI+F_N+LOW_I+LOW_B,F_N,LOW_I,LOW_B,,3.6
10.3030_101124193_full,deepseek,prompt_B,pi_main,PI+F_N+TOP_I+HIGH_B,F_N,TOP_I,HIGH_B,,4.0
10.3030_101124193_full,deepseek,prompt_B,pi_main,PI+F_N+TOP_I+LOW_B,F_N,TOP_I,LOW_B,,3.9
10.3030_101124193_full,deepseek,prompt_B,pi_main,PI+M_N+LOW_I+HIGH_B,M_N,LOW_I,HIGH_B,,3.7
10.3030_101124193_full,deepseek,prompt_B,pi_main,PI+M_N+LOW_I+LOW_B,M_N,LOW_I,LOW_B,,3.3
10.3030_101124193_full,deepseek,prompt_B,pi_main,PI+M_N+TOP_I+HIGH_B,M_N,TOP_I,HIGH_B,,3.6
10.3030_101124193_full,deepseek,prompt_B,pi_main,PI+M_N+TOP_I+LOW_B,M_N,TOP_I,LOW_B,,3.4
10.3030_101124193_full,deepseek,prompt_C,ai_main,AI+AI_N,,,,AI_N,3.3
10.3030_101124193_full,deepseek,prompt_C,ai_main,AI+AI_Y,,,,AI_Y,3.4
10.3030_101124193_full,deepseek,prompt_C,blind_baseline,NONE,,,,,3.7
10.3030_101124193_full,deepseek,prompt_C,pi_main,PI+F_N+LOW_I+HIGH_B,F_N,LOW_I,HIGH_B,,3.4
10.3030_101124193_full,deepseek,prompt_C,pi_main,PI+F_N+LOW_I+LOW_B,F_N,LOW_I,LOW_B,,3.6
10.3030_101124193_full,deepseek,prompt_C,pi_main,PI+F_N+TOP_I+HIGH_B,F_N,TOP_I,HIGH_B,,3.8
10.3030_101124193_full,deepseek,prompt_C,pi_main,PI+F_N+TOP_I+LOW_B,F_N,TOP_I,LOW_B,,3.5
10.3030_101124193_full,deepseek,prompt_C,pi_main,PI+M_N+LOW_I+HIGH_B,M_N,LOW_I,HIGH_B,,3.9
10.3030_101124193_full,deepseek,prompt_C,pi_main,PI+M_N+LOW_I+LOW_B,M_N,LOW_I,LOW_B,,3.1
10.3030_101124193_full,deepseek,prompt_C,pi_main,PI+M_N+TOP_I+HIGH_B,M_N,TOP_I,HIGH_B,,3.4
10.3030_101124193_full,deepseek,prompt_C,pi_main,PI+M_N+TOP_I+LOW_B,M_N,TOP_I,LOW_B,,3.1
10.3030_101124193_full,gemma,prompt_A,ai_main,AI+AI_N,,,,AI_N,4.0
10.3030_101124193_full,gemma,prompt_A,ai_main,AI+AI_Y,,,,AI_Y,3.5
10.3030_101124193_full,gemma,prompt_A,blind_baseline,NONE,,,,,4.0
10.3030_101124193_full,gemma,prompt_A,pi_main,PI+F_N+LOW_I+HIGH_B,F_N,LOW_I,HIGH_B,,3.5
10.3030_101124193_full,gemma,prompt_A,pi_main,PI+F_N+LOW_I+LOW_B,F_N,LOW_I,LOW_B,,3.5
10.3030_101124193_full,gemma,prompt_A,pi_main,PI+F_N+TOP_I+HIGH_B,F_N,TOP_I,HIGH_B,,3.5
10.3030_101124193_full,gemma,prompt_A,pi_main,PI+F_N+TOP_I+LOW_B,F_N,TOP_I,LOW_B,,3.5
10.3030_101124193_full,gemma,prompt_A,pi_main,PI+M_N+LOW_I+HIGH_B,M_N,LOW_I,HIGH_B,,3.5
10.3030_101124193_full,gemma,prompt_A,pi_main,PI+M_N+LOW_I+LOW_B,M_N,LOW_I,LOW_B,,3.5
10.3030_101124193_full,gemma,prompt_A,pi_main,PI+M_N+TOP_I+HIGH_B,M_N,TOP_I,HIGH_B,,3.5
10.3030_101124193_full,gemma,prompt_A,pi_main,PI+M_N+TOP_I+LOW_B,M_N,TOP_I,LOW_B,,3.5
10.3030_101124193_full,gemma,prompt_B,ai_main,AI+AI_N,,,,AI_N,4.0
10.3030_101124193_full,gemma,prompt_B,ai_main,AI+AI_Y,,,,AI_Y,3.5
10.3030_101124193_full,gemma,prompt_B,blind_baseline,NONE,,,,,4.0
10.3030_101124193_full,gemma,prompt_B,pi_main,PI+F_N+LOW_I+HIGH_B,F_N,LOW_I,HIGH_B,,3.5
10.3030_101124193_full,gemma,prompt_B,pi_main,PI+F_N+LOW_I+LOW_B,F_N,LOW_I,LOW_B,,3.5
10.3030_101124193_full,gemma,prompt_B,pi_main,PI+F_N+TOP_I+HIGH_B,F_N,TOP_I,HIGH_B,,4.0
10.3030_101124193_full,gemma,prompt_B,pi_main,PI+F_N+TOP_I+LOW_B,F_N,TOP_I,LOW_B,,3.5
10.3030_101124193_full,gemma,prompt_B,pi_main,PI+M_N+LOW_I+HIGH_B,M_N,LOW_I,HIGH_B,,3.5
10.3030_101124193_full,gemma,prompt_B,pi_main,PI+M_N+LOW_I+LOW_B,M_N,LOW_I,LOW_B,,3.5
10.3030_101124193_full,gemma,prompt_B,pi_main,PI+M_N+TOP_I+HIGH_B,M_N,TOP_I,HIGH_B,,3.5
10.3030_101124193_full,gemma,prompt_B,pi_main,PI+M_N+TOP_I+LOW_B,M_N,TOP_I,LOW_B,,3.5
10.3030_101124193_full,gemma,prompt_C,ai_main,AI+AI_N,,,,AI_N,4.0
10.3030_101124193_full,gemma,prompt_C,ai_main,AI+AI_Y,,,,AI_Y,3.5
10.3030_101124193_full,gemma,prompt_C,blind_baseline,NONE,,,,,4.0
10.3030_101124193_full,gemma,prompt_C,pi_main,PI+F_N+LOW_I+HIGH_B,F_N,LOW_I,HIGH_B,,3.5
10.3030_101124193_full,gemma,prompt_C,pi_main,PI+F_N+LOW_I+LOW_B,F_N,LOW_I,LOW_B,,3.5
10.3030_101124193_full,gemma,prompt_C,pi_main,PI+F_N+TOP_I+HIGH_B,F_N,TOP_I,HIGH_B,,4.0
10.3030_101124193_full,gemma,prompt_C,pi_main,PI+F_N+TOP_I+LOW_B,F_N,TOP_I,LOW_B,,3.5
10.3030_101124193_full,gemma,prompt_C,pi_main,PI+M_N+LOW_I+HIGH_B,M_N,LOW_I,HIGH_B,,3.5
10.3030_101124193_full,gemma,prompt_C,pi_main,PI+M_N+LOW_I+LOW_B,M_N,LOW_I,LOW_B,,3.5
10.3030_101124193_full,gemma,prompt_C,pi_main,PI+M_N+TOP_I+HIGH_B,M_N,TOP_I,HIGH_B,,3.7
10.3030_101124193_full,gemma,prompt_C,pi_main,PI+M_N+TOP_I+LOW_B,M_N,TOP_I,LOW_B,,3.5
10.3030_101124193_full,glm,prompt_A,ai_main,AI+AI_N,,,,AI_N,3.5
10.3030_101124193_full,glm,prompt_A,ai_main,AI+AI_Y,,,,AI_Y,3.5
10.3030_101124193_full,glm,prompt_A,blind_baseline,NONE,,,,,3.5
10.3030_101124193_full,glm,prompt_A,pi_main,PI+F_N+LOW_I+HIGH_B,F_N,LOW_I,HIGH_B,,3.3
10.3030_101124193_full,glm,prompt_A,pi_main,PI+F_N+LOW_I+LOW_B,F_N,LOW_I,LOW_B,,3.0
10.3030_101124193_full,glm,prompt_A,pi_main,PI+F_N+TOP_I+HIGH_B,F_N,TOP_I,HIGH_B,,3.5
10.3030_101124193_full,glm,prompt_A,pi_main,PI+F_N+TOP_I+LOW_B,F_N,TOP_I,LOW_B,,3.0
10.3030_101124193_full,glm,prompt_A,pi_main,PI+M_N+LOW_I+HIGH_B,M_N,LOW_I,HIGH_B,,3.4
10.3030_101124193_full,glm,prompt_A,pi_main,PI+M_N+LOW_I+LOW_B,M_N,LOW_I,LOW_B,,3.0
10.3030_101124193_full,glm,prompt_A,pi_main,PI+M_N+TOP_I+HIGH_B,M_N,TOP_I,HIGH_B,,3.4
10.3030_101124193_full,glm,prompt_A,pi_main,PI+M_N+TOP_I+LOW_B,M_N,TOP_I,LOW_B,,3.0
10.3030_101124193_full,glm,prompt_B,ai_main,AI+AI_N,,,,AI_N,3.6
10.3030_101124193_full,glm,prompt_B,ai_main,AI+AI_Y,,,,AI_Y,3.4
10.3030_101124193_full,glm,prompt_B,blind_baseline,NONE,,,,,3.5
10.3030_101124193_full,glm,prompt_B,pi_main,PI+F_N+LOW_I+HIGH_B,F_N,LOW_I,HIGH_B,,3.5
10.3030_101124193_full,glm,prompt_B,pi_main,PI+F_N+LOW_I+LOW_B,F_N,LOW_I,LOW_B,,3.2
10.3030_101124193_full,glm,prompt_B,pi_main,PI+F_N+TOP_I+HIGH_B,F_N,TOP_I,HIGH_B,,3.5
10.3030_101124193_full,glm,prompt_B,pi_main,PI+F_N+TOP_I+LOW_B,F_N,TOP_I,LOW_B,,3.2
10.3030_101124193_full,glm,prompt_B,pi_main,PI+M_N+LOW_I+HIGH_B,M_N,LOW_I,HIGH_B,,3.3
10.3030_101124193_full,glm,prompt_B,pi_main,PI+M_N+LOW_I+LOW_B,M_N,LOW_I,LOW_B,,3.4
10.3030_101124193_full,glm,prompt_B,pi_main,PI+M_N+TOP_I+HIGH_B,M_N,TOP_I,HIGH_B,,3.5
10.3030_101124193_full,glm,prompt_B,pi_main,PI+M_N+TOP_I+LOW_B,M_N,TOP_I,LOW_B,,3.2
10.3030_101124193_full,glm,prompt_C,ai_main,AI+AI_N,,,,AI_N,3.5
10.3030_101124193_full,glm,prompt_C,ai_main,AI+AI_Y,,,,AI_Y,3.5
10.3030_101124193_full,glm,prompt_C,blind_baseline,NONE,,,,,3.5
10.3030_101124193_full,glm,prompt_C,pi_main,PI+F_N+LOW_I+HIGH_B,F_N,LOW_I,HIGH_B,,3.5
10.3030_101124193_full,glm,prompt_C,pi_main,PI+F_N+LOW_I+LOW_B,F_N,LOW_I,LOW_B,,3.2
10.3030_101124193_full,glm,prompt_C,pi_main,PI+F_N+TOP_I+HIGH_B,F_N,TOP_I,HIGH_B,,3.4
10.3030_101124193_full,glm,prompt_C,pi_main,PI+F_N+TOP_I+LOW_B,F_N,TOP_I,LOW_B,,3.1
10.3030_101124193_full,glm,prompt_C,pi_main,PI+M_N+LOW_I+HIGH_B,M_N,LOW_I,HIGH_B,,3.3
10.3030_101124193_full,glm,prompt_C,pi_main,PI+M_N+LOW_I+LOW_B,M_N,LOW_I,LOW_B,,3.0
10.3030_101124193_full,glm,prompt_C,pi_main,PI+M_N+TOP_I+HIGH_B,M_N,TOP_I,HIGH_B,,3.5
10.3030_101124193_full,glm,prompt_C,pi_main,PI+M_N+TOP_I+LOW_B,M_N,TOP_I,LOW_B,,3.0
10.3030_101124193_full,gpt,prompt_A,ai_main,AI+AI_N,,,,AI_N,4.0
10.3030_101124193_full,gpt,prompt_A,ai_main,AI+AI_Y,,,,AI_Y,4.0
10.3030_101124193_full,gpt,prompt_A,blind_baseline,NONE,,,,,4.0
10.3030_101124193_full,gpt,prompt_A,pi_main,PI+F_N+LOW_I+HIGH_B,F_N,LOW_I,HIGH_B,,4.0
10.3030_101124193_full,gpt,prompt_A,pi_main,PI+F_N+LOW_I+LOW_B,F_N,LOW_I,LOW_B,,4.0
10.3030_101124193_full,gpt,prompt_A,pi_main,PI+F_N+TOP_I+HIGH_B,F_N,TOP_I,HIGH_B,,4.0
10.3030_101124193_full,gpt,prompt_A,pi_main,PI+F_N+TOP_I+LOW_B,F_N,TOP_I,LOW_B,,4.0
10.3030_101124193_full,gpt,prompt_A,pi_main,PI+M_N+LOW_I+HIGH_B,M_N,LOW_I,HIGH_B,,4.0
10.3030_101124193_full,gpt,prompt_A,pi_main,PI+M_N+LOW_I+LOW_B,M_N,LOW_I,LOW_B,,3.9
10.3030_101124193_full,gpt,prompt_A,pi_main,PI+M_N+TOP_I+HIGH_B,M_N,TOP_I,HIGH_B,,4.0
10.3030_101124193_full,gpt,prompt_A,pi_main,PI+M_N+TOP_I+LOW_B,M_N,TOP_I,LOW_B,,3.9
10.3030_101124193_full,gpt,prompt_B,ai_main,AI+AI_N,,,,AI_N,4.0
10.3030_101124193_full,gpt,prompt_B,ai_main,AI+AI_Y,,,,AI_Y,4.0
10.3030_101124193_full,gpt,prompt_B,blind_baseline,NONE,,,,,4.0
10.3030_101124193_full,gpt,prompt_B,pi_main,PI+F_N+LOW_I+HIGH_B,F_N,LOW_I,HIGH_B,,4.0
10.3030_101124193_full,gpt,prompt_B,pi_main,PI+F_N+LOW_I+LOW_B,F_N,LOW_I,LOW_B,,4.0
10.3030_101124193_full,gpt,prompt_B,pi_main,PI+F_N+TOP_I+HIGH_B,F_N,TOP_I,HIGH_B,,4.0
10.3030_101124193_full,gpt,prompt_B,pi_main,PI+F_N+TOP_I+LOW_B,F_N,TOP_I,LOW_B,,4.0
10.3030_101124193_full,gpt,prompt_B,pi_main,PI+M_N+LOW_I+HIGH_B,M_N,LOW_I,HIGH_B,,4.0
10.3030_101124193_full,gpt,prompt_B,pi_main,PI+M_N+LOW_I+LOW_B,M_N,LOW_I,LOW_B,,4.0
10.3030_101124193_full,gpt,prompt_B,pi_main,PI+M_N+TOP_I+HIGH_B,M_N,TOP_I,HIGH_B,,4.0
10.3030_101124193_full,gpt,prompt_B,pi_main,PI+M_N+TOP_I+LOW_B,M_N,TOP_I,LOW_B,,3.5
10.3030_101124193_full,gpt,prompt_C,ai_main,AI+AI_N,,,,AI_N,4.0
10.3030_101124193_full,gpt,prompt_C,ai_main,AI+AI_Y,,,,AI_Y,4.0
10.3030_101124193_full,gpt,prompt_C,blind_baseline,NONE,,,,,4.0
10.3030_101124193_full,gpt,prompt_C,pi_main,PI+F_N+LOW_I+HIGH_B,F_N,LOW_I,HIGH_B,,4.0
10.3030_101124193_full,gpt,prompt_C,pi_main,PI+F_N+LOW_I+LOW_B,F_N,LOW_I,LOW_B,,4.0
10.3030_101124193_full,gpt,prompt_C,pi_main,PI+F_N+TOP_I+HIGH_B,F_N,TOP_I,HIGH_B,,4.0
10.3030_101124193_full,gpt,prompt_C,pi_main,PI+F_N+TOP_I+LOW_B,F_N,TOP_I,LOW_B,,3.9
10.3030_101124193_full,gpt,prompt_C,pi_main,PI+M_N+LOW_I+HIGH_B,M_N,LOW_I,HIGH_B,,4.0
10.3030_101124193_full,gpt,prompt_C,pi_main,PI+M_N+LOW_I+LOW_B,M_N,LOW_I,LOW_B,,4.0
10.3030_101124193_full,gpt,prompt_C,pi_main,PI+M_N+TOP_I+HIGH_B,M_N,TOP_I,HIGH_B,,4.0
10.3030_101124193_full,gpt,prompt_C,pi_main,PI+M_N+TOP_I+LOW_B,M_N,TOP_I,LOW_B,,4.0
10.3030_101124193_full,kimi,prompt_A,ai_main,AI+AI_N,,,,AI_N,3.9
10.3030_101124193_full,kimi,prompt_A,ai_main,AI+AI_Y,,,,AI_Y,3.7
10.3030_101124193_full,kimi,prompt_A,blind_baseline,NONE,,,,,3.8
10.3030_101124193_full,kimi,prompt_A,pi_main,PI+F_N+LOW_I+HIGH_B,F_N,LOW_I,HIGH_B,,3.5
10.3030_101124193_full,kimi,prompt_A,pi_main,PI+F_N+LOW_I+LOW_B,F_N,LOW_I,LOW_B,,3.2
10.3030_101124193_full,kimi,prompt_A,pi_main,PI+F_N+TOP_I+HIGH_B,F_N,TOP_I,HIGH_B,,3.7
10.3030_101124193_full,kimi,prompt_A,pi_main,PI+F_N+TOP_I+LOW_B,F_N,TOP_I,LOW_B,,3.4
10.3030_101124193_full,kimi,prompt_A,pi_main,PI+M_N+LOW_I+HIGH_B,M_N,LOW_I,HIGH_B,,3.6
10.3030_101124193_full,kimi,prompt_A,pi_main,PI+M_N+LOW_I+LOW_B,M_N,LOW_I,LOW_B,,3.5
10.3030_101124193_full,kimi,prompt_A,pi_main,PI+M_N+TOP_I+HIGH_B,M_N,TOP_I,HIGH_B,,3.5
10.3030_101124193_full,kimi,prompt_A,pi_main,PI+M_N+TOP_I+LOW_B,M_N,TOP_I,LOW_B,,3.5
10.3030_101124193_full,kimi,prompt_B,ai_main,AI+AI_N,,,,AI_N,3.7
10.3030_101124193_full,kimi,prompt_B,ai_main,AI+AI_Y,,,,AI_Y,3.8
10.3030_101124193_full,kimi,prompt_B,blind_baseline,NONE,,,,,3.6
10.3030_101124193_full,kimi,prompt_B,pi_main,PI+F_N+LOW_I+HIGH_B,F_N,LOW_I,HIGH_B,,3.6
10.3030_101124193_full,kimi,prompt_B,pi_main,PI+F_N+LOW_I+LOW_B,F_N,LOW_I,LOW_B,,3.6
10.3030_101124193_full,kimi,prompt_B,pi_main,PI+F_N+TOP_I+HIGH_B,F_N,TOP_I,HIGH_B,,4.0
10.3030_101124193_full,kimi,prompt_B,pi_main,PI+F_N+TOP_I+LOW_B,F_N,TOP_I,LOW_B,,3.6
10.3030_101124193_full,kimi,prompt_B,pi_main,PI+M_N+LOW_I+HIGH_B,M_N,LOW_I,HIGH_B,,3.6
10.3030_101124193_full,kimi,prompt_B,pi_main,PI+M_N+LOW_I+LOW_B,M_N,LOW_I,LOW_B,,3.6
10.3030_101124193_full,kimi,prompt_B,pi_main,PI+M_N+TOP_I+HIGH_B,M_N,TOP_I,HIGH_B,,3.7
10.3030_101124193_full,kimi,prompt_B,pi_main,PI+M_N+TOP_I+LOW_B,M_N,TOP_I,LOW_B,,3.5
10.3030_101124193_full,kimi,prompt_C,ai_main,AI+AI_N,,,,AI_N,3.8
10.3030_101124193_full,kimi,prompt_C,ai_main,AI+AI_Y,,,,AI_Y,3.8
10.3030_101124193_full,kimi,prompt_C,blind_baseline,NONE,,,,,3.9
10.3030_101124193_full,kimi,prompt_C,pi_main,PI+F_N+LOW_I+HIGH_B,F_N,LOW_I,HIGH_B,,4.0
10.3030_101124193_full,kimi,prompt_C,pi_main,PI+F_N+LOW_I+LOW_B,F_N,LOW_I,LOW_B,,3.5
10.3030_101124193_full,kimi,prompt_C,pi_main,PI+F_N+TOP_I+HIGH_B,F_N,TOP_I,HIGH_B,,3.7
10.3030_101124193_full,kimi,prompt_C,pi_main,PI+F_N+TOP_I+LOW_B,F_N,TOP_I,LOW_B,,3.7
10.3030_101124193_full,kimi,prompt_C,pi_main,PI+M_N+LOW_I+HIGH_B,M_N,LOW_I,HIGH_B,,3.8
10.3030_101124193_full,kimi,prompt_C,pi_main,PI+M_N+LOW_I+LOW_B,M_N,LOW_I,LOW_B,,3.6
10.3030_101124193_full,kimi,prompt_C,pi_main,PI+M_N+TOP_I+HIGH_B,M_N,TOP_I,HIGH_B,,3.8
10.3030_101124193_full,kimi,prompt_C,pi_main,PI+M_N+TOP_I+LOW_B,M_N,TOP_I,LOW_B,,3.7
10.3030_101124193_full,ministral,prompt_A,ai_main,AI+AI_N,,,,AI_N,4.0
10.3030_101124193_full,ministral,prompt_A,ai_main,AI+AI_Y,,,,AI_Y,3.5
10.3030_101124193_full,ministral,prompt_A,blind_baseline,NONE,,,,,3.5
10.3030_101124193_full,ministral,prompt_A,pi_main,PI+F_N+LOW_I+HIGH_B,F_N,LOW_I,HIGH_B,,3.5
10.3030_101124193_full,ministral,prompt_A,pi_main,PI+F_N+LOW_I+LOW_B,F_N,LOW_I,LOW_B,,3.5
10.3030_101124193_full,ministral,prompt_A,pi_main,PI+F_N+TOP_I+HIGH_B,F_N,TOP_I,HIGH_B,,3.5
10.3030_101124193_full,ministral,prompt_A,pi_main,PI+F_N+TOP_I+LOW_B,F_N,TOP_I,LOW_B,,3.5
10.3030_101124193_full,ministral,prompt_A,pi_main,PI+M_N+LOW_I+HIGH_B,M_N,LOW_I,HIGH_B,,3.5
10.3030_101124193_full,ministral,prompt_A,pi_main,PI+M_N+LOW_I+LOW_B,M_N,LOW_I,LOW_B,,3.5
10.3030_101124193_full,ministral,prompt_A,pi_main,PI+M_N+TOP_I+HIGH_B,M_N,TOP_I,HIGH_B,,3.5
10.3030_101124193_full,ministral,prompt_A,pi_main,PI+M_N+TOP_I+LOW_B,M_N,TOP_I,LOW_B,,3.5
10.3030_101124193_full,ministral,prompt_B,ai_main,AI+AI_N,,,,AI_N,4.0
10.3030_101124193_full,ministral,prompt_B,ai_main,AI+AI_Y,,,,AI_Y,3.5
10.3030_101124193_full,ministral,prompt_B,blind_baseline,NONE,,,,,3.5
10.3030_101124193_full,ministral,prompt_B,pi_main,PI+F_N+LOW_I+HIGH_B,F_N,LOW_I,HIGH_B,,3.5
10.3030_101124193_full,ministral,prompt_B,pi_main,PI+F_N+LOW_I+LOW_B,F_N,LOW_I,LOW_B,,3.5
10.3030_101124193_full,ministral,prompt_B,pi_main,PI+F_N+TOP_I+HIGH_B,F_N,TOP_I,HIGH_B,,3.5
10.3030_101124193_full,ministral,prompt_B,pi_main,PI+F_N+TOP_I+LOW_B,F_N,TOP_I,LOW_B,,3.5
10.3030_101124193_full,ministral,prompt_B,pi_main,PI+M_N+LOW_I+HIGH_B,M_N,LOW_I,HIGH_B,,3.5
10.3030_101124193_full,ministral,prompt_B,pi_main,PI+M_N+LOW_I+LOW_B,M_N,LOW_I,LOW_B,,3.5
10.3030_101124193_full,ministral,prompt_B,pi_main,PI+M_N+TOP_I+HIGH_B,M_N,TOP_I,HIGH_B,,3.5
10.3030_101124193_full,ministral,prompt_B,pi_main,PI+M_N+TOP_I+LOW_B,M_N,TOP_I,LOW_B,,3.5
10.3030_101124193_full,ministral,prompt_C,ai_main,AI+AI_N,,,,AI_N,3.5
10.3030_101124193_full,ministral,prompt_C,ai_main,AI+AI_Y,,,,AI_Y,3.5
10.3030_101124193_full,ministral,prompt_C,blind_baseline,NONE,,,,,4.0
10.3030_101124193_full,ministral,prompt_C,pi_main,PI+F_N+LOW_I+HIGH_B,F_N,LOW_I,HIGH_B,,3.5
10.3030_101124193_full,ministral,prompt_C,pi_main,PI+F_N+LOW_I+LOW_B,F_N,LOW_I,LOW_B,,3.5
10.3030_101124193_full,ministral,prompt_C,pi_main,PI+F_N+TOP_I+HIGH_B,F_N,TOP_I,HIGH_B,,3.5
10.3030_101124193_full,ministral,prompt_C,pi_main,PI+F_N+TOP_I+LOW_B,F_N,TOP_I,LOW_B,,3.5
10.3030_101124193_full,ministral,prompt_C,pi_main,PI+M_N+LOW_I+HIGH_B,M_N,LOW_I,HIGH_B,,3.5
10.3030_101124193_full,ministral,prompt_C,pi_main,PI+M_N+LOW_I+LOW_B,M_N,LOW_I,LOW_B,,3.5
10.3030_101124193_full,ministral,prompt_C,pi_main,PI+M_N+TOP_I+HIGH_B,M_N,TOP_I,HIGH_B,,3.5
10.3030_101124193_full,ministral,prompt_C,pi_main,PI+M_N+TOP_I+LOW_B,M_N,TOP_I,LOW_B,,3.5
10.3030_101124193_full,mistral,prompt_A,ai_main,AI+AI_N,,,,AI_N,4.0
10.3030_101124193_full,mistral,prompt_A,ai_main,AI+AI_Y,,,,AI_Y,4.0
10.3030_101124193_full,mistral,prompt_A,blind_baseline,NONE,,,,,4.0
10.3030_101124193_full,mistral,prompt_A,pi_main,PI+F_N+LOW_I+HIGH_B,F_N,LOW_I,HIGH_B,,4.0
10.3030_101124193_full,mistral,prompt_A,pi_main,PI+F_N+LOW_I+LOW_B,F_N,LOW_I,LOW_B,,4.0
10.3030_101124193_full,mistral,prompt_A,pi_main,PI+F_N+TOP_I+HIGH_B,F_N,TOP_I,HIGH_B,,4.0
10.3030_101124193_full,mistral,prompt_A,pi_main,PI+F_N+TOP_I+LOW_B,F_N,TOP_I,LOW_B,,4.0
10.3030_101124193_full,mistral,prompt_A,pi_main,PI+M_N+LOW_I+HIGH_B,M_N,LOW_I,HIGH_B,,4.0
10.3030_101124193_full,mistral,prompt_A,pi_main,PI+M_N+LOW_I+LOW_B,M_N,LOW_I,LOW_B,,4.0
10.3030_101124193_full,mistral,prompt_A,pi_main,PI+M_N+TOP_I+HIGH_B,M_N,TOP_I,HIGH_B,,4.0
10.3030_101124193_full,mistral,prompt_A,pi_main,PI+M_N+TOP_I+LOW_B,M_N,TOP_I,LOW_B,,4.0
10.3030_101124193_full,mistral,prompt_B,ai_main,AI+AI_N,,,,AI_N,4.0
10.3030_101124193_full,mistral,prompt_B,ai_main,AI+AI_Y,,,,AI_Y,4.0
10.3030_101124193_full,mistral,prompt_B,blind_baseline,NONE,,,,,4.0
10.3030_101124193_full,mistral,prompt_B,pi_main,PI+F_N+LOW_I+HIGH_B,F_N,LOW_I,HIGH_B,,4.0
10.3030_101124193_full,mistral,prompt_B,pi_main,PI+F_N+LOW_I+LOW_B,F_N,LOW_I,LOW_B,,4.0
10.3030_101124193_full,mistral,prompt_B,pi_main,PI+F_N+TOP_I+HIGH_B,F_N,TOP_I,HIGH_B,,4.0
10.3030_101124193_full,mistral,prompt_B,pi_main,PI+F_N+TOP_I+LOW_B,F_N,TOP_I,LOW_B,,4.0
10.3030_101124193_full,mistral,prompt_B,pi_main,PI+M_N+LOW_I+HIGH_B,M_N,LOW_I,HIGH_B,,4.0
10.3030_101124193_full,mistral,prompt_B,pi_main,PI+M_N+LOW_I+LOW_B,M_N,LOW_I,LOW_B,,4.0
10.3030_101124193_full,mistral,prompt_B,pi_main,PI+M_N+TOP_I+HIGH_B,M_N,TOP_I,HIGH_B,,4.0
10.3030_101124193_full,mistral,prompt_B,pi_main,PI+M_N+TOP_I+LOW_B,M_N,TOP_I,LOW_B,,4.0
10.3030_101124193_full,mistral,prompt_C,ai_main,AI+AI_N,,,,AI_N,4.0
10.3030_101124193_full,mistral,prompt_C,ai_main,AI+AI_Y,,,,AI_Y,4.0
10.3030_101124193_full,mistral,prompt_C,blind_baseline,NONE,,,,,4.0
10.3030_101124193_full,mistral,prompt_C,pi_main,PI+F_N+LOW_I+HIGH_B,F_N,LOW_I,HIGH_B,,4.0
10.3030_101124193_full,mistral,prompt_C,pi_main,PI+F_N+LOW_I+LOW_B,F_N,LOW_I,LOW_B,,4.0
10.3030_101124193_full,mistral,prompt_C,pi_main,PI+F_N+TOP_I+HIGH_B,F_N,TOP_I,HIGH_B,,4.0
10.3030_101124193_full,mistral,prompt_C,pi_main,PI+F_N+TOP_I+LOW_B,F_N,TOP_I,LOW_B,,4.0
10.3030_101124193_full,mistral,prompt_C,pi_main,PI+M_N+LOW_I+HIGH_B,M_N,LOW_I,HIGH_B,,4.0
10.3030_101124193_full,mistral,prompt_C,pi_main,PI+M_N+LOW_I+LOW_B,M_N,LOW_I,LOW_B,,4.0
10.3030_101124193_full,mistral,prompt_C,pi_main,PI+M_N+TOP_I+HIGH_B,M_N,TOP_I,HIGH_B,,4.0
10.3030_101124193_full,mistral,prompt_C,pi_main,PI+M_N+TOP_I+LOW_B,M_N,TOP_I,LOW_B,,4.0
10.3030_101124193_full,phi,prompt_A,ai_main,AI+AI_N,,,,AI_N,3.5
10.3030_101124193_full,phi,prompt_A,ai_main,AI+AI_Y,,,,AI_Y,3.5
10.3030_101124193_full,phi,prompt_A,blind_baseline,NONE,,,,,3.5
10.3030_101124193_full,phi,prompt_A,pi_main,PI+F_N+LOW_I+HIGH_B,F_N,LOW_I,HIGH_B,,3.5
10.3030_101124193_full,phi,prompt_A,pi_main,PI+F_N+LOW_I+LOW_B,F_N,LOW_I,LOW_B,,3.5
10.3030_101124193_full,phi,prompt_A,pi_main,PI+F_N+TOP_I+HIGH_B,F_N,TOP_I,HIGH_B,,3.5
10.3030_101124193_full,phi,prompt_A,pi_main,PI+F_N+TOP_I+LOW_B,F_N,TOP_I,LOW_B,,3.5
10.3030_101124193_full,phi,prompt_A,pi_main,PI+M_N+LOW_I+HIGH_B,M_N,LOW_I,HIGH_B,,3.5
10.3030_101124193_full,phi,prompt_A,pi_main,PI+M_N+LOW_I+LOW_B,M_N,LOW_I,LOW_B,,3.5
10.3030_101124193_full,phi,prompt_A,pi_main,PI+M_N+TOP_I+HIGH_B,M_N,TOP_I,HIGH_B,,3.5
10.3030_101124193_full,phi,prompt_A,pi_main,PI+M_N+TOP_I+LOW_B,M_N,TOP_I,LOW_B,,3.5
10.3030_101124193_full,phi,prompt_B,ai_main,AI+AI_N,,,,AI_N,3.5
10.3030_101124193_full,phi,prompt_B,ai_main,AI+AI_Y,,,,AI_Y,3.5
10.3030_101124193_full,phi,prompt_B,blind_baseline,NONE,,,,,3.5
10.3030_101124193_full,phi,prompt_B,pi_main,PI+F_N+LOW_I+HIGH_B,F_N,LOW_I,HIGH_B,,3.5
10.3030_101124193_full,phi,prompt_B,pi_main,PI+F_N+LOW_I+LOW_B,F_N,LOW_I,LOW_B,,3.5
10.3030_101124193_full,phi,prompt_B,pi_main,PI+F_N+TOP_I+HIGH_B,F_N,TOP_I,HIGH_B,,3.5
10.3030_101124193_full,phi,prompt_B,pi_main,PI+F_N+TOP_I+LOW_B,F_N,TOP_I,LOW_B,,3.5
10.3030_101124193_full,phi,prompt_B,pi_main,PI+M_N+LOW_I+HIGH_B,M_N,LOW_I,HIGH_B,,3.5
10.3030_101124193_full,phi,prompt_B,pi_main,PI+M_N+LOW_I+LOW_B,M_N,LOW_I,LOW_B,,3.5
10.3030_101124193_full,phi,prompt_B,pi_main,PI+M_N+TOP_I+HIGH_B,M_N,TOP_I,HIGH_B,,3.5
10.3030_101124193_full,phi,prompt_B,pi_main,PI+M_N+TOP_I+LOW_B,M_N,TOP_I,LOW_B,,3.5
10.3030_101124193_full,phi,prompt_C,ai_main,AI+AI_N,,,,AI_N,3.5
10.3030_101124193_full,phi,prompt_C,ai_main,AI+AI_Y,,,,AI_Y,3.5
10.3030_101124193_full,phi,prompt_C,blind_baseline,NONE,,,,,3.5
10.3030_101124193_full,phi,prompt_C,pi_main,PI+F_N+LOW_I+HIGH_B,F_N,LOW_I,HIGH_B,,3.5
10.3030_101124193_full,phi,prompt_C,pi_main,PI+F_N+LOW_I+LOW_B,F_N,LOW_I,LOW_B,,3.4
10.3030_101124193_full,phi,prompt_C,pi_main,PI+F_N+TOP_I+HIGH_B,F_N,TOP_I,HIGH_B,,3.5
10.3030_101124193_full,phi,prompt_C,pi_main,PI+F_N+TOP_I+LOW_B,F_N,TOP_I,LOW_B,,3.5
10.3030_101124193_full,phi,prompt_C,pi_main,PI+M_N+LOW_I+HIGH_B,M_N,LOW_I,HIGH_B,,3.5
10.3030_101124193_full,phi,prompt_C,pi_main,PI+M_N+LOW_I+LOW_B,M_N,LOW_I,LOW_B,,3.2
10.3030_101124193_full,phi,prompt_C,pi_main,PI+M_N+TOP_I+HIGH_B,M_N,TOP_I,HIGH_B,,3.5
10.3030_101124193_full,phi,prompt_C,pi_main,PI+M_N+TOP_I+LOW_B,M_N,TOP_I,LOW_B,,3.5
10.3030_101124195_full,deepseek,prompt_A,ai_main,AI+AI_N,,,,AI_N,3.2
10.3030_101124195_full,deepseek,prompt_A,ai_main,AI+AI_Y,,,,AI_Y,3.6
10.3030_101124195_full,deepseek,prompt_A,blind_baseline,NONE,,,,,3.2
10.3030_101124195_full,deepseek,prompt_A,pi_main,PI+F_N+LOW_I+HIGH_B,F_N,LOW_I,HIGH_B,,3.1
10.3030_101124195_full,deepseek,prompt_A,pi_main,PI+F_N+LOW_I+LOW_B,F_N,LOW_I,LOW_B,,2.9
10.3030_101124195_full,deepseek,prompt_A,pi_main,PI+F_N+TOP_I+HIGH_B,F_N,TOP_I,HIGH_B,,3.2
10.3030_101124195_full,deepseek,prompt_A,pi_main,PI+F_N+TOP_I+LOW_B,F_N,TOP_I,LOW_B,,3.2
10.3030_101124195_full,deepseek,prompt_A,pi_main,PI+M_N+LOW_I+HIGH_B,M_N,LOW_I,HIGH_B,,3.2
10.3030_101124195_full,deepseek,prompt_A,pi_main,PI+M_N+LOW_I+LOW_B,M_N,LOW_I,LOW_B,,3.2
10.3030_101124195_full,deepseek,prompt_A,pi_main,PI+M_N+TOP_I+HIGH_B,M_N,TOP_I,HIGH_B,,3.1
10.3030_101124195_full,deepseek,prompt_A,pi_main,PI+M_N+TOP_I+LOW_B,M_N,TOP_I,LOW_B,,3.0
10.3030_101124195_full,deepseek,prompt_B,ai_main,AI+AI_N,,,,AI_N,3.3
10.3030_101124195_full,deepseek,prompt_B,ai_main,AI+AI_Y,,,,AI_Y,3.4
10.3030_101124195_full,deepseek,prompt_B,blind_baseline,NONE,,,,,3.3
10.3030_101124195_full,deepseek,prompt_B,pi_main,PI+F_N+LOW_I+HIGH_B,F_N,LOW_I,HIGH_B,,3.4
10.3030_101124195_full,deepseek,prompt_B,pi_main,PI+F_N+LOW_I+LOW_B,F_N,LOW_I,LOW_B,,3.1
10.3030_101124195_full,deepseek,prompt_B,pi_main,PI+F_N+TOP_I+HIGH_B,F_N,TOP_I,HIGH_B,,3.2
10.3030_101124195_full,deepseek,prompt_B,pi_main,PI+F_N+TOP_I+LOW_B,F_N,TOP_I,LOW_B,,3.0
10.3030_101124195_full,deepseek,prompt_B,pi_main,PI+M_N+LOW_I+HIGH_B,M_N,LOW_I,HIGH_B,,2.9
10.3030_101124195_full,deepseek,prompt_B,pi_main,PI+M_N+LOW_I+LOW_B,M_N,LOW_I,LOW_B,,3.3
10.3030_101124195_full,deepseek,prompt_B,pi_main,PI+M_N+TOP_I+HIGH_B,M_N,TOP_I,HIGH_B,,3.6
10.3030_101124195_full,deepseek,prompt_B,pi_main,PI+M_N+TOP_I+LOW_B,M_N,TOP_I,LOW_B,,3.2
10.3030_101124195_full,deepseek,prompt_C,ai_main,AI+AI_N,,,,AI_N,3.2
10.3030_101124195_full,deepseek,prompt_C,ai_main,AI+AI_Y,,,,AI_Y,3.2
10.3030_101124195_full,deepseek,prompt_C,blind_baseline,NONE,,,,,3.0
10.3030_101124195_full,deepseek,prompt_C,pi_main,PI+F_N+LOW_I+HIGH_B,F_N,LOW_I,HIGH_B,,3.1
10.3030_101124195_full,deepseek,prompt_C,pi_main,PI+F_N+LOW_I+LOW_B,F_N,LOW_I,LOW_B,,3.3
10.3030_101124195_full,deepseek,prompt_C,pi_main,PI+F_N+TOP_I+HIGH_B,F_N,TOP_I,HIGH_B,,3.6
10.3030_101124195_full,deepseek,prompt_C,pi_main,PI+F_N+TOP_I+LOW_B,F_N,TOP_I,LOW_B,,3.1
10.3030_101124195_full,deepseek,prompt_C,pi_main,PI+M_N+LOW_I+HIGH_B,M_N,LOW_I,HIGH_B,,3.2
10.3030_101124195_full,deepseek,prompt_C,pi_main,PI+M_N+LOW_I+LOW_B,M_N,LOW_I,LOW_B,,3.1
10.3030_101124195_full,deepseek,prompt_C,pi_main,PI+M_N+TOP_I+HIGH_B,M_N,TOP_I,HIGH_B,,3.4
10.3030_101124195_full,deepseek,prompt_C,pi_main,PI+M_N+TOP_I+LOW_B,M_N,TOP_I,LOW_B,,3.0
10.3030_101124195_full,gemma,prompt_A,ai_main,AI+AI_N,,,,AI_N,3.5
10.3030_101124195_full,gemma,prompt_A,ai_main,AI+AI_Y,,,,AI_Y,3.5
10.3030_101124195_full,gemma,prompt_A,blind_baseline,NONE,,,,,3.5
10.3030_101124195_full,gemma,prompt_A,pi_main,PI+F_N+LOW_I+HIGH_B,F_N,LOW_I,HIGH_B,,3.5
10.3030_101124195_full,gemma,prompt_A,pi_main,PI+F_N+LOW_I+LOW_B,F_N,LOW_I,LOW_B,,3.5
10.3030_101124195_full,gemma,prompt_A,pi_main,PI+F_N+TOP_I+HIGH_B,F_N,TOP_I,HIGH_B,,3.5
10.3030_101124195_full,gemma,prompt_A,pi_main,PI+F_N+TOP_I+LOW_B,F_N,TOP_I,LOW_B,,3.0
10.3030_101124195_full,gemma,prompt_A,pi_main,PI+M_N+LOW_I+HIGH_B,M_N,LOW_I,HIGH_B,,3.5
10.3030_101124195_full,gemma,prompt_A,pi_main,PI+M_N+LOW_I+LOW_B,M_N,LOW_I,LOW_B,,3.0
10.3030_101124195_full,gemma,prompt_A,pi_main,PI+M_N+TOP_I+HIGH_B,M_N,TOP_I,HIGH_B,,3.3
10.3030_101124195_full,gemma,prompt_A,pi_main,PI+M_N+TOP_I+LOW_B,M_N,TOP_I,LOW_B,,3.0
10.3030_101124195_full,gemma,prompt_B,ai_main,AI+AI_N,,,,AI_N,3.5
10.3030_101124195_full,gemma,prompt_B,ai_main,AI+AI_Y,,,,AI_Y,3.5
10.3030_101124195_full,gemma,prompt_B,blind_baseline,NONE,,,,,3.5
10.3030_101124195_full,gemma,prompt_B,pi_main,PI+F_N+LOW_I+HIGH_B,F_N,LOW_I,HIGH_B,,3.5
10.3030_101124195_full,gemma,prompt_B,pi_main,PI+F_N+LOW_I+LOW_B,F_N,LOW_I,LOW_B,,3.5
10.3030_101124195_full,gemma,prompt_B,pi_main,PI+F_N+TOP_I+HIGH_B,F_N,TOP_I,HIGH_B,,3.5
10.3030_101124195_full,gemma,prompt_B,pi_main,PI+F_N+TOP_I+LOW_B,F_N,TOP_I,LOW_B,,3.5
10.3030_101124195_full,gemma,prompt_B,pi_main,PI+M_N+LOW_I+HIGH_B,M_N,LOW_I,HIGH_B,,3.5
10.3030_101124195_full,gemma,prompt_B,pi_main,PI+M_N+LOW_I+LOW_B,M_N,LOW_I,LOW_B,,3.5
10.3030_101124195_full,gemma,prompt_B,pi_main,PI+M_N+TOP_I+HIGH_B,M_N,TOP_I,HIGH_B,,3.5
10.3030_101124195_full,gemma,prompt_B,pi_main,PI+M_N+TOP_I+LOW_B,M_N,TOP_I,LOW_B,,3.5
10.3030_101124195_full,gemma,prompt_C,ai_main,AI+AI_N,,,,AI_N,3.5
10.3030_101124195_full,gemma,prompt_C,ai_main,AI+AI_Y,,,,AI_Y,3.5
10.3030_101124195_full,gemma,prompt_C,blind_baseline,NONE,,,,,3.5
10.3030_101124195_full,gemma,prompt_C,pi_main,PI+F_N+LOW_I+HIGH_B,F_N,LOW_I,HIGH_B,,3.5
10.3030_101124195_full,gemma,prompt_C,pi_main,PI+F_N+LOW_I+LOW_B,F_N,LOW_I,LOW_B,,3.5
10.3030_101124195_full,gemma,prompt_C,pi_main,PI+F_N+TOP_I+HIGH_B,F_N,TOP_I,HIGH_B,,3.5
10.3030_101124195_full,gemma,prompt_C,pi_main,PI+F_N+TOP_I+LOW_B,F_N,TOP_I,LOW_B,,3.5
10.3030_101124195_full,gemma,prompt_C,pi_main,PI+M_N+LOW_I+HIGH_B,M_N,LOW_I,HIGH_B,,3.5
10.3030_101124195_full,gemma,prompt_C,pi_main,PI+M_N+LOW_I+LOW_B,M_N,LOW_I,LOW_B,,3.2
10.3030_101124195_full,gemma,prompt_C,pi_main,PI+M_N+TOP_I+HIGH_B,M_N,TOP_I,HIGH_B,,3.5
10.3030_101124195_full,gemma,prompt_C,pi_main,PI+M_N+TOP_I+LOW_B,M_N,TOP_I,LOW_B,,3.5
10.3030_101124195_full,glm,prompt_A,ai_main,AI+AI_N,,,,AI_N,3.5
10.3030_101124195_full,glm,prompt_A,ai_main,AI+AI_Y,,,,AI_Y,3.5
10.3030_101124195_full,glm,prompt_A,blind_baseline,NONE,,,,,3.5
10.3030_101124195_full,glm,prompt_A,pi_main,PI+F_N+LOW_I+HIGH_B,F_N,LOW_I,HIGH_B,,3.2
10.3030_101124195_full,glm,prompt_A,pi_main,PI+F_N+LOW_I+LOW_B,F_N,LOW_I,LOW_B,,3.0
10.3030_101124195_full,glm,prompt_A,pi_main,PI+F_N+TOP_I+HIGH_B,F_N,TOP_I,HIGH_B,,3.4
10.3030_101124195_full,glm,prompt_A,pi_main,PI+F_N+TOP_I+LOW_B,F_N,TOP_I,LOW_B,,3.0
10.3030_101124195_full,glm,prompt_A,pi_main,PI+M_N+LOW_I+HIGH_B,M_N,LOW_I,HIGH_B,,3.3
10.3030_101124195_full,glm,prompt_A,pi_main,PI+M_N+LOW_I+LOW_B,M_N,LOW_I,LOW_B,,3.0
10.3030_101124195_full,glm,prompt_A,pi_main,PI+M_N+TOP_I+HIGH_B,M_N,TOP_I,HIGH_B,,3.4
10.3030_101124195_full,glm,prompt_A,pi_main,PI+M_N+TOP_I+LOW_B,M_N,TOP_I,LOW_B,,3.0
10.3030_101124195_full,glm,prompt_B,ai_main,AI+AI_N,,,,AI_N,3.5
10.3030_101124195_full,glm,prompt_B,ai_main,AI+AI_Y,,,,AI_Y,3.5
10.3030_101124195_full,glm,prompt_B,blind_baseline,NONE,,,,,3.4
10.3030_101124195_full,glm,prompt_B,pi_main,PI+F_N+LOW_I+HIGH_B,F_N,LOW_I,HIGH_B,,3.5
10.3030_101124195_full,glm,prompt_B,pi_main,PI+F_N+LOW_I+LOW_B,F_N,LOW_I,LOW_B,,3.1
10.3030_101124195_full,glm,prompt_B,pi_main,PI+F_N+TOP_I+HIGH_B,F_N,TOP_I,HIGH_B,,3.5
10.3030_101124195_full,glm,prompt_B,pi_main,PI+F_N+TOP_I+LOW_B,F_N,TOP_I,LOW_B,,3.4
10.3030_101124195_full,glm,prompt_B,pi_main,PI+M_N+LOW_I+HIGH_B,M_N,LOW_I,HIGH_B,,3.4
10.3030_101124195_full,glm,prompt_B,pi_main,PI+M_N+LOW_I+LOW_B,M_N,LOW_I,LOW_B,,3.4
10.3030_101124195_full,glm,prompt_B,pi_main,PI+M_N+TOP_I+HIGH_B,M_N,TOP_I,HIGH_B,,3.5
10.3030_101124195_full,glm,prompt_B,pi_main,PI+M_N+TOP_I+LOW_B,M_N,TOP_I,LOW_B,,3.0
10.3030_101124195_full,glm,prompt_C,ai_main,AI+AI_N,,,,AI_N,3.5
10.3030_101124195_full,glm,prompt_C,ai_main,AI+AI_Y,,,,AI_Y,3.5
10.3030_101124195_full,glm,prompt_C,blind_baseline,NONE,,,,,3.5
10.3030_101124195_full,glm,prompt_C,pi_main,PI+F_N+LOW_I+HIGH_B,F_N,LOW_I,HIGH_B,,3.4
10.3030_101124195_full,glm,prompt_C,pi_main,PI+F_N+LOW_I+LOW_B,F_N,LOW_I,LOW_B,,3.0
10.3030_101124195_full,glm,prompt_C,pi_main,PI+F_N+TOP_I+HIGH_B,F_N,TOP_I,HIGH_B,,3.5
10.3030_101124195_full,glm,prompt_C,pi_main,PI+F_N+TOP_I+LOW_B,F_N,TOP_I,LOW_B,,3.0
10.3030_101124195_full,glm,prompt_C,pi_main,PI+M_N+LOW_I+HIGH_B,M_N,LOW_I,HIGH_B,,3.4
10.3030_101124195_full,glm,prompt_C,pi_main,PI+M_N+LOW_I+LOW_B,M_N,LOW_I,LOW_B,,3.0
10.3030_101124195_full,glm,prompt_C,pi_main,PI+M_N+TOP_I+HIGH_B,M_N,TOP_I,HIGH_B,,3.3
10.3030_101124195_full,glm,prompt_C,pi_main,PI+M_N+TOP_I+LOW_B,M_N,TOP_I,LOW_B,,3.0
10.3030_101124195_full,gpt,prompt_A,ai_main,AI+AI_N,,,,AI_N,3.5
10.3030_101124195_full,gpt,prompt_A,ai_main,AI+AI_Y,,,,AI_Y,3.5
10.3030_101124195_full,gpt,prompt_A,blind_baseline,NONE,,,,,3.9
10.3030_101124195_full,gpt,prompt_A,pi_main,PI+F_N+LOW_I+HIGH_B,F_N,LOW_I,HIGH_B,,3.5
10.3030_101124195_full,gpt,prompt_A,pi_main,PI+F_N+LOW_I+LOW_B,F_N,LOW_I,LOW_B,,3.5
10.3030_101124195_full,gpt,prompt_A,pi_main,PI+F_N+TOP_I+HIGH_B,F_N,TOP_I,HIGH_B,,3.5
10.3030_101124195_full,gpt,prompt_A,pi_main,PI+F_N+TOP_I+LOW_B,F_N,TOP_I,LOW_B,,3.5
10.3030_101124195_full,gpt,prompt_A,pi_main,PI+M_N+LOW_I+HIGH_B,M_N,LOW_I,HIGH_B,,3.5
10.3030_101124195_full,gpt,prompt_A,pi_main,PI+M_N+LOW_I+LOW_B,M_N,LOW_I,LOW_B,,3.5
10.3030_101124195_full,gpt,prompt_A,pi_main,PI+M_N+TOP_I+HIGH_B,M_N,TOP_I,HIGH_B,,3.7
10.3030_101124195_full,gpt,prompt_A,pi_main,PI+M_N+TOP_I+LOW_B,M_N,TOP_I,LOW_B,,3.5
10.3030_101124195_full,gpt,prompt_B,ai_main,AI+AI_N,,,,AI_N,4.0
10.3030_101124195_full,gpt,prompt_B,ai_main,AI+AI_Y,,,,AI_Y,3.5
10.3030_101124195_full,gpt,prompt_B,blind_baseline,NONE,,,,,3.5
10.3030_101124195_full,gpt,prompt_B,pi_main,PI+F_N+LOW_I+HIGH_B,F_N,LOW_I,HIGH_B,,3.7
10.3030_101124195_full,gpt,prompt_B,pi_main,PI+F_N+LOW_I+LOW_B,F_N,LOW_I,LOW_B,,3.6
10.3030_101124195_full,gpt,prompt_B,pi_main,PI+F_N+TOP_I+HIGH_B,F_N,TOP_I,HIGH_B,,3.8
10.3030_101124195_full,gpt,prompt_B,pi_main,PI+F_N+TOP_I+LOW_B,F_N,TOP_I,LOW_B,,3.9
10.3030_101124195_full,gpt,prompt_B,pi_main,PI+M_N+LOW_I+HIGH_B,M_N,LOW_I,HIGH_B,,3.5
10.3030_101124195_full,gpt,prompt_B,pi_main,PI+M_N+LOW_I+LOW_B,M_N,LOW_I,LOW_B,,3.5
10.3030_101124195_full,gpt,prompt_B,pi_main,PI+M_N+TOP_I+HIGH_B,M_N,TOP_I,HIGH_B,,3.6
10.3030_101124195_full,gpt,prompt_B,pi_main,PI+M_N+TOP_I+LOW_B,M_N,TOP_I,LOW_B,,3.5
10.3030_101124195_full,gpt,prompt_C,ai_main,AI+AI_N,,,,AI_N,3.7
10.3030_101124195_full,gpt,prompt_C,ai_main,AI+AI_Y,,,,AI_Y,3.5
10.3030_101124195_full,gpt,prompt_C,blind_baseline,NONE,,,,,3.6
10.3030_101124195_full,gpt,prompt_C,pi_main,PI+F_N+LOW_I+HIGH_B,F_N,LOW_I,HIGH_B,,3.8
10.3030_101124195_full,gpt,prompt_C,pi_main,PI+F_N+LOW_I+LOW_B,F_N,LOW_I,LOW_B,,3.5
10.3030_101124195_full,gpt,prompt_C,pi_main,PI+F_N+TOP_I+HIGH_B,F_N,TOP_I,HIGH_B,,3.5
10.3030_101124195_full,gpt,prompt_C,pi_main,PI+F_N+TOP_I+LOW_B,F_N,TOP_I,LOW_B,,3.5
10.3030_101124195_full,gpt,prompt_C,pi_main,PI+M_N+LOW_I+HIGH_B,M_N,LOW_I,HIGH_B,,3.5
10.3030_101124195_full,gpt,prompt_C,pi_main,PI+M_N+LOW_I+LOW_B,M_N,LOW_I,LOW_B,,3.5
10.3030_101124195_full,gpt,prompt_C,pi_main,PI+M_N+TOP_I+HIGH_B,M_N,TOP_I,HIGH_B,,3.5
10.3030_101124195_full,gpt,prompt_C,pi_main,PI+M_N+TOP_I+LOW_B,M_N,TOP_I,LOW_B,,3.5
10.3030_101124195_full,kimi,prompt_A,ai_main,AI+AI_N,,,,AI_N,3.7
10.3030_101124195_full,kimi,prompt_A,ai_main,AI+AI_Y,,,,AI_Y,3.7
10.3030_101124195_full,kimi,prompt_A,blind_baseline,NONE,,,,,3.6
10.3030_101124195_full,kimi,prompt_A,pi_main,PI+F_N+LOW_I+HIGH_B,F_N,LOW_I,HIGH_B,,3.5
10.3030_101124195_full,kimi,prompt_A,pi_main,PI+F_N+LOW_I+LOW_B,F_N,LOW_I,LOW_B,,3.3
10.3030_101124195_full,kimi,prompt_A,pi_main,PI+F_N+TOP_I+HIGH_B,F_N,TOP_I,HIGH_B,,3.6
10.3030_101124195_full,kimi,prompt_A,pi_main,PI+F_N+TOP_I+LOW_B,F_N,TOP_I,LOW_B,,3.4
10.3030_101124195_full,kimi,prompt_A,pi_main,PI+M_N+LOW_I+HIGH_B,M_N,LOW_I,HIGH_B,,3.5
10.3030_101124195_full,kimi,prompt_A,pi_main,PI+M_N+LOW_I+LOW_B,M_N,LOW_I,LOW_B,,3.5
10.3030_101124195_full,kimi,prompt_A,pi_main,PI+M_N+TOP_I+HIGH_B,M_N,TOP_I,HIGH_B,,3.5
10.3030_101124195_full,kimi,prompt_A,pi_main,PI+M_N+TOP_I+LOW_B,M_N,TOP_I,LOW_B,,3.4
10.3030_101124195_full,kimi,prompt_B,ai_main,AI+AI_N,,,,AI_N,3.7
10.3030_101124195_full,kimi,prompt_B,ai_main,AI+AI_Y,,,,AI_Y,3.6
10.3030_101124195_full,kimi,prompt_B,blind_baseline,NONE,,,,,3.7
10.3030_101124195_full,kimi,prompt_B,pi_main,PI+F_N+LOW_I+HIGH_B,F_N,LOW_I,HIGH_B,,3.6
10.3030_101124195_full,kimi,prompt_B,pi_main,PI+F_N+LOW_I+LOW_B,F_N,LOW_I,LOW_B,,3.5
10.3030_101124195_full,kimi,prompt_B,pi_main,PI+F_N+TOP_I+HIGH_B,F_N,TOP_I,HIGH_B,,3.6
10.3030_101124195_full,kimi,prompt_B,pi_main,PI+F_N+TOP_I+LOW_B,F_N,TOP_I,LOW_B,,3.5
10.3030_101124195_full,kimi,prompt_B,pi_main,PI+M_N+LOW_I+HIGH_B,M_N,LOW_I,HIGH_B,,3.6
10.3030_101124195_full,kimi,prompt_B,pi_main,PI+M_N+LOW_I+LOW_B,M_N,LOW_I,LOW_B,,3.3
10.3030_101124195_full,kimi,prompt_B,pi_main,PI+M_N+TOP_I+HIGH_B,M_N,TOP_I,HIGH_B,,3.5
10.3030_101124195_full,kimi,prompt_B,pi_main,PI+M_N+TOP_I+LOW_B,M_N,TOP_I,LOW_B,,3.5
10.3030_101124195_full,kimi,prompt_C,ai_main,AI+AI_N,,,,AI_N,3.7
10.3030_101124195_full,kimi,prompt_C,ai_main,AI+AI_Y,,,,AI_Y,3.6
10.3030_101124195_full,kimi,prompt_C,blind_baseline,NONE,,,,,3.8
10.3030_101124195_full,kimi,prompt_C,pi_main,PI+F_N+LOW_I+HIGH_B,F_N,LOW_I,HIGH_B,,3.5
10.3030_101124195_full,kimi,prompt_C,pi_main,PI+F_N+LOW_I+LOW_B,F_N,LOW_I,LOW_B,,3.5
10.3030_101124195_full,kimi,prompt_C,pi_main,PI+F_N+TOP_I+HIGH_B,F_N,TOP_I,HIGH_B,,3.6
10.3030_101124195_full,kimi,prompt_C,pi_main,PI+F_N+TOP_I+LOW_B,F_N,TOP_I,LOW_B,,3.6
10.3030_101124195_full,kimi,prompt_C,pi_main,PI+M_N+LOW_I+HIGH_B,M_N,LOW_I,HIGH_B,,3.7
10.3030_101124195_full,kimi,prompt_C,pi_main,PI+M_N+LOW_I+LOW_B,M_N,LOW_I,LOW_B,,3.3
10.3030_101124195_full,kimi,prompt_C,pi_main,PI+M_N+TOP_I+HIGH_B,M_N,TOP_I,HIGH_B,,3.6
10.3030_101124195_full,kimi,prompt_C,pi_main,PI+M_N+TOP_I+LOW_B,M_N,TOP_I,LOW_B,,3.4
10.3030_101124195_full,ministral,prompt_A,ai_main,AI+AI_N,,,,AI_N,3.5
10.3030_101124195_full,ministral,prompt_A,ai_main,AI+AI_Y,,,,AI_Y,3.5
10.3030_101124195_full,ministral,prompt_A,blind_baseline,NONE,,,,,3.5
10.3030_101124195_full,ministral,prompt_A,pi_main,PI+F_N+LOW_I+HIGH_B,F_N,LOW_I,HIGH_B,,3.5
10.3030_101124195_full,ministral,prompt_A,pi_main,PI+F_N+LOW_I+LOW_B,F_N,LOW_I,LOW_B,,3.5
10.3030_101124195_full,ministral,prompt_A,pi_main,PI+F_N+TOP_I+HIGH_B,F_N,TOP_I,HIGH_B,,3.5
10.3030_101124195_full,ministral,prompt_A,pi_main,PI+F_N+TOP_I+LOW_B,F_N,TOP_I,LOW_B,,3.5
10.3030_101124195_full,ministral,prompt_A,pi_main,PI+M_N+LOW_I+HIGH_B,M_N,LOW_I,HIGH_B,,3.5
10.3030_101124195_full,ministral,prompt_A,pi_main,PI+M_N+LOW_I+LOW_B,M_N,LOW_I,LOW_B,,3.5
10.3030_101124195_full,ministral,prompt_A,pi_main,PI+M_N+TOP_I+HIGH_B,M_N,TOP_I,HIGH_B,,3.5
10.3030_101124195_full,ministral,prompt_A,pi_main,PI+M_N+TOP_I+LOW_B,M_N,TOP_I,LOW_B,,3.5
10.3030_101124195_full,ministral,prompt_B,ai_main,AI+AI_N,,,,AI_N,3.5
10.3030_101124195_full,ministral,prompt_B,ai_main,AI+AI_Y,,,,AI_Y,3.5
10.3030_101124195_full,ministral,prompt_B,blind_baseline,NONE,,,,,3.5
10.3030_101124195_full,ministral,prompt_B,pi_main,PI+F_N+LOW_I+HIGH_B,F_N,LOW_I,HIGH_B,,3.5
10.3030_101124195_full,ministral,prompt_B,pi_main,PI+F_N+LOW_I+LOW_B,F_N,LOW_I,LOW_B,,3.5
10.3030_101124195_full,ministral,prompt_B,pi_main,PI+F_N+TOP_I+HIGH_B,F_N,TOP_I,HIGH_B,,3.5
10.3030_101124195_full,ministral,prompt_B,pi_main,PI+F_N+TOP_I+LOW_B,F_N,TOP_I,LOW_B,,3.5
10.3030_101124195_full,ministral,prompt_B,pi_main,PI+M_N+LOW_I+HIGH_B,M_N,LOW_I,HIGH_B,,3.5
10.3030_101124195_full,ministral,prompt_B,pi_main,PI+M_N+LOW_I+LOW_B,M_N,LOW_I,LOW_B,,3.5
10.3030_101124195_full,ministral,prompt_B,pi_main,PI+M_N+TOP_I+HIGH_B,M_N,TOP_I,HIGH_B,,3.5
10.3030_101124195_full,ministral,prompt_B,pi_main,PI+M_N+TOP_I+LOW_B,M_N,TOP_I,LOW_B,,3.5
10.3030_101124195_full,ministral,prompt_C,ai_main,AI+AI_N,,,,AI_N,3.5
10.3030_101124195_full,ministral,prompt_C,ai_main,AI+AI_Y,,,,AI_Y,3.5
10.3030_101124195_full,ministral,prompt_C,blind_baseline,NONE,,,,,3.5
10.3030_101124195_full,ministral,prompt_C,pi_main,PI+F_N+LOW_I+HIGH_B,F_N,LOW_I,HIGH_B,,3.5
10.3030_101124195_full,ministral,prompt_C,pi_main,PI+F_N+LOW_I+LOW_B,F_N,LOW_I,LOW_B,,3.5
10.3030_101124195_full,ministral,prompt_C,pi_main,PI+F_N+TOP_I+HIGH_B,F_N,TOP_I,HIGH_B,,3.5
10.3030_101124195_full,ministral,prompt_C,pi_main,PI+F_N+TOP_I+LOW_B,F_N,TOP_I,LOW_B,,3.5
10.3030_101124195_full,ministral,prompt_C,pi_main,PI+M_N+LOW_I+HIGH_B,M_N,LOW_I,HIGH_B,,3.5
10.3030_101124195_full,ministral,prompt_C,pi_main,PI+M_N+LOW_I+LOW_B,M_N,LOW_I,LOW_B,,3.5
10.3030_101124195_full,ministral,prompt_C,pi_main,PI+M_N+TOP_I+HIGH_B,M_N,TOP_I,HIGH_B,,3.5
10.3030_101124195_full,ministral,prompt_C,pi_main,PI+M_N+TOP_I+LOW_B,M_N,TOP_I,LOW_B,,3.5
10.3030_101124195_full,mistral,prompt_A,ai_main,AI+AI_N,,,,AI_N,4.0
10.3030_101124195_full,mistral,prompt_A,ai_main,AI+AI_Y,,,,AI_Y,3.9
10.3030_101124195_full,mistral,prompt_A,blind_baseline,NONE,,,,,4.0
10.3030_101124195_full,mistral,prompt_A,pi_main,PI+F_N+LOW_I+HIGH_B,F_N,LOW_I,HIGH_B,,3.6
10.3030_101124195_full,mistral,prompt_A,pi_main,PI+F_N+LOW_I+LOW_B,F_N,LOW_I,LOW_B,,3.6
10.3030_101124195_full,mistral,prompt_A,pi_main,PI+F_N+TOP_I+HIGH_B,F_N,TOP_I,HIGH_B,,3.9
10.3030_101124195_full,mistral,prompt_A,pi_main,PI+F_N+TOP_I+LOW_B,F_N,TOP_I,LOW_B,,3.8
10.3030_101124195_full,mistral,prompt_A,pi_main,PI+M_N+LOW_I+HIGH_B,M_N,LOW_I,HIGH_B,,3.8
10.3030_101124195_full,mistral,prompt_A,pi_main,PI+M_N+LOW_I+LOW_B,M_N,LOW_I,LOW_B,,3.6
10.3030_101124195_full,mistral,prompt_A,pi_main,PI+M_N+TOP_I+HIGH_B,M_N,TOP_I,HIGH_B,,4.0
10.3030_101124195_full,mistral,prompt_A,pi_main,PI+M_N+TOP_I+LOW_B,M_N,TOP_I,LOW_B,,3.7
10.3030_101124195_full,mistral,prompt_B,ai_main,AI+AI_N,,,,AI_N,3.9
10.3030_101124195_full,mistral,prompt_B,ai_main,AI+AI_Y,,,,AI_Y,4.0
10.3030_101124195_full,mistral,prompt_B,blind_baseline,NONE,,,,,3.9
10.3030_101124195_full,mistral,prompt_B,pi_main,PI+F_N+LOW_I+HIGH_B,F_N,LOW_I,HIGH_B,,4.0
10.3030_101124195_full,mistral,prompt_B,pi_main,PI+F_N+LOW_I+LOW_B,F_N,LOW_I,LOW_B,,3.8
10.3030_101124195_full,mistral,prompt_B,pi_main,PI+F_N+TOP_I+HIGH_B,F_N,TOP_I,HIGH_B,,4.0
10.3030_101124195_full,mistral,prompt_B,pi_main,PI+F_N+TOP_I+LOW_B,F_N,TOP_I,LOW_B,,3.9
10.3030_101124195_full,mistral,prompt_B,pi_main,PI+M_N+LOW_I+HIGH_B,M_N,LOW_I,HIGH_B,,4.0
10.3030_101124195_full,mistral,prompt_B,pi_main,PI+M_N+LOW_I+LOW_B,M_N,LOW_I,LOW_B,,4.0
10.3030_101124195_full,mistral,prompt_B,pi_main,PI+M_N+TOP_I+HIGH_B,M_N,TOP_I,HIGH_B,,4.0
10.3030_101124195_full,mistral,prompt_B,pi_main,PI+M_N+TOP_I+LOW_B,M_N,TOP_I,LOW_B,,3.9
10.3030_101124195_full,mistral,prompt_C,ai_main,AI+AI_N,,,,AI_N,3.9
10.3030_101124195_full,mistral,prompt_C,ai_main,AI+AI_Y,,,,AI_Y,3.6
10.3030_101124195_full,mistral,prompt_C,blind_baseline,NONE,,,,,3.9
10.3030_101124195_full,mistral,prompt_C,pi_main,PI+F_N+LOW_I+HIGH_B,F_N,LOW_I,HIGH_B,,4.0
10.3030_101124195_full,mistral,prompt_C,pi_main,PI+F_N+LOW_I+LOW_B,F_N,LOW_I,LOW_B,,3.7
10.3030_101124195_full,mistral,prompt_C,pi_main,PI+F_N+TOP_I+HIGH_B,F_N,TOP_I,HIGH_B,,3.7
10.3030_101124195_full,mistral,prompt_C,pi_main,PI+F_N+TOP_I+LOW_B,F_N,TOP_I,LOW_B,,3.6
10.3030_101124195_full,mistral,prompt_C,pi_main,PI+M_N+LOW_I+HIGH_B,M_N,LOW_I,HIGH_B,,3.8
10.3030_101124195_full,mistral,prompt_C,pi_main,PI+M_N+LOW_I+LOW_B,M_N,LOW_I,LOW_B,,3.6
10.3030_101124195_full,mistral,prompt_C,pi_main,PI+M_N+TOP_I+HIGH_B,M_N,TOP_I,HIGH_B,,3.9
10.3030_101124195_full,mistral,prompt_C,pi_main,PI+M_N+TOP_I+LOW_B,M_N,TOP_I,LOW_B,,3.7
10.3030_101124195_full,phi,prompt_A,ai_main,AI+AI_N,,,,AI_N,3.5
10.3030_101124195_full,phi,prompt_A,ai_main,AI+AI_Y,,,,AI_Y,3.5
10.3030_101124195_full,phi,prompt_A,blind_baseline,NONE,,,,,3.5
10.3030_101124195_full,phi,prompt_A,pi_main,PI+F_N+LOW_I+HIGH_B,F_N,LOW_I,HIGH_B,,3.5
10.3030_101124195_full,phi,prompt_A,pi_main,PI+F_N+LOW_I+LOW_B,F_N,LOW_I,LOW_B,,3.0
10.3030_101124195_full,phi,prompt_A,pi_main,PI+F_N+TOP_I+HIGH_B,F_N,TOP_I,HIGH_B,,3.5
10.3030_101124195_full,phi,prompt_A,pi_main,PI+F_N+TOP_I+LOW_B,F_N,TOP_I,LOW_B,,3.5
10.3030_101124195_full,phi,prompt_A,pi_main,PI+M_N+LOW_I+HIGH_B,M_N,LOW_I,HIGH_B,,3.5
10.3030_101124195_full,phi,prompt_A,pi_main,PI+M_N+LOW_I+LOW_B,M_N,LOW_I,LOW_B,,3.0
10.3030_101124195_full,phi,prompt_A,pi_main,PI+M_N+TOP_I+HIGH_B,M_N,TOP_I,HIGH_B,,4.0
10.3030_101124195_full,phi,prompt_A,pi_main,PI+M_N+TOP_I+LOW_B,M_N,TOP_I,LOW_B,,3.4
10.3030_101124195_full,phi,prompt_B,ai_main,AI+AI_N,,,,AI_N,3.5
10.3030_101124195_full,phi,prompt_B,ai_main,AI+AI_Y,,,,AI_Y,3.5
10.3030_101124195_full,phi,prompt_B,blind_baseline,NONE,,,,,3.0
10.3030_101124195_full,phi,prompt_B,pi_main,PI+F_N+LOW_I+HIGH_B,F_N,LOW_I,HIGH_B,,3.0
10.3030_101124195_full,phi,prompt_B,pi_main,PI+F_N+LOW_I+LOW_B,F_N,LOW_I,LOW_B,,3.0
10.3030_101124195_full,phi,prompt_B,pi_main,PI+F_N+TOP_I+HIGH_B,F_N,TOP_I,HIGH_B,,3.5
10.3030_101124195_full,phi,prompt_B,pi_main,PI+F_N+TOP_I+LOW_B,F_N,TOP_I,LOW_B,,3.0
10.3030_101124195_full,phi,prompt_B,pi_main,PI+M_N+LOW_I+HIGH_B,M_N,LOW_I,HIGH_B,,3.0
10.3030_101124195_full,phi,prompt_B,pi_main,PI+M_N+LOW_I+LOW_B,M_N,LOW_I,LOW_B,,3.0
10.3030_101124195_full,phi,prompt_B,pi_main,PI+M_N+TOP_I+HIGH_B,M_N,TOP_I,HIGH_B,,3.0
10.3030_101124195_full,phi,prompt_B,pi_main,PI+M_N+TOP_I+LOW_B,M_N,TOP_I,LOW_B,,3.0
10.3030_101124195_full,phi,prompt_C,ai_main,AI+AI_N,,,,AI_N,3.5
10.3030_101124195_full,phi,prompt_C,ai_main,AI+AI_Y,,,,AI_Y,3.0
10.3030_101124195_full,phi,prompt_C,blind_baseline,NONE,,,,,3.5
10.3030_101124195_full,phi,prompt_C,pi_main,PI+F_N+LOW_I+HIGH_B,F_N,LOW_I,HIGH_B,,3.5
10.3030_101124195_full,phi,prompt_C,pi_main,PI+F_N+LOW_I+LOW_B,F_N,LOW_I,LOW_B,,3.0
10.3030_101124195_full,phi,prompt_C,pi_main,PI+F_N+TOP_I+HIGH_B,F_N,TOP_I,HIGH_B,,3.5
10.3030_101124195_full,phi,prompt_C,pi_main,PI+F_N+TOP_I+LOW_B,F_N,TOP_I,LOW_B,,3.0
10.3030_101124195_full,phi,prompt_C,pi_main,PI+M_N+LOW_I+HIGH_B,M_N,LOW_I,HIGH_B,,3.5
10.3030_101124195_full,phi,prompt_C,pi_main,PI+M_N+LOW_I+LOW_B,M_N,LOW_I,LOW_B,,3.0
10.3030_101124195_full,phi,prompt_C,pi_main,PI+M_N+TOP_I+HIGH_B,M_N,TOP_I,HIGH_B,,3.5
10.3030_101124195_full,phi,prompt_C,pi_main,PI+M_N+TOP_I+LOW_B,M_N,TOP_I,LOW_B,,3.0
10.3030_101124225_full,deepseek,prompt_A,ai_main,AI+AI_N,,,,AI_N,3.1
10.3030_101124225_full,deepseek,prompt_A,ai_main,AI+AI_Y,,,,AI_Y,3.2
10.3030_101124225_full,deepseek,prompt_A,blind_baseline,NONE,,,,,3.2
10.3030_101124225_full,deepseek,prompt_A,pi_main,PI+F_N+LOW_I+HIGH_B,F_N,LOW_I,HIGH_B,,3.2
10.3030_101124225_full,deepseek,prompt_A,pi_main,PI+F_N+LOW_I+LOW_B,F_N,LOW_I,LOW_B,,3.1
10.3030_101124225_full,deepseek,prompt_A,pi_main,PI+F_N+TOP_I+HIGH_B,F_N,TOP_I,HIGH_B,,3.2
10.3030_101124225_full,deepseek,prompt_A,pi_main,PI+F_N+TOP_I+LOW_B,F_N,TOP_I,LOW_B,,2.9
10.3030_101124225_full,deepseek,prompt_A,pi_main,PI+M_N+LOW_I+HIGH_B,M_N,LOW_I,HIGH_B,,3.6
10.3030_101124225_full,deepseek,prompt_A,pi_main,PI+M_N+LOW_I+LOW_B,M_N,LOW_I,LOW_B,,3.2
10.3030_101124225_full,deepseek,prompt_A,pi_main,PI+M_N+TOP_I+HIGH_B,M_N,TOP_I,HIGH_B,,3.2
10.3030_101124225_full,deepseek,prompt_A,pi_main,PI+M_N+TOP_I+LOW_B,M_N,TOP_I,LOW_B,,3.1
10.3030_101124225_full,deepseek,prompt_B,ai_main,AI+AI_N,,,,AI_N,3.2
10.3030_101124225_full,deepseek,prompt_B,ai_main,AI+AI_Y,,,,AI_Y,3.3
10.3030_101124225_full,deepseek,prompt_B,blind_baseline,NONE,,,,,3.2
10.3030_101124225_full,deepseek,prompt_B,pi_main,PI+F_N+LOW_I+HIGH_B,F_N,LOW_I,HIGH_B,,3.0
10.3030_101124225_full,deepseek,prompt_B,pi_main,PI+F_N+LOW_I+LOW_B,F_N,LOW_I,LOW_B,,3.1
10.3030_101124225_full,deepseek,prompt_B,pi_main,PI+F_N+TOP_I+HIGH_B,F_N,TOP_I,HIGH_B,,3.1
10.3030_101124225_full,deepseek,prompt_B,pi_main,PI+F_N+TOP_I+LOW_B,F_N,TOP_I,LOW_B,,3.1
10.3030_101124225_full,deepseek,prompt_B,pi_main,PI+M_N+LOW_I+HIGH_B,M_N,LOW_I,HIGH_B,,3.3
10.3030_101124225_full,deepseek,prompt_B,pi_main,PI+M_N+LOW_I+LOW_B,M_N,LOW_I,LOW_B,,3.3
10.3030_101124225_full,deepseek,prompt_B,pi_main,PI+M_N+TOP_I+HIGH_B,M_N,TOP_I,HIGH_B,,3.5
10.3030_101124225_full,deepseek,prompt_B,pi_main,PI+M_N+TOP_I+LOW_B,M_N,TOP_I,LOW_B,,3.5
10.3030_101124225_full,deepseek,prompt_C,ai_main,AI+AI_N,,,,AI_N,3.1
10.3030_101124225_full,deepseek,prompt_C,ai_main,AI+AI_Y,,,,AI_Y,3.1
10.3030_101124225_full,deepseek,prompt_C,blind_baseline,NONE,,,,,3.2
10.3030_101124225_full,deepseek,prompt_C,pi_main,PI+F_N+LOW_I+HIGH_B,F_N,LOW_I,HIGH_B,,3.2
10.3030_101124225_full,deepseek,prompt_C,pi_main,PI+F_N+LOW_I+LOW_B,F_N,LOW_I,LOW_B,,3.2
10.3030_101124225_full,deepseek,prompt_C,pi_main,PI+F_N+TOP_I+HIGH_B,F_N,TOP_I,HIGH_B,,3.5
10.3030_101124225_full,deepseek,prompt_C,pi_main,PI+F_N+TOP_I+LOW_B,F_N,TOP_I,LOW_B,,3.3
10.3030_101124225_full,deepseek,prompt_C,pi_main,PI+M_N+LOW_I+HIGH_B,M_N,LOW_I,HIGH_B,,3.1
10.3030_101124225_full,deepseek,prompt_C,pi_main,PI+M_N+LOW_I+LOW_B,M_N,LOW_I,LOW_B,,3.2
10.3030_101124225_full,deepseek,prompt_C,pi_main,PI+M_N+TOP_I+HIGH_B,M_N,TOP_I,HIGH_B,,3.4
10.3030_101124225_full,deepseek,prompt_C,pi_main,PI+M_N+TOP_I+LOW_B,M_N,TOP_I,LOW_B,,3.4
10.3030_101124225_full,gemma,prompt_A,ai_main,AI+AI_N,,,,AI_N,3.5
10.3030_101124225_full,gemma,prompt_A,ai_main,AI+AI_Y,,,,AI_Y,3.5
10.3030_101124225_full,gemma,prompt_A,blind_baseline,NONE,,,,,3.5
10.3030_101124225_full,gemma,prompt_A,pi_main,PI+F_N+LOW_I+HIGH_B,F_N,LOW_I,HIGH_B,,3.5
10.3030_101124225_full,gemma,prompt_A,pi_main,PI+F_N+LOW_I+LOW_B,F_N,LOW_I,LOW_B,,3.5
10.3030_101124225_full,gemma,prompt_A,pi_main,PI+F_N+TOP_I+HIGH_B,F_N,TOP_I,HIGH_B,,3.5
10.3030_101124225_full,gemma,prompt_A,pi_main,PI+F_N+TOP_I+LOW_B,F_N,TOP_I,LOW_B,,3.5
10.3030_101124225_full,gemma,prompt_A,pi_main,PI+M_N+LOW_I+HIGH_B,M_N,LOW_I,HIGH_B,,3.5
10.3030_101124225_full,gemma,prompt_A,pi_main,PI+M_N+LOW_I+LOW_B,M_N,LOW_I,LOW_B,,3.5
10.3030_101124225_full,gemma,prompt_A,pi_main,PI+M_N+TOP_I+HIGH_B,M_N,TOP_I,HIGH_B,,3.5
10.3030_101124225_full,gemma,prompt_A,pi_main,PI+M_N+TOP_I+LOW_B,M_N,TOP_I,LOW_B,,3.5
10.3030_101124225_full,gemma,prompt_B,ai_main,AI+AI_N,,,,AI_N,3.5
10.3030_101124225_full,gemma,prompt_B,ai_main,AI+AI_Y,,,,AI_Y,3.5
10.3030_101124225_full,gemma,prompt_B,blind_baseline,NONE,,,,,3.5
10.3030_101124225_full,gemma,prompt_B,pi_main,PI+F_N+LOW_I+HIGH_B,F_N,LOW_I,HIGH_B,,3.5
10.3030_101124225_full,gemma,prompt_B,pi_main,PI+F_N+LOW_I+LOW_B,F_N,LOW_I,LOW_B,,3.5
10.3030_101124225_full,gemma,prompt_B,pi_main,PI+F_N+TOP_I+HIGH_B,F_N,TOP_I,HIGH_B,,3.5
10.3030_101124225_full,gemma,prompt_B,pi_main,PI+F_N+TOP_I+LOW_B,F_N,TOP_I,LOW_B,,3.5
10.3030_101124225_full,gemma,prompt_B,pi_main,PI+M_N+LOW_I+HIGH_B,M_N,LOW_I,HIGH_B,,3.5
10.3030_101124225_full,gemma,prompt_B,pi_main,PI+M_N+LOW_I+LOW_B,M_N,LOW_I,LOW_B,,3.5
10.3030_101124225_full,gemma,prompt_B,pi_main,PI+M_N+TOP_I+HIGH_B,M_N,TOP_I,HIGH_B,,3.5
10.3030_101124225_full,gemma,prompt_B,pi_main,PI+M_N+TOP_I+LOW_B,M_N,TOP_I,LOW_B,,3.5
10.3030_101124225_full,gemma,prompt_C,ai_main,AI+AI_N,,,,AI_N,3.5
10.3030_101124225_full,gemma,prompt_C,ai_main,AI+AI_Y,,,,AI_Y,3.5
10.3030_101124225_full,gemma,prompt_C,blind_baseline,NONE,,,,,3.5
10.3030_101124225_full,gemma,prompt_C,pi_main,PI+F_N+LOW_I+HIGH_B,F_N,LOW_I,HIGH_B,,3.5
10.3030_101124225_full,gemma,prompt_C,pi_main,PI+F_N+LOW_I+LOW_B,F_N,LOW_I,LOW_B,,3.5
10.3030_101124225_full,gemma,prompt_C,pi_main,PI+F_N+TOP_I+HIGH_B,F_N,TOP_I,HIGH_B,,3.5
10.3030_101124225_full,gemma,prompt_C,pi_main,PI+F_N+TOP_I+LOW_B,F_N,TOP_I,LOW_B,,3.5
10.3030_101124225_full,gemma,prompt_C,pi_main,PI+M_N+LOW_I+HIGH_B,M_N,LOW_I,HIGH_B,,3.5
10.3030_101124225_full,gemma,prompt_C,pi_main,PI+M_N+LOW_I+LOW_B,M_N,LOW_I,LOW_B,,3.5
10.3030_101124225_full,gemma,prompt_C,pi_main,PI+M_N+TOP_I+HIGH_B,M_N,TOP_I,HIGH_B,,3.5
10.3030_101124225_full,gemma,prompt_C,pi_main,PI+M_N+TOP_I+LOW_B,M_N,TOP_I,LOW_B,,3.5
10.3030_101124225_full,glm,prompt_A,ai_main,AI+AI_N,,,,AI_N,3.8
10.3030_101124225_full,glm,prompt_A,ai_main,AI+AI_Y,,,,AI_Y,3.7
10.3030_101124225_full,glm,prompt_A,blind_baseline,NONE,,,,,3.5
10.3030_101124225_full,glm,prompt_A,pi_main,PI+F_N+LOW_I+HIGH_B,F_N,LOW_I,HIGH_B,,3.6
10.3030_101124225_full,glm,prompt_A,pi_main,PI+F_N+LOW_I+LOW_B,F_N,LOW_I,LOW_B,,3.1
10.3030_101124225_full,glm,prompt_A,pi_main,PI+F_N+TOP_I+HIGH_B,F_N,TOP_I,HIGH_B,,3.8
10.3030_101124225_full,glm,prompt_A,pi_main,PI+F_N+TOP_I+LOW_B,F_N,TOP_I,LOW_B,,3.5
10.3030_101124225_full,glm,prompt_A,pi_main,PI+M_N+LOW_I+HIGH_B,M_N,LOW_I,HIGH_B,,3.5
10.3030_101124225_full,glm,prompt_A,pi_main,PI+M_N+LOW_I+LOW_B,M_N,LOW_I,LOW_B,,3.0
10.3030_101124225_full,glm,prompt_A,pi_main,PI+M_N+TOP_I+HIGH_B,M_N,TOP_I,HIGH_B,,3.9
10.3030_101124225_full,glm,prompt_A,pi_main,PI+M_N+TOP_I+LOW_B,M_N,TOP_I,LOW_B,,3.3
10.3030_101124225_full,glm,prompt_B,ai_main,AI+AI_N,,,,AI_N,3.7
10.3030_101124225_full,glm,prompt_B,ai_main,AI+AI_Y,,,,AI_Y,3.5
10.3030_101124225_full,glm,prompt_B,blind_baseline,NONE,,,,,3.8
10.3030_101124225_full,glm,prompt_B,pi_main,PI+F_N+LOW_I+HIGH_B,F_N,LOW_I,HIGH_B,,3.7
10.3030_101124225_full,glm,prompt_B,pi_main,PI+F_N+LOW_I+LOW_B,F_N,LOW_I,LOW_B,,3.5
10.3030_101124225_full,glm,prompt_B,pi_main,PI+F_N+TOP_I+HIGH_B,F_N,TOP_I,HIGH_B,,3.9
10.3030_101124225_full,glm,prompt_B,pi_main,PI+F_N+TOP_I+LOW_B,F_N,TOP_I,LOW_B,,3.5
10.3030_101124225_full,glm,prompt_B,pi_main,PI+M_N+LOW_I+HIGH_B,M_N,LOW_I,HIGH_B,,3.6
10.3030_101124225_full,glm,prompt_B,pi_main,PI+M_N+LOW_I+LOW_B,M_N,LOW_I,LOW_B,,3.3
10.3030_101124225_full,glm,prompt_B,pi_main,PI+M_N+TOP_I+HIGH_B,M_N,TOP_I,HIGH_B,,3.8
10.3030_101124225_full,glm,prompt_B,pi_main,PI+M_N+TOP_I+LOW_B,M_N,TOP_I,LOW_B,,3.2
10.3030_101124225_full,glm,prompt_C,ai_main,AI+AI_N,,,,AI_N,3.4
10.3030_101124225_full,glm,prompt_C,ai_main,AI+AI_Y,,,,AI_Y,3.4
10.3030_101124225_full,glm,prompt_C,blind_baseline,NONE,,,,,3.6
10.3030_101124225_full,glm,prompt_C,pi_main,PI+F_N+LOW_I+HIGH_B,F_N,LOW_I,HIGH_B,,3.5
10.3030_101124225_full,glm,prompt_C,pi_main,PI+F_N+LOW_I+LOW_B,F_N,LOW_I,LOW_B,,3.5
10.3030_101124225_full,glm,prompt_C,pi_main,PI+F_N+TOP_I+HIGH_B,F_N,TOP_I,HIGH_B,,3.6
10.3030_101124225_full,glm,prompt_C,pi_main,PI+F_N+TOP_I+LOW_B,F_N,TOP_I,LOW_B,,3.3
10.3030_101124225_full,glm,prompt_C,pi_main,PI+M_N+LOW_I+HIGH_B,M_N,LOW_I,HIGH_B,,3.4
10.3030_101124225_full,glm,prompt_C,pi_main,PI+M_N+LOW_I+LOW_B,M_N,LOW_I,LOW_B,,3.3
10.3030_101124225_full,glm,prompt_C,pi_main,PI+M_N+TOP_I+HIGH_B,M_N,TOP_I,HIGH_B,,3.5
10.3030_101124225_full,glm,prompt_C,pi_main,PI+M_N+TOP_I+LOW_B,M_N,TOP_I,LOW_B,,3.5
10.3030_101124225_full,gpt,prompt_A,ai_main,AI+AI_N,,,,AI_N,3.5
10.3030_101124225_full,gpt,prompt_A,ai_main,AI+AI_Y,,,,AI_Y,3.5
10.3030_101124225_full,gpt,prompt_A,blind_baseline,NONE,,,,,3.5
10.3030_101124225_full,gpt,prompt_A,pi_main,PI+F_N+LOW_I+HIGH_B,F_N,LOW_I,HIGH_B,,3.5
10.3030_101124225_full,gpt,prompt_A,pi_main,PI+F_N+LOW_I+LOW_B,F_N,LOW_I,LOW_B,,3.5
10.3030_101124225_full,gpt,prompt_A,pi_main,PI+F_N+TOP_I+HIGH_B,F_N,TOP_I,HIGH_B,,3.5
10.3030_101124225_full,gpt,prompt_A,pi_main,PI+F_N+TOP_I+LOW_B,F_N,TOP_I,LOW_B,,3.5
10.3030_101124225_full,gpt,prompt_A,pi_main,PI+M_N+LOW_I+HIGH_B,M_N,LOW_I,HIGH_B,,3.5
10.3030_101124225_full,gpt,prompt_A,pi_main,PI+M_N+LOW_I+LOW_B,M_N,LOW_I,LOW_B,,3.5
10.3030_101124225_full,gpt,prompt_A,pi_main,PI+M_N+TOP_I+HIGH_B,M_N,TOP_I,HIGH_B,,3.5
10.3030_101124225_full,gpt,prompt_A,pi_main,PI+M_N+TOP_I+LOW_B,M_N,TOP_I,LOW_B,,3.5
10.3030_101124225_full,gpt,prompt_B,ai_main,AI+AI_N,,,,AI_N,3.9
10.3030_101124225_full,gpt,prompt_B,ai_main,AI+AI_Y,,,,AI_Y,3.5
10.3030_101124225_full,gpt,prompt_B,blind_baseline,NONE,,,,,3.6
10.3030_101124225_full,gpt,prompt_B,pi_main,PI+F_N+LOW_I+HIGH_B,F_N,LOW_I,HIGH_B,,3.6
10.3030_101124225_full,gpt,prompt_B,pi_main,PI+F_N+LOW_I+LOW_B,F_N,LOW_I,LOW_B,,3.5
10.3030_101124225_full,gpt,prompt_B,pi_main,PI+F_N+TOP_I+HIGH_B,F_N,TOP_I,HIGH_B,,3.6
10.3030_101124225_full,gpt,prompt_B,pi_main,PI+F_N+TOP_I+LOW_B,F_N,TOP_I,LOW_B,,3.5
10.3030_101124225_full,gpt,prompt_B,pi_main,PI+M_N+LOW_I+HIGH_B,M_N,LOW_I,HIGH_B,,3.5
10.3030_101124225_full,gpt,prompt_B,pi_main,PI+M_N+LOW_I+LOW_B,M_N,LOW_I,LOW_B,,3.5
10.3030_101124225_full,gpt,prompt_B,pi_main,PI+M_N+TOP_I+HIGH_B,M_N,TOP_I,HIGH_B,,3.5
10.3030_101124225_full,gpt,prompt_B,pi_main,PI+M_N+TOP_I+LOW_B,M_N,TOP_I,LOW_B,,3.5
10.3030_101124225_full,gpt,prompt_C,ai_main,AI+AI_N,,,,AI_N,3.5
10.3030_101124225_full,gpt,prompt_C,ai_main,AI+AI_Y,,,,AI_Y,3.5
10.3030_101124225_full,gpt,prompt_C,blind_baseline,NONE,,,,,3.8
10.3030_101124225_full,gpt,prompt_C,pi_main,PI+F_N+LOW_I+HIGH_B,F_N,LOW_I,HIGH_B,,3.5
10.3030_101124225_full,gpt,prompt_C,pi_main,PI+F_N+LOW_I+LOW_B,F_N,LOW_I,LOW_B,,3.5
10.3030_101124225_full,gpt,prompt_C,pi_main,PI+F_N+TOP_I+HIGH_B,F_N,TOP_I,HIGH_B,,3.5
10.3030_101124225_full,gpt,prompt_C,pi_main,PI+F_N+TOP_I+LOW_B,F_N,TOP_I,LOW_B,,3.5
10.3030_101124225_full,gpt,prompt_C,pi_main,PI+M_N+LOW_I+HIGH_B,M_N,LOW_I,HIGH_B,,3.5
10.3030_101124225_full,gpt,prompt_C,pi_main,PI+M_N+LOW_I+LOW_B,M_N,LOW_I,LOW_B,,3.5
10.3030_101124225_full,gpt,prompt_C,pi_main,PI+M_N+TOP_I+HIGH_B,M_N,TOP_I,HIGH_B,,3.5
10.3030_101124225_full,gpt,prompt_C,pi_main,PI+M_N+TOP_I+LOW_B,M_N,TOP_I,LOW_B,,3.5
10.3030_101124225_full,kimi,prompt_A,ai_main,AI+AI_N,,,,AI_N,4.0
10.3030_101124225_full,kimi,prompt_A,ai_main,AI+AI_Y,,,,AI_Y,4.0
10.3030_101124225_full,kimi,prompt_A,blind_baseline,NONE,,,,,3.9
10.3030_101124225_full,kimi,prompt_A,pi_main,PI+F_N+LOW_I+HIGH_B,F_N,LOW_I,HIGH_B,,3.8
10.3030_101124225_full,kimi,prompt_A,pi_main,PI+F_N+LOW_I+LOW_B,F_N,LOW_I,LOW_B,,3.5
10.3030_101124225_full,kimi,prompt_A,pi_main,PI+F_N+TOP_I+HIGH_B,F_N,TOP_I,HIGH_B,,3.9
10.3030_101124225_full,kimi,prompt_A,pi_main,PI+F_N+TOP_I+LOW_B,F_N,TOP_I,LOW_B,,3.7
10.3030_101124225_full,kimi,prompt_A,pi_main,PI+M_N+LOW_I+HIGH_B,M_N,LOW_I,HIGH_B,,3.8
10.3030_101124225_full,kimi,prompt_A,pi_main,PI+M_N+LOW_I+LOW_B,M_N,LOW_I,LOW_B,,3.6
10.3030_101124225_full,kimi,prompt_A,pi_main,PI+M_N+TOP_I+HIGH_B,M_N,TOP_I,HIGH_B,,4.0
10.3030_101124225_full,kimi,prompt_A,pi_main,PI+M_N+TOP_I+LOW_B,M_N,TOP_I,LOW_B,,3.7
10.3030_101124225_full,kimi,prompt_B,ai_main,AI+AI_N,,,,AI_N,3.9
10.3030_101124225_full,kimi,prompt_B,ai_main,AI+AI_Y,,,,AI_Y,3.9
10.3030_101124225_full,kimi,prompt_B,blind_baseline,NONE,,,,,4.0
10.3030_101124225_full,kimi,prompt_B,pi_main,PI+F_N+LOW_I+HIGH_B,F_N,LOW_I,HIGH_B,,3.9
10.3030_101124225_full,kimi,prompt_B,pi_main,PI+F_N+LOW_I+LOW_B,F_N,LOW_I,LOW_B,,3.9
10.3030_101124225_full,kimi,prompt_B,pi_main,PI+F_N+TOP_I+HIGH_B,F_N,TOP_I,HIGH_B,,4.0
10.3030_101124225_full,kimi,prompt_B,pi_main,PI+F_N+TOP_I+LOW_B,F_N,TOP_I,LOW_B,,4.0
10.3030_101124225_full,kimi,prompt_B,pi_main,PI+M_N+LOW_I+HIGH_B,M_N,LOW_I,HIGH_B,,3.9
10.3030_101124225_full,kimi,prompt_B,pi_main,PI+M_N+LOW_I+LOW_B,M_N,LOW_I,LOW_B,,4.0
10.3030_101124225_full,kimi,prompt_B,pi_main,PI+M_N+TOP_I+HIGH_B,M_N,TOP_I,HIGH_B,,4.0
10.3030_101124225_full,kimi,prompt_B,pi_main,PI+M_N+TOP_I+LOW_B,M_N,TOP_I,LOW_B,,4.0
10.3030_101124225_full,kimi,prompt_C,ai_main,AI+AI_N,,,,AI_N,4.0
10.3030_101124225_full,kimi,prompt_C,ai_main,AI+AI_Y,,,,AI_Y,3.9
10.3030_101124225_full,kimi,prompt_C,blind_baseline,NONE,,,,,3.9
10.3030_101124225_full,kimi,prompt_C,pi_main,PI+F_N+LOW_I+HIGH_B,F_N,LOW_I,HIGH_B,,3.9
10.3030_101124225_full,kimi,prompt_C,pi_main,PI+F_N+LOW_I+LOW_B,F_N,LOW_I,LOW_B,,3.5
10.3030_101124225_full,kimi,prompt_C,pi_main,PI+F_N+TOP_I+HIGH_B,F_N,TOP_I,HIGH_B,,4.0
10.3030_101124225_full,kimi,prompt_C,pi_main,PI+F_N+TOP_I+LOW_B,F_N,TOP_I,LOW_B,,3.8
10.3030_101124225_full,kimi,prompt_C,pi_main,PI+M_N+LOW_I+HIGH_B,M_N,LOW_I,HIGH_B,,3.9
10.3030_101124225_full,kimi,prompt_C,pi_main,PI+M_N+LOW_I+LOW_B,M_N,LOW_I,LOW_B,,3.6
10.3030_101124225_full,kimi,prompt_C,pi_main,PI+M_N+TOP_I+HIGH_B,M_N,TOP_I,HIGH_B,,3.9
10.3030_101124225_full,kimi,prompt_C,pi_main,PI+M_N+TOP_I+LOW_B,M_N,TOP_I,LOW_B,,3.7
10.3030_101124225_full,ministral,prompt_A,ai_main,AI+AI_N,,,,AI_N,3.5
10.3030_101124225_full,ministral,prompt_A,ai_main,AI+AI_Y,,,,AI_Y,3.5
10.3030_101124225_full,ministral,prompt_A,blind_baseline,NONE,,,,,3.5
10.3030_101124225_full,ministral,prompt_A,pi_main,PI+F_N+LOW_I+HIGH_B,F_N,LOW_I,HIGH_B,,3.5
10.3030_101124225_full,ministral,prompt_A,pi_main,PI+F_N+LOW_I+LOW_B,F_N,LOW_I,LOW_B,,3.5
10.3030_101124225_full,ministral,prompt_A,pi_main,PI+F_N+TOP_I+HIGH_B,F_N,TOP_I,HIGH_B,,4.0
10.3030_101124225_full,ministral,prompt_A,pi_main,PI+F_N+TOP_I+LOW_B,F_N,TOP_I,LOW_B,,3.5
10.3030_101124225_full,ministral,prompt_A,pi_main,PI+M_N+LOW_I+HIGH_B,M_N,LOW_I,HIGH_B,,3.5
10.3030_101124225_full,ministral,prompt_A,pi_main,PI+M_N+LOW_I+LOW_B,M_N,LOW_I,LOW_B,,3.5
10.3030_101124225_full,ministral,prompt_A,pi_main,PI+M_N+TOP_I+HIGH_B,M_N,TOP_I,HIGH_B,,3.5
10.3030_101124225_full,ministral,prompt_A,pi_main,PI+M_N+TOP_I+LOW_B,M_N,TOP_I,LOW_B,,3.5
10.3030_101124225_full,ministral,prompt_B,ai_main,AI+AI_N,,,,AI_N,3.5
10.3030_101124225_full,ministral,prompt_B,ai_main,AI+AI_Y,,,,AI_Y,3.5
10.3030_101124225_full,ministral,prompt_B,blind_baseline,NONE,,,,,3.5
10.3030_101124225_full,ministral,prompt_B,pi_main,PI+F_N+LOW_I+HIGH_B,F_N,LOW_I,HIGH_B,,3.5
10.3030_101124225_full,ministral,prompt_B,pi_main,PI+F_N+LOW_I+LOW_B,F_N,LOW_I,LOW_B,,3.5
10.3030_101124225_full,ministral,prompt_B,pi_main,PI+F_N+TOP_I+HIGH_B,F_N,TOP_I,HIGH_B,,3.5
10.3030_101124225_full,ministral,prompt_B,pi_main,PI+F_N+TOP_I+LOW_B,F_N,TOP_I,LOW_B,,3.5
10.3030_101124225_full,ministral,prompt_B,pi_main,PI+M_N+LOW_I+HIGH_B,M_N,LOW_I,HIGH_B,,3.5
10.3030_101124225_full,ministral,prompt_B,pi_main,PI+M_N+LOW_I+LOW_B,M_N,LOW_I,LOW_B,,3.5
10.3030_101124225_full,ministral,prompt_B,pi_main,PI+M_N+TOP_I+HIGH_B,M_N,TOP_I,HIGH_B,,3.5
10.3030_101124225_full,ministral,prompt_B,pi_main,PI+M_N+TOP_I+LOW_B,M_N,TOP_I,LOW_B,,3.5
10.3030_101124225_full,ministral,prompt_C,ai_main,AI+AI_N,,,,AI_N,3.5
10.3030_101124225_full,ministral,prompt_C,ai_main,AI+AI_Y,,,,AI_Y,3.5
10.3030_101124225_full,ministral,prompt_C,blind_baseline,NONE,,,,,3.5
10.3030_101124225_full,ministral,prompt_C,pi_main,PI+F_N+LOW_I+HIGH_B,F_N,LOW_I,HIGH_B,,3.5
10.3030_101124225_full,ministral,prompt_C,pi_main,PI+F_N+LOW_I+LOW_B,F_N,LOW_I,LOW_B,,3.5
10.3030_101124225_full,ministral,prompt_C,pi_main,PI+F_N+TOP_I+HIGH_B,F_N,TOP_I,HIGH_B,,3.5
10.3030_101124225_full,ministral,prompt_C,pi_main,PI+F_N+TOP_I+LOW_B,F_N,TOP_I,LOW_B,,3.5
10.3030_101124225_full,ministral,prompt_C,pi_main,PI+M_N+LOW_I+HIGH_B,M_N,LOW_I,HIGH_B,,3.5
10.3030_101124225_full,ministral,prompt_C,pi_main,PI+M_N+LOW_I+LOW_B,M_N,LOW_I,LOW_B,,3.5
10.3030_101124225_full,ministral,prompt_C,pi_main,PI+M_N+TOP_I+HIGH_B,M_N,TOP_I,HIGH_B,,3.5
10.3030_101124225_full,ministral,prompt_C,pi_main,PI+M_N+TOP_I+LOW_B,M_N,TOP_I,LOW_B,,3.5
10.3030_101124225_full,mistral,prompt_A,ai_main,AI+AI_N,,,,AI_N,3.8
10.3030_101124225_full,mistral,prompt_A,ai_main,AI+AI_Y,,,,AI_Y,3.8
10.3030_101124225_full,mistral,prompt_A,blind_baseline,NONE,,,,,3.7
10.3030_101124225_full,mistral,prompt_A,pi_main,PI+F_N+LOW_I+HIGH_B,F_N,LOW_I,HIGH_B,,3.7
10.3030_101124225_full,mistral,prompt_A,pi_main,PI+F_N+LOW_I+LOW_B,F_N,LOW_I,LOW_B,,3.5
10.3030_101124225_full,mistral,prompt_A,pi_main,PI+F_N+TOP_I+HIGH_B,F_N,TOP_I,HIGH_B,,3.6
10.3030_101124225_full,mistral,prompt_A,pi_main,PI+F_N+TOP_I+LOW_B,F_N,TOP_I,LOW_B,,3.5
10.3030_101124225_full,mistral,prompt_A,pi_main,PI+M_N+LOW_I+HIGH_B,M_N,LOW_I,HIGH_B,,3.6
10.3030_101124225_full,mistral,prompt_A,pi_main,PI+M_N+LOW_I+LOW_B,M_N,LOW_I,LOW_B,,3.6
10.3030_101124225_full,mistral,prompt_A,pi_main,PI+M_N+TOP_I+HIGH_B,M_N,TOP_I,HIGH_B,,3.6
10.3030_101124225_full,mistral,prompt_A,pi_main,PI+M_N+TOP_I+LOW_B,M_N,TOP_I,LOW_B,,3.5
10.3030_101124225_full,mistral,prompt_B,ai_main,AI+AI_N,,,,AI_N,3.9
10.3030_101124225_full,mistral,prompt_B,ai_main,AI+AI_Y,,,,AI_Y,3.9
10.3030_101124225_full,mistral,prompt_B,blind_baseline,NONE,,,,,3.7
10.3030_101124225_full,mistral,prompt_B,pi_main,PI+F_N+LOW_I+HIGH_B,F_N,LOW_I,HIGH_B,,3.8
10.3030_101124225_full,mistral,prompt_B,pi_main,PI+F_N+LOW_I+LOW_B,F_N,LOW_I,LOW_B,,3.8
10.3030_101124225_full,mistral,prompt_B,pi_main,PI+F_N+TOP_I+HIGH_B,F_N,TOP_I,HIGH_B,,3.8
10.3030_101124225_full,mistral,prompt_B,pi_main,PI+F_N+TOP_I+LOW_B,F_N,TOP_I,LOW_B,,3.7
10.3030_101124225_full,mistral,prompt_B,pi_main,PI+M_N+LOW_I+HIGH_B,M_N,LOW_I,HIGH_B,,4.0
10.3030_101124225_full,mistral,prompt_B,pi_main,PI+M_N+LOW_I+LOW_B,M_N,LOW_I,LOW_B,,3.8
10.3030_101124225_full,mistral,prompt_B,pi_main,PI+M_N+TOP_I+HIGH_B,M_N,TOP_I,HIGH_B,,4.0
10.3030_101124225_full,mistral,prompt_B,pi_main,PI+M_N+TOP_I+LOW_B,M_N,TOP_I,LOW_B,,3.7
10.3030_101124225_full,mistral,prompt_C,ai_main,AI+AI_N,,,,AI_N,3.8
10.3030_101124225_full,mistral,prompt_C,ai_main,AI+AI_Y,,,,AI_Y,3.6
10.3030_101124225_full,mistral,prompt_C,blind_baseline,NONE,,,,,4.0
10.3030_101124225_full,mistral,prompt_C,pi_main,PI+F_N+LOW_I+HIGH_B,F_N,LOW_I,HIGH_B,,3.8
10.3030_101124225_full,mistral,prompt_C,pi_main,PI+F_N+LOW_I+LOW_B,F_N,LOW_I,LOW_B,,3.6
10.3030_101124225_full,mistral,prompt_C,pi_main,PI+F_N+TOP_I+HIGH_B,F_N,TOP_I,HIGH_B,,4.0
10.3030_101124225_full,mistral,prompt_C,pi_main,PI+F_N+TOP_I+LOW_B,F_N,TOP_I,LOW_B,,3.6
10.3030_101124225_full,mistral,prompt_C,pi_main,PI+M_N+LOW_I+HIGH_B,M_N,LOW_I,HIGH_B,,3.8
10.3030_101124225_full,mistral,prompt_C,pi_main,PI+M_N+LOW_I+LOW_B,M_N,LOW_I,LOW_B,,3.7
10.3030_101124225_full,mistral,prompt_C,pi_main,PI+M_N+TOP_I+HIGH_B,M_N,TOP_I,HIGH_B,,4.0
10.3030_101124225_full,mistral,prompt_C,pi_main,PI+M_N+TOP_I+LOW_B,M_N,TOP_I,LOW_B,,3.7
10.3030_101124225_full,phi,prompt_A,ai_main,AI+AI_N,,,,AI_N,3.5
10.3030_101124225_full,phi,prompt_A,ai_main,AI+AI_Y,,,,AI_Y,3.5
10.3030_101124225_full,phi,prompt_A,blind_baseline,NONE,,,,,3.5
10.3030_101124225_full,phi,prompt_A,pi_main,PI+F_N+LOW_I+HIGH_B,F_N,LOW_I,HIGH_B,,3.5
10.3030_101124225_full,phi,prompt_A,pi_main,PI+F_N+LOW_I+LOW_B,F_N,LOW_I,LOW_B,,3.5
10.3030_101124225_full,phi,prompt_A,pi_main,PI+F_N+TOP_I+HIGH_B,F_N,TOP_I,HIGH_B,,3.5
10.3030_101124225_full,phi,prompt_A,pi_main,PI+F_N+TOP_I+LOW_B,F_N,TOP_I,LOW_B,,3.5
10.3030_101124225_full,phi,prompt_A,pi_main,PI+M_N+LOW_I+HIGH_B,M_N,LOW_I,HIGH_B,,3.5
10.3030_101124225_full,phi,prompt_A,pi_main,PI+M_N+LOW_I+LOW_B,M_N,LOW_I,LOW_B,,3.5
10.3030_101124225_full,phi,prompt_A,pi_main,PI+M_N+TOP_I+HIGH_B,M_N,TOP_I,HIGH_B,,3.5
10.3030_101124225_full,phi,prompt_A,pi_main,PI+M_N+TOP_I+LOW_B,M_N,TOP_I,LOW_B,,3.5
10.3030_101124225_full,phi,prompt_B,ai_main,AI+AI_N,,,,AI_N,3.5
10.3030_101124225_full,phi,prompt_B,ai_main,AI+AI_Y,,,,AI_Y,3.5
10.3030_101124225_full,phi,prompt_B,blind_baseline,NONE,,,,,3.5
10.3030_101124225_full,phi,prompt_B,pi_main,PI+F_N+LOW_I+HIGH_B,F_N,LOW_I,HIGH_B,,3.5
10.3030_101124225_full,phi,prompt_B,pi_main,PI+F_N+LOW_I+LOW_B,F_N,LOW_I,LOW_B,,3.5
10.3030_101124225_full,phi,prompt_B,pi_main,PI+F_N+TOP_I+HIGH_B,F_N,TOP_I,HIGH_B,,3.5
10.3030_101124225_full,phi,prompt_B,pi_main,PI+F_N+TOP_I+LOW_B,F_N,TOP_I,LOW_B,,3.5
10.3030_101124225_full,phi,prompt_B,pi_main,PI+M_N+LOW_I+HIGH_B,M_N,LOW_I,HIGH_B,,3.5
10.3030_101124225_full,phi,prompt_B,pi_main,PI+M_N+LOW_I+LOW_B,M_N,LOW_I,LOW_B,,3.5
10.3030_101124225_full,phi,prompt_B,pi_main,PI+M_N+TOP_I+HIGH_B,M_N,TOP_I,HIGH_B,,3.5
10.3030_101124225_full,phi,prompt_B,pi_main,PI+M_N+TOP_I+LOW_B,M_N,TOP_I,LOW_B,,3.5
10.3030_101124225_full,phi,prompt_C,ai_main,AI+AI_N,,,,AI_N,3.5
10.3030_101124225_full,phi,prompt_C,ai_main,AI+AI_Y,,,,AI_Y,3.5
10.3030_101124225_full,phi,prompt_C,blind_baseline,NONE,,,,,3.5
10.3030_101124225_full,phi,prompt_C,pi_main,PI+F_N+LOW_I+HIGH_B,F_N,LOW_I,HIGH_B,,3.5
10.3030_101124225_full,phi,prompt_C,pi_main,PI+F_N+LOW_I+LOW_B,F_N,LOW_I,LOW_B,,3.5
10.3030_101124225_full,phi,prompt_C,pi_main,PI+F_N+TOP_I+HIGH_B,F_N,TOP_I,HIGH_B,,3.5
10.3030_101124225_full,phi,prompt_C,pi_main,PI+F_N+TOP_I+LOW_B,F_N,TOP_I,LOW_B,,3.5
10.3030_101124225_full,phi,prompt_C,pi_main,PI+M_N+LOW_I+HIGH_B,M_N,LOW_I,HIGH_B,,3.5
10.3030_101124225_full,phi,prompt_C,pi_main,PI+M_N+LOW_I+LOW_B,M_N,LOW_I,LOW_B,,3.5
10.3030_101124225_full,phi,prompt_C,pi_main,PI+M_N+TOP_I+HIGH_B,M_N,TOP_I,HIGH_B,,3.5
10.3030_101124225_full,phi,prompt_C,pi_main,PI+M_N+TOP_I+LOW_B,M_N,TOP_I,LOW_B,,3.5
10.3030_101124385_full,deepseek,prompt_A,ai_main,AI+AI_N,,,,AI_N,3.3
10.3030_101124385_full,deepseek,prompt_A,ai_main,AI+AI_Y,,,,AI_Y,3.2
10.3030_101124385_full,deepseek,prompt_A,blind_baseline,NONE,,,,,3.5
10.3030_101124385_full,deepseek,prompt_A,pi_main,PI+F_N+LOW_I+HIGH_B,F_N,LOW_I,HIGH_B,,3.4
10.3030_101124385_full,deepseek,prompt_A,pi_main,PI+F_N+LOW_I+LOW_B,F_N,LOW_I,LOW_B,,3.2
10.3030_101124385_full,deepseek,prompt_A,pi_main,PI+F_N+TOP_I+HIGH_B,F_N,TOP_I,HIGH_B,,3.3
10.3030_101124385_full,deepseek,prompt_A,pi_main,PI+F_N+TOP_I+LOW_B,F_N,TOP_I,LOW_B,,3.0
10.3030_101124385_full,deepseek,prompt_A,pi_main,PI+M_N+LOW_I+HIGH_B,M_N,LOW_I,HIGH_B,,3.2
10.3030_101124385_full,deepseek,prompt_A,pi_main,PI+M_N+LOW_I+LOW_B,M_N,LOW_I,LOW_B,,3.1
10.3030_101124385_full,deepseek,prompt_A,pi_main,PI+M_N+TOP_I+HIGH_B,M_N,TOP_I,HIGH_B,,3.3
10.3030_101124385_full,deepseek,prompt_A,pi_main,PI+M_N+TOP_I+LOW_B,M_N,TOP_I,LOW_B,,3.2
10.3030_101124385_full,deepseek,prompt_B,ai_main,AI+AI_N,,,,AI_N,3.6
10.3030_101124385_full,deepseek,prompt_B,ai_main,AI+AI_Y,,,,AI_Y,3.5
10.3030_101124385_full,deepseek,prompt_B,blind_baseline,NONE,,,,,3.3
10.3030_101124385_full,deepseek,prompt_B,pi_main,PI+F_N+LOW_I+HIGH_B,F_N,LOW_I,HIGH_B,,3.5
10.3030_101124385_full,deepseek,prompt_B,pi_main,PI+F_N+LOW_I+LOW_B,F_N,LOW_I,LOW_B,,3.3
10.3030_101124385_full,deepseek,prompt_B,pi_main,PI+F_N+TOP_I+HIGH_B,F_N,TOP_I,HIGH_B,,3.7
10.3030_101124385_full,deepseek,prompt_B,pi_main,PI+F_N+TOP_I+LOW_B,F_N,TOP_I,LOW_B,,3.4
10.3030_101124385_full,deepseek,prompt_B,pi_main,PI+M_N+LOW_I+HIGH_B,M_N,LOW_I,HIGH_B,,3.5
10.3030_101124385_full,deepseek,prompt_B,pi_main,PI+M_N+LOW_I+LOW_B,M_N,LOW_I,LOW_B,,3.2
10.3030_101124385_full,deepseek,prompt_B,pi_main,PI+M_N+TOP_I+HIGH_B,M_N,TOP_I,HIGH_B,,3.5
10.3030_101124385_full,deepseek,prompt_B,pi_main,PI+M_N+TOP_I+LOW_B,M_N,TOP_I,LOW_B,,3.6
10.3030_101124385_full,deepseek,prompt_C,ai_main,AI+AI_N,,,,AI_N,3.9
10.3030_101124385_full,deepseek,prompt_C,ai_main,AI+AI_Y,,,,AI_Y,3.6
10.3030_101124385_full,deepseek,prompt_C,blind_baseline,NONE,,,,,3.4
10.3030_101124385_full,deepseek,prompt_C,pi_main,PI+F_N+LOW_I+HIGH_B,F_N,LOW_I,HIGH_B,,3.5
10.3030_101124385_full,deepseek,prompt_C,pi_main,PI+F_N+LOW_I+LOW_B,F_N,LOW_I,LOW_B,,3.2
10.3030_101124385_full,deepseek,prompt_C,pi_main,PI+F_N+TOP_I+HIGH_B,F_N,TOP_I,HIGH_B,,3.5
10.3030_101124385_full,deepseek,prompt_C,pi_main,PI+F_N+TOP_I+LOW_B,F_N,TOP_I,LOW_B,,3.5
10.3030_101124385_full,deepseek,prompt_C,pi_main,PI+M_N+LOW_I+HIGH_B,M_N,LOW_I,HIGH_B,,3.6
10.3030_101124385_full,deepseek,prompt_C,pi_main,PI+M_N+LOW_I+LOW_B,M_N,LOW_I,LOW_B,,3.5
10.3030_101124385_full,deepseek,prompt_C,pi_main,PI+M_N+TOP_I+HIGH_B,M_N,TOP_I,HIGH_B,,3.5
10.3030_101124385_full,deepseek,prompt_C,pi_main,PI+M_N+TOP_I+LOW_B,M_N,TOP_I,LOW_B,,3.3
10.3030_101124385_full,gemma,prompt_A,ai_main,AI+AI_N,,,,AI_N,3.5
10.3030_101124385_full,gemma,prompt_A,ai_main,AI+AI_Y,,,,AI_Y,3.5
10.3030_101124385_full,gemma,prompt_A,blind_baseline,NONE,,,,,3.5
10.3030_101124385_full,gemma,prompt_A,pi_main,PI+F_N+LOW_I+HIGH_B,F_N,LOW_I,HIGH_B,,3.5
10.3030_101124385_full,gemma,prompt_A,pi_main,PI+F_N+LOW_I+LOW_B,F_N,LOW_I,LOW_B,,3.0
10.3030_101124385_full,gemma,prompt_A,pi_main,PI+F_N+TOP_I+HIGH_B,F_N,TOP_I,HIGH_B,,3.5
10.3030_101124385_full,gemma,prompt_A,pi_main,PI+F_N+TOP_I+LOW_B,F_N,TOP_I,LOW_B,,3.3
10.3030_101124385_full,gemma,prompt_A,pi_main,PI+M_N+LOW_I+HIGH_B,M_N,LOW_I,HIGH_B,,3.5
10.3030_101124385_full,gemma,prompt_A,pi_main,PI+M_N+LOW_I+LOW_B,M_N,LOW_I,LOW_B,,3.0
10.3030_101124385_full,gemma,prompt_A,pi_main,PI+M_N+TOP_I+HIGH_B,M_N,TOP_I,HIGH_B,,3.5
10.3030_101124385_full,gemma,prompt_A,pi_main,PI+M_N+TOP_I+LOW_B,M_N,TOP_I,LOW_B,,3.0
10.3030_101124385_full,gemma,prompt_B,ai_main,AI+AI_N,,,,AI_N,3.5
10.3030_101124385_full,gemma,prompt_B,ai_main,AI+AI_Y,,,,AI_Y,3.5
10.3030_101124385_full,gemma,prompt_B,blind_baseline,NONE,,,,,3.5
10.3030_101124385_full,gemma,prompt_B,pi_main,PI+F_N+LOW_I+HIGH_B,F_N,LOW_I,HIGH_B,,3.5
10.3030_101124385_full,gemma,prompt_B,pi_main,PI+F_N+LOW_I+LOW_B,F_N,LOW_I,LOW_B,,3.5
10.3030_101124385_full,gemma,prompt_B,pi_main,PI+F_N+TOP_I+HIGH_B,F_N,TOP_I,HIGH_B,,3.5
10.3030_101124385_full,gemma,prompt_B,pi_main,PI+F_N+TOP_I+LOW_B,F_N,TOP_I,LOW_B,,3.5
10.3030_101124385_full,gemma,prompt_B,pi_main,PI+M_N+LOW_I+HIGH_B,M_N,LOW_I,HIGH_B,,3.5
10.3030_101124385_full,gemma,prompt_B,pi_main,PI+M_N+LOW_I+LOW_B,M_N,LOW_I,LOW_B,,3.5
10.3030_101124385_full,gemma,prompt_B,pi_main,PI+M_N+TOP_I+HIGH_B,M_N,TOP_I,HIGH_B,,3.5
10.3030_101124385_full,gemma,prompt_B,pi_main,PI+M_N+TOP_I+LOW_B,M_N,TOP_I,LOW_B,,3.5
10.3030_101124385_full,gemma,prompt_C,ai_main,AI+AI_N,,,,AI_N,3.5
10.3030_101124385_full,gemma,prompt_C,ai_main,AI+AI_Y,,,,AI_Y,3.5
10.3030_101124385_full,gemma,prompt_C,blind_baseline,NONE,,,,,3.5
10.3030_101124385_full,gemma,prompt_C,pi_main,PI+F_N+LOW_I+HIGH_B,F_N,LOW_I,HIGH_B,,3.5
10.3030_101124385_full,gemma,prompt_C,pi_main,PI+F_N+LOW_I+LOW_B,F_N,LOW_I,LOW_B,,3.5
10.3030_101124385_full,gemma,prompt_C,pi_main,PI+F_N+TOP_I+HIGH_B,F_N,TOP_I,HIGH_B,,3.5
10.3030_101124385_full,gemma,prompt_C,pi_main,PI+F_N+TOP_I+LOW_B,F_N,TOP_I,LOW_B,,3.5
10.3030_101124385_full,gemma,prompt_C,pi_main,PI+M_N+LOW_I+HIGH_B,M_N,LOW_I,HIGH_B,,3.5
10.3030_101124385_full,gemma,prompt_C,pi_main,PI+M_N+LOW_I+LOW_B,M_N,LOW_I,LOW_B,,3.5
10.3030_101124385_full,gemma,prompt_C,pi_main,PI+M_N+TOP_I+HIGH_B,M_N,TOP_I,HIGH_B,,3.5
10.3030_101124385_full,gemma,prompt_C,pi_main,PI+M_N+TOP_I+LOW_B,M_N,TOP_I,LOW_B,,3.5
10.3030_101124385_full,glm,prompt_A,ai_main,AI+AI_N,,,,AI_N,3.5
10.3030_101124385_full,glm,prompt_A,ai_main,AI+AI_Y,,,,AI_Y,3.5
10.3030_101124385_full,glm,prompt_A,blind_baseline,NONE,,,,,3.5
10.3030_101124385_full,glm,prompt_A,pi_main,PI+F_N+LOW_I+HIGH_B,F_N,LOW_I,HIGH_B,,3.5
10.3030_101124385_full,glm,prompt_A,pi_main,PI+F_N+LOW_I+LOW_B,F_N,LOW_I,LOW_B,,3.1
10.3030_101124385_full,glm,prompt_A,pi_main,PI+F_N+TOP_I+HIGH_B,F_N,TOP_I,HIGH_B,,3.5
10.3030_101124385_full,glm,prompt_A,pi_main,PI+F_N+TOP_I+LOW_B,F_N,TOP_I,LOW_B,,3.2
10.3030_101124385_full,glm,prompt_A,pi_main,PI+M_N+LOW_I+HIGH_B,M_N,LOW_I,HIGH_B,,3.5
10.3030_101124385_full,glm,prompt_A,pi_main,PI+M_N+LOW_I+LOW_B,M_N,LOW_I,LOW_B,,3.0
10.3030_101124385_full,glm,prompt_A,pi_main,PI+M_N+TOP_I+HIGH_B,M_N,TOP_I,HIGH_B,,3.5
10.3030_101124385_full,glm,prompt_A,pi_main,PI+M_N+TOP_I+LOW_B,M_N,TOP_I,LOW_B,,3.3
10.3030_101124385_full,glm,prompt_B,ai_main,AI+AI_N,,,,AI_N,3.5
10.3030_101124385_full,glm,prompt_B,ai_main,AI+AI_Y,,,,AI_Y,3.3
10.3030_101124385_full,glm,prompt_B,blind_baseline,NONE,,,,,3.5
10.3030_101124385_full,glm,prompt_B,pi_main,PI+F_N+LOW_I+HIGH_B,F_N,LOW_I,HIGH_B,,3.5
10.3030_101124385_full,glm,prompt_B,pi_main,PI+F_N+LOW_I+LOW_B,F_N,LOW_I,LOW_B,,3.4
10.3030_101124385_full,glm,prompt_B,pi_main,PI+F_N+TOP_I+HIGH_B,F_N,TOP_I,HIGH_B,,3.5
10.3030_101124385_full,glm,prompt_B,pi_main,PI+F_N+TOP_I+LOW_B,F_N,TOP_I,LOW_B,,3.3
10.3030_101124385_full,glm,prompt_B,pi_main,PI+M_N+LOW_I+HIGH_B,M_N,LOW_I,HIGH_B,,3.4
10.3030_101124385_full,glm,prompt_B,pi_main,PI+M_N+LOW_I+LOW_B,M_N,LOW_I,LOW_B,,3.1
10.3030_101124385_full,glm,prompt_B,pi_main,PI+M_N+TOP_I+HIGH_B,M_N,TOP_I,HIGH_B,,3.5
10.3030_101124385_full,glm,prompt_B,pi_main,PI+M_N+TOP_I+LOW_B,M_N,TOP_I,LOW_B,,3.5
10.3030_101124385_full,glm,prompt_C,ai_main,AI+AI_N,,,,AI_N,3.5
10.3030_101124385_full,glm,prompt_C,ai_main,AI+AI_Y,,,,AI_Y,3.5
10.3030_101124385_full,glm,prompt_C,blind_baseline,NONE,,,,,3.5
10.3030_101124385_full,glm,prompt_C,pi_main,PI+F_N+LOW_I+HIGH_B,F_N,LOW_I,HIGH_B,,3.5
10.3030_101124385_full,glm,prompt_C,pi_main,PI+F_N+LOW_I+LOW_B,F_N,LOW_I,LOW_B,,3.2
10.3030_101124385_full,glm,prompt_C,pi_main,PI+F_N+TOP_I+HIGH_B,F_N,TOP_I,HIGH_B,,3.5
10.3030_101124385_full,glm,prompt_C,pi_main,PI+F_N+TOP_I+LOW_B,F_N,TOP_I,LOW_B,,3.2
10.3030_101124385_full,glm,prompt_C,pi_main,PI+M_N+LOW_I+HIGH_B,M_N,LOW_I,HIGH_B,,3.5
10.3030_101124385_full,glm,prompt_C,pi_main,PI+M_N+LOW_I+LOW_B,M_N,LOW_I,LOW_B,,3.5
10.3030_101124385_full,glm,prompt_C,pi_main,PI+M_N+TOP_I+HIGH_B,M_N,TOP_I,HIGH_B,,3.4
10.3030_101124385_full,glm,prompt_C,pi_main,PI+M_N+TOP_I+LOW_B,M_N,TOP_I,LOW_B,,3.2
10.3030_101124385_full,gpt,prompt_A,ai_main,AI+AI_N,,,,AI_N,3.6
10.3030_101124385_full,gpt,prompt_A,ai_main,AI+AI_Y,,,,AI_Y,3.5
10.3030_101124385_full,gpt,prompt_A,blind_baseline,NONE,,,,,3.8
10.3030_101124385_full,gpt,prompt_A,pi_main,PI+F_N+LOW_I+HIGH_B,F_N,LOW_I,HIGH_B,,3.7
10.3030_101124385_full,gpt,prompt_A,pi_main,PI+F_N+LOW_I+LOW_B,F_N,LOW_I,LOW_B,,3.5
10.3030_101124385_full,gpt,prompt_A,pi_main,PI+F_N+TOP_I+HIGH_B,F_N,TOP_I,HIGH_B,,4.0
10.3030_101124385_full,gpt,prompt_A,pi_main,PI+F_N+TOP_I+LOW_B,F_N,TOP_I,LOW_B,,3.6
10.3030_101124385_full,gpt,prompt_A,pi_main,PI+M_N+LOW_I+HIGH_B,M_N,LOW_I,HIGH_B,,3.6
10.3030_101124385_full,gpt,prompt_A,pi_main,PI+M_N+LOW_I+LOW_B,M_N,LOW_I,LOW_B,,3.5
10.3030_101124385_full,gpt,prompt_A,pi_main,PI+M_N+TOP_I+HIGH_B,M_N,TOP_I,HIGH_B,,4.0
10.3030_101124385_full,gpt,prompt_A,pi_main,PI+M_N+TOP_I+LOW_B,M_N,TOP_I,LOW_B,,3.5
10.3030_101124385_full,gpt,prompt_B,ai_main,AI+AI_N,,,,AI_N,3.5
10.3030_101124385_full,gpt,prompt_B,ai_main,AI+AI_Y,,,,AI_Y,3.5
10.3030_101124385_full,gpt,prompt_B,blind_baseline,NONE,,,,,4.0
10.3030_101124385_full,gpt,prompt_B,pi_main,PI+F_N+LOW_I+HIGH_B,F_N,LOW_I,HIGH_B,,4.0
10.3030_101124385_full,gpt,prompt_B,pi_main,PI+F_N+LOW_I+LOW_B,F_N,LOW_I,LOW_B,,3.5
10.3030_101124385_full,gpt,prompt_B,pi_main,PI+F_N+TOP_I+HIGH_B,F_N,TOP_I,HIGH_B,,4.0
10.3030_101124385_full,gpt,prompt_B,pi_main,PI+F_N+TOP_I+LOW_B,F_N,TOP_I,LOW_B,,3.7
10.3030_101124385_full,gpt,prompt_B,pi_main,PI+M_N+LOW_I+HIGH_B,M_N,LOW_I,HIGH_B,,4.0
10.3030_101124385_full,gpt,prompt_B,pi_main,PI+M_N+LOW_I+LOW_B,M_N,LOW_I,LOW_B,,3.7
10.3030_101124385_full,gpt,prompt_B,pi_main,PI+M_N+TOP_I+HIGH_B,M_N,TOP_I,HIGH_B,,4.0
10.3030_101124385_full,gpt,prompt_B,pi_main,PI+M_N+TOP_I+LOW_B,M_N,TOP_I,LOW_B,,3.8
10.3030_101124385_full,gpt,prompt_C,ai_main,AI+AI_N,,,,AI_N,4.0
10.3030_101124385_full,gpt,prompt_C,ai_main,AI+AI_Y,,,,AI_Y,3.5
10.3030_101124385_full,gpt,prompt_C,blind_baseline,NONE,,,,,3.7
10.3030_101124385_full,gpt,prompt_C,pi_main,PI+F_N+LOW_I+HIGH_B,F_N,LOW_I,HIGH_B,,3.6
10.3030_101124385_full,gpt,prompt_C,pi_main,PI+F_N+LOW_I+LOW_B,F_N,LOW_I,LOW_B,,3.5
10.3030_101124385_full,gpt,prompt_C,pi_main,PI+F_N+TOP_I+HIGH_B,F_N,TOP_I,HIGH_B,,3.5
10.3030_101124385_full,gpt,prompt_C,pi_main,PI+F_N+TOP_I+LOW_B,F_N,TOP_I,LOW_B,,3.5
10.3030_101124385_full,gpt,prompt_C,pi_main,PI+M_N+LOW_I+HIGH_B,M_N,LOW_I,HIGH_B,,4.0
10.3030_101124385_full,gpt,prompt_C,pi_main,PI+M_N+LOW_I+LOW_B,M_N,LOW_I,LOW_B,,3.5
10.3030_101124385_full,gpt,prompt_C,pi_main,PI+M_N+TOP_I+HIGH_B,M_N,TOP_I,HIGH_B,,3.9
10.3030_101124385_full,gpt,prompt_C,pi_main,PI+M_N+TOP_I+LOW_B,M_N,TOP_I,LOW_B,,3.5
10.3030_101124385_full,kimi,prompt_A,ai_main,AI+AI_N,,,,AI_N,3.5
10.3030_101124385_full,kimi,prompt_A,ai_main,AI+AI_Y,,,,AI_Y,3.5
10.3030_101124385_full,kimi,prompt_A,blind_baseline,NONE,,,,,3.5
10.3030_101124385_full,kimi,prompt_A,pi_main,PI+F_N+LOW_I+HIGH_B,F_N,LOW_I,HIGH_B,,3.5
10.3030_101124385_full,kimi,prompt_A,pi_main,PI+F_N+LOW_I+LOW_B,F_N,LOW_I,LOW_B,,3.0
10.3030_101124385_full,kimi,prompt_A,pi_main,PI+F_N+TOP_I+HIGH_B,F_N,TOP_I,HIGH_B,,3.5
10.3030_101124385_full,kimi,prompt_A,pi_main,PI+F_N+TOP_I+LOW_B,F_N,TOP_I,LOW_B,,3.5
10.3030_101124385_full,kimi,prompt_A,pi_main,PI+M_N+LOW_I+HIGH_B,M_N,LOW_I,HIGH_B,,3.5
10.3030_101124385_full,kimi,prompt_A,pi_main,PI+M_N+LOW_I+LOW_B,M_N,LOW_I,LOW_B,,3.1
10.3030_101124385_full,kimi,prompt_A,pi_main,PI+M_N+TOP_I+HIGH_B,M_N,TOP_I,HIGH_B,,3.5
10.3030_101124385_full,kimi,prompt_A,pi_main,PI+M_N+TOP_I+LOW_B,M_N,TOP_I,LOW_B,,3.1
10.3030_101124385_full,kimi,prompt_B,ai_main,AI+AI_N,,,,AI_N,3.6
10.3030_101124385_full,kimi,prompt_B,ai_main,AI+AI_Y,,,,AI_Y,3.5
10.3030_101124385_full,kimi,prompt_B,blind_baseline,NONE,,,,,3.6
10.3030_101124385_full,kimi,prompt_B,pi_main,PI+F_N+LOW_I+HIGH_B,F_N,LOW_I,HIGH_B,,3.5
10.3030_101124385_full,kimi,prompt_B,pi_main,PI+F_N+LOW_I+LOW_B,F_N,LOW_I,LOW_B,,3.5
10.3030_101124385_full,kimi,prompt_B,pi_main,PI+F_N+TOP_I+HIGH_B,F_N,TOP_I,HIGH_B,,3.7
10.3030_101124385_full,kimi,prompt_B,pi_main,PI+F_N+TOP_I+LOW_B,F_N,TOP_I,LOW_B,,3.5
10.3030_101124385_full,kimi,prompt_B,pi_main,PI+M_N+LOW_I+HIGH_B,M_N,LOW_I,HIGH_B,,3.5
10.3030_101124385_full,kimi,prompt_B,pi_main,PI+M_N+LOW_I+LOW_B,M_N,LOW_I,LOW_B,,3.5
10.3030_101124385_full,kimi,prompt_B,pi_main,PI+M_N+TOP_I+HIGH_B,M_N,TOP_I,HIGH_B,,3.6
10.3030_101124385_full,kimi,prompt_B,pi_main,PI+M_N+TOP_I+LOW_B,M_N,TOP_I,LOW_B,,3.5
10.3030_101124385_full,kimi,prompt_C,ai_main,AI+AI_N,,,,AI_N,3.5
10.3030_101124385_full,kimi,prompt_C,ai_main,AI+AI_Y,,,,AI_Y,3.5
10.3030_101124385_full,kimi,prompt_C,blind_baseline,NONE,,,,,3.5
10.3030_101124385_full,kimi,prompt_C,pi_main,PI+F_N+LOW_I+HIGH_B,F_N,LOW_I,HIGH_B,,3.5
10.3030_101124385_full,kimi,prompt_C,pi_main,PI+F_N+LOW_I+LOW_B,F_N,LOW_I,LOW_B,,3.3
10.3030_101124385_full,kimi,prompt_C,pi_main,PI+F_N+TOP_I+HIGH_B,F_N,TOP_I,HIGH_B,,3.6
10.3030_101124385_full,kimi,prompt_C,pi_main,PI+F_N+TOP_I+LOW_B,F_N,TOP_I,LOW_B,,3.5
10.3030_101124385_full,kimi,prompt_C,pi_main,PI+M_N+LOW_I+HIGH_B,M_N,LOW_I,HIGH_B,,3.5
10.3030_101124385_full,kimi,prompt_C,pi_main,PI+M_N+LOW_I+LOW_B,M_N,LOW_I,LOW_B,,3.3
10.3030_101124385_full,kimi,prompt_C,pi_main,PI+M_N+TOP_I+HIGH_B,M_N,TOP_I,HIGH_B,,3.6
10.3030_101124385_full,kimi,prompt_C,pi_main,PI+M_N+TOP_I+LOW_B,M_N,TOP_I,LOW_B,,3.5
10.3030_101124385_full,ministral,prompt_A,ai_main,AI+AI_N,,,,AI_N,4.0
10.3030_101124385_full,ministral,prompt_A,ai_main,AI+AI_Y,,,,AI_Y,3.5
10.3030_101124385_full,ministral,prompt_A,blind_baseline,NONE,,,,,4.0
10.3030_101124385_full,ministral,prompt_A,pi_main,PI+F_N+LOW_I+HIGH_B,F_N,LOW_I,HIGH_B,,3.5
10.3030_101124385_full,ministral,prompt_A,pi_main,PI+F_N+LOW_I+LOW_B,F_N,LOW_I,LOW_B,,3.5
10.3030_101124385_full,ministral,prompt_A,pi_main,PI+F_N+TOP_I+HIGH_B,F_N,TOP_I,HIGH_B,,3.5
10.3030_101124385_full,ministral,prompt_A,pi_main,PI+F_N+TOP_I+LOW_B,F_N,TOP_I,LOW_B,,3.5
10.3030_101124385_full,ministral,prompt_A,pi_main,PI+M_N+LOW_I+HIGH_B,M_N,LOW_I,HIGH_B,,3.5
10.3030_101124385_full,ministral,prompt_A,pi_main,PI+M_N+LOW_I+LOW_B,M_N,LOW_I,LOW_B,,3.5
10.3030_101124385_full,ministral,prompt_A,pi_main,PI+M_N+TOP_I+HIGH_B,M_N,TOP_I,HIGH_B,,3.5
10.3030_101124385_full,ministral,prompt_A,pi_main,PI+M_N+TOP_I+LOW_B,M_N,TOP_I,LOW_B,,3.5
10.3030_101124385_full,ministral,prompt_B,ai_main,AI+AI_N,,,,AI_N,3.5
10.3030_101124385_full,ministral,prompt_B,ai_main,AI+AI_Y,,,,AI_Y,3.5
10.3030_101124385_full,ministral,prompt_B,blind_baseline,NONE,,,,,4.0
10.3030_101124385_full,ministral,prompt_B,pi_main,PI+F_N+LOW_I+HIGH_B,F_N,LOW_I,HIGH_B,,3.5
10.3030_101124385_full,ministral,prompt_B,pi_main,PI+F_N+LOW_I+LOW_B,F_N,LOW_I,LOW_B,,3.5
10.3030_101124385_full,ministral,prompt_B,pi_main,PI+F_N+TOP_I+HIGH_B,F_N,TOP_I,HIGH_B,,3.5
10.3030_101124385_full,ministral,prompt_B,pi_main,PI+F_N+TOP_I+LOW_B,F_N,TOP_I,LOW_B,,3.5
10.3030_101124385_full,ministral,prompt_B,pi_main,PI+M_N+LOW_I+HIGH_B,M_N,LOW_I,HIGH_B,,3.5
10.3030_101124385_full,ministral,prompt_B,pi_main,PI+M_N+LOW_I+LOW_B,M_N,LOW_I,LOW_B,,3.5
10.3030_101124385_full,ministral,prompt_B,pi_main,PI+M_N+TOP_I+HIGH_B,M_N,TOP_I,HIGH_B,,3.5
10.3030_101124385_full,ministral,prompt_B,pi_main,PI+M_N+TOP_I+LOW_B,M_N,TOP_I,LOW_B,,3.5
10.3030_101124385_full,ministral,prompt_C,ai_main,AI+AI_N,,,,AI_N,3.5
10.3030_101124385_full,ministral,prompt_C,ai_main,AI+AI_Y,,,,AI_Y,3.5
10.3030_101124385_full,ministral,prompt_C,blind_baseline,NONE,,,,,4.0
10.3030_101124385_full,ministral,prompt_C,pi_main,PI+F_N+LOW_I+HIGH_B,F_N,LOW_I,HIGH_B,,3.5
10.3030_101124385_full,ministral,prompt_C,pi_main,PI+F_N+LOW_I+LOW_B,F_N,LOW_I,LOW_B,,3.5
10.3030_101124385_full,ministral,prompt_C,pi_main,PI+F_N+TOP_I+HIGH_B,F_N,TOP_I,HIGH_B,,3.5
10.3030_101124385_full,ministral,prompt_C,pi_main,PI+F_N+TOP_I+LOW_B,F_N,TOP_I,LOW_B,,3.5
10.3030_101124385_full,ministral,prompt_C,pi_main,PI+M_N+LOW_I+HIGH_B,M_N,LOW_I,HIGH_B,,3.5
10.3030_101124385_full,ministral,prompt_C,pi_main,PI+M_N+LOW_I+LOW_B,M_N,LOW_I,LOW_B,,3.5
10.3030_101124385_full,ministral,prompt_C,pi_main,PI+M_N+TOP_I+HIGH_B,M_N,TOP_I,HIGH_B,,3.5
10.3030_101124385_full,ministral,prompt_C,pi_main,PI+M_N+TOP_I+LOW_B,M_N,TOP_I,LOW_B,,3.5
10.3030_101124385_full,mistral,prompt_A,ai_main,AI+AI_N,,,,AI_N,3.8
10.3030_101124385_full,mistral,prompt_A,ai_main,AI+AI_Y,,,,AI_Y,3.7
10.3030_101124385_full,mistral,prompt_A,blind_baseline,NONE,,,,,4.0
10.3030_101124385_full,mistral,prompt_A,pi_main,PI+F_N+LOW_I+HIGH_B,F_N,LOW_I,HIGH_B,,3.6
10.3030_101124385_full,mistral,prompt_A,pi_main,PI+F_N+LOW_I+LOW_B,F_N,LOW_I,LOW_B,,3.5
10.3030_101124385_full,mistral,prompt_A,pi_main,PI+F_N+TOP_I+HIGH_B,F_N,TOP_I,HIGH_B,,3.6
10.3030_101124385_full,mistral,prompt_A,pi_main,PI+F_N+TOP_I+LOW_B,F_N,TOP_I,LOW_B,,3.5
10.3030_101124385_full,mistral,prompt_A,pi_main,PI+M_N+LOW_I+HIGH_B,M_N,LOW_I,HIGH_B,,3.5
10.3030_101124385_full,mistral,prompt_A,pi_main,PI+M_N+LOW_I+LOW_B,M_N,LOW_I,LOW_B,,3.5
10.3030_101124385_full,mistral,prompt_A,pi_main,PI+M_N+TOP_I+HIGH_B,M_N,TOP_I,HIGH_B,,3.8
10.3030_101124385_full,mistral,prompt_A,pi_main,PI+M_N+TOP_I+LOW_B,M_N,TOP_I,LOW_B,,3.6
10.3030_101124385_full,mistral,prompt_B,ai_main,AI+AI_N,,,,AI_N,3.9
10.3030_101124385_full,mistral,prompt_B,ai_main,AI+AI_Y,,,,AI_Y,3.9
10.3030_101124385_full,mistral,prompt_B,blind_baseline,NONE,,,,,3.8
10.3030_101124385_full,mistral,prompt_B,pi_main,PI+F_N+LOW_I+HIGH_B,F_N,LOW_I,HIGH_B,,3.8
10.3030_101124385_full,mistral,prompt_B,pi_main,PI+F_N+LOW_I+LOW_B,F_N,LOW_I,LOW_B,,3.7
10.3030_101124385_full,mistral,prompt_B,pi_main,PI+F_N+TOP_I+HIGH_B,F_N,TOP_I,HIGH_B,,4.0
10.3030_101124385_full,mistral,prompt_B,pi_main,PI+F_N+TOP_I+LOW_B,F_N,TOP_I,LOW_B,,3.9
10.3030_101124385_full,mistral,prompt_B,pi_main,PI+M_N+LOW_I+HIGH_B,M_N,LOW_I,HIGH_B,,4.0
10.3030_101124385_full,mistral,prompt_B,pi_main,PI+M_N+LOW_I+LOW_B,M_N,LOW_I,LOW_B,,3.8
10.3030_101124385_full,mistral,prompt_B,pi_main,PI+M_N+TOP_I+HIGH_B,M_N,TOP_I,HIGH_B,,3.9
10.3030_101124385_full,mistral,prompt_B,pi_main,PI+M_N+TOP_I+LOW_B,M_N,TOP_I,LOW_B,,3.8
10.3030_101124385_full,mistral,prompt_C,ai_main,AI+AI_N,,,,AI_N,4.0
10.3030_101124385_full,mistral,prompt_C,ai_main,AI+AI_Y,,,,AI_Y,3.6
10.3030_101124385_full,mistral,prompt_C,blind_baseline,NONE,,,,,4.0
10.3030_101124385_full,mistral,prompt_C,pi_main,PI+F_N+LOW_I+HIGH_B,F_N,LOW_I,HIGH_B,,4.0
10.3030_101124385_full,mistral,prompt_C,pi_main,PI+F_N+LOW_I+LOW_B,F_N,LOW_I,LOW_B,,3.5
10.3030_101124385_full,mistral,prompt_C,pi_main,PI+F_N+TOP_I+HIGH_B,F_N,TOP_I,HIGH_B,,3.8
10.3030_101124385_full,mistral,prompt_C,pi_main,PI+F_N+TOP_I+LOW_B,F_N,TOP_I,LOW_B,,3.7
10.3030_101124385_full,mistral,prompt_C,pi_main,PI+M_N+LOW_I+HIGH_B,M_N,LOW_I,HIGH_B,,3.8
10.3030_101124385_full,mistral,prompt_C,pi_main,PI+M_N+LOW_I+LOW_B,M_N,LOW_I,LOW_B,,3.5
10.3030_101124385_full,mistral,prompt_C,pi_main,PI+M_N+TOP_I+HIGH_B,M_N,TOP_I,HIGH_B,,3.9
10.3030_101124385_full,mistral,prompt_C,pi_main,PI+M_N+TOP_I+LOW_B,M_N,TOP_I,LOW_B,,3.7
10.3030_101124385_full,phi,prompt_A,ai_main,AI+AI_N,,,,AI_N,3.5
10.3030_101124385_full,phi,prompt_A,ai_main,AI+AI_Y,,,,AI_Y,3.5
10.3030_101124385_full,phi,prompt_A,blind_baseline,NONE,,,,,4.0
10.3030_101124385_full,phi,prompt_A,pi_main,PI+F_N+LOW_I+HIGH_B,F_N,LOW_I,HIGH_B,,3.5
10.3030_101124385_full,phi,prompt_A,pi_main,PI+F_N+LOW_I+LOW_B,F_N,LOW_I,LOW_B,,3.5
10.3030_101124385_full,phi,prompt_A,pi_main,PI+F_N+TOP_I+HIGH_B,F_N,TOP_I,HIGH_B,,3.5
10.3030_101124385_full,phi,prompt_A,pi_main,PI+F_N+TOP_I+LOW_B,F_N,TOP_I,LOW_B,,3.5
10.3030_101124385_full,phi,prompt_A,pi_main,PI+M_N+LOW_I+HIGH_B,M_N,LOW_I,HIGH_B,,3.5
10.3030_101124385_full,phi,prompt_A,pi_main,PI+M_N+LOW_I+LOW_B,M_N,LOW_I,LOW_B,,3.5
10.3030_101124385_full,phi,prompt_A,pi_main,PI+M_N+TOP_I+HIGH_B,M_N,TOP_I,HIGH_B,,3.5
10.3030_101124385_full,phi,prompt_A,pi_main,PI+M_N+TOP_I+LOW_B,M_N,TOP_I,LOW_B,,3.5
10.3030_101124385_full,phi,prompt_B,ai_main,AI+AI_N,,,,AI_N,3.5
10.3030_101124385_full,phi,prompt_B,ai_main,AI+AI_Y,,,,AI_Y,3.5
10.3030_101124385_full,phi,prompt_B,blind_baseline,NONE,,,,,3.5
10.3030_101124385_full,phi,prompt_B,pi_main,PI+F_N+LOW_I+HIGH_B,F_N,LOW_I,HIGH_B,,3.5
10.3030_101124385_full,phi,prompt_B,pi_main,PI+F_N+LOW_I+LOW_B,F_N,LOW_I,LOW_B,,3.5
10.3030_101124385_full,phi,prompt_B,pi_main,PI+F_N+TOP_I+HIGH_B,F_N,TOP_I,HIGH_B,,3.8
10.3030_101124385_full,phi,prompt_B,pi_main,PI+F_N+TOP_I+LOW_B,F_N,TOP_I,LOW_B,,3.5
10.3030_101124385_full,phi,prompt_B,pi_main,PI+M_N+LOW_I+HIGH_B,M_N,LOW_I,HIGH_B,,3.5
10.3030_101124385_full,phi,prompt_B,pi_main,PI+M_N+LOW_I+LOW_B,M_N,LOW_I,LOW_B,,3.5
10.3030_101124385_full,phi,prompt_B,pi_main,PI+M_N+TOP_I+HIGH_B,M_N,TOP_I,HIGH_B,,4.0
10.3030_101124385_full,phi,prompt_B,pi_main,PI+M_N+TOP_I+LOW_B,M_N,TOP_I,LOW_B,,3.5
10.3030_101124385_full,phi,prompt_C,ai_main,AI+AI_N,,,,AI_N,3.5
10.3030_101124385_full,phi,prompt_C,ai_main,AI+AI_Y,,,,AI_Y,3.5
10.3030_101124385_full,phi,prompt_C,blind_baseline,NONE,,,,,4.0
10.3030_101124385_full,phi,prompt_C,pi_main,PI+F_N+LOW_I+HIGH_B,F_N,LOW_I,HIGH_B,,3.5
10.3030_101124385_full,phi,prompt_C,pi_main,PI+F_N+LOW_I+LOW_B,F_N,LOW_I,LOW_B,,3.5
10.3030_101124385_full,phi,prompt_C,pi_main,PI+F_N+TOP_I+HIGH_B,F_N,TOP_I,HIGH_B,,3.5
10.3030_101124385_full,phi,prompt_C,pi_main,PI+F_N+TOP_I+LOW_B,F_N,TOP_I,LOW_B,,3.5
10.3030_101124385_full,phi,prompt_C,pi_main,PI+M_N+LOW_I+HIGH_B,M_N,LOW_I,HIGH_B,,3.5
10.3030_101124385_full,phi,prompt_C,pi_main,PI+M_N+LOW_I+LOW_B,M_N,LOW_I,LOW_B,,3.5
10.3030_101124385_full,phi,prompt_C,pi_main,PI+M_N+TOP_I+HIGH_B,M_N,TOP_I,HIGH_B,,3.5
10.3030_101124385_full,phi,prompt_C,pi_main,PI+M_N+TOP_I+LOW_B,M_N,TOP_I,LOW_B,,3.5
10.3030_101124778_full,deepseek,prompt_A,ai_main,AI+AI_N,,,,AI_N,3.4
10.3030_101124778_full,deepseek,prompt_A,ai_main,AI+AI_Y,,,,AI_Y,3.5
10.3030_101124778_full,deepseek,prompt_A,blind_baseline,NONE,,,,,3.4
10.3030_101124778_full,deepseek,prompt_A,pi_main,PI+F_N+LOW_I+HIGH_B,F_N,LOW_I,HIGH_B,,3.3
10.3030_101124778_full,deepseek,prompt_A,pi_main,PI+F_N+LOW_I+LOW_B,F_N,LOW_I,LOW_B,,3.4
10.3030_101124778_full,deepseek,prompt_A,pi_main,PI+F_N+TOP_I+HIGH_B,F_N,TOP_I,HIGH_B,,3.1
10.3030_101124778_full,deepseek,prompt_A,pi_main,PI+F_N+TOP_I+LOW_B,F_N,TOP_I,LOW_B,,3.1
10.3030_101124778_full,deepseek,prompt_A,pi_main,PI+M_N+LOW_I+HIGH_B,M_N,LOW_I,HIGH_B,,3.3
10.3030_101124778_full,deepseek,prompt_A,pi_main,PI+M_N+LOW_I+LOW_B,M_N,LOW_I,LOW_B,,3.2
10.3030_101124778_full,deepseek,prompt_A,pi_main,PI+M_N+TOP_I+HIGH_B,M_N,TOP_I,HIGH_B,,3.3
10.3030_101124778_full,deepseek,prompt_A,pi_main,PI+M_N+TOP_I+LOW_B,M_N,TOP_I,LOW_B,,3.3
10.3030_101124778_full,deepseek,prompt_B,ai_main,AI+AI_N,,,,AI_N,3.3
10.3030_101124778_full,deepseek,prompt_B,ai_main,AI+AI_Y,,,,AI_Y,3.2
10.3030_101124778_full,deepseek,prompt_B,blind_baseline,NONE,,,,,3.3
10.3030_101124778_full,deepseek,prompt_B,pi_main,PI+F_N+LOW_I+HIGH_B,F_N,LOW_I,HIGH_B,,3.2
10.3030_101124778_full,deepseek,prompt_B,pi_main,PI+F_N+LOW_I+LOW_B,F_N,LOW_I,LOW_B,,3.0
10.3030_101124778_full,deepseek,prompt_B,pi_main,PI+F_N+TOP_I+HIGH_B,F_N,TOP_I,HIGH_B,,3.3
10.3030_101124778_full,deepseek,prompt_B,pi_main,PI+F_N+TOP_I+LOW_B,F_N,TOP_I,LOW_B,,3.2
10.3030_101124778_full,deepseek,prompt_B,pi_main,PI+M_N+LOW_I+HIGH_B,M_N,LOW_I,HIGH_B,,3.5
10.3030_101124778_full,deepseek,prompt_B,pi_main,PI+M_N+LOW_I+LOW_B,M_N,LOW_I,LOW_B,,3.0
10.3030_101124778_full,deepseek,prompt_B,pi_main,PI+M_N+TOP_I+HIGH_B,M_N,TOP_I,HIGH_B,,3.3
10.3030_101124778_full,deepseek,prompt_B,pi_main,PI+M_N+TOP_I+LOW_B,M_N,TOP_I,LOW_B,,3.1
10.3030_101124778_full,deepseek,prompt_C,ai_main,AI+AI_N,,,,AI_N,3.5
10.3030_101124778_full,deepseek,prompt_C,ai_main,AI+AI_Y,,,,AI_Y,3.5
10.3030_101124778_full,deepseek,prompt_C,blind_baseline,NONE,,,,,3.2
10.3030_101124778_full,deepseek,prompt_C,pi_main,PI+F_N+LOW_I+HIGH_B,F_N,LOW_I,HIGH_B,,3.6
10.3030_101124778_full,deepseek,prompt_C,pi_main,PI+F_N+LOW_I+LOW_B,F_N,LOW_I,LOW_B,,3.5
10.3030_101124778_full,deepseek,prompt_C,pi_main,PI+F_N+TOP_I+HIGH_B,F_N,TOP_I,HIGH_B,,3.3
10.3030_101124778_full,deepseek,prompt_C,pi_main,PI+F_N+TOP_I+LOW_B,F_N,TOP_I,LOW_B,,3.2
10.3030_101124778_full,deepseek,prompt_C,pi_main,PI+M_N+LOW_I+HIGH_B,M_N,LOW_I,HIGH_B,,3.2
10.3030_101124778_full,deepseek,prompt_C,pi_main,PI+M_N+LOW_I+LOW_B,M_N,LOW_I,LOW_B,,3.7
10.3030_101124778_full,deepseek,prompt_C,pi_main,PI+M_N+TOP_I+HIGH_B,M_N,TOP_I,HIGH_B,,3.7
10.3030_101124778_full,deepseek,prompt_C,pi_main,PI+M_N+TOP_I+LOW_B,M_N,TOP_I,LOW_B,,3.3
10.3030_101124778_full,gemma,prompt_A,ai_main,AI+AI_N,,,,AI_N,3.0
10.3030_101124778_full,gemma,prompt_A,ai_main,AI+AI_Y,,,,AI_Y,3.0
10.3030_101124778_full,gemma,prompt_A,blind_baseline,NONE,,,,,3.5
10.3030_101124778_full,gemma,prompt_A,pi_main,PI+F_N+LOW_I+HIGH_B,F_N,LOW_I,HIGH_B,,3.0
10.3030_101124778_full,gemma,prompt_A,pi_main,PI+F_N+LOW_I+LOW_B,F_N,LOW_I,LOW_B,,3.0
10.3030_101124778_full,gemma,prompt_A,pi_main,PI+F_N+TOP_I+HIGH_B,F_N,TOP_I,HIGH_B,,3.0
10.3030_101124778_full,gemma,prompt_A,pi_main,PI+F_N+TOP_I+LOW_B,F_N,TOP_I,LOW_B,,3.0
10.3030_101124778_full,gemma,prompt_A,pi_main,PI+M_N+LOW_I+HIGH_B,M_N,LOW_I,HIGH_B,,3.0
10.3030_101124778_full,gemma,prompt_A,pi_main,PI+M_N+LOW_I+LOW_B,M_N,LOW_I,LOW_B,,3.0
10.3030_101124778_full,gemma,prompt_A,pi_main,PI+M_N+TOP_I+HIGH_B,M_N,TOP_I,HIGH_B,,3.0
10.3030_101124778_full,gemma,prompt_A,pi_main,PI+M_N+TOP_I+LOW_B,M_N,TOP_I,LOW_B,,3.0
10.3030_101124778_full,gemma,prompt_B,ai_main,AI+AI_N,,,,AI_N,3.5
10.3030_101124778_full,gemma,prompt_B,ai_main,AI+AI_Y,,,,AI_Y,3.5
10.3030_101124778_full,gemma,prompt_B,blind_baseline,NONE,,,,,3.5
10.3030_101124778_full,gemma,prompt_B,pi_main,PI+F_N+LOW_I+HIGH_B,F_N,LOW_I,HIGH_B,,3.5
10.3030_101124778_full,gemma,prompt_B,pi_main,PI+F_N+LOW_I+LOW_B,F_N,LOW_I,LOW_B,,3.5
10.3030_101124778_full,gemma,prompt_B,pi_main,PI+F_N+TOP_I+HIGH_B,F_N,TOP_I,HIGH_B,,3.5
10.3030_101124778_full,gemma,prompt_B,pi_main,PI+F_N+TOP_I+LOW_B,F_N,TOP_I,LOW_B,,3.5
10.3030_101124778_full,gemma,prompt_B,pi_main,PI+M_N+LOW_I+HIGH_B,M_N,LOW_I,HIGH_B,,3.5
10.3030_101124778_full,gemma,prompt_B,pi_main,PI+M_N+LOW_I+LOW_B,M_N,LOW_I,LOW_B,,3.1
10.3030_101124778_full,gemma,prompt_B,pi_main,PI+M_N+TOP_I+HIGH_B,M_N,TOP_I,HIGH_B,,3.5
10.3030_101124778_full,gemma,prompt_B,pi_main,PI+M_N+TOP_I+LOW_B,M_N,TOP_I,LOW_B,,3.0
10.3030_101124778_full,gemma,prompt_C,ai_main,AI+AI_N,,,,AI_N,3.5
10.3030_101124778_full,gemma,prompt_C,ai_main,AI+AI_Y,,,,AI_Y,3.5
10.3030_101124778_full,gemma,prompt_C,blind_baseline,NONE,,,,,3.5
10.3030_101124778_full,gemma,prompt_C,pi_main,PI+F_N+LOW_I+HIGH_B,F_N,LOW_I,HIGH_B,,3.5
10.3030_101124778_full,gemma,prompt_C,pi_main,PI+F_N+LOW_I+LOW_B,F_N,LOW_I,LOW_B,,3.0
10.3030_101124778_full,gemma,prompt_C,pi_main,PI+F_N+TOP_I+HIGH_B,F_N,TOP_I,HIGH_B,,3.5
10.3030_101124778_full,gemma,prompt_C,pi_main,PI+F_N+TOP_I+LOW_B,F_N,TOP_I,LOW_B,,3.0
10.3030_101124778_full,gemma,prompt_C,pi_main,PI+M_N+LOW_I+HIGH_B,M_N,LOW_I,HIGH_B,,3.2
10.3030_101124778_full,gemma,prompt_C,pi_main,PI+M_N+LOW_I+LOW_B,M_N,LOW_I,LOW_B,,3.0
10.3030_101124778_full,gemma,prompt_C,pi_main,PI+M_N+TOP_I+HIGH_B,M_N,TOP_I,HIGH_B,,3.5
10.3030_101124778_full,gemma,prompt_C,pi_main,PI+M_N+TOP_I+LOW_B,M_N,TOP_I,LOW_B,,3.0
10.3030_101124778_full,glm,prompt_A,ai_main,AI+AI_N,,,,AI_N,3.5
10.3030_101124778_full,glm,prompt_A,ai_main,AI+AI_Y,,,,AI_Y,3.5
10.3030_101124778_full,glm,prompt_A,blind_baseline,NONE,,,,,3.5
10.3030_101124778_full,glm,prompt_A,pi_main,PI+F_N+LOW_I+HIGH_B,F_N,LOW_I,HIGH_B,,3.5
10.3030_101124778_full,glm,prompt_A,pi_main,PI+F_N+LOW_I+LOW_B,F_N,LOW_I,LOW_B,,3.3
10.3030_101124778_full,glm,prompt_A,pi_main,PI+F_N+TOP_I+HIGH_B,F_N,TOP_I,HIGH_B,,3.5
10.3030_101124778_full,glm,prompt_A,pi_main,PI+F_N+TOP_I+LOW_B,F_N,TOP_I,LOW_B,,3.5
10.3030_101124778_full,glm,prompt_A,pi_main,PI+M_N+LOW_I+HIGH_B,M_N,LOW_I,HIGH_B,,3.5
10.3030_101124778_full,glm,prompt_A,pi_main,PI+M_N+LOW_I+LOW_B,M_N,LOW_I,LOW_B,,3.0
10.3030_101124778_full,glm,prompt_A,pi_main,PI+M_N+TOP_I+HIGH_B,M_N,TOP_I,HIGH_B,,3.5
10.3030_101124778_full,glm,prompt_A,pi_main,PI+M_N+TOP_I+LOW_B,M_N,TOP_I,LOW_B,,3.5
10.3030_101124778_full,glm,prompt_B,ai_main,AI+AI_N,,,,AI_N,3.5
10.3030_101124778_full,glm,prompt_B,ai_main,AI+AI_Y,,,,AI_Y,3.5
10.3030_101124778_full,glm,prompt_B,blind_baseline,NONE,,,,,3.5
10.3030_101124778_full,glm,prompt_B,pi_main,PI+F_N+LOW_I+HIGH_B,F_N,LOW_I,HIGH_B,,3.5
10.3030_101124778_full,glm,prompt_B,pi_main,PI+F_N+LOW_I+LOW_B,F_N,LOW_I,LOW_B,,3.5
10.3030_101124778_full,glm,prompt_B,pi_main,PI+F_N+TOP_I+HIGH_B,F_N,TOP_I,HIGH_B,,3.5
10.3030_101124778_full,glm,prompt_B,pi_main,PI+F_N+TOP_I+LOW_B,F_N,TOP_I,LOW_B,,3.5
10.3030_101124778_full,glm,prompt_B,pi_main,PI+M_N+LOW_I+HIGH_B,M_N,LOW_I,HIGH_B,,3.5
10.3030_101124778_full,glm,prompt_B,pi_main,PI+M_N+LOW_I+LOW_B,M_N,LOW_I,LOW_B,,3.4
10.3030_101124778_full,glm,prompt_B,pi_main,PI+M_N+TOP_I+HIGH_B,M_N,TOP_I,HIGH_B,,3.5
10.3030_101124778_full,glm,prompt_B,pi_main,PI+M_N+TOP_I+LOW_B,M_N,TOP_I,LOW_B,,3.5
10.3030_101124778_full,glm,prompt_C,ai_main,AI+AI_N,,,,AI_N,3.5
10.3030_101124778_full,glm,prompt_C,ai_main,AI+AI_Y,,,,AI_Y,3.5
10.3030_101124778_full,glm,prompt_C,blind_baseline,NONE,,,,,3.5
10.3030_101124778_full,glm,prompt_C,pi_main,PI+F_N+LOW_I+HIGH_B,F_N,LOW_I,HIGH_B,,3.5
10.3030_101124778_full,glm,prompt_C,pi_main,PI+F_N+LOW_I+LOW_B,F_N,LOW_I,LOW_B,,3.2
10.3030_101124778_full,glm,prompt_C,pi_main,PI+F_N+TOP_I+HIGH_B,F_N,TOP_I,HIGH_B,,3.5
10.3030_101124778_full,glm,prompt_C,pi_main,PI+F_N+TOP_I+LOW_B,F_N,TOP_I,LOW_B,,3.1
10.3030_101124778_full,glm,prompt_C,pi_main,PI+M_N+LOW_I+HIGH_B,M_N,LOW_I,HIGH_B,,3.5
10.3030_101124778_full,glm,prompt_C,pi_main,PI+M_N+LOW_I+LOW_B,M_N,LOW_I,LOW_B,,3.1
10.3030_101124778_full,glm,prompt_C,pi_main,PI+M_N+TOP_I+HIGH_B,M_N,TOP_I,HIGH_B,,3.5
10.3030_101124778_full,glm,prompt_C,pi_main,PI+M_N+TOP_I+LOW_B,M_N,TOP_I,LOW_B,,3.1
10.3030_101124778_full,gpt,prompt_A,ai_main,AI+AI_N,,,,AI_N,3.5
10.3030_101124778_full,gpt,prompt_A,ai_main,AI+AI_Y,,,,AI_Y,3.5
10.3030_101124778_full,gpt,prompt_A,blind_baseline,NONE,,,,,3.5
10.3030_101124778_full,gpt,prompt_A,pi_main,PI+F_N+LOW_I+HIGH_B,F_N,LOW_I,HIGH_B,,3.5
10.3030_101124778_full,gpt,prompt_A,pi_main,PI+F_N+LOW_I+LOW_B,F_N,LOW_I,LOW_B,,3.5
10.3030_101124778_full,gpt,prompt_A,pi_main,PI+F_N+TOP_I+HIGH_B,F_N,TOP_I,HIGH_B,,3.6
10.3030_101124778_full,gpt,prompt_A,pi_main,PI+F_N+TOP_I+LOW_B,F_N,TOP_I,LOW_B,,3.5
10.3030_101124778_full,gpt,prompt_A,pi_main,PI+M_N+LOW_I+HIGH_B,M_N,LOW_I,HIGH_B,,3.5
10.3030_101124778_full,gpt,prompt_A,pi_main,PI+M_N+LOW_I+LOW_B,M_N,LOW_I,LOW_B,,3.5
10.3030_101124778_full,gpt,prompt_A,pi_main,PI+M_N+TOP_I+HIGH_B,M_N,TOP_I,HIGH_B,,3.5
10.3030_101124778_full,gpt,prompt_A,pi_main,PI+M_N+TOP_I+LOW_B,M_N,TOP_I,LOW_B,,3.5
10.3030_101124778_full,gpt,prompt_B,ai_main,AI+AI_N,,,,AI_N,3.6
10.3030_101124778_full,gpt,prompt_B,ai_main,AI+AI_Y,,,,AI_Y,3.5
10.3030_101124778_full,gpt,prompt_B,blind_baseline,NONE,,,,,3.5
10.3030_101124778_full,gpt,prompt_B,pi_main,PI+F_N+LOW_I+HIGH_B,F_N,LOW_I,HIGH_B,,3.5
10.3030_101124778_full,gpt,prompt_B,pi_main,PI+F_N+LOW_I+LOW_B,F_N,LOW_I,LOW_B,,3.5
10.3030_101124778_full,gpt,prompt_B,pi_main,PI+F_N+TOP_I+HIGH_B,F_N,TOP_I,HIGH_B,,3.5
10.3030_101124778_full,gpt,prompt_B,pi_main,PI+F_N+TOP_I+LOW_B,F_N,TOP_I,LOW_B,,3.5
10.3030_101124778_full,gpt,prompt_B,pi_main,PI+M_N+LOW_I+HIGH_B,M_N,LOW_I,HIGH_B,,3.5
10.3030_101124778_full,gpt,prompt_B,pi_main,PI+M_N+LOW_I+LOW_B,M_N,LOW_I,LOW_B,,3.5
10.3030_101124778_full,gpt,prompt_B,pi_main,PI+M_N+TOP_I+HIGH_B,M_N,TOP_I,HIGH_B,,3.5
10.3030_101124778_full,gpt,prompt_B,pi_main,PI+M_N+TOP_I+LOW_B,M_N,TOP_I,LOW_B,,3.5
10.3030_101124778_full,gpt,prompt_C,ai_main,AI+AI_N,,,,AI_N,3.5
10.3030_101124778_full,gpt,prompt_C,ai_main,AI+AI_Y,,,,AI_Y,3.5
10.3030_101124778_full,gpt,prompt_C,blind_baseline,NONE,,,,,4.0
10.3030_101124778_full,gpt,prompt_C,pi_main,PI+F_N+LOW_I+HIGH_B,F_N,LOW_I,HIGH_B,,3.5
10.3030_101124778_full,gpt,prompt_C,pi_main,PI+F_N+LOW_I+LOW_B,F_N,LOW_I,LOW_B,,3.5
10.3030_101124778_full,gpt,prompt_C,pi_main,PI+F_N+TOP_I+HIGH_B,F_N,TOP_I,HIGH_B,,3.5
10.3030_101124778_full,gpt,prompt_C,pi_main,PI+F_N+TOP_I+LOW_B,F_N,TOP_I,LOW_B,,3.5
10.3030_101124778_full,gpt,prompt_C,pi_main,PI+M_N+LOW_I+HIGH_B,M_N,LOW_I,HIGH_B,,3.5
10.3030_101124778_full,gpt,prompt_C,pi_main,PI+M_N+LOW_I+LOW_B,M_N,LOW_I,LOW_B,,3.5
10.3030_101124778_full,gpt,prompt_C,pi_main,PI+M_N+TOP_I+HIGH_B,M_N,TOP_I,HIGH_B,,3.5
10.3030_101124778_full,gpt,prompt_C,pi_main,PI+M_N+TOP_I+LOW_B,M_N,TOP_I,LOW_B,,3.5
10.3030_101124778_full,kimi,prompt_A,ai_main,AI+AI_N,,,,AI_N,3.7
10.3030_101124778_full,kimi,prompt_A,ai_main,AI+AI_Y,,,,AI_Y,3.8
10.3030_101124778_full,kimi,prompt_A,blind_baseline,NONE,,,,,3.7
10.3030_101124778_full,kimi,prompt_A,pi_main,PI+F_N+LOW_I+HIGH_B,F_N,LOW_I,HIGH_B,,3.4
10.3030_101124778_full,kimi,prompt_A,pi_main,PI+F_N+LOW_I+LOW_B,F_N,LOW_I,LOW_B,,3.1
10.3030_101124778_full,kimi,prompt_A,pi_main,PI+F_N+TOP_I+HIGH_B,F_N,TOP_I,HIGH_B,,3.6
10.3030_101124778_full,kimi,prompt_A,pi_main,PI+F_N+TOP_I+LOW_B,F_N,TOP_I,LOW_B,,3.4
10.3030_101124778_full,kimi,prompt_A,pi_main,PI+M_N+LOW_I+HIGH_B,M_N,LOW_I,HIGH_B,,3.5
10.3030_101124778_full,kimi,prompt_A,pi_main,PI+M_N+LOW_I+LOW_B,M_N,LOW_I,LOW_B,,3.2
10.3030_101124778_full,kimi,prompt_A,pi_main,PI+M_N+TOP_I+HIGH_B,M_N,TOP_I,HIGH_B,,3.5
10.3030_101124778_full,kimi,prompt_A,pi_main,PI+M_N+TOP_I+LOW_B,M_N,TOP_I,LOW_B,,3.3
10.3030_101124778_full,kimi,prompt_B,ai_main,AI+AI_N,,,,AI_N,3.6
10.3030_101124778_full,kimi,prompt_B,ai_main,AI+AI_Y,,,,AI_Y,3.7
10.3030_101124778_full,kimi,prompt_B,blind_baseline,NONE,,,,,3.7
10.3030_101124778_full,kimi,prompt_B,pi_main,PI+F_N+LOW_I+HIGH_B,F_N,LOW_I,HIGH_B,,3.7
10.3030_101124778_full,kimi,prompt_B,pi_main,PI+F_N+LOW_I+LOW_B,F_N,LOW_I,LOW_B,,3.1
10.3030_101124778_full,kimi,prompt_B,pi_main,PI+F_N+TOP_I+HIGH_B,F_N,TOP_I,HIGH_B,,3.5
10.3030_101124778_full,kimi,prompt_B,pi_main,PI+F_N+TOP_I+LOW_B,F_N,TOP_I,LOW_B,,3.4
10.3030_101124778_full,kimi,prompt_B,pi_main,PI+M_N+LOW_I+HIGH_B,M_N,LOW_I,HIGH_B,,3.7
10.3030_101124778_full,kimi,prompt_B,pi_main,PI+M_N+LOW_I+LOW_B,M_N,LOW_I,LOW_B,,3.0
10.3030_101124778_full,kimi,prompt_B,pi_main,PI+M_N+TOP_I+HIGH_B,M_N,TOP_I,HIGH_B,,3.8
10.3030_101124778_full,kimi,prompt_B,pi_main,PI+M_N+TOP_I+LOW_B,M_N,TOP_I,LOW_B,,3.0
10.3030_101124778_full,kimi,prompt_C,ai_main,AI+AI_N,,,,AI_N,3.8
10.3030_101124778_full,kimi,prompt_C,ai_main,AI+AI_Y,,,,AI_Y,3.8
10.3030_101124778_full,kimi,prompt_C,blind_baseline,NONE,,,,,3.6
10.3030_101124778_full,kimi,prompt_C,pi_main,PI+F_N+LOW_I+HIGH_B,F_N,LOW_I,HIGH_B,,3.8
10.3030_101124778_full,kimi,prompt_C,pi_main,PI+F_N+LOW_I+LOW_B,F_N,LOW_I,LOW_B,,3.5
10.3030_101124778_full,kimi,prompt_C,pi_main,PI+F_N+TOP_I+HIGH_B,F_N,TOP_I,HIGH_B,,3.8
10.3030_101124778_full,kimi,prompt_C,pi_main,PI+F_N+TOP_I+LOW_B,F_N,TOP_I,LOW_B,,3.4
10.3030_101124778_full,kimi,prompt_C,pi_main,PI+M_N+LOW_I+HIGH_B,M_N,LOW_I,HIGH_B,,3.7
10.3030_101124778_full,kimi,prompt_C,pi_main,PI+M_N+LOW_I+LOW_B,M_N,LOW_I,LOW_B,,3.5
10.3030_101124778_full,kimi,prompt_C,pi_main,PI+M_N+TOP_I+HIGH_B,M_N,TOP_I,HIGH_B,,3.6
10.3030_101124778_full,kimi,prompt_C,pi_main,PI+M_N+TOP_I+LOW_B,M_N,TOP_I,LOW_B,,3.3
10.3030_101124778_full,ministral,prompt_A,ai_main,AI+AI_N,,,,AI_N,3.5
10.3030_101124778_full,ministral,prompt_A,ai_main,AI+AI_Y,,,,AI_Y,3.5
10.3030_101124778_full,ministral,prompt_A,blind_baseline,NONE,,,,,3.5
10.3030_101124778_full,ministral,prompt_A,pi_main,PI+F_N+LOW_I+HIGH_B,F_N,LOW_I,HIGH_B,,3.5
10.3030_101124778_full,ministral,prompt_A,pi_main,PI+F_N+LOW_I+LOW_B,F_N,LOW_I,LOW_B,,3.5
10.3030_101124778_full,ministral,prompt_A,pi_main,PI+F_N+TOP_I+HIGH_B,F_N,TOP_I,HIGH_B,,3.5
10.3030_101124778_full,ministral,prompt_A,pi_main,PI+F_N+TOP_I+LOW_B,F_N,TOP_I,LOW_B,,3.5
10.3030_101124778_full,ministral,prompt_A,pi_main,PI+M_N+LOW_I+HIGH_B,M_N,LOW_I,HIGH_B,,3.5
10.3030_101124778_full,ministral,prompt_A,pi_main,PI+M_N+LOW_I+LOW_B,M_N,LOW_I,LOW_B,,3.5
10.3030_101124778_full,ministral,prompt_A,pi_main,PI+M_N+TOP_I+HIGH_B,M_N,TOP_I,HIGH_B,,3.5
10.3030_101124778_full,ministral,prompt_A,pi_main,PI+M_N+TOP_I+LOW_B,M_N,TOP_I,LOW_B,,3.5
10.3030_101124778_full,ministral,prompt_B,ai_main,AI+AI_N,,,,AI_N,3.5
10.3030_101124778_full,ministral,prompt_B,ai_main,AI+AI_Y,,,,AI_Y,3.5
10.3030_101124778_full,ministral,prompt_B,blind_baseline,NONE,,,,,3.5
10.3030_101124778_full,ministral,prompt_B,pi_main,PI+F_N+LOW_I+HIGH_B,F_N,LOW_I,HIGH_B,,3.5
10.3030_101124778_full,ministral,prompt_B,pi_main,PI+F_N+LOW_I+LOW_B,F_N,LOW_I,LOW_B,,3.5
10.3030_101124778_full,ministral,prompt_B,pi_main,PI+F_N+TOP_I+HIGH_B,F_N,TOP_I,HIGH_B,,3.5
10.3030_101124778_full,ministral,prompt_B,pi_main,PI+F_N+TOP_I+LOW_B,F_N,TOP_I,LOW_B,,3.5
10.3030_101124778_full,ministral,prompt_B,pi_main,PI+M_N+LOW_I+HIGH_B,M_N,LOW_I,HIGH_B,,3.5
10.3030_101124778_full,ministral,prompt_B,pi_main,PI+M_N+LOW_I+LOW_B,M_N,LOW_I,LOW_B,,3.5
10.3030_101124778_full,ministral,prompt_B,pi_main,PI+M_N+TOP_I+HIGH_B,M_N,TOP_I,HIGH_B,,3.5
10.3030_101124778_full,ministral,prompt_B,pi_main,PI+M_N+TOP_I+LOW_B,M_N,TOP_I,LOW_B,,3.5
10.3030_101124778_full,ministral,prompt_C,ai_main,AI+AI_N,,,,AI_N,3.5
10.3030_101124778_full,ministral,prompt_C,ai_main,AI+AI_Y,,,,AI_Y,3.5
10.3030_101124778_full,ministral,prompt_C,blind_baseline,NONE,,,,,3.5
10.3030_101124778_full,ministral,prompt_C,pi_main,PI+F_N+LOW_I+HIGH_B,F_N,LOW_I,HIGH_B,,3.5
10.3030_101124778_full,ministral,prompt_C,pi_main,PI+F_N+LOW_I+LOW_B,F_N,LOW_I,LOW_B,,3.5
10.3030_101124778_full,ministral,prompt_C,pi_main,PI+F_N+TOP_I+HIGH_B,F_N,TOP_I,HIGH_B,,3.5
10.3030_101124778_full,ministral,prompt_C,pi_main,PI+F_N+TOP_I+LOW_B,F_N,TOP_I,LOW_B,,3.5
10.3030_101124778_full,ministral,prompt_C,pi_main,PI+M_N+LOW_I+HIGH_B,M_N,LOW_I,HIGH_B,,3.5
10.3030_101124778_full,ministral,prompt_C,pi_main,PI+M_N+LOW_I+LOW_B,M_N,LOW_I,LOW_B,,3.5
10.3030_101124778_full,ministral,prompt_C,pi_main,PI+M_N+TOP_I+HIGH_B,M_N,TOP_I,HIGH_B,,3.5
10.3030_101124778_full,ministral,prompt_C,pi_main,PI+M_N+TOP_I+LOW_B,M_N,TOP_I,LOW_B,,3.5
10.3030_101124778_full,mistral,prompt_A,ai_main,AI+AI_N,,,,AI_N,3.7
10.3030_101124778_full,mistral,prompt_A,ai_main,AI+AI_Y,,,,AI_Y,3.6
10.3030_101124778_full,mistral,prompt_A,blind_baseline,NONE,,,,,3.8
10.3030_101124778_full,mistral,prompt_A,pi_main,PI+F_N+LOW_I+HIGH_B,F_N,LOW_I,HIGH_B,,3.9
10.3030_101124778_full,mistral,prompt_A,pi_main,PI+F_N+LOW_I+LOW_B,F_N,LOW_I,LOW_B,,3.5
10.3030_101124778_full,mistral,prompt_A,pi_main,PI+F_N+TOP_I+HIGH_B,F_N,TOP_I,HIGH_B,,3.9
10.3030_101124778_full,mistral,prompt_A,pi_main,PI+F_N+TOP_I+LOW_B,F_N,TOP_I,LOW_B,,3.8
10.3030_101124778_full,mistral,prompt_A,pi_main,PI+M_N+LOW_I+HIGH_B,M_N,LOW_I,HIGH_B,,3.6
10.3030_101124778_full,mistral,prompt_A,pi_main,PI+M_N+LOW_I+LOW_B,M_N,LOW_I,LOW_B,,3.6
10.3030_101124778_full,mistral,prompt_A,pi_main,PI+M_N+TOP_I+HIGH_B,M_N,TOP_I,HIGH_B,,4.0
10.3030_101124778_full,mistral,prompt_A,pi_main,PI+M_N+TOP_I+LOW_B,M_N,TOP_I,LOW_B,,3.8
10.3030_101124778_full,mistral,prompt_B,ai_main,AI+AI_N,,,,AI_N,4.0
10.3030_101124778_full,mistral,prompt_B,ai_main,AI+AI_Y,,,,AI_Y,3.9
10.3030_101124778_full,mistral,prompt_B,blind_baseline,NONE,,,,,3.8
10.3030_101124778_full,mistral,prompt_B,pi_main,PI+F_N+LOW_I+HIGH_B,F_N,LOW_I,HIGH_B,,3.9
10.3030_101124778_full,mistral,prompt_B,pi_main,PI+F_N+LOW_I+LOW_B,F_N,LOW_I,LOW_B,,4.0
10.3030_101124778_full,mistral,prompt_B,pi_main,PI+F_N+TOP_I+HIGH_B,F_N,TOP_I,HIGH_B,,4.0
10.3030_101124778_full,mistral,prompt_B,pi_main,PI+F_N+TOP_I+LOW_B,F_N,TOP_I,LOW_B,,3.9
10.3030_101124778_full,mistral,prompt_B,pi_main,PI+M_N+LOW_I+HIGH_B,M_N,LOW_I,HIGH_B,,4.0
10.3030_101124778_full,mistral,prompt_B,pi_main,PI+M_N+LOW_I+LOW_B,M_N,LOW_I,LOW_B,,3.9
10.3030_101124778_full,mistral,prompt_B,pi_main,PI+M_N+TOP_I+HIGH_B,M_N,TOP_I,HIGH_B,,4.0
10.3030_101124778_full,mistral,prompt_B,pi_main,PI+M_N+TOP_I+LOW_B,M_N,TOP_I,LOW_B,,3.9
10.3030_101124778_full,mistral,prompt_C,ai_main,AI+AI_N,,,,AI_N,4.0
10.3030_101124778_full,mistral,prompt_C,ai_main,AI+AI_Y,,,,AI_Y,4.0
10.3030_101124778_full,mistral,prompt_C,blind_baseline,NONE,,,,,3.9
10.3030_101124778_full,mistral,prompt_C,pi_main,PI+F_N+LOW_I+HIGH_B,F_N,LOW_I,HIGH_B,,4.0
10.3030_101124778_full,mistral,prompt_C,pi_main,PI+F_N+LOW_I+LOW_B,F_N,LOW_I,LOW_B,,3.8
10.3030_101124778_full,mistral,prompt_C,pi_main,PI+F_N+TOP_I+HIGH_B,F_N,TOP_I,HIGH_B,,4.0
10.3030_101124778_full,mistral,prompt_C,pi_main,PI+F_N+TOP_I+LOW_B,F_N,TOP_I,LOW_B,,3.8
10.3030_101124778_full,mistral,prompt_C,pi_main,PI+M_N+LOW_I+HIGH_B,M_N,LOW_I,HIGH_B,,4.0
10.3030_101124778_full,mistral,prompt_C,pi_main,PI+M_N+LOW_I+LOW_B,M_N,LOW_I,LOW_B,,3.8
10.3030_101124778_full,mistral,prompt_C,pi_main,PI+M_N+TOP_I+HIGH_B,M_N,TOP_I,HIGH_B,,3.9
10.3030_101124778_full,mistral,prompt_C,pi_main,PI+M_N+TOP_I+LOW_B,M_N,TOP_I,LOW_B,,4.0
10.3030_101124778_full,phi,prompt_A,ai_main,AI+AI_N,,,,AI_N,3.5
10.3030_101124778_full,phi,prompt_A,ai_main,AI+AI_Y,,,,AI_Y,3.5
10.3030_101124778_full,phi,prompt_A,blind_baseline,NONE,,,,,3.5
10.3030_101124778_full,phi,prompt_A,pi_main,PI+F_N+LOW_I+HIGH_B,F_N,LOW_I,HIGH_B,,3.5
10.3030_101124778_full,phi,prompt_A,pi_main,PI+F_N+LOW_I+LOW_B,F_N,LOW_I,LOW_B,,3.5
10.3030_101124778_full,phi,prompt_A,pi_main,PI+F_N+TOP_I+HIGH_B,F_N,TOP_I,HIGH_B,,3.5
10.3030_101124778_full,phi,prompt_A,pi_main,PI+F_N+TOP_I+LOW_B,F_N,TOP_I,LOW_B,,3.5
10.3030_101124778_full,phi,prompt_A,pi_main,PI+M_N+LOW_I+HIGH_B,M_N,LOW_I,HIGH_B,,3.5
10.3030_101124778_full,phi,prompt_A,pi_main,PI+M_N+LOW_I+LOW_B,M_N,LOW_I,LOW_B,,3.5
10.3030_101124778_full,phi,prompt_A,pi_main,PI+M_N+TOP_I+HIGH_B,M_N,TOP_I,HIGH_B,,3.5
10.3030_101124778_full,phi,prompt_A,pi_main,PI+M_N+TOP_I+LOW_B,M_N,TOP_I,LOW_B,,3.5
10.3030_101124778_full,phi,prompt_B,ai_main,AI+AI_N,,,,AI_N,3.1
10.3030_101124778_full,phi,prompt_B,ai_main,AI+AI_Y,,,,AI_Y,3.5
10.3030_101124778_full,phi,prompt_B,blind_baseline,NONE,,,,,3.5
10.3030_101124778_full,phi,prompt_B,pi_main,PI+F_N+LOW_I+HIGH_B,F_N,LOW_I,HIGH_B,,3.5
10.3030_101124778_full,phi,prompt_B,pi_main,PI+F_N+LOW_I+LOW_B,F_N,LOW_I,LOW_B,,3.0
10.3030_101124778_full,phi,prompt_B,pi_main,PI+F_N+TOP_I+HIGH_B,F_N,TOP_I,HIGH_B,,3.5
10.3030_101124778_full,phi,prompt_B,pi_main,PI+F_N+TOP_I+LOW_B,F_N,TOP_I,LOW_B,,3.5
10.3030_101124778_full,phi,prompt_B,pi_main,PI+M_N+LOW_I+HIGH_B,M_N,LOW_I,HIGH_B,,3.5
10.3030_101124778_full,phi,prompt_B,pi_main,PI+M_N+LOW_I+LOW_B,M_N,LOW_I,LOW_B,,3.0
10.3030_101124778_full,phi,prompt_B,pi_main,PI+M_N+TOP_I+HIGH_B,M_N,TOP_I,HIGH_B,,3.5
10.3030_101124778_full,phi,prompt_B,pi_main,PI+M_N+TOP_I+LOW_B,M_N,TOP_I,LOW_B,,3.5
10.3030_101124778_full,phi,prompt_C,ai_main,AI+AI_N,,,,AI_N,3.5
10.3030_101124778_full,phi,prompt_C,ai_main,AI+AI_Y,,,,AI_Y,3.5
10.3030_101124778_full,phi,prompt_C,blind_baseline,NONE,,,,,3.5
10.3030_101124778_full,phi,prompt_C,pi_main,PI+F_N+LOW_I+HIGH_B,F_N,LOW_I,HIGH_B,,3.5
10.3030_101124778_full,phi,prompt_C,pi_main,PI+F_N+LOW_I+LOW_B,F_N,LOW_I,LOW_B,,3.0
10.3030_101124778_full,phi,prompt_C,pi_main,PI+F_N+TOP_I+HIGH_B,F_N,TOP_I,HIGH_B,,3.5
10.3030_101124778_full,phi,prompt_C,pi_main,PI+F_N+TOP_I+LOW_B,F_N,TOP_I,LOW_B,,3.0
10.3030_101124778_full,phi,prompt_C,pi_main,PI+M_N+LOW_I+HIGH_B,M_N,LOW_I,HIGH_B,,3.5
10.3030_101124778_full,phi,prompt_C,pi_main,PI+M_N+LOW_I+LOW_B,M_N,LOW_I,LOW_B,,3.0
10.3030_101124778_full,phi,prompt_C,pi_main,PI+M_N+TOP_I+HIGH_B,M_N,TOP_I,HIGH_B,,3.3
10.3030_101124778_full,phi,prompt_C,pi_main,PI+M_N+TOP_I+LOW_B,M_N,TOP_I,LOW_B,,3.0
10.3030_101124960_full,deepseek,prompt_A,ai_main,AI+AI_N,,,,AI_N,3.5
10.3030_101124960_full,deepseek,prompt_A,ai_main,AI+AI_Y,,,,AI_Y,3.4
10.3030_101124960_full,deepseek,prompt_A,blind_baseline,NONE,,,,,3.5
10.3030_101124960_full,deepseek,prompt_A,pi_main,PI+F_N+LOW_I+HIGH_B,F_N,LOW_I,HIGH_B,,3.6
10.3030_101124960_full,deepseek,prompt_A,pi_main,PI+F_N+LOW_I+LOW_B,F_N,LOW_I,LOW_B,,3.0
10.3030_101124960_full,deepseek,prompt_A,pi_main,PI+F_N+TOP_I+HIGH_B,F_N,TOP_I,HIGH_B,,3.4
10.3030_101124960_full,deepseek,prompt_A,pi_main,PI+F_N+TOP_I+LOW_B,F_N,TOP_I,LOW_B,,2.9
10.3030_101124960_full,deepseek,prompt_A,pi_main,PI+M_N+LOW_I+HIGH_B,M_N,LOW_I,HIGH_B,,3.1
10.3030_101124960_full,deepseek,prompt_A,pi_main,PI+M_N+LOW_I+LOW_B,M_N,LOW_I,LOW_B,,3.3
10.3030_101124960_full,deepseek,prompt_A,pi_main,PI+M_N+TOP_I+HIGH_B,M_N,TOP_I,HIGH_B,,3.1
10.3030_101124960_full,deepseek,prompt_A,pi_main,PI+M_N+TOP_I+LOW_B,M_N,TOP_I,LOW_B,,2.9
10.3030_101124960_full,deepseek,prompt_B,ai_main,AI+AI_N,,,,AI_N,3.6
10.3030_101124960_full,deepseek,prompt_B,ai_main,AI+AI_Y,,,,AI_Y,3.7
10.3030_101124960_full,deepseek,prompt_B,blind_baseline,NONE,,,,,3.4
10.3030_101124960_full,deepseek,prompt_B,pi_main,PI+F_N+LOW_I+HIGH_B,F_N,LOW_I,HIGH_B,,3.3
10.3030_101124960_full,deepseek,prompt_B,pi_main,PI+F_N+LOW_I+LOW_B,F_N,LOW_I,LOW_B,,3.0
10.3030_101124960_full,deepseek,prompt_B,pi_main,PI+F_N+TOP_I+HIGH_B,F_N,TOP_I,HIGH_B,,3.4
10.3030_101124960_full,deepseek,prompt_B,pi_main,PI+F_N+TOP_I+LOW_B,F_N,TOP_I,LOW_B,,3.1
10.3030_101124960_full,deepseek,prompt_B,pi_main,PI+M_N+LOW_I+HIGH_B,M_N,LOW_I,HIGH_B,,3.4
10.3030_101124960_full,deepseek,prompt_B,pi_main,PI+M_N+LOW_I+LOW_B,M_N,LOW_I,LOW_B,,3.0
10.3030_101124960_full,deepseek,prompt_B,pi_main,PI+M_N+TOP_I+HIGH_B,M_N,TOP_I,HIGH_B,,3.3
10.3030_101124960_full,deepseek,prompt_B,pi_main,PI+M_N+TOP_I+LOW_B,M_N,TOP_I,LOW_B,,3.4
10.3030_101124960_full,deepseek,prompt_C,ai_main,AI+AI_N,,,,AI_N,3.5
10.3030_101124960_full,deepseek,prompt_C,ai_main,AI+AI_Y,,,,AI_Y,3.7
10.3030_101124960_full,deepseek,prompt_C,blind_baseline,NONE,,,,,3.4
10.3030_101124960_full,deepseek,prompt_C,pi_main,PI+F_N+LOW_I+HIGH_B,F_N,LOW_I,HIGH_B,,3.3
10.3030_101124960_full,deepseek,prompt_C,pi_main,PI+F_N+LOW_I+LOW_B,F_N,LOW_I,LOW_B,,3.1
10.3030_101124960_full,deepseek,prompt_C,pi_main,PI+F_N+TOP_I+HIGH_B,F_N,TOP_I,HIGH_B,,3.4
10.3030_101124960_full,deepseek,prompt_C,pi_main,PI+F_N+TOP_I+LOW_B,F_N,TOP_I,LOW_B,,3.1
10.3030_101124960_full,deepseek,prompt_C,pi_main,PI+M_N+LOW_I+HIGH_B,M_N,LOW_I,HIGH_B,,3.5
10.3030_101124960_full,deepseek,prompt_C,pi_main,PI+M_N+LOW_I+LOW_B,M_N,LOW_I,LOW_B,,3.3
10.3030_101124960_full,deepseek,prompt_C,pi_main,PI+M_N+TOP_I+HIGH_B,M_N,TOP_I,HIGH_B,,3.2
10.3030_101124960_full,deepseek,prompt_C,pi_main,PI+M_N+TOP_I+LOW_B,M_N,TOP_I,LOW_B,,3.1
10.3030_101124960_full,gemma,prompt_A,ai_main,AI+AI_N,,,,AI_N,3.5
10.3030_101124960_full,gemma,prompt_A,ai_main,AI+AI_Y,,,,AI_Y,3.5
10.3030_101124960_full,gemma,prompt_A,blind_baseline,NONE,,,,,3.5
10.3030_101124960_full,gemma,prompt_A,pi_main,PI+F_N+LOW_I+HIGH_B,F_N,LOW_I,HIGH_B,,3.5
10.3030_101124960_full,gemma,prompt_A,pi_main,PI+F_N+LOW_I+LOW_B,F_N,LOW_I,LOW_B,,3.0
10.3030_101124960_full,gemma,prompt_A,pi_main,PI+F_N+TOP_I+HIGH_B,F_N,TOP_I,HIGH_B,,3.5
10.3030_101124960_full,gemma,prompt_A,pi_main,PI+F_N+TOP_I+LOW_B,F_N,TOP_I,LOW_B,,3.0
10.3030_101124960_full,gemma,prompt_A,pi_main,PI+M_N+LOW_I+HIGH_B,M_N,LOW_I,HIGH_B,,3.5
10.3030_101124960_full,gemma,prompt_A,pi_main,PI+M_N+LOW_I+LOW_B,M_N,LOW_I,LOW_B,,3.0
10.3030_101124960_full,gemma,prompt_A,pi_main,PI+M_N+TOP_I+HIGH_B,M_N,TOP_I,HIGH_B,,3.5
10.3030_101124960_full,gemma,prompt_A,pi_main,PI+M_N+TOP_I+LOW_B,M_N,TOP_I,LOW_B,,3.0
10.3030_101124960_full,gemma,prompt_B,ai_main,AI+AI_N,,,,AI_N,3.5
10.3030_101124960_full,gemma,prompt_B,ai_main,AI+AI_Y,,,,AI_Y,3.5
10.3030_101124960_full,gemma,prompt_B,blind_baseline,NONE,,,,,3.5
10.3030_101124960_full,gemma,prompt_B,pi_main,PI+F_N+LOW_I+HIGH_B,F_N,LOW_I,HIGH_B,,3.5
10.3030_101124960_full,gemma,prompt_B,pi_main,PI+F_N+LOW_I+LOW_B,F_N,LOW_I,LOW_B,,3.5
10.3030_101124960_full,gemma,prompt_B,pi_main,PI+F_N+TOP_I+HIGH_B,F_N,TOP_I,HIGH_B,,3.5
10.3030_101124960_full,gemma,prompt_B,pi_main,PI+F_N+TOP_I+LOW_B,F_N,TOP_I,LOW_B,,3.5
10.3030_101124960_full,gemma,prompt_B,pi_main,PI+M_N+LOW_I+HIGH_B,M_N,LOW_I,HIGH_B,,3.5
10.3030_101124960_full,gemma,prompt_B,pi_main,PI+M_N+LOW_I+LOW_B,M_N,LOW_I,LOW_B,,3.5
10.3030_101124960_full,gemma,prompt_B,pi_main,PI+M_N+TOP_I+HIGH_B,M_N,TOP_I,HIGH_B,,3.5
10.3030_101124960_full,gemma,prompt_B,pi_main,PI+M_N+TOP_I+LOW_B,M_N,TOP_I,LOW_B,,3.5
10.3030_101124960_full,gemma,prompt_C,ai_main,AI+AI_N,,,,AI_N,3.5
10.3030_101124960_full,gemma,prompt_C,ai_main,AI+AI_Y,,,,AI_Y,3.5
10.3030_101124960_full,gemma,prompt_C,blind_baseline,NONE,,,,,3.5
10.3030_101124960_full,gemma,prompt_C,pi_main,PI+F_N+LOW_I+HIGH_B,F_N,LOW_I,HIGH_B,,3.5
10.3030_101124960_full,gemma,prompt_C,pi_main,PI+F_N+LOW_I+LOW_B,F_N,LOW_I,LOW_B,,3.0
10.3030_101124960_full,gemma,prompt_C,pi_main,PI+F_N+TOP_I+HIGH_B,F_N,TOP_I,HIGH_B,,3.5
10.3030_101124960_full,gemma,prompt_C,pi_main,PI+F_N+TOP_I+LOW_B,F_N,TOP_I,LOW_B,,3.5
10.3030_101124960_full,gemma,prompt_C,pi_main,PI+M_N+LOW_I+HIGH_B,M_N,LOW_I,HIGH_B,,3.5
10.3030_101124960_full,gemma,prompt_C,pi_main,PI+M_N+LOW_I+LOW_B,M_N,LOW_I,LOW_B,,3.0
10.3030_101124960_full,gemma,prompt_C,pi_main,PI+M_N+TOP_I+HIGH_B,M_N,TOP_I,HIGH_B,,3.5
10.3030_101124960_full,gemma,prompt_C,pi_main,PI+M_N+TOP_I+LOW_B,M_N,TOP_I,LOW_B,,3.0
10.3030_101124960_full,glm,prompt_A,ai_main,AI+AI_N,,,,AI_N,3.1
10.3030_101124960_full,glm,prompt_A,ai_main,AI+AI_Y,,,,AI_Y,3.1
10.3030_101124960_full,glm,prompt_A,blind_baseline,NONE,,,,,3.4
10.3030_101124960_full,glm,prompt_A,pi_main,PI+F_N+LOW_I+HIGH_B,F_N,LOW_I,HIGH_B,,3.5
10.3030_101124960_full,glm,prompt_A,pi_main,PI+F_N+LOW_I+LOW_B,F_N,LOW_I,LOW_B,,3.0
10.3030_101124960_full,glm,prompt_A,pi_main,PI+F_N+TOP_I+HIGH_B,F_N,TOP_I,HIGH_B,,3.4
10.3030_101124960_full,glm,prompt_A,pi_main,PI+F_N+TOP_I+LOW_B,F_N,TOP_I,LOW_B,,3.0
10.3030_101124960_full,glm,prompt_A,pi_main,PI+M_N+LOW_I+HIGH_B,M_N,LOW_I,HIGH_B,,3.0
10.3030_101124960_full,glm,prompt_A,pi_main,PI+M_N+LOW_I+LOW_B,M_N,LOW_I,LOW_B,,3.0
10.3030_101124960_full,glm,prompt_A,pi_main,PI+M_N+TOP_I+HIGH_B,M_N,TOP_I,HIGH_B,,3.5
10.3030_101124960_full,glm,prompt_A,pi_main,PI+M_N+TOP_I+LOW_B,M_N,TOP_I,LOW_B,,3.0
10.3030_101124960_full,glm,prompt_B,ai_main,AI+AI_N,,,,AI_N,3.4
10.3030_101124960_full,glm,prompt_B,ai_main,AI+AI_Y,,,,AI_Y,3.3
10.3030_101124960_full,glm,prompt_B,blind_baseline,NONE,,,,,3.4
10.3030_101124960_full,glm,prompt_B,pi_main,PI+F_N+LOW_I+HIGH_B,F_N,LOW_I,HIGH_B,,3.1
10.3030_101124960_full,glm,prompt_B,pi_main,PI+F_N+LOW_I+LOW_B,F_N,LOW_I,LOW_B,,3.0
10.3030_101124960_full,glm,prompt_B,pi_main,PI+F_N+TOP_I+HIGH_B,F_N,TOP_I,HIGH_B,,3.5
10.3030_101124960_full,glm,prompt_B,pi_main,PI+F_N+TOP_I+LOW_B,F_N,TOP_I,LOW_B,,3.0
10.3030_101124960_full,glm,prompt_B,pi_main,PI+M_N+LOW_I+HIGH_B,M_N,LOW_I,HIGH_B,,3.3
10.3030_101124960_full,glm,prompt_B,pi_main,PI+M_N+LOW_I+LOW_B,M_N,LOW_I,LOW_B,,3.0
10.3030_101124960_full,glm,prompt_B,pi_main,PI+M_N+TOP_I+HIGH_B,M_N,TOP_I,HIGH_B,,3.3
10.3030_101124960_full,glm,prompt_B,pi_main,PI+M_N+TOP_I+LOW_B,M_N,TOP_I,LOW_B,,3.0
10.3030_101124960_full,glm,prompt_C,ai_main,AI+AI_N,,,,AI_N,3.0
10.3030_101124960_full,glm,prompt_C,ai_main,AI+AI_Y,,,,AI_Y,3.2
10.3030_101124960_full,glm,prompt_C,blind_baseline,NONE,,,,,3.4
10.3030_101124960_full,glm,prompt_C,pi_main,PI+F_N+LOW_I+HIGH_B,F_N,LOW_I,HIGH_B,,3.4
10.3030_101124960_full,glm,prompt_C,pi_main,PI+F_N+LOW_I+LOW_B,F_N,LOW_I,LOW_B,,3.1
10.3030_101124960_full,glm,prompt_C,pi_main,PI+F_N+TOP_I+HIGH_B,F_N,TOP_I,HIGH_B,,3.2
10.3030_101124960_full,glm,prompt_C,pi_main,PI+F_N+TOP_I+LOW_B,F_N,TOP_I,LOW_B,,3.0
10.3030_101124960_full,glm,prompt_C,pi_main,PI+M_N+LOW_I+HIGH_B,M_N,LOW_I,HIGH_B,,3.2
10.3030_101124960_full,glm,prompt_C,pi_main,PI+M_N+LOW_I+LOW_B,M_N,LOW_I,LOW_B,,3.1
10.3030_101124960_full,glm,prompt_C,pi_main,PI+M_N+TOP_I+HIGH_B,M_N,TOP_I,HIGH_B,,3.2
10.3030_101124960_full,glm,prompt_C,pi_main,PI+M_N+TOP_I+LOW_B,M_N,TOP_I,LOW_B,,3.0
10.3030_101124960_full,gpt,prompt_A,ai_main,AI+AI_N,,,,AI_N,3.5
10.3030_101124960_full,gpt,prompt_A,ai_main,AI+AI_Y,,,,AI_Y,3.5
10.3030_101124960_full,gpt,prompt_A,blind_baseline,NONE,,,,,3.5
10.3030_101124960_full,gpt,prompt_A,pi_main,PI+F_N+LOW_I+HIGH_B,F_N,LOW_I,HIGH_B,,3.5
10.3030_101124960_full,gpt,prompt_A,pi_main,PI+F_N+LOW_I+LOW_B,F_N,LOW_I,LOW_B,,3.3
10.3030_101124960_full,gpt,prompt_A,pi_main,PI+F_N+TOP_I+HIGH_B,F_N,TOP_I,HIGH_B,,3.5
10.3030_101124960_full,gpt,prompt_A,pi_main,PI+F_N+TOP_I+LOW_B,F_N,TOP_I,LOW_B,,3.5
10.3030_101124960_full,gpt,prompt_A,pi_main,PI+M_N+LOW_I+HIGH_B,M_N,LOW_I,HIGH_B,,3.5
10.3030_101124960_full,gpt,prompt_A,pi_main,PI+M_N+LOW_I+LOW_B,M_N,LOW_I,LOW_B,,3.0
10.3030_101124960_full,gpt,prompt_A,pi_main,PI+M_N+TOP_I+HIGH_B,M_N,TOP_I,HIGH_B,,3.5
10.3030_101124960_full,gpt,prompt_A,pi_main,PI+M_N+TOP_I+LOW_B,M_N,TOP_I,LOW_B,,3.2
10.3030_101124960_full,gpt,prompt_B,ai_main,AI+AI_N,,,,AI_N,3.5
10.3030_101124960_full,gpt,prompt_B,ai_main,AI+AI_Y,,,,AI_Y,3.5
10.3030_101124960_full,gpt,prompt_B,blind_baseline,NONE,,,,,3.5
10.3030_101124960_full,gpt,prompt_B,pi_main,PI+F_N+LOW_I+HIGH_B,F_N,LOW_I,HIGH_B,,3.5
10.3030_101124960_full,gpt,prompt_B,pi_main,PI+F_N+LOW_I+LOW_B,F_N,LOW_I,LOW_B,,3.5
10.3030_101124960_full,gpt,prompt_B,pi_main,PI+F_N+TOP_I+HIGH_B,F_N,TOP_I,HIGH_B,,3.5
10.3030_101124960_full,gpt,prompt_B,pi_main,PI+F_N+TOP_I+LOW_B,F_N,TOP_I,LOW_B,,3.5
10.3030_101124960_full,gpt,prompt_B,pi_main,PI+M_N+LOW_I+HIGH_B,M_N,LOW_I,HIGH_B,,3.5
10.3030_101124960_full,gpt,prompt_B,pi_main,PI+M_N+LOW_I+LOW_B,M_N,LOW_I,LOW_B,,3.5
10.3030_101124960_full,gpt,prompt_B,pi_main,PI+M_N+TOP_I+HIGH_B,M_N,TOP_I,HIGH_B,,3.5
10.3030_101124960_full,gpt,prompt_B,pi_main,PI+M_N+TOP_I+LOW_B,M_N,TOP_I,LOW_B,,3.5
10.3030_101124960_full,gpt,prompt_C,ai_main,AI+AI_N,,,,AI_N,3.5
10.3030_101124960_full,gpt,prompt_C,ai_main,AI+AI_Y,,,,AI_Y,3.5
10.3030_101124960_full,gpt,prompt_C,blind_baseline,NONE,,,,,3.5
10.3030_101124960_full,gpt,prompt_C,pi_main,PI+F_N+LOW_I+HIGH_B,F_N,LOW_I,HIGH_B,,3.5
10.3030_101124960_full,gpt,prompt_C,pi_main,PI+F_N+LOW_I+LOW_B,F_N,LOW_I,LOW_B,,3.5
10.3030_101124960_full,gpt,prompt_C,pi_main,PI+F_N+TOP_I+HIGH_B,F_N,TOP_I,HIGH_B,,3.5
10.3030_101124960_full,gpt,prompt_C,pi_main,PI+F_N+TOP_I+LOW_B,F_N,TOP_I,LOW_B,,3.5
10.3030_101124960_full,gpt,prompt_C,pi_main,PI+M_N+LOW_I+HIGH_B,M_N,LOW_I,HIGH_B,,3.5
10.3030_101124960_full,gpt,prompt_C,pi_main,PI+M_N+LOW_I+LOW_B,M_N,LOW_I,LOW_B,,3.5
10.3030_101124960_full,gpt,prompt_C,pi_main,PI+M_N+TOP_I+HIGH_B,M_N,TOP_I,HIGH_B,,3.5
10.3030_101124960_full,gpt,prompt_C,pi_main,PI+M_N+TOP_I+LOW_B,M_N,TOP_I,LOW_B,,3.5
10.3030_101124960_full,kimi,prompt_A,ai_main,AI+AI_N,,,,AI_N,3.5
10.3030_101124960_full,kimi,prompt_A,ai_main,AI+AI_Y,,,,AI_Y,3.5
10.3030_101124960_full,kimi,prompt_A,blind_baseline,NONE,,,,,3.7
10.3030_101124960_full,kimi,prompt_A,pi_main,PI+F_N+LOW_I+HIGH_B,F_N,LOW_I,HIGH_B,,3.5
10.3030_101124960_full,kimi,prompt_A,pi_main,PI+F_N+LOW_I+LOW_B,F_N,LOW_I,LOW_B,,3.3
10.3030_101124960_full,kimi,prompt_A,pi_main,PI+F_N+TOP_I+HIGH_B,F_N,TOP_I,HIGH_B,,3.5
10.3030_101124960_full,kimi,prompt_A,pi_main,PI+F_N+TOP_I+LOW_B,F_N,TOP_I,LOW_B,,3.3
10.3030_101124960_full,kimi,prompt_A,pi_main,PI+M_N+LOW_I+HIGH_B,M_N,LOW_I,HIGH_B,,3.5
10.3030_101124960_full,kimi,prompt_A,pi_main,PI+M_N+LOW_I+LOW_B,M_N,LOW_I,LOW_B,,3.1
10.3030_101124960_full,kimi,prompt_A,pi_main,PI+M_N+TOP_I+HIGH_B,M_N,TOP_I,HIGH_B,,3.5
10.3030_101124960_full,kimi,prompt_A,pi_main,PI+M_N+TOP_I+LOW_B,M_N,TOP_I,LOW_B,,3.3
10.3030_101124960_full,kimi,prompt_B,ai_main,AI+AI_N,,,,AI_N,3.5
10.3030_101124960_full,kimi,prompt_B,ai_main,AI+AI_Y,,,,AI_Y,3.5
10.3030_101124960_full,kimi,prompt_B,blind_baseline,NONE,,,,,3.7
10.3030_101124960_full,kimi,prompt_B,pi_main,PI+F_N+LOW_I+HIGH_B,F_N,LOW_I,HIGH_B,,3.5
10.3030_101124960_full,kimi,prompt_B,pi_main,PI+F_N+LOW_I+LOW_B,F_N,LOW_I,LOW_B,,3.5
10.3030_101124960_full,kimi,prompt_B,pi_main,PI+F_N+TOP_I+HIGH_B,F_N,TOP_I,HIGH_B,,3.5
10.3030_101124960_full,kimi,prompt_B,pi_main,PI+F_N+TOP_I+LOW_B,F_N,TOP_I,LOW_B,,3.5
10.3030_101124960_full,kimi,prompt_B,pi_main,PI+M_N+LOW_I+HIGH_B,M_N,LOW_I,HIGH_B,,3.5
10.3030_101124960_full,kimi,prompt_B,pi_main,PI+M_N+LOW_I+LOW_B,M_N,LOW_I,LOW_B,,3.5
10.3030_101124960_full,kimi,prompt_B,pi_main,PI+M_N+TOP_I+HIGH_B,M_N,TOP_I,HIGH_B,,3.6
10.3030_101124960_full,kimi,prompt_B,pi_main,PI+M_N+TOP_I+LOW_B,M_N,TOP_I,LOW_B,,3.5
10.3030_101124960_full,kimi,prompt_C,ai_main,AI+AI_N,,,,AI_N,3.7
10.3030_101124960_full,kimi,prompt_C,ai_main,AI+AI_Y,,,,AI_Y,3.6
10.3030_101124960_full,kimi,prompt_C,blind_baseline,NONE,,,,,3.5
10.3030_101124960_full,kimi,prompt_C,pi_main,PI+F_N+LOW_I+HIGH_B,F_N,LOW_I,HIGH_B,,3.5
10.3030_101124960_full,kimi,prompt_C,pi_main,PI+F_N+LOW_I+LOW_B,F_N,LOW_I,LOW_B,,3.5
10.3030_101124960_full,kimi,prompt_C,pi_main,PI+F_N+TOP_I+HIGH_B,F_N,TOP_I,HIGH_B,,3.5
10.3030_101124960_full,kimi,prompt_C,pi_main,PI+F_N+TOP_I+LOW_B,F_N,TOP_I,LOW_B,,3.5
10.3030_101124960_full,kimi,prompt_C,pi_main,PI+M_N+LOW_I+HIGH_B,M_N,LOW_I,HIGH_B,,3.5
10.3030_101124960_full,kimi,prompt_C,pi_main,PI+M_N+LOW_I+LOW_B,M_N,LOW_I,LOW_B,,3.5
10.3030_101124960_full,kimi,prompt_C,pi_main,PI+M_N+TOP_I+HIGH_B,M_N,TOP_I,HIGH_B,,3.7
10.3030_101124960_full,kimi,prompt_C,pi_main,PI+M_N+TOP_I+LOW_B,M_N,TOP_I,LOW_B,,3.4
10.3030_101124960_full,ministral,prompt_A,ai_main,AI+AI_N,,,,AI_N,3.5
10.3030_101124960_full,ministral,prompt_A,ai_main,AI+AI_Y,,,,AI_Y,3.5
10.3030_101124960_full,ministral,prompt_A,blind_baseline,NONE,,,,,3.5
10.3030_101124960_full,ministral,prompt_A,pi_main,PI+F_N+LOW_I+HIGH_B,F_N,LOW_I,HIGH_B,,3.5
10.3030_101124960_full,ministral,prompt_A,pi_main,PI+F_N+LOW_I+LOW_B,F_N,LOW_I,LOW_B,,3.5
10.3030_101124960_full,ministral,prompt_A,pi_main,PI+F_N+TOP_I+HIGH_B,F_N,TOP_I,HIGH_B,,4.0
10.3030_101124960_full,ministral,prompt_A,pi_main,PI+F_N+TOP_I+LOW_B,F_N,TOP_I,LOW_B,,3.5
10.3030_101124960_full,ministral,prompt_A,pi_main,PI+M_N+LOW_I+HIGH_B,M_N,LOW_I,HIGH_B,,3.5
10.3030_101124960_full,ministral,prompt_A,pi_main,PI+M_N+LOW_I+LOW_B,M_N,LOW_I,LOW_B,,3.5
10.3030_101124960_full,ministral,prompt_A,pi_main,PI+M_N+TOP_I+HIGH_B,M_N,TOP_I,HIGH_B,,3.5
10.3030_101124960_full,ministral,prompt_A,pi_main,PI+M_N+TOP_I+LOW_B,M_N,TOP_I,LOW_B,,3.5
10.3030_101124960_full,ministral,prompt_B,ai_main,AI+AI_N,,,,AI_N,3.5
10.3030_101124960_full,ministral,prompt_B,ai_main,AI+AI_Y,,,,AI_Y,3.5
10.3030_101124960_full,ministral,prompt_B,blind_baseline,NONE,,,,,3.5
10.3030_101124960_full,ministral,prompt_B,pi_main,PI+F_N+LOW_I+HIGH_B,F_N,LOW_I,HIGH_B,,4.0
10.3030_101124960_full,ministral,prompt_B,pi_main,PI+F_N+LOW_I+LOW_B,F_N,LOW_I,LOW_B,,3.5
10.3030_101124960_full,ministral,prompt_B,pi_main,PI+F_N+TOP_I+HIGH_B,F_N,TOP_I,HIGH_B,,4.0
10.3030_101124960_full,ministral,prompt_B,pi_main,PI+F_N+TOP_I+LOW_B,F_N,TOP_I,LOW_B,,3.5
10.3030_101124960_full,ministral,prompt_B,pi_main,PI+M_N+LOW_I+HIGH_B,M_N,LOW_I,HIGH_B,,4.0
10.3030_101124960_full,ministral,prompt_B,pi_main,PI+M_N+LOW_I+LOW_B,M_N,LOW_I,LOW_B,,3.5
10.3030_101124960_full,ministral,prompt_B,pi_main,PI+M_N+TOP_I+HIGH_B,M_N,TOP_I,HIGH_B,,4.0
10.3030_101124960_full,ministral,prompt_B,pi_main,PI+M_N+TOP_I+LOW_B,M_N,TOP_I,LOW_B,,3.5
10.3030_101124960_full,ministral,prompt_C,ai_main,AI+AI_N,,,,AI_N,3.5
10.3030_101124960_full,ministral,prompt_C,ai_main,AI+AI_Y,,,,AI_Y,3.5
10.3030_101124960_full,ministral,prompt_C,blind_baseline,NONE,,,,,3.5
10.3030_101124960_full,ministral,prompt_C,pi_main,PI+F_N+LOW_I+HIGH_B,F_N,LOW_I,HIGH_B,,3.5
10.3030_101124960_full,ministral,prompt_C,pi_main,PI+F_N+LOW_I+LOW_B,F_N,LOW_I,LOW_B,,3.5
10.3030_101124960_full,ministral,prompt_C,pi_main,PI+F_N+TOP_I+HIGH_B,F_N,TOP_I,HIGH_B,,3.5
10.3030_101124960_full,ministral,prompt_C,pi_main,PI+F_N+TOP_I+LOW_B,F_N,TOP_I,LOW_B,,3.5
10.3030_101124960_full,ministral,prompt_C,pi_main,PI+M_N+LOW_I+HIGH_B,M_N,LOW_I,HIGH_B,,3.5
10.3030_101124960_full,ministral,prompt_C,pi_main,PI+M_N+LOW_I+LOW_B,M_N,LOW_I,LOW_B,,3.5
10.3030_101124960_full,ministral,prompt_C,pi_main,PI+M_N+TOP_I+HIGH_B,M_N,TOP_I,HIGH_B,,3.5
10.3030_101124960_full,ministral,prompt_C,pi_main,PI+M_N+TOP_I+LOW_B,M_N,TOP_I,LOW_B,,3.5
10.3030_101124960_full,mistral,prompt_A,ai_main,AI+AI_N,,,,AI_N,3.5
10.3030_101124960_full,mistral,prompt_A,ai_main,AI+AI_Y,,,,AI_Y,3.5
10.3030_101124960_full,mistral,prompt_A,blind_baseline,NONE,,,,,3.5
10.3030_101124960_full,mistral,prompt_A,pi_main,PI+F_N+LOW_I+HIGH_B,F_N,LOW_I,HIGH_B,,3.5
10.3030_101124960_full,mistral,prompt_A,pi_main,PI+F_N+LOW_I+LOW_B,F_N,LOW_I,LOW_B,,3.5
10.3030_101124960_full,mistral,prompt_A,pi_main,PI+F_N+TOP_I+HIGH_B,F_N,TOP_I,HIGH_B,,3.6
10.3030_101124960_full,mistral,prompt_A,pi_main,PI+F_N+TOP_I+LOW_B,F_N,TOP_I,LOW_B,,3.5
10.3030_101124960_full,mistral,prompt_A,pi_main,PI+M_N+LOW_I+HIGH_B,M_N,LOW_I,HIGH_B,,3.5
10.3030_101124960_full,mistral,prompt_A,pi_main,PI+M_N+LOW_I+LOW_B,M_N,LOW_I,LOW_B,,3.5
10.3030_101124960_full,mistral,prompt_A,pi_main,PI+M_N+TOP_I+HIGH_B,M_N,TOP_I,HIGH_B,,3.5
10.3030_101124960_full,mistral,prompt_A,pi_main,PI+M_N+TOP_I+LOW_B,M_N,TOP_I,LOW_B,,3.5
10.3030_101124960_full,mistral,prompt_B,ai_main,AI+AI_N,,,,AI_N,3.6
10.3030_101124960_full,mistral,prompt_B,ai_main,AI+AI_Y,,,,AI_Y,3.6
10.3030_101124960_full,mistral,prompt_B,blind_baseline,NONE,,,,,3.5
10.3030_101124960_full,mistral,prompt_B,pi_main,PI+F_N+LOW_I+HIGH_B,F_N,LOW_I,HIGH_B,,3.7
10.3030_101124960_full,mistral,prompt_B,pi_main,PI+F_N+LOW_I+LOW_B,F_N,LOW_I,LOW_B,,3.6
10.3030_101124960_full,mistral,prompt_B,pi_main,PI+F_N+TOP_I+HIGH_B,F_N,TOP_I,HIGH_B,,3.8
10.3030_101124960_full,mistral,prompt_B,pi_main,PI+F_N+TOP_I+LOW_B,F_N,TOP_I,LOW_B,,3.5
10.3030_101124960_full,mistral,prompt_B,pi_main,PI+M_N+LOW_I+HIGH_B,M_N,LOW_I,HIGH_B,,3.6
10.3030_101124960_full,mistral,prompt_B,pi_main,PI+M_N+LOW_I+LOW_B,M_N,LOW_I,LOW_B,,3.5
10.3030_101124960_full,mistral,prompt_B,pi_main,PI+M_N+TOP_I+HIGH_B,M_N,TOP_I,HIGH_B,,3.6
10.3030_101124960_full,mistral,prompt_B,pi_main,PI+M_N+TOP_I+LOW_B,M_N,TOP_I,LOW_B,,3.5
10.3030_101124960_full,mistral,prompt_C,ai_main,AI+AI_N,,,,AI_N,3.6
10.3030_101124960_full,mistral,prompt_C,ai_main,AI+AI_Y,,,,AI_Y,3.6
10.3030_101124960_full,mistral,prompt_C,blind_baseline,NONE,,,,,3.6
10.3030_101124960_full,mistral,prompt_C,pi_main,PI+F_N+LOW_I+HIGH_B,F_N,LOW_I,HIGH_B,,3.5
10.3030_101124960_full,mistral,prompt_C,pi_main,PI+F_N+LOW_I+LOW_B,F_N,LOW_I,LOW_B,,3.5
10.3030_101124960_full,mistral,prompt_C,pi_main,PI+F_N+TOP_I+HIGH_B,F_N,TOP_I,HIGH_B,,3.8
10.3030_101124960_full,mistral,prompt_C,pi_main,PI+F_N+TOP_I+LOW_B,F_N,TOP_I,LOW_B,,3.5
10.3030_101124960_full,mistral,prompt_C,pi_main,PI+M_N+LOW_I+HIGH_B,M_N,LOW_I,HIGH_B,,3.7
10.3030_101124960_full,mistral,prompt_C,pi_main,PI+M_N+LOW_I+LOW_B,M_N,LOW_I,LOW_B,,3.5
10.3030_101124960_full,mistral,prompt_C,pi_main,PI+M_N+TOP_I+HIGH_B,M_N,TOP_I,HIGH_B,,3.5
10.3030_101124960_full,mistral,prompt_C,pi_main,PI+M_N+TOP_I+LOW_B,M_N,TOP_I,LOW_B,,3.5
10.3030_101124960_full,phi,prompt_A,ai_main,AI+AI_N,,,,AI_N,3.5
10.3030_101124960_full,phi,prompt_A,ai_main,AI+AI_Y,,,,AI_Y,3.5
10.3030_101124960_full,phi,prompt_A,blind_baseline,NONE,,,,,3.0
10.3030_101124960_full,phi,prompt_A,pi_main,PI+F_N+LOW_I+HIGH_B,F_N,LOW_I,HIGH_B,,3.5
10.3030_101124960_full,phi,prompt_A,pi_main,PI+F_N+LOW_I+LOW_B,F_N,LOW_I,LOW_B,,3.5
10.3030_101124960_full,phi,prompt_A,pi_main,PI+F_N+TOP_I+HIGH_B,F_N,TOP_I,HIGH_B,,3.5
10.3030_101124960_full,phi,prompt_A,pi_main,PI+F_N+TOP_I+LOW_B,F_N,TOP_I,LOW_B,,3.5
10.3030_101124960_full,phi,prompt_A,pi_main,PI+M_N+LOW_I+HIGH_B,M_N,LOW_I,HIGH_B,,3.5
10.3030_101124960_full,phi,prompt_A,pi_main,PI+M_N+LOW_I+LOW_B,M_N,LOW_I,LOW_B,,3.0
10.3030_101124960_full,phi,prompt_A,pi_main,PI+M_N+TOP_I+HIGH_B,M_N,TOP_I,HIGH_B,,3.5
10.3030_101124960_full,phi,prompt_A,pi_main,PI+M_N+TOP_I+LOW_B,M_N,TOP_I,LOW_B,,3.5
10.3030_101124960_full,phi,prompt_B,ai_main,AI+AI_N,,,,AI_N,3.5
10.3030_101124960_full,phi,prompt_B,ai_main,AI+AI_Y,,,,AI_Y,3.5
10.3030_101124960_full,phi,prompt_B,blind_baseline,NONE,,,,,3.5
10.3030_101124960_full,phi,prompt_B,pi_main,PI+F_N+LOW_I+HIGH_B,F_N,LOW_I,HIGH_B,,3.4
10.3030_101124960_full,phi,prompt_B,pi_main,PI+F_N+LOW_I+LOW_B,F_N,LOW_I,LOW_B,,3.0
10.3030_101124960_full,phi,prompt_B,pi_main,PI+F_N+TOP_I+HIGH_B,F_N,TOP_I,HIGH_B,,3.0
10.3030_101124960_full,phi,prompt_B,pi_main,PI+F_N+TOP_I+LOW_B,F_N,TOP_I,LOW_B,,3.0
10.3030_101124960_full,phi,prompt_B,pi_main,PI+M_N+LOW_I+HIGH_B,M_N,LOW_I,HIGH_B,,3.0
10.3030_101124960_full,phi,prompt_B,pi_main,PI+M_N+LOW_I+LOW_B,M_N,LOW_I,LOW_B,,3.0
10.3030_101124960_full,phi,prompt_B,pi_main,PI+M_N+TOP_I+HIGH_B,M_N,TOP_I,HIGH_B,,3.5
10.3030_101124960_full,phi,prompt_B,pi_main,PI+M_N+TOP_I+LOW_B,M_N,TOP_I,LOW_B,,3.0
10.3030_101124960_full,phi,prompt_C,ai_main,AI+AI_N,,,,AI_N,3.0
10.3030_101124960_full,phi,prompt_C,ai_main,AI+AI_Y,,,,AI_Y,3.0
10.3030_101124960_full,phi,prompt_C,blind_baseline,NONE,,,,,3.5
10.3030_101124960_full,phi,prompt_C,pi_main,PI+F_N+LOW_I+HIGH_B,F_N,LOW_I,HIGH_B,,3.5
10.3030_101124960_full,phi,prompt_C,pi_main,PI+F_N+LOW_I+LOW_B,F_N,LOW_I,LOW_B,,3.2
10.3030_101124960_full,phi,prompt_C,pi_main,PI+F_N+TOP_I+HIGH_B,F_N,TOP_I,HIGH_B,,3.5
10.3030_101124960_full,phi,prompt_C,pi_main,PI+F_N+TOP_I+LOW_B,F_N,TOP_I,LOW_B,,3.0
10.3030_101124960_full,phi,prompt_C,pi_main,PI+M_N+LOW_I+HIGH_B,M_N,LOW_I,HIGH_B,,3.1
10.3030_101124960_full,phi,prompt_C,pi_main,PI+M_N+LOW_I+LOW_B,M_N,LOW_I,LOW_B,,3.0
10.3030_101124960_full,phi,prompt_C,pi_main,PI+M_N+TOP_I+HIGH_B,M_N,TOP_I,HIGH_B,,3.3
10.3030_101124960_full,phi,prompt_C,pi_main,PI+M_N+TOP_I+LOW_B,M_N,TOP_I,LOW_B,,3.0
10.3030_101124977_full,deepseek,prompt_A,ai_main,AI+AI_N,,,,AI_N,3.8
10.3030_101124977_full,deepseek,prompt_A,ai_main,AI+AI_Y,,,,AI_Y,3.8
10.3030_101124977_full,deepseek,prompt_A,blind_baseline,NONE,,,,,3.9
10.3030_101124977_full,deepseek,prompt_A,pi_main,PI+F_N+LOW_I+HIGH_B,F_N,LOW_I,HIGH_B,,3.8
10.3030_101124977_full,deepseek,prompt_A,pi_main,PI+F_N+LOW_I+LOW_B,F_N,LOW_I,LOW_B,,3.4
10.3030_101124977_full,deepseek,prompt_A,pi_main,PI+F_N+TOP_I+HIGH_B,F_N,TOP_I,HIGH_B,,3.7
10.3030_101124977_full,deepseek,prompt_A,pi_main,PI+F_N+TOP_I+LOW_B,F_N,TOP_I,LOW_B,,3.5
10.3030_101124977_full,deepseek,prompt_A,pi_main,PI+M_N+LOW_I+HIGH_B,M_N,LOW_I,HIGH_B,,3.6
10.3030_101124977_full,deepseek,prompt_A,pi_main,PI+M_N+LOW_I+LOW_B,M_N,LOW_I,LOW_B,,3.6
10.3030_101124977_full,deepseek,prompt_A,pi_main,PI+M_N+TOP_I+HIGH_B,M_N,TOP_I,HIGH_B,,4.0
10.3030_101124977_full,deepseek,prompt_A,pi_main,PI+M_N+TOP_I+LOW_B,M_N,TOP_I,LOW_B,,3.5
10.3030_101124977_full,deepseek,prompt_B,ai_main,AI+AI_N,,,,AI_N,3.9
10.3030_101124977_full,deepseek,prompt_B,ai_main,AI+AI_Y,,,,AI_Y,3.9
10.3030_101124977_full,deepseek,prompt_B,blind_baseline,NONE,,,,,3.9
10.3030_101124977_full,deepseek,prompt_B,pi_main,PI+F_N+LOW_I+HIGH_B,F_N,LOW_I,HIGH_B,,3.5
10.3030_101124977_full,deepseek,prompt_B,pi_main,PI+F_N+LOW_I+LOW_B,F_N,LOW_I,LOW_B,,3.7
10.3030_101124977_full,deepseek,prompt_B,pi_main,PI+F_N+TOP_I+HIGH_B,F_N,TOP_I,HIGH_B,,4.0
10.3030_101124977_full,deepseek,prompt_B,pi_main,PI+F_N+TOP_I+LOW_B,F_N,TOP_I,LOW_B,,3.9
10.3030_101124977_full,deepseek,prompt_B,pi_main,PI+M_N+LOW_I+HIGH_B,M_N,LOW_I,HIGH_B,,3.8
10.3030_101124977_full,deepseek,prompt_B,pi_main,PI+M_N+LOW_I+LOW_B,M_N,LOW_I,LOW_B,,3.6
10.3030_101124977_full,deepseek,prompt_B,pi_main,PI+M_N+TOP_I+HIGH_B,M_N,TOP_I,HIGH_B,,4.0
10.3030_101124977_full,deepseek,prompt_B,pi_main,PI+M_N+TOP_I+LOW_B,M_N,TOP_I,LOW_B,,3.7
10.3030_101124977_full,deepseek,prompt_C,ai_main,AI+AI_N,,,,AI_N,3.8
10.3030_101124977_full,deepseek,prompt_C,ai_main,AI+AI_Y,,,,AI_Y,4.0
10.3030_101124977_full,deepseek,prompt_C,blind_baseline,NONE,,,,,3.9
10.3030_101124977_full,deepseek,prompt_C,pi_main,PI+F_N+LOW_I+HIGH_B,F_N,LOW_I,HIGH_B,,3.7
10.3030_101124977_full,deepseek,prompt_C,pi_main,PI+F_N+LOW_I+LOW_B,F_N,LOW_I,LOW_B,,3.5
10.3030_101124977_full,deepseek,prompt_C,pi_main,PI+F_N+TOP_I+HIGH_B,F_N,TOP_I,HIGH_B,,3.7
10.3030_101124977_full,deepseek,prompt_C,pi_main,PI+F_N+TOP_I+LOW_B,F_N,TOP_I,LOW_B,,3.8
10.3030_101124977_full,deepseek,prompt_C,pi_main,PI+M_N+LOW_I+HIGH_B,M_N,LOW_I,HIGH_B,,3.6
10.3030_101124977_full,deepseek,prompt_C,pi_main,PI+M_N+LOW_I+LOW_B,M_N,LOW_I,LOW_B,,3.5
10.3030_101124977_full,deepseek,prompt_C,pi_main,PI+M_N+TOP_I+HIGH_B,M_N,TOP_I,HIGH_B,,4.0
10.3030_101124977_full,deepseek,prompt_C,pi_main,PI+M_N+TOP_I+LOW_B,M_N,TOP_I,LOW_B,,3.7
10.3030_101124977_full,gemma,prompt_A,ai_main,AI+AI_N,,,,AI_N,3.5
10.3030_101124977_full,gemma,prompt_A,ai_main,AI+AI_Y,,,,AI_Y,3.5
10.3030_101124977_full,gemma,prompt_A,blind_baseline,NONE,,,,,3.5
10.3030_101124977_full,gemma,prompt_A,pi_main,PI+F_N+LOW_I+HIGH_B,F_N,LOW_I,HIGH_B,,3.5
10.3030_101124977_full,gemma,prompt_A,pi_main,PI+F_N+LOW_I+LOW_B,F_N,LOW_I,LOW_B,,3.0
10.3030_101124977_full,gemma,prompt_A,pi_main,PI+F_N+TOP_I+HIGH_B,F_N,TOP_I,HIGH_B,,3.5
10.3030_101124977_full,gemma,prompt_A,pi_main,PI+F_N+TOP_I+LOW_B,F_N,TOP_I,LOW_B,,3.0
10.3030_101124977_full,gemma,prompt_A,pi_main,PI+M_N+LOW_I+HIGH_B,M_N,LOW_I,HIGH_B,,3.5
10.3030_101124977_full,gemma,prompt_A,pi_main,PI+M_N+LOW_I+LOW_B,M_N,LOW_I,LOW_B,,3.0
10.3030_101124977_full,gemma,prompt_A,pi_main,PI+M_N+TOP_I+HIGH_B,M_N,TOP_I,HIGH_B,,3.5
10.3030_101124977_full,gemma,prompt_A,pi_main,PI+M_N+TOP_I+LOW_B,M_N,TOP_I,LOW_B,,3.0
10.3030_101124977_full,gemma,prompt_B,ai_main,AI+AI_N,,,,AI_N,3.5
10.3030_101124977_full,gemma,prompt_B,ai_main,AI+AI_Y,,,,AI_Y,3.5
10.3030_101124977_full,gemma,prompt_B,blind_baseline,NONE,,,,,3.5
10.3030_101124977_full,gemma,prompt_B,pi_main,PI+F_N+LOW_I+HIGH_B,F_N,LOW_I,HIGH_B,,3.5
10.3030_101124977_full,gemma,prompt_B,pi_main,PI+F_N+LOW_I+LOW_B,F_N,LOW_I,LOW_B,,3.5
10.3030_101124977_full,gemma,prompt_B,pi_main,PI+F_N+TOP_I+HIGH_B,F_N,TOP_I,HIGH_B,,3.5
10.3030_101124977_full,gemma,prompt_B,pi_main,PI+F_N+TOP_I+LOW_B,F_N,TOP_I,LOW_B,,3.5
10.3030_101124977_full,gemma,prompt_B,pi_main,PI+M_N+LOW_I+HIGH_B,M_N,LOW_I,HIGH_B,,3.5
10.3030_101124977_full,gemma,prompt_B,pi_main,PI+M_N+LOW_I+LOW_B,M_N,LOW_I,LOW_B,,3.5
10.3030_101124977_full,gemma,prompt_B,pi_main,PI+M_N+TOP_I+HIGH_B,M_N,TOP_I,HIGH_B,,3.5
10.3030_101124977_full,gemma,prompt_B,pi_main,PI+M_N+TOP_I+LOW_B,M_N,TOP_I,LOW_B,,3.5
10.3030_101124977_full,gemma,prompt_C,ai_main,AI+AI_N,,,,AI_N,3.5
10.3030_101124977_full,gemma,prompt_C,ai_main,AI+AI_Y,,,,AI_Y,3.5
10.3030_101124977_full,gemma,prompt_C,blind_baseline,NONE,,,,,3.5
10.3030_101124977_full,gemma,prompt_C,pi_main,PI+F_N+LOW_I+HIGH_B,F_N,LOW_I,HIGH_B,,3.5
10.3030_101124977_full,gemma,prompt_C,pi_main,PI+F_N+LOW_I+LOW_B,F_N,LOW_I,LOW_B,,3.5
10.3030_101124977_full,gemma,prompt_C,pi_main,PI+F_N+TOP_I+HIGH_B,F_N,TOP_I,HIGH_B,,3.5
10.3030_101124977_full,gemma,prompt_C,pi_main,PI+F_N+TOP_I+LOW_B,F_N,TOP_I,LOW_B,,3.5
10.3030_101124977_full,gemma,prompt_C,pi_main,PI+M_N+LOW_I+HIGH_B,M_N,LOW_I,HIGH_B,,3.5
10.3030_101124977_full,gemma,prompt_C,pi_main,PI+M_N+LOW_I+LOW_B,M_N,LOW_I,LOW_B,,3.5
10.3030_101124977_full,gemma,prompt_C,pi_main,PI+M_N+TOP_I+HIGH_B,M_N,TOP_I,HIGH_B,,3.5
10.3030_101124977_full,gemma,prompt_C,pi_main,PI+M_N+TOP_I+LOW_B,M_N,TOP_I,LOW_B,,3.5
10.3030_101124977_full,glm,prompt_A,ai_main,AI+AI_N,,,,AI_N,4.0
10.3030_101124977_full,glm,prompt_A,ai_main,AI+AI_Y,,,,AI_Y,3.9
10.3030_101124977_full,glm,prompt_A,blind_baseline,NONE,,,,,4.0
10.3030_101124977_full,glm,prompt_A,pi_main,PI+F_N+LOW_I+HIGH_B,F_N,LOW_I,HIGH_B,,3.6
10.3030_101124977_full,glm,prompt_A,pi_main,PI+F_N+LOW_I+LOW_B,F_N,LOW_I,LOW_B,,3.0
10.3030_101124977_full,glm,prompt_A,pi_main,PI+F_N+TOP_I+HIGH_B,F_N,TOP_I,HIGH_B,,3.9
10.3030_101124977_full,glm,prompt_A,pi_main,PI+F_N+TOP_I+LOW_B,F_N,TOP_I,LOW_B,,3.5
10.3030_101124977_full,glm,prompt_A,pi_main,PI+M_N+LOW_I+HIGH_B,M_N,LOW_I,HIGH_B,,3.5
10.3030_101124977_full,glm,prompt_A,pi_main,PI+M_N+LOW_I+LOW_B,M_N,LOW_I,LOW_B,,3.0
10.3030_101124977_full,glm,prompt_A,pi_main,PI+M_N+TOP_I+HIGH_B,M_N,TOP_I,HIGH_B,,3.9
10.3030_101124977_full,glm,prompt_A,pi_main,PI+M_N+TOP_I+LOW_B,M_N,TOP_I,LOW_B,,3.1
10.3030_101124977_full,glm,prompt_B,ai_main,AI+AI_N,,,,AI_N,4.0
10.3030_101124977_full,glm,prompt_B,ai_main,AI+AI_Y,,,,AI_Y,3.7
10.3030_101124977_full,glm,prompt_B,blind_baseline,NONE,,,,,3.6
10.3030_101124977_full,glm,prompt_B,pi_main,PI+F_N+LOW_I+HIGH_B,F_N,LOW_I,HIGH_B,,3.8
10.3030_101124977_full,glm,prompt_B,pi_main,PI+F_N+LOW_I+LOW_B,F_N,LOW_I,LOW_B,,3.5
10.3030_101124977_full,glm,prompt_B,pi_main,PI+F_N+TOP_I+HIGH_B,F_N,TOP_I,HIGH_B,,3.7
10.3030_101124977_full,glm,prompt_B,pi_main,PI+F_N+TOP_I+LOW_B,F_N,TOP_I,LOW_B,,3.5
10.3030_101124977_full,glm,prompt_B,pi_main,PI+M_N+LOW_I+HIGH_B,M_N,LOW_I,HIGH_B,,3.9
10.3030_101124977_full,glm,prompt_B,pi_main,PI+M_N+LOW_I+LOW_B,M_N,LOW_I,LOW_B,,3.2
10.3030_101124977_full,glm,prompt_B,pi_main,PI+M_N+TOP_I+HIGH_B,M_N,TOP_I,HIGH_B,,4.0
10.3030_101124977_full,glm,prompt_B,pi_main,PI+M_N+TOP_I+LOW_B,M_N,TOP_I,LOW_B,,3.5
10.3030_101124977_full,glm,prompt_C,ai_main,AI+AI_N,,,,AI_N,4.0
10.3030_101124977_full,glm,prompt_C,ai_main,AI+AI_Y,,,,AI_Y,3.8
10.3030_101124977_full,glm,prompt_C,blind_baseline,NONE,,,,,3.9
10.3030_101124977_full,glm,prompt_C,pi_main,PI+F_N+LOW_I+HIGH_B,F_N,LOW_I,HIGH_B,,3.9
10.3030_101124977_full,glm,prompt_C,pi_main,PI+F_N+LOW_I+LOW_B,F_N,LOW_I,LOW_B,,3.2
10.3030_101124977_full,glm,prompt_C,pi_main,PI+F_N+TOP_I+HIGH_B,F_N,TOP_I,HIGH_B,,3.9
10.3030_101124977_full,glm,prompt_C,pi_main,PI+F_N+TOP_I+LOW_B,F_N,TOP_I,LOW_B,,3.3
10.3030_101124977_full,glm,prompt_C,pi_main,PI+M_N+LOW_I+HIGH_B,M_N,LOW_I,HIGH_B,,3.9
10.3030_101124977_full,glm,prompt_C,pi_main,PI+M_N+LOW_I+LOW_B,M_N,LOW_I,LOW_B,,3.2
10.3030_101124977_full,glm,prompt_C,pi_main,PI+M_N+TOP_I+HIGH_B,M_N,TOP_I,HIGH_B,,3.9
10.3030_101124977_full,glm,prompt_C,pi_main,PI+M_N+TOP_I+LOW_B,M_N,TOP_I,LOW_B,,3.1
10.3030_101124977_full,gpt,prompt_A,ai_main,AI+AI_N,,,,AI_N,3.5
10.3030_101124977_full,gpt,prompt_A,ai_main,AI+AI_Y,,,,AI_Y,3.5
10.3030_101124977_full,gpt,prompt_A,blind_baseline,NONE,,,,,3.8
10.3030_101124977_full,gpt,prompt_A,pi_main,PI+F_N+LOW_I+HIGH_B,F_N,LOW_I,HIGH_B,,3.8
10.3030_101124977_full,gpt,prompt_A,pi_main,PI+F_N+LOW_I+LOW_B,F_N,LOW_I,LOW_B,,3.5
10.3030_101124977_full,gpt,prompt_A,pi_main,PI+F_N+TOP_I+HIGH_B,F_N,TOP_I,HIGH_B,,3.8
10.3030_101124977_full,gpt,prompt_A,pi_main,PI+F_N+TOP_I+LOW_B,F_N,TOP_I,LOW_B,,3.5
10.3030_101124977_full,gpt,prompt_A,pi_main,PI+M_N+LOW_I+HIGH_B,M_N,LOW_I,HIGH_B,,3.9
10.3030_101124977_full,gpt,prompt_A,pi_main,PI+M_N+LOW_I+LOW_B,M_N,LOW_I,LOW_B,,3.5
10.3030_101124977_full,gpt,prompt_A,pi_main,PI+M_N+TOP_I+HIGH_B,M_N,TOP_I,HIGH_B,,4.0
10.3030_101124977_full,gpt,prompt_A,pi_main,PI+M_N+TOP_I+LOW_B,M_N,TOP_I,LOW_B,,3.5
10.3030_101124977_full,gpt,prompt_B,ai_main,AI+AI_N,,,,AI_N,4.0
10.3030_101124977_full,gpt,prompt_B,ai_main,AI+AI_Y,,,,AI_Y,4.0
10.3030_101124977_full,gpt,prompt_B,blind_baseline,NONE,,,,,3.9
10.3030_101124977_full,gpt,prompt_B,pi_main,PI+F_N+LOW_I+HIGH_B,F_N,LOW_I,HIGH_B,,3.9
10.3030_101124977_full,gpt,prompt_B,pi_main,PI+F_N+LOW_I+LOW_B,F_N,LOW_I,LOW_B,,3.7
10.3030_101124977_full,gpt,prompt_B,pi_main,PI+F_N+TOP_I+HIGH_B,F_N,TOP_I,HIGH_B,,4.0
10.3030_101124977_full,gpt,prompt_B,pi_main,PI+F_N+TOP_I+LOW_B,F_N,TOP_I,LOW_B,,3.5
10.3030_101124977_full,gpt,prompt_B,pi_main,PI+M_N+LOW_I+HIGH_B,M_N,LOW_I,HIGH_B,,3.9
10.3030_101124977_full,gpt,prompt_B,pi_main,PI+M_N+LOW_I+LOW_B,M_N,LOW_I,LOW_B,,3.5
10.3030_101124977_full,gpt,prompt_B,pi_main,PI+M_N+TOP_I+HIGH_B,M_N,TOP_I,HIGH_B,,3.5
10.3030_101124977_full,gpt,prompt_B,pi_main,PI+M_N+TOP_I+LOW_B,M_N,TOP_I,LOW_B,,3.9
10.3030_101124977_full,gpt,prompt_C,ai_main,AI+AI_N,,,,AI_N,3.7
10.3030_101124977_full,gpt,prompt_C,ai_main,AI+AI_Y,,,,AI_Y,3.7
10.3030_101124977_full,gpt,prompt_C,blind_baseline,NONE,,,,,3.6
10.3030_101124977_full,gpt,prompt_C,pi_main,PI+F_N+LOW_I+HIGH_B,F_N,LOW_I,HIGH_B,,4.0
10.3030_101124977_full,gpt,prompt_C,pi_main,PI+F_N+LOW_I+LOW_B,F_N,LOW_I,LOW_B,,4.0
10.3030_101124977_full,gpt,prompt_C,pi_main,PI+F_N+TOP_I+HIGH_B,F_N,TOP_I,HIGH_B,,3.6
10.3030_101124977_full,gpt,prompt_C,pi_main,PI+F_N+TOP_I+LOW_B,F_N,TOP_I,LOW_B,,3.9
10.3030_101124977_full,gpt,prompt_C,pi_main,PI+M_N+LOW_I+HIGH_B,M_N,LOW_I,HIGH_B,,4.0
10.3030_101124977_full,gpt,prompt_C,pi_main,PI+M_N+LOW_I+LOW_B,M_N,LOW_I,LOW_B,,3.5
10.3030_101124977_full,gpt,prompt_C,pi_main,PI+M_N+TOP_I+HIGH_B,M_N,TOP_I,HIGH_B,,4.0
10.3030_101124977_full,gpt,prompt_C,pi_main,PI+M_N+TOP_I+LOW_B,M_N,TOP_I,LOW_B,,4.0
10.3030_101124977_full,kimi,prompt_A,ai_main,AI+AI_N,,,,AI_N,4.0
10.3030_101124977_full,kimi,prompt_A,ai_main,AI+AI_Y,,,,AI_Y,3.8
10.3030_101124977_full,kimi,prompt_A,blind_baseline,NONE,,,,,4.0
10.3030_101124977_full,kimi,prompt_A,pi_main,PI+F_N+LOW_I+HIGH_B,F_N,LOW_I,HIGH_B,,3.5
10.3030_101124977_full,kimi,prompt_A,pi_main,PI+F_N+LOW_I+LOW_B,F_N,LOW_I,LOW_B,,3.3
10.3030_101124977_full,kimi,prompt_A,pi_main,PI+F_N+TOP_I+HIGH_B,F_N,TOP_I,HIGH_B,,3.5
10.3030_101124977_full,kimi,prompt_A,pi_main,PI+F_N+TOP_I+LOW_B,F_N,TOP_I,LOW_B,,3.5
10.3030_101124977_full,kimi,prompt_A,pi_main,PI+M_N+LOW_I+HIGH_B,M_N,LOW_I,HIGH_B,,3.6
10.3030_101124977_full,kimi,prompt_A,pi_main,PI+M_N+LOW_I+LOW_B,M_N,LOW_I,LOW_B,,3.3
10.3030_101124977_full,kimi,prompt_A,pi_main,PI+M_N+TOP_I+HIGH_B,M_N,TOP_I,HIGH_B,,3.6
10.3030_101124977_full,kimi,prompt_A,pi_main,PI+M_N+TOP_I+LOW_B,M_N,TOP_I,LOW_B,,3.4
10.3030_101124977_full,kimi,prompt_B,ai_main,AI+AI_N,,,,AI_N,3.9
10.3030_101124977_full,kimi,prompt_B,ai_main,AI+AI_Y,,,,AI_Y,4.0
10.3030_101124977_full,kimi,prompt_B,blind_baseline,NONE,,,,,4.0
10.3030_101124977_full,kimi,prompt_B,pi_main,PI+F_N+LOW_I+HIGH_B,F_N,LOW_I,HIGH_B,,3.8
10.3030_101124977_full,kimi,prompt_B,pi_main,PI+F_N+LOW_I+LOW_B,F_N,LOW_I,LOW_B,,3.7
10.3030_101124977_full,kimi,prompt_B,pi_main,PI+F_N+TOP_I+HIGH_B,F_N,TOP_I,HIGH_B,,4.0
10.3030_101124977_full,kimi,prompt_B,pi_main,PI+F_N+TOP_I+LOW_B,F_N,TOP_I,LOW_B,,3.6
10.3030_101124977_full,kimi,prompt_B,pi_main,PI+M_N+LOW_I+HIGH_B,M_N,LOW_I,HIGH_B,,4.0
10.3030_101124977_full,kimi,prompt_B,pi_main,PI+M_N+LOW_I+LOW_B,M_N,LOW_I,LOW_B,,3.5
10.3030_101124977_full,kimi,prompt_B,pi_main,PI+M_N+TOP_I+HIGH_B,M_N,TOP_I,HIGH_B,,3.9
10.3030_101124977_full,kimi,prompt_B,pi_main,PI+M_N+TOP_I+LOW_B,M_N,TOP_I,LOW_B,,3.6
10.3030_101124977_full,kimi,prompt_C,ai_main,AI+AI_N,,,,AI_N,4.0
10.3030_101124977_full,kimi,prompt_C,ai_main,AI+AI_Y,,,,AI_Y,4.0
10.3030_101124977_full,kimi,prompt_C,blind_baseline,NONE,,,,,4.0
10.3030_101124977_full,kimi,prompt_C,pi_main,PI+F_N+LOW_I+HIGH_B,F_N,LOW_I,HIGH_B,,3.7
10.3030_101124977_full,kimi,prompt_C,pi_main,PI+F_N+LOW_I+LOW_B,F_N,LOW_I,LOW_B,,3.5
10.3030_101124977_full,kimi,prompt_C,pi_main,PI+F_N+TOP_I+HIGH_B,F_N,TOP_I,HIGH_B,,4.0
10.3030_101124977_full,kimi,prompt_C,pi_main,PI+F_N+TOP_I+LOW_B,F_N,TOP_I,LOW_B,,3.5
10.3030_101124977_full,kimi,prompt_C,pi_main,PI+M_N+LOW_I+HIGH_B,M_N,LOW_I,HIGH_B,,3.6
10.3030_101124977_full,kimi,prompt_C,pi_main,PI+M_N+LOW_I+LOW_B,M_N,LOW_I,LOW_B,,3.5
10.3030_101124977_full,kimi,prompt_C,pi_main,PI+M_N+TOP_I+HIGH_B,M_N,TOP_I,HIGH_B,,3.8
10.3030_101124977_full,kimi,prompt_C,pi_main,PI+M_N+TOP_I+LOW_B,M_N,TOP_I,LOW_B,,3.5
10.3030_101124977_full,ministral,prompt_A,ai_main,AI+AI_N,,,,AI_N,4.0
10.3030_101124977_full,ministral,prompt_A,ai_main,AI+AI_Y,,,,AI_Y,4.0
10.3030_101124977_full,ministral,prompt_A,blind_baseline,NONE,,,,,4.0
10.3030_101124977_full,ministral,prompt_A,pi_main,PI+F_N+LOW_I+HIGH_B,F_N,LOW_I,HIGH_B,,4.0
10.3030_101124977_full,ministral,prompt_A,pi_main,PI+F_N+LOW_I+LOW_B,F_N,LOW_I,LOW_B,,3.5
10.3030_101124977_full,ministral,prompt_A,pi_main,PI+F_N+TOP_I+HIGH_B,F_N,TOP_I,HIGH_B,,4.0
10.3030_101124977_full,ministral,prompt_A,pi_main,PI+F_N+TOP_I+LOW_B,F_N,TOP_I,LOW_B,,3.5
10.3030_101124977_full,ministral,prompt_A,pi_main,PI+M_N+LOW_I+HIGH_B,M_N,LOW_I,HIGH_B,,4.0
10.3030_101124977_full,ministral,prompt_A,pi_main,PI+M_N+LOW_I+LOW_B,M_N,LOW_I,LOW_B,,3.5
10.3030_101124977_full,ministral,prompt_A,pi_main,PI+M_N+TOP_I+HIGH_B,M_N,TOP_I,HIGH_B,,4.0
10.3030_101124977_full,ministral,prompt_A,pi_main,PI+M_N+TOP_I+LOW_B,M_N,TOP_I,LOW_B,,3.5
10.3030_101124977_full,ministral,prompt_B,ai_main,AI+AI_N,,,,AI_N,4.0
10.3030_101124977_full,ministral,prompt_B,ai_main,AI+AI_Y,,,,AI_Y,4.0
10.3030_101124977_full,ministral,prompt_B,blind_baseline,NONE,,,,,4.0
10.3030_101124977_full,ministral,prompt_B,pi_main,PI+F_N+LOW_I+HIGH_B,F_N,LOW_I,HIGH_B,,4.0
10.3030_101124977_full,ministral,prompt_B,pi_main,PI+F_N+LOW_I+LOW_B,F_N,LOW_I,LOW_B,,3.5
10.3030_101124977_full,ministral,prompt_B,pi_main,PI+F_N+TOP_I+HIGH_B,F_N,TOP_I,HIGH_B,,4.0
10.3030_101124977_full,ministral,prompt_B,pi_main,PI+F_N+TOP_I+LOW_B,F_N,TOP_I,LOW_B,,4.0
10.3030_101124977_full,ministral,prompt_B,pi_main,PI+M_N+LOW_I+HIGH_B,M_N,LOW_I,HIGH_B,,4.0
10.3030_101124977_full,ministral,prompt_B,pi_main,PI+M_N+LOW_I+LOW_B,M_N,LOW_I,LOW_B,,4.0
10.3030_101124977_full,ministral,prompt_B,pi_main,PI+M_N+TOP_I+HIGH_B,M_N,TOP_I,HIGH_B,,4.0
10.3030_101124977_full,ministral,prompt_B,pi_main,PI+M_N+TOP_I+LOW_B,M_N,TOP_I,LOW_B,,4.0
10.3030_101124977_full,ministral,prompt_C,ai_main,AI+AI_N,,,,AI_N,4.0
10.3030_101124977_full,ministral,prompt_C,ai_main,AI+AI_Y,,,,AI_Y,4.0
10.3030_101124977_full,ministral,prompt_C,blind_baseline,NONE,,,,,4.0
10.3030_101124977_full,ministral,prompt_C,pi_main,PI+F_N+LOW_I+HIGH_B,F_N,LOW_I,HIGH_B,,4.0
10.3030_101124977_full,ministral,prompt_C,pi_main,PI+F_N+LOW_I+LOW_B,F_N,LOW_I,LOW_B,,4.0
10.3030_101124977_full,ministral,prompt_C,pi_main,PI+F_N+TOP_I+HIGH_B,F_N,TOP_I,HIGH_B,,4.0
10.3030_101124977_full,ministral,prompt_C,pi_main,PI+F_N+TOP_I+LOW_B,F_N,TOP_I,LOW_B,,4.0
10.3030_101124977_full,ministral,prompt_C,pi_main,PI+M_N+LOW_I+HIGH_B,M_N,LOW_I,HIGH_B,,4.0
10.3030_101124977_full,ministral,prompt_C,pi_main,PI+M_N+LOW_I+LOW_B,M_N,LOW_I,LOW_B,,4.0
10.3030_101124977_full,ministral,prompt_C,pi_main,PI+M_N+TOP_I+HIGH_B,M_N,TOP_I,HIGH_B,,4.0
10.3030_101124977_full,ministral,prompt_C,pi_main,PI+M_N+TOP_I+LOW_B,M_N,TOP_I,LOW_B,,4.0
10.3030_101124977_full,mistral,prompt_A,ai_main,AI+AI_N,,,,AI_N,4.0
10.3030_101124977_full,mistral,prompt_A,ai_main,AI+AI_Y,,,,AI_Y,3.9
10.3030_101124977_full,mistral,prompt_A,blind_baseline,NONE,,,,,4.0
10.3030_101124977_full,mistral,prompt_A,pi_main,PI+F_N+LOW_I+HIGH_B,F_N,LOW_I,HIGH_B,,4.0
10.3030_101124977_full,mistral,prompt_A,pi_main,PI+F_N+LOW_I+LOW_B,F_N,LOW_I,LOW_B,,3.7
10.3030_101124977_full,mistral,prompt_A,pi_main,PI+F_N+TOP_I+HIGH_B,F_N,TOP_I,HIGH_B,,3.9
10.3030_101124977_full,mistral,prompt_A,pi_main,PI+F_N+TOP_I+LOW_B,F_N,TOP_I,LOW_B,,3.8
10.3030_101124977_full,mistral,prompt_A,pi_main,PI+M_N+LOW_I+HIGH_B,M_N,LOW_I,HIGH_B,,3.9
10.3030_101124977_full,mistral,prompt_A,pi_main,PI+M_N+LOW_I+LOW_B,M_N,LOW_I,LOW_B,,3.6
10.3030_101124977_full,mistral,prompt_A,pi_main,PI+M_N+TOP_I+HIGH_B,M_N,TOP_I,HIGH_B,,4.0
10.3030_101124977_full,mistral,prompt_A,pi_main,PI+M_N+TOP_I+LOW_B,M_N,TOP_I,LOW_B,,3.8
10.3030_101124977_full,mistral,prompt_B,ai_main,AI+AI_N,,,,AI_N,4.0
10.3030_101124977_full,mistral,prompt_B,ai_main,AI+AI_Y,,,,AI_Y,3.9
10.3030_101124977_full,mistral,prompt_B,blind_baseline,NONE,,,,,4.0
10.3030_101124977_full,mistral,prompt_B,pi_main,PI+F_N+LOW_I+HIGH_B,F_N,LOW_I,HIGH_B,,4.0
10.3030_101124977_full,mistral,prompt_B,pi_main,PI+F_N+LOW_I+LOW_B,F_N,LOW_I,LOW_B,,4.0
10.3030_101124977_full,mistral,prompt_B,pi_main,PI+F_N+TOP_I+HIGH_B,F_N,TOP_I,HIGH_B,,4.0
10.3030_101124977_full,mistral,prompt_B,pi_main,PI+F_N+TOP_I+LOW_B,F_N,TOP_I,LOW_B,,4.0
10.3030_101124977_full,mistral,prompt_B,pi_main,PI+M_N+LOW_I+HIGH_B,M_N,LOW_I,HIGH_B,,4.0
10.3030_101124977_full,mistral,prompt_B,pi_main,PI+M_N+LOW_I+LOW_B,M_N,LOW_I,LOW_B,,4.0
10.3030_101124977_full,mistral,prompt_B,pi_main,PI+M_N+TOP_I+HIGH_B,M_N,TOP_I,HIGH_B,,4.0
10.3030_101124977_full,mistral,prompt_B,pi_main,PI+M_N+TOP_I+LOW_B,M_N,TOP_I,LOW_B,,4.0
10.3030_101124977_full,mistral,prompt_C,ai_main,AI+AI_N,,,,AI_N,4.0
10.3030_101124977_full,mistral,prompt_C,ai_main,AI+AI_Y,,,,AI_Y,4.0
10.3030_101124977_full,mistral,prompt_C,blind_baseline,NONE,,,,,4.0
10.3030_101124977_full,mistral,prompt_C,pi_main,PI+F_N+LOW_I+HIGH_B,F_N,LOW_I,HIGH_B,,4.0
10.3030_101124977_full,mistral,prompt_C,pi_main,PI+F_N+LOW_I+LOW_B,F_N,LOW_I,LOW_B,,4.0
10.3030_101124977_full,mistral,prompt_C,pi_main,PI+F_N+TOP_I+HIGH_B,F_N,TOP_I,HIGH_B,,4.0
10.3030_101124977_full,mistral,prompt_C,pi_main,PI+F_N+TOP_I+LOW_B,F_N,TOP_I,LOW_B,,4.0
10.3030_101124977_full,mistral,prompt_C,pi_main,PI+M_N+LOW_I+HIGH_B,M_N,LOW_I,HIGH_B,,4.0
10.3030_101124977_full,mistral,prompt_C,pi_main,PI+M_N+LOW_I+LOW_B,M_N,LOW_I,LOW_B,,4.0
10.3030_101124977_full,mistral,prompt_C,pi_main,PI+M_N+TOP_I+HIGH_B,M_N,TOP_I,HIGH_B,,4.0
10.3030_101124977_full,mistral,prompt_C,pi_main,PI+M_N+TOP_I+LOW_B,M_N,TOP_I,LOW_B,,4.0
10.3030_101124977_full,phi,prompt_A,ai_main,AI+AI_N,,,,AI_N,3.5
10.3030_101124977_full,phi,prompt_A,ai_main,AI+AI_Y,,,,AI_Y,3.1
10.3030_101124977_full,phi,prompt_A,blind_baseline,NONE,,,,,3.0
10.3030_101124977_full,phi,prompt_A,pi_main,PI+F_N+LOW_I+HIGH_B,F_N,LOW_I,HIGH_B,,3.5
10.3030_101124977_full,phi,prompt_A,pi_main,PI+F_N+LOW_I+LOW_B,F_N,LOW_I,LOW_B,,3.0
10.3030_101124977_full,phi,prompt_A,pi_main,PI+F_N+TOP_I+HIGH_B,F_N,TOP_I,HIGH_B,,3.0
10.3030_101124977_full,phi,prompt_A,pi_main,PI+F_N+TOP_I+LOW_B,F_N,TOP_I,LOW_B,,3.0
10.3030_101124977_full,phi,prompt_A,pi_main,PI+M_N+LOW_I+HIGH_B,M_N,LOW_I,HIGH_B,,3.5
10.3030_101124977_full,phi,prompt_A,pi_main,PI+M_N+LOW_I+LOW_B,M_N,LOW_I,LOW_B,,3.0
10.3030_101124977_full,phi,prompt_A,pi_main,PI+M_N+TOP_I+HIGH_B,M_N,TOP_I,HIGH_B,,3.0
10.3030_101124977_full,phi,prompt_A,pi_main,PI+M_N+TOP_I+LOW_B,M_N,TOP_I,LOW_B,,3.0
10.3030_101124977_full,phi,prompt_B,ai_main,AI+AI_N,,,,AI_N,3.0
10.3030_101124977_full,phi,prompt_B,ai_main,AI+AI_Y,,,,AI_Y,3.0
10.3030_101124977_full,phi,prompt_B,blind_baseline,NONE,,,,,3.0
10.3030_101124977_full,phi,prompt_B,pi_main,PI+F_N+LOW_I+HIGH_B,F_N,LOW_I,HIGH_B,,3.0
10.3030_101124977_full,phi,prompt_B,pi_main,PI+F_N+LOW_I+LOW_B,F_N,LOW_I,LOW_B,,3.0
10.3030_101124977_full,phi,prompt_B,pi_main,PI+F_N+TOP_I+HIGH_B,F_N,TOP_I,HIGH_B,,3.5
10.3030_101124977_full,phi,prompt_B,pi_main,PI+F_N+TOP_I+LOW_B,F_N,TOP_I,LOW_B,,3.5
10.3030_101124977_full,phi,prompt_B,pi_main,PI+M_N+LOW_I+HIGH_B,M_N,LOW_I,HIGH_B,,3.0
10.3030_101124977_full,phi,prompt_B,pi_main,PI+M_N+LOW_I+LOW_B,M_N,LOW_I,LOW_B,,3.0
10.3030_101124977_full,phi,prompt_B,pi_main,PI+M_N+TOP_I+HIGH_B,M_N,TOP_I,HIGH_B,,3.5
10.3030_101124977_full,phi,prompt_B,pi_main,PI+M_N+TOP_I+LOW_B,M_N,TOP_I,LOW_B,,3.4
10.3030_101124977_full,phi,prompt_C,ai_main,AI+AI_N,,,,AI_N,3.5
10.3030_101124977_full,phi,prompt_C,ai_main,AI+AI_Y,,,,AI_Y,3.5
10.3030_101124977_full,phi,prompt_C,blind_baseline,NONE,,,,,3.5
10.3030_101124977_full,phi,prompt_C,pi_main,PI+F_N+LOW_I+HIGH_B,F_N,LOW_I,HIGH_B,,3.4
10.3030_101124977_full,phi,prompt_C,pi_main,PI+F_N+LOW_I+LOW_B,F_N,LOW_I,LOW_B,,3.0
10.3030_101124977_full,phi,prompt_C,pi_main,PI+F_N+TOP_I+HIGH_B,F_N,TOP_I,HIGH_B,,3.4
10.3030_101124977_full,phi,prompt_C,pi_main,PI+F_N+TOP_I+LOW_B,F_N,TOP_I,LOW_B,,3.5
10.3030_101124977_full,phi,prompt_C,pi_main,PI+M_N+LOW_I+HIGH_B,M_N,LOW_I,HIGH_B,,3.0
10.3030_101124977_full,phi,prompt_C,pi_main,PI+M_N+LOW_I+LOW_B,M_N,LOW_I,LOW_B,,3.0
10.3030_101124977_full,phi,prompt_C,pi_main,PI+M_N+TOP_I+HIGH_B,M_N,TOP_I,HIGH_B,,3.5
10.3030_101124977_full,phi,prompt_C,pi_main,PI+M_N+TOP_I+LOW_B,M_N,TOP_I,LOW_B,,3.0
10.3030_101125203_full,deepseek,prompt_A,ai_main,AI+AI_N,,,,AI_N,3.9
10.3030_101125203_full,deepseek,prompt_A,ai_main,AI+AI_Y,,,,AI_Y,3.6
10.3030_101125203_full,deepseek,prompt_A,blind_baseline,NONE,,,,,3.9
10.3030_101125203_full,deepseek,prompt_A,pi_main,PI+F_N+LOW_I+HIGH_B,F_N,LOW_I,HIGH_B,,3.7
10.3030_101125203_full,deepseek,prompt_A,pi_main,PI+F_N+LOW_I+LOW_B,F_N,LOW_I,LOW_B,,3.8
10.3030_101125203_full,deepseek,prompt_A,pi_main,PI+F_N+TOP_I+HIGH_B,F_N,TOP_I,HIGH_B,,3.9
10.3030_101125203_full,deepseek,prompt_A,pi_main,PI+F_N+TOP_I+LOW_B,F_N,TOP_I,LOW_B,,3.6
10.3030_101125203_full,deepseek,prompt_A,pi_main,PI+M_N+LOW_I+HIGH_B,M_N,LOW_I,HIGH_B,,4.0
10.3030_101125203_full,deepseek,prompt_A,pi_main,PI+M_N+LOW_I+LOW_B,M_N,LOW_I,LOW_B,,3.4
10.3030_101125203_full,deepseek,prompt_A,pi_main,PI+M_N+TOP_I+HIGH_B,M_N,TOP_I,HIGH_B,,3.8
10.3030_101125203_full,deepseek,prompt_A,pi_main,PI+M_N+TOP_I+LOW_B,M_N,TOP_I,LOW_B,,3.6
10.3030_101125203_full,deepseek,prompt_B,ai_main,AI+AI_N,,,,AI_N,3.8
10.3030_101125203_full,deepseek,prompt_B,ai_main,AI+AI_Y,,,,AI_Y,4.0
10.3030_101125203_full,deepseek,prompt_B,blind_baseline,NONE,,,,,3.9
10.3030_101125203_full,deepseek,prompt_B,pi_main,PI+F_N+LOW_I+HIGH_B,F_N,LOW_I,HIGH_B,,3.4
10.3030_101125203_full,deepseek,prompt_B,pi_main,PI+F_N+LOW_I+LOW_B,F_N,LOW_I,LOW_B,,3.3
10.3030_101125203_full,deepseek,prompt_B,pi_main,PI+F_N+TOP_I+HIGH_B,F_N,TOP_I,HIGH_B,,4.0
10.3030_101125203_full,deepseek,prompt_B,pi_main,PI+F_N+TOP_I+LOW_B,F_N,TOP_I,LOW_B,,3.6
10.3030_101125203_full,deepseek,prompt_B,pi_main,PI+M_N+LOW_I+HIGH_B,M_N,LOW_I,HIGH_B,,3.7
10.3030_101125203_full,deepseek,prompt_B,pi_main,PI+M_N+LOW_I+LOW_B,M_N,LOW_I,LOW_B,,3.5
10.3030_101125203_full,deepseek,prompt_B,pi_main,PI+M_N+TOP_I+HIGH_B,M_N,TOP_I,HIGH_B,,3.7
10.3030_101125203_full,deepseek,prompt_B,pi_main,PI+M_N+TOP_I+LOW_B,M_N,TOP_I,LOW_B,,4.0
10.3030_101125203_full,deepseek,prompt_C,ai_main,AI+AI_N,,,,AI_N,3.7
10.3030_101125203_full,deepseek,prompt_C,ai_main,AI+AI_Y,,,,AI_Y,3.9
10.3030_101125203_full,deepseek,prompt_C,blind_baseline,NONE,,,,,4.0
10.3030_101125203_full,deepseek,prompt_C,pi_main,PI+F_N+LOW_I+HIGH_B,F_N,LOW_I,HIGH_B,,3.7
10.3030_101125203_full,deepseek,prompt_C,pi_main,PI+F_N+LOW_I+LOW_B,F_N,LOW_I,LOW_B,,3.7
10.3030_101125203_full,deepseek,prompt_C,pi_main,PI+F_N+TOP_I+HIGH_B,F_N,TOP_I,HIGH_B,,3.9
10.3030_101125203_full,deepseek,prompt_C,pi_main,PI+F_N+TOP_I+LOW_B,F_N,TOP_I,LOW_B,,3.5
10.3030_101125203_full,deepseek,prompt_C,pi_main,PI+M_N+LOW_I+HIGH_B,M_N,LOW_I,HIGH_B,,4.0
10.3030_101125203_full,deepseek,prompt_C,pi_main,PI+M_N+LOW_I+LOW_B,M_N,LOW_I,LOW_B,,3.3
10.3030_101125203_full,deepseek,prompt_C,pi_main,PI+M_N+TOP_I+HIGH_B,M_N,TOP_I,HIGH_B,,3.9
10.3030_101125203_full,deepseek,prompt_C,pi_main,PI+M_N+TOP_I+LOW_B,M_N,TOP_I,LOW_B,,3.9
10.3030_101125203_full,gemma,prompt_A,ai_main,AI+AI_N,,,,AI_N,3.5
10.3030_101125203_full,gemma,prompt_A,ai_main,AI+AI_Y,,,,AI_Y,3.0
10.3030_101125203_full,gemma,prompt_A,blind_baseline,NONE,,,,,3.0
10.3030_101125203_full,gemma,prompt_A,pi_main,PI+F_N+LOW_I+HIGH_B,F_N,LOW_I,HIGH_B,,3.0
10.3030_101125203_full,gemma,prompt_A,pi_main,PI+F_N+LOW_I+LOW_B,F_N,LOW_I,LOW_B,,3.0
10.3030_101125203_full,gemma,prompt_A,pi_main,PI+F_N+TOP_I+HIGH_B,F_N,TOP_I,HIGH_B,,3.0
10.3030_101125203_full,gemma,prompt_A,pi_main,PI+F_N+TOP_I+LOW_B,F_N,TOP_I,LOW_B,,3.0
10.3030_101125203_full,gemma,prompt_A,pi_main,PI+M_N+LOW_I+HIGH_B,M_N,LOW_I,HIGH_B,,3.0
10.3030_101125203_full,gemma,prompt_A,pi_main,PI+M_N+LOW_I+LOW_B,M_N,LOW_I,LOW_B,,3.0
10.3030_101125203_full,gemma,prompt_A,pi_main,PI+M_N+TOP_I+HIGH_B,M_N,TOP_I,HIGH_B,,3.0
10.3030_101125203_full,gemma,prompt_A,pi_main,PI+M_N+TOP_I+LOW_B,M_N,TOP_I,LOW_B,,3.0
10.3030_101125203_full,gemma,prompt_B,ai_main,AI+AI_N,,,,AI_N,3.5
10.3030_101125203_full,gemma,prompt_B,ai_main,AI+AI_Y,,,,AI_Y,3.5
10.3030_101125203_full,gemma,prompt_B,blind_baseline,NONE,,,,,3.0
10.3030_101125203_full,gemma,prompt_B,pi_main,PI+F_N+LOW_I+HIGH_B,F_N,LOW_I,HIGH_B,,3.5
10.3030_101125203_full,gemma,prompt_B,pi_main,PI+F_N+LOW_I+LOW_B,F_N,LOW_I,LOW_B,,3.0
10.3030_101125203_full,gemma,prompt_B,pi_main,PI+F_N+TOP_I+HIGH_B,F_N,TOP_I,HIGH_B,,3.5
10.3030_101125203_full,gemma,prompt_B,pi_main,PI+F_N+TOP_I+LOW_B,F_N,TOP_I,LOW_B,,3.3
10.3030_101125203_full,gemma,prompt_B,pi_main,PI+M_N+LOW_I+HIGH_B,M_N,LOW_I,HIGH_B,,3.5
10.3030_101125203_full,gemma,prompt_B,pi_main,PI+M_N+LOW_I+LOW_B,M_N,LOW_I,LOW_B,,3.0
10.3030_101125203_full,gemma,prompt_B,pi_main,PI+M_N+TOP_I+HIGH_B,M_N,TOP_I,HIGH_B,,3.5
10.3030_101125203_full,gemma,prompt_B,pi_main,PI+M_N+TOP_I+LOW_B,M_N,TOP_I,LOW_B,,3.5
10.3030_101125203_full,gemma,prompt_C,ai_main,AI+AI_N,,,,AI_N,3.5
10.3030_101125203_full,gemma,prompt_C,ai_main,AI+AI_Y,,,,AI_Y,3.0
10.3030_101125203_full,gemma,prompt_C,blind_baseline,NONE,,,,,3.0
10.3030_101125203_full,gemma,prompt_C,pi_main,PI+F_N+LOW_I+HIGH_B,F_N,LOW_I,HIGH_B,,3.5
10.3030_101125203_full,gemma,prompt_C,pi_main,PI+F_N+LOW_I+LOW_B,F_N,LOW_I,LOW_B,,3.0
10.3030_101125203_full,gemma,prompt_C,pi_main,PI+F_N+TOP_I+HIGH_B,F_N,TOP_I,HIGH_B,,3.5
10.3030_101125203_full,gemma,prompt_C,pi_main,PI+F_N+TOP_I+LOW_B,F_N,TOP_I,LOW_B,,3.1
10.3030_101125203_full,gemma,prompt_C,pi_main,PI+M_N+LOW_I+HIGH_B,M_N,LOW_I,HIGH_B,,3.1
10.3030_101125203_full,gemma,prompt_C,pi_main,PI+M_N+LOW_I+LOW_B,M_N,LOW_I,LOW_B,,3.0
10.3030_101125203_full,gemma,prompt_C,pi_main,PI+M_N+TOP_I+HIGH_B,M_N,TOP_I,HIGH_B,,3.5
10.3030_101125203_full,gemma,prompt_C,pi_main,PI+M_N+TOP_I+LOW_B,M_N,TOP_I,LOW_B,,3.0
10.3030_101125203_full,glm,prompt_A,ai_main,AI+AI_N,,,,AI_N,3.5
10.3030_101125203_full,glm,prompt_A,ai_main,AI+AI_Y,,,,AI_Y,3.5
10.3030_101125203_full,glm,prompt_A,blind_baseline,NONE,,,,,3.5
10.3030_101125203_full,glm,prompt_A,pi_main,PI+F_N+LOW_I+HIGH_B,F_N,LOW_I,HIGH_B,,3.5
10.3030_101125203_full,glm,prompt_A,pi_main,PI+F_N+LOW_I+LOW_B,F_N,LOW_I,LOW_B,,3.0
10.3030_101125203_full,glm,prompt_A,pi_main,PI+F_N+TOP_I+HIGH_B,F_N,TOP_I,HIGH_B,,3.5
10.3030_101125203_full,glm,prompt_A,pi_main,PI+F_N+TOP_I+LOW_B,F_N,TOP_I,LOW_B,,3.0
10.3030_101125203_full,glm,prompt_A,pi_main,PI+M_N+LOW_I+HIGH_B,M_N,LOW_I,HIGH_B,,3.5
10.3030_101125203_full,glm,prompt_A,pi_main,PI+M_N+LOW_I+LOW_B,M_N,LOW_I,LOW_B,,3.0
10.3030_101125203_full,glm,prompt_A,pi_main,PI+M_N+TOP_I+HIGH_B,M_N,TOP_I,HIGH_B,,3.5
10.3030_101125203_full,glm,prompt_A,pi_main,PI+M_N+TOP_I+LOW_B,M_N,TOP_I,LOW_B,,3.3
10.3030_101125203_full,glm,prompt_B,ai_main,AI+AI_N,,,,AI_N,3.5
10.3030_101125203_full,glm,prompt_B,ai_main,AI+AI_Y,,,,AI_Y,3.4
10.3030_101125203_full,glm,prompt_B,blind_baseline,NONE,,,,,3.5
10.3030_101125203_full,glm,prompt_B,pi_main,PI+F_N+LOW_I+HIGH_B,F_N,LOW_I,HIGH_B,,3.4
10.3030_101125203_full,glm,prompt_B,pi_main,PI+F_N+LOW_I+LOW_B,F_N,LOW_I,LOW_B,,3.2
10.3030_101125203_full,glm,prompt_B,pi_main,PI+F_N+TOP_I+HIGH_B,F_N,TOP_I,HIGH_B,,3.4
10.3030_101125203_full,glm,prompt_B,pi_main,PI+F_N+TOP_I+LOW_B,F_N,TOP_I,LOW_B,,3.2
10.3030_101125203_full,glm,prompt_B,pi_main,PI+M_N+LOW_I+HIGH_B,M_N,LOW_I,HIGH_B,,3.4
10.3030_101125203_full,glm,prompt_B,pi_main,PI+M_N+LOW_I+LOW_B,M_N,LOW_I,LOW_B,,3.1
10.3030_101125203_full,glm,prompt_B,pi_main,PI+M_N+TOP_I+HIGH_B,M_N,TOP_I,HIGH_B,,3.4
10.3030_101125203_full,glm,prompt_B,pi_main,PI+M_N+TOP_I+LOW_B,M_N,TOP_I,LOW_B,,3.1
10.3030_101125203_full,glm,prompt_C,ai_main,AI+AI_N,,,,AI_N,3.4
10.3030_101125203_full,glm,prompt_C,ai_main,AI+AI_Y,,,,AI_Y,3.3
10.3030_101125203_full,glm,prompt_C,blind_baseline,NONE,,,,,3.5
10.3030_101125203_full,glm,prompt_C,pi_main,PI+F_N+LOW_I+HIGH_B,F_N,LOW_I,HIGH_B,,3.5
10.3030_101125203_full,glm,prompt_C,pi_main,PI+F_N+LOW_I+LOW_B,F_N,LOW_I,LOW_B,,3.4
10.3030_101125203_full,glm,prompt_C,pi_main,PI+F_N+TOP_I+HIGH_B,F_N,TOP_I,HIGH_B,,3.6
10.3030_101125203_full,glm,prompt_C,pi_main,PI+F_N+TOP_I+LOW_B,F_N,TOP_I,LOW_B,,3.5
10.3030_101125203_full,glm,prompt_C,pi_main,PI+M_N+LOW_I+HIGH_B,M_N,LOW_I,HIGH_B,,3.5
10.3030_101125203_full,glm,prompt_C,pi_main,PI+M_N+LOW_I+LOW_B,M_N,LOW_I,LOW_B,,3.4
10.3030_101125203_full,glm,prompt_C,pi_main,PI+M_N+TOP_I+HIGH_B,M_N,TOP_I,HIGH_B,,3.5
10.3030_101125203_full,glm,prompt_C,pi_main,PI+M_N+TOP_I+LOW_B,M_N,TOP_I,LOW_B,,3.3
10.3030_101125203_full,gpt,prompt_A,ai_main,AI+AI_N,,,,AI_N,3.5
10.3030_101125203_full,gpt,prompt_A,ai_main,AI+AI_Y,,,,AI_Y,3.5
10.3030_101125203_full,gpt,prompt_A,blind_baseline,NONE,,,,,3.6
10.3030_101125203_full,gpt,prompt_A,pi_main,PI+F_N+LOW_I+HIGH_B,F_N,LOW_I,HIGH_B,,3.8
10.3030_101125203_full,gpt,prompt_A,pi_main,PI+F_N+LOW_I+LOW_B,F_N,LOW_I,LOW_B,,3.5
10.3030_101125203_full,gpt,prompt_A,pi_main,PI+F_N+TOP_I+HIGH_B,F_N,TOP_I,HIGH_B,,3.9
10.3030_101125203_full,gpt,prompt_A,pi_main,PI+F_N+TOP_I+LOW_B,F_N,TOP_I,LOW_B,,3.5
10.3030_101125203_full,gpt,prompt_A,pi_main,PI+M_N+LOW_I+HIGH_B,M_N,LOW_I,HIGH_B,,3.6
10.3030_101125203_full,gpt,prompt_A,pi_main,PI+M_N+LOW_I+LOW_B,M_N,LOW_I,LOW_B,,3.5
10.3030_101125203_full,gpt,prompt_A,pi_main,PI+M_N+TOP_I+HIGH_B,M_N,TOP_I,HIGH_B,,3.7
10.3030_101125203_full,gpt,prompt_A,pi_main,PI+M_N+TOP_I+LOW_B,M_N,TOP_I,LOW_B,,3.5
10.3030_101125203_full,gpt,prompt_B,ai_main,AI+AI_N,,,,AI_N,3.5
10.3030_101125203_full,gpt,prompt_B,ai_main,AI+AI_Y,,,,AI_Y,3.5
10.3030_101125203_full,gpt,prompt_B,blind_baseline,NONE,,,,,3.5
10.3030_101125203_full,gpt,prompt_B,pi_main,PI+F_N+LOW_I+HIGH_B,F_N,LOW_I,HIGH_B,,3.8
10.3030_101125203_full,gpt,prompt_B,pi_main,PI+F_N+LOW_I+LOW_B,F_N,LOW_I,LOW_B,,3.6
10.3030_101125203_full,gpt,prompt_B,pi_main,PI+F_N+TOP_I+HIGH_B,F_N,TOP_I,HIGH_B,,3.5
10.3030_101125203_full,gpt,prompt_B,pi_main,PI+F_N+TOP_I+LOW_B,F_N,TOP_I,LOW_B,,3.6
10.3030_101125203_full,gpt,prompt_B,pi_main,PI+M_N+LOW_I+HIGH_B,M_N,LOW_I,HIGH_B,,3.6
10.3030_101125203_full,gpt,prompt_B,pi_main,PI+M_N+LOW_I+LOW_B,M_N,LOW_I,LOW_B,,3.5
10.3030_101125203_full,gpt,prompt_B,pi_main,PI+M_N+TOP_I+HIGH_B,M_N,TOP_I,HIGH_B,,3.6
10.3030_101125203_full,gpt,prompt_B,pi_main,PI+M_N+TOP_I+LOW_B,M_N,TOP_I,LOW_B,,3.5
10.3030_101125203_full,gpt,prompt_C,ai_main,AI+AI_N,,,,AI_N,3.5
10.3030_101125203_full,gpt,prompt_C,ai_main,AI+AI_Y,,,,AI_Y,3.5
10.3030_101125203_full,gpt,prompt_C,blind_baseline,NONE,,,,,3.8
10.3030_101125203_full,gpt,prompt_C,pi_main,PI+F_N+LOW_I+HIGH_B,F_N,LOW_I,HIGH_B,,3.5
10.3030_101125203_full,gpt,prompt_C,pi_main,PI+F_N+LOW_I+LOW_B,F_N,LOW_I,LOW_B,,3.5
10.3030_101125203_full,gpt,prompt_C,pi_main,PI+F_N+TOP_I+HIGH_B,F_N,TOP_I,HIGH_B,,3.7
10.3030_101125203_full,gpt,prompt_C,pi_main,PI+F_N+TOP_I+LOW_B,F_N,TOP_I,LOW_B,,3.5
10.3030_101125203_full,gpt,prompt_C,pi_main,PI+M_N+LOW_I+HIGH_B,M_N,LOW_I,HIGH_B,,3.7
10.3030_101125203_full,gpt,prompt_C,pi_main,PI+M_N+LOW_I+LOW_B,M_N,LOW_I,LOW_B,,3.5
10.3030_101125203_full,gpt,prompt_C,pi_main,PI+M_N+TOP_I+HIGH_B,M_N,TOP_I,HIGH_B,,3.5
10.3030_101125203_full,gpt,prompt_C,pi_main,PI+M_N+TOP_I+LOW_B,M_N,TOP_I,LOW_B,,3.5
10.3030_101125203_full,kimi,prompt_A,ai_main,AI+AI_N,,,,AI_N,3.9
10.3030_101125203_full,kimi,prompt_A,ai_main,AI+AI_Y,,,,AI_Y,3.7
10.3030_101125203_full,kimi,prompt_A,blind_baseline,NONE,,,,,3.9
10.3030_101125203_full,kimi,prompt_A,pi_main,PI+F_N+LOW_I+HIGH_B,F_N,LOW_I,HIGH_B,,3.3
10.3030_101125203_full,kimi,prompt_A,pi_main,PI+F_N+LOW_I+LOW_B,F_N,LOW_I,LOW_B,,3.0
10.3030_101125203_full,kimi,prompt_A,pi_main,PI+F_N+TOP_I+HIGH_B,F_N,TOP_I,HIGH_B,,3.5
10.3030_101125203_full,kimi,prompt_A,pi_main,PI+F_N+TOP_I+LOW_B,F_N,TOP_I,LOW_B,,3.0
10.3030_101125203_full,kimi,prompt_A,pi_main,PI+M_N+LOW_I+HIGH_B,M_N,LOW_I,HIGH_B,,3.3
10.3030_101125203_full,kimi,prompt_A,pi_main,PI+M_N+LOW_I+LOW_B,M_N,LOW_I,LOW_B,,3.0
10.3030_101125203_full,kimi,prompt_A,pi_main,PI+M_N+TOP_I+HIGH_B,M_N,TOP_I,HIGH_B,,3.8
10.3030_101125203_full,kimi,prompt_A,pi_main,PI+M_N+TOP_I+LOW_B,M_N,TOP_I,LOW_B,,3.0
10.3030_101125203_full,kimi,prompt_B,ai_main,AI+AI_N,,,,AI_N,4.0
10.3030_101125203_full,kimi,prompt_B,ai_main,AI+AI_Y,,,,AI_Y,3.7
10.3030_101125203_full,kimi,prompt_B,blind_baseline,NONE,,,,,4.0
10.3030_101125203_full,kimi,prompt_B,pi_main,PI+F_N+LOW_I+HIGH_B,F_N,LOW_I,HIGH_B,,3.6
10.3030_101125203_full,kimi,prompt_B,pi_main,PI+F_N+LOW_I+LOW_B,F_N,LOW_I,LOW_B,,3.1
10.3030_101125203_full,kimi,prompt_B,pi_main,PI+F_N+TOP_I+HIGH_B,F_N,TOP_I,HIGH_B,,4.0
10.3030_101125203_full,kimi,prompt_B,pi_main,PI+F_N+TOP_I+LOW_B,F_N,TOP_I,LOW_B,,3.2
10.3030_101125203_full,kimi,prompt_B,pi_main,PI+M_N+LOW_I+HIGH_B,M_N,LOW_I,HIGH_B,,3.5
10.3030_101125203_full,kimi,prompt_B,pi_main,PI+M_N+LOW_I+LOW_B,M_N,LOW_I,LOW_B,,3.1
10.3030_101125203_full,kimi,prompt_B,pi_main,PI+M_N+TOP_I+HIGH_B,M_N,TOP_I,HIGH_B,,4.0
10.3030_101125203_full,kimi,prompt_B,pi_main,PI+M_N+TOP_I+LOW_B,M_N,TOP_I,LOW_B,,3.2
10.3030_101125203_full,kimi,prompt_C,ai_main,AI+AI_N,,,,AI_N,3.9
10.3030_101125203_full,kimi,prompt_C,ai_main,AI+AI_Y,,,,AI_Y,3.7
10.3030_101125203_full,kimi,prompt_C,blind_baseline,NONE,,,,,3.8
10.3030_101125203_full,kimi,prompt_C,pi_main,PI+F_N+LOW_I+HIGH_B,F_N,LOW_I,HIGH_B,,3.7
10.3030_101125203_full,kimi,prompt_C,pi_main,PI+F_N+LOW_I+LOW_B,F_N,LOW_I,LOW_B,,3.0
10.3030_101125203_full,kimi,prompt_C,pi_main,PI+F_N+TOP_I+HIGH_B,F_N,TOP_I,HIGH_B,,3.9
10.3030_101125203_full,kimi,prompt_C,pi_main,PI+F_N+TOP_I+LOW_B,F_N,TOP_I,LOW_B,,3.3
10.3030_101125203_full,kimi,prompt_C,pi_main,PI+M_N+LOW_I+HIGH_B,M_N,LOW_I,HIGH_B,,3.9
10.3030_101125203_full,kimi,prompt_C,pi_main,PI+M_N+LOW_I+LOW_B,M_N,LOW_I,LOW_B,,3.0
10.3030_101125203_full,kimi,prompt_C,pi_main,PI+M_N+TOP_I+HIGH_B,M_N,TOP_I,HIGH_B,,3.9
10.3030_101125203_full,kimi,prompt_C,pi_main,PI+M_N+TOP_I+LOW_B,M_N,TOP_I,LOW_B,,3.4
10.3030_101125203_full,ministral,prompt_A,ai_main,AI+AI_N,,,,AI_N,3.5
10.3030_101125203_full,ministral,prompt_A,ai_main,AI+AI_Y,,,,AI_Y,3.5
10.3030_101125203_full,ministral,prompt_A,blind_baseline,NONE,,,,,3.5
10.3030_101125203_full,ministral,prompt_A,pi_main,PI+F_N+LOW_I+HIGH_B,F_N,LOW_I,HIGH_B,,3.5
10.3030_101125203_full,ministral,prompt_A,pi_main,PI+F_N+LOW_I+LOW_B,F_N,LOW_I,LOW_B,,3.0
10.3030_101125203_full,ministral,prompt_A,pi_main,PI+F_N+TOP_I+HIGH_B,F_N,TOP_I,HIGH_B,,3.5
10.3030_101125203_full,ministral,prompt_A,pi_main,PI+F_N+TOP_I+LOW_B,F_N,TOP_I,LOW_B,,3.5
10.3030_101125203_full,ministral,prompt_A,pi_main,PI+M_N+LOW_I+HIGH_B,M_N,LOW_I,HIGH_B,,3.5
10.3030_101125203_full,ministral,prompt_A,pi_main,PI+M_N+LOW_I+LOW_B,M_N,LOW_I,LOW_B,,3.0
10.3030_101125203_full,ministral,prompt_A,pi_main,PI+M_N+TOP_I+HIGH_B,M_N,TOP_I,HIGH_B,,3.5
10.3030_101125203_full,ministral,prompt_A,pi_main,PI+M_N+TOP_I+LOW_B,M_N,TOP_I,LOW_B,,3.0
10.3030_101125203_full,ministral,prompt_B,ai_main,AI+AI_N,,,,AI_N,3.5
10.3030_101125203_full,ministral,prompt_B,ai_main,AI+AI_Y,,,,AI_Y,3.5
10.3030_101125203_full,ministral,prompt_B,blind_baseline,NONE,,,,,3.5
10.3030_101125203_full,ministral,prompt_B,pi_main,PI+F_N+LOW_I+HIGH_B,F_N,LOW_I,HIGH_B,,3.5
10.3030_101125203_full,ministral,prompt_B,pi_main,PI+F_N+LOW_I+LOW_B,F_N,LOW_I,LOW_B,,3.5
10.3030_101125203_full,ministral,prompt_B,pi_main,PI+F_N+TOP_I+HIGH_B,F_N,TOP_I,HIGH_B,,3.5
10.3030_101125203_full,ministral,prompt_B,pi_main,PI+F_N+TOP_I+LOW_B,F_N,TOP_I,LOW_B,,3.5
10.3030_101125203_full,ministral,prompt_B,pi_main,PI+M_N+LOW_I+HIGH_B,M_N,LOW_I,HIGH_B,,3.5
10.3030_101125203_full,ministral,prompt_B,pi_main,PI+M_N+LOW_I+LOW_B,M_N,LOW_I,LOW_B,,3.5
10.3030_101125203_full,ministral,prompt_B,pi_main,PI+M_N+TOP_I+HIGH_B,M_N,TOP_I,HIGH_B,,3.5
10.3030_101125203_full,ministral,prompt_B,pi_main,PI+M_N+TOP_I+LOW_B,M_N,TOP_I,LOW_B,,3.5
10.3030_101125203_full,ministral,prompt_C,ai_main,AI+AI_N,,,,AI_N,3.5
10.3030_101125203_full,ministral,prompt_C,ai_main,AI+AI_Y,,,,AI_Y,3.5
10.3030_101125203_full,ministral,prompt_C,blind_baseline,NONE,,,,,3.5
10.3030_101125203_full,ministral,prompt_C,pi_main,PI+F_N+LOW_I+HIGH_B,F_N,LOW_I,HIGH_B,,3.5
10.3030_101125203_full,ministral,prompt_C,pi_main,PI+F_N+LOW_I+LOW_B,F_N,LOW_I,LOW_B,,3.5
10.3030_101125203_full,ministral,prompt_C,pi_main,PI+F_N+TOP_I+HIGH_B,F_N,TOP_I,HIGH_B,,3.5
10.3030_101125203_full,ministral,prompt_C,pi_main,PI+F_N+TOP_I+LOW_B,F_N,TOP_I,LOW_B,,3.5
10.3030_101125203_full,ministral,prompt_C,pi_main,PI+M_N+LOW_I+HIGH_B,M_N,LOW_I,HIGH_B,,3.5
10.3030_101125203_full,ministral,prompt_C,pi_main,PI+M_N+LOW_I+LOW_B,M_N,LOW_I,LOW_B,,3.5
10.3030_101125203_full,ministral,prompt_C,pi_main,PI+M_N+TOP_I+HIGH_B,M_N,TOP_I,HIGH_B,,3.5
10.3030_101125203_full,ministral,prompt_C,pi_main,PI+M_N+TOP_I+LOW_B,M_N,TOP_I,LOW_B,,3.5
10.3030_101125203_full,mistral,prompt_A,ai_main,AI+AI_N,,,,AI_N,4.0
10.3030_101125203_full,mistral,prompt_A,ai_main,AI+AI_Y,,,,AI_Y,4.0
10.3030_101125203_full,mistral,prompt_A,blind_baseline,NONE,,,,,4.0
10.3030_101125203_full,mistral,prompt_A,pi_main,PI+F_N+LOW_I+HIGH_B,F_N,LOW_I,HIGH_B,,4.0
10.3030_101125203_full,mistral,prompt_A,pi_main,PI+F_N+LOW_I+LOW_B,F_N,LOW_I,LOW_B,,3.7
10.3030_101125203_full,mistral,prompt_A,pi_main,PI+F_N+TOP_I+HIGH_B,F_N,TOP_I,HIGH_B,,3.8
10.3030_101125203_full,mistral,prompt_A,pi_main,PI+F_N+TOP_I+LOW_B,F_N,TOP_I,LOW_B,,4.0
10.3030_101125203_full,mistral,prompt_A,pi_main,PI+M_N+LOW_I+HIGH_B,M_N,LOW_I,HIGH_B,,4.0
10.3030_101125203_full,mistral,prompt_A,pi_main,PI+M_N+LOW_I+LOW_B,M_N,LOW_I,LOW_B,,3.7
10.3030_101125203_full,mistral,prompt_A,pi_main,PI+M_N+TOP_I+HIGH_B,M_N,TOP_I,HIGH_B,,4.0
10.3030_101125203_full,mistral,prompt_A,pi_main,PI+M_N+TOP_I+LOW_B,M_N,TOP_I,LOW_B,,4.0
10.3030_101125203_full,mistral,prompt_B,ai_main,AI+AI_N,,,,AI_N,4.0
10.3030_101125203_full,mistral,prompt_B,ai_main,AI+AI_Y,,,,AI_Y,3.9
10.3030_101125203_full,mistral,prompt_B,blind_baseline,NONE,,,,,4.0
10.3030_101125203_full,mistral,prompt_B,pi_main,PI+F_N+LOW_I+HIGH_B,F_N,LOW_I,HIGH_B,,4.0
10.3030_101125203_full,mistral,prompt_B,pi_main,PI+F_N+LOW_I+LOW_B,F_N,LOW_I,LOW_B,,4.0
10.3030_101125203_full,mistral,prompt_B,pi_main,PI+F_N+TOP_I+HIGH_B,F_N,TOP_I,HIGH_B,,4.0
10.3030_101125203_full,mistral,prompt_B,pi_main,PI+F_N+TOP_I+LOW_B,F_N,TOP_I,LOW_B,,4.0
10.3030_101125203_full,mistral,prompt_B,pi_main,PI+M_N+LOW_I+HIGH_B,M_N,LOW_I,HIGH_B,,4.0
10.3030_101125203_full,mistral,prompt_B,pi_main,PI+M_N+LOW_I+LOW_B,M_N,LOW_I,LOW_B,,3.9
10.3030_101125203_full,mistral,prompt_B,pi_main,PI+M_N+TOP_I+HIGH_B,M_N,TOP_I,HIGH_B,,4.0
10.3030_101125203_full,mistral,prompt_B,pi_main,PI+M_N+TOP_I+LOW_B,M_N,TOP_I,LOW_B,,4.0
10.3030_101125203_full,mistral,prompt_C,ai_main,AI+AI_N,,,,AI_N,4.0
10.3030_101125203_full,mistral,prompt_C,ai_main,AI+AI_Y,,,,AI_Y,4.0
10.3030_101125203_full,mistral,prompt_C,blind_baseline,NONE,,,,,4.0
10.3030_101125203_full,mistral,prompt_C,pi_main,PI+F_N+LOW_I+HIGH_B,F_N,LOW_I,HIGH_B,,4.0
10.3030_101125203_full,mistral,prompt_C,pi_main,PI+F_N+LOW_I+LOW_B,F_N,LOW_I,LOW_B,,4.0
10.3030_101125203_full,mistral,prompt_C,pi_main,PI+F_N+TOP_I+HIGH_B,F_N,TOP_I,HIGH_B,,4.0
10.3030_101125203_full,mistral,prompt_C,pi_main,PI+F_N+TOP_I+LOW_B,F_N,TOP_I,LOW_B,,4.0
10.3030_101125203_full,mistral,prompt_C,pi_main,PI+M_N+LOW_I+HIGH_B,M_N,LOW_I,HIGH_B,,4.0
10.3030_101125203_full,mistral,prompt_C,pi_main,PI+M_N+LOW_I+LOW_B,M_N,LOW_I,LOW_B,,4.0
10.3030_101125203_full,mistral,prompt_C,pi_main,PI+M_N+TOP_I+HIGH_B,M_N,TOP_I,HIGH_B,,4.0
10.3030_101125203_full,mistral,prompt_C,pi_main,PI+M_N+TOP_I+LOW_B,M_N,TOP_I,LOW_B,,4.0
10.3030_101125203_full,phi,prompt_A,ai_main,AI+AI_N,,,,AI_N,3.5
10.3030_101125203_full,phi,prompt_A,ai_main,AI+AI_Y,,,,AI_Y,3.5
10.3030_101125203_full,phi,prompt_A,blind_baseline,NONE,,,,,3.5
10.3030_101125203_full,phi,prompt_A,pi_main,PI+F_N+LOW_I+HIGH_B,F_N,LOW_I,HIGH_B,,3.5
10.3030_101125203_full,phi,prompt_A,pi_main,PI+F_N+LOW_I+LOW_B,F_N,LOW_I,LOW_B,,3.5
10.3030_101125203_full,phi,prompt_A,pi_main,PI+F_N+TOP_I+HIGH_B,F_N,TOP_I,HIGH_B,,3.5
10.3030_101125203_full,phi,prompt_A,pi_main,PI+F_N+TOP_I+LOW_B,F_N,TOP_I,LOW_B,,3.5
10.3030_101125203_full,phi,prompt_A,pi_main,PI+M_N+LOW_I+HIGH_B,M_N,LOW_I,HIGH_B,,3.5
10.3030_101125203_full,phi,prompt_A,pi_main,PI+M_N+LOW_I+LOW_B,M_N,LOW_I,LOW_B,,3.0
10.3030_101125203_full,phi,prompt_A,pi_main,PI+M_N+TOP_I+HIGH_B,M_N,TOP_I,HIGH_B,,3.5
10.3030_101125203_full,phi,prompt_A,pi_main,PI+M_N+TOP_I+LOW_B,M_N,TOP_I,LOW_B,,3.5
10.3030_101125203_full,phi,prompt_B,ai_main,AI+AI_N,,,,AI_N,3.5
10.3030_101125203_full,phi,prompt_B,ai_main,AI+AI_Y,,,,AI_Y,3.5
10.3030_101125203_full,phi,prompt_B,blind_baseline,NONE,,,,,3.5
10.3030_101125203_full,phi,prompt_B,pi_main,PI+F_N+LOW_I+HIGH_B,F_N,LOW_I,HIGH_B,,3.5
10.3030_101125203_full,phi,prompt_B,pi_main,PI+F_N+LOW_I+LOW_B,F_N,LOW_I,LOW_B,,3.5
10.3030_101125203_full,phi,prompt_B,pi_main,PI+F_N+TOP_I+HIGH_B,F_N,TOP_I,HIGH_B,,3.5
10.3030_101125203_full,phi,prompt_B,pi_main,PI+F_N+TOP_I+LOW_B,F_N,TOP_I,LOW_B,,3.5
10.3030_101125203_full,phi,prompt_B,pi_main,PI+M_N+LOW_I+HIGH_B,M_N,LOW_I,HIGH_B,,3.5
10.3030_101125203_full,phi,prompt_B,pi_main,PI+M_N+LOW_I+LOW_B,M_N,LOW_I,LOW_B,,3.5
10.3030_101125203_full,phi,prompt_B,pi_main,PI+M_N+TOP_I+HIGH_B,M_N,TOP_I,HIGH_B,,3.5
10.3030_101125203_full,phi,prompt_B,pi_main,PI+M_N+TOP_I+LOW_B,M_N,TOP_I,LOW_B,,3.5
10.3030_101125203_full,phi,prompt_C,ai_main,AI+AI_N,,,,AI_N,3.5
10.3030_101125203_full,phi,prompt_C,ai_main,AI+AI_Y,,,,AI_Y,3.5
10.3030_101125203_full,phi,prompt_C,blind_baseline,NONE,,,,,3.5
10.3030_101125203_full,phi,prompt_C,pi_main,PI+F_N+LOW_I+HIGH_B,F_N,LOW_I,HIGH_B,,3.5
10.3030_101125203_full,phi,prompt_C,pi_main,PI+F_N+LOW_I+LOW_B,F_N,LOW_I,LOW_B,,3.5
10.3030_101125203_full,phi,prompt_C,pi_main,PI+F_N+TOP_I+HIGH_B,F_N,TOP_I,HIGH_B,,3.5
10.3030_101125203_full,phi,prompt_C,pi_main,PI+F_N+TOP_I+LOW_B,F_N,TOP_I,LOW_B,,3.5
10.3030_101125203_full,phi,prompt_C,pi_main,PI+M_N+LOW_I+HIGH_B,M_N,LOW_I,HIGH_B,,3.5
10.3030_101125203_full,phi,prompt_C,pi_main,PI+M_N+LOW_I+LOW_B,M_N,LOW_I,LOW_B,,3.5
10.3030_101125203_full,phi,prompt_C,pi_main,PI+M_N+TOP_I+HIGH_B,M_N,TOP_I,HIGH_B,,3.5
10.3030_101125203_full,phi,prompt_C,pi_main,PI+M_N+TOP_I+LOW_B,M_N,TOP_I,LOW_B,,3.5
10.3030_101125325_full,deepseek,prompt_A,ai_main,AI+AI_N,,,,AI_N,3.5
10.3030_101125325_full,deepseek,prompt_A,ai_main,AI+AI_Y,,,,AI_Y,3.4
10.3030_101125325_full,deepseek,prompt_A,blind_baseline,NONE,,,,,3.6
10.3030_101125325_full,deepseek,prompt_A,pi_main,PI+F_N+LOW_I+HIGH_B,F_N,LOW_I,HIGH_B,,3.4
10.3030_101125325_full,deepseek,prompt_A,pi_main,PI+F_N+LOW_I+LOW_B,F_N,LOW_I,LOW_B,,3.2
10.3030_101125325_full,deepseek,prompt_A,pi_main,PI+F_N+TOP_I+HIGH_B,F_N,TOP_I,HIGH_B,,3.5
10.3030_101125325_full,deepseek,prompt_A,pi_main,PI+F_N+TOP_I+LOW_B,F_N,TOP_I,LOW_B,,3.4
10.3030_101125325_full,deepseek,prompt_A,pi_main,PI+M_N+LOW_I+HIGH_B,M_N,LOW_I,HIGH_B,,3.5
10.3030_101125325_full,deepseek,prompt_A,pi_main,PI+M_N+LOW_I+LOW_B,M_N,LOW_I,LOW_B,,3.4
10.3030_101125325_full,deepseek,prompt_A,pi_main,PI+M_N+TOP_I+HIGH_B,M_N,TOP_I,HIGH_B,,3.1
10.3030_101125325_full,deepseek,prompt_A,pi_main,PI+M_N+TOP_I+LOW_B,M_N,TOP_I,LOW_B,,3.4
10.3030_101125325_full,deepseek,prompt_B,ai_main,AI+AI_N,,,,AI_N,3.4
10.3030_101125325_full,deepseek,prompt_B,ai_main,AI+AI_Y,,,,AI_Y,3.5
10.3030_101125325_full,deepseek,prompt_B,blind_baseline,NONE,,,,,3.5
10.3030_101125325_full,deepseek,prompt_B,pi_main,PI+F_N+LOW_I+HIGH_B,F_N,LOW_I,HIGH_B,,3.5
10.3030_101125325_full,deepseek,prompt_B,pi_main,PI+F_N+LOW_I+LOW_B,F_N,LOW_I,LOW_B,,3.5
10.3030_101125325_full,deepseek,prompt_B,pi_main,PI+F_N+TOP_I+HIGH_B,F_N,TOP_I,HIGH_B,,3.5
10.3030_101125325_full,deepseek,prompt_B,pi_main,PI+F_N+TOP_I+LOW_B,F_N,TOP_I,LOW_B,,3.5
10.3030_101125325_full,deepseek,prompt_B,pi_main,PI+M_N+LOW_I+HIGH_B,M_N,LOW_I,HIGH_B,,3.4
10.3030_101125325_full,deepseek,prompt_B,pi_main,PI+M_N+LOW_I+LOW_B,M_N,LOW_I,LOW_B,,3.1
10.3030_101125325_full,deepseek,prompt_B,pi_main,PI+M_N+TOP_I+HIGH_B,M_N,TOP_I,HIGH_B,,3.3
10.3030_101125325_full,deepseek,prompt_B,pi_main,PI+M_N+TOP_I+LOW_B,M_N,TOP_I,LOW_B,,3.4
10.3030_101125325_full,deepseek,prompt_C,ai_main,AI+AI_N,,,,AI_N,3.6
10.3030_101125325_full,deepseek,prompt_C,ai_main,AI+AI_Y,,,,AI_Y,3.4
10.3030_101125325_full,deepseek,prompt_C,blind_baseline,NONE,,,,,3.6
10.3030_101125325_full,deepseek,prompt_C,pi_main,PI+F_N+LOW_I+HIGH_B,F_N,LOW_I,HIGH_B,,3.4
10.3030_101125325_full,deepseek,prompt_C,pi_main,PI+F_N+LOW_I+LOW_B,F_N,LOW_I,LOW_B,,3.5
10.3030_101125325_full,deepseek,prompt_C,pi_main,PI+F_N+TOP_I+HIGH_B,F_N,TOP_I,HIGH_B,,3.5
10.3030_101125325_full,deepseek,prompt_C,pi_main,PI+F_N+TOP_I+LOW_B,F_N,TOP_I,LOW_B,,3.5
10.3030_101125325_full,deepseek,prompt_C,pi_main,PI+M_N+LOW_I+HIGH_B,M_N,LOW_I,HIGH_B,,3.8
10.3030_101125325_full,deepseek,prompt_C,pi_main,PI+M_N+LOW_I+LOW_B,M_N,LOW_I,LOW_B,,3.4
10.3030_101125325_full,deepseek,prompt_C,pi_main,PI+M_N+TOP_I+HIGH_B,M_N,TOP_I,HIGH_B,,3.3
10.3030_101125325_full,deepseek,prompt_C,pi_main,PI+M_N+TOP_I+LOW_B,M_N,TOP_I,LOW_B,,3.1
10.3030_101125325_full,gemma,prompt_A,ai_main,AI+AI_N,,,,AI_N,3.5
10.3030_101125325_full,gemma,prompt_A,ai_main,AI+AI_Y,,,,AI_Y,3.5
10.3030_101125325_full,gemma,prompt_A,blind_baseline,NONE,,,,,3.5
10.3030_101125325_full,gemma,prompt_A,pi_main,PI+F_N+LOW_I+HIGH_B,F_N,LOW_I,HIGH_B,,3.5
10.3030_101125325_full,gemma,prompt_A,pi_main,PI+F_N+LOW_I+LOW_B,F_N,LOW_I,LOW_B,,3.0
10.3030_101125325_full,gemma,prompt_A,pi_main,PI+F_N+TOP_I+HIGH_B,F_N,TOP_I,HIGH_B,,3.5
10.3030_101125325_full,gemma,prompt_A,pi_main,PI+F_N+TOP_I+LOW_B,F_N,TOP_I,LOW_B,,3.5
10.3030_101125325_full,gemma,prompt_A,pi_main,PI+M_N+LOW_I+HIGH_B,M_N,LOW_I,HIGH_B,,3.5
10.3030_101125325_full,gemma,prompt_A,pi_main,PI+M_N+LOW_I+LOW_B,M_N,LOW_I,LOW_B,,3.0
10.3030_101125325_full,gemma,prompt_A,pi_main,PI+M_N+TOP_I+HIGH_B,M_N,TOP_I,HIGH_B,,3.5
10.3030_101125325_full,gemma,prompt_A,pi_main,PI+M_N+TOP_I+LOW_B,M_N,TOP_I,LOW_B,,3.5
10.3030_101125325_full,gemma,prompt_B,ai_main,AI+AI_N,,,,AI_N,3.5
10.3030_101125325_full,gemma,prompt_B,ai_main,AI+AI_Y,,,,AI_Y,3.5
10.3030_101125325_full,gemma,prompt_B,blind_baseline,NONE,,,,,3.5
10.3030_101125325_full,gemma,prompt_B,pi_main,PI+F_N+LOW_I+HIGH_B,F_N,LOW_I,HIGH_B,,3.5
10.3030_101125325_full,gemma,prompt_B,pi_main,PI+F_N+LOW_I+LOW_B,F_N,LOW_I,LOW_B,,3.5
10.3030_101125325_full,gemma,prompt_B,pi_main,PI+F_N+TOP_I+HIGH_B,F_N,TOP_I,HIGH_B,,3.5
10.3030_101125325_full,gemma,prompt_B,pi_main,PI+F_N+TOP_I+LOW_B,F_N,TOP_I,LOW_B,,3.5
10.3030_101125325_full,gemma,prompt_B,pi_main,PI+M_N+LOW_I+HIGH_B,M_N,LOW_I,HIGH_B,,3.5
10.3030_101125325_full,gemma,prompt_B,pi_main,PI+M_N+LOW_I+LOW_B,M_N,LOW_I,LOW_B,,3.5
10.3030_101125325_full,gemma,prompt_B,pi_main,PI+M_N+TOP_I+HIGH_B,M_N,TOP_I,HIGH_B,,3.5
10.3030_101125325_full,gemma,prompt_B,pi_main,PI+M_N+TOP_I+LOW_B,M_N,TOP_I,LOW_B,,3.5
10.3030_101125325_full,gemma,prompt_C,ai_main,AI+AI_N,,,,AI_N,3.5
10.3030_101125325_full,gemma,prompt_C,ai_main,AI+AI_Y,,,,AI_Y,3.5
10.3030_101125325_full,gemma,prompt_C,blind_baseline,NONE,,,,,3.5
10.3030_101125325_full,gemma,prompt_C,pi_main,PI+F_N+LOW_I+HIGH_B,F_N,LOW_I,HIGH_B,,3.5
10.3030_101125325_full,gemma,prompt_C,pi_main,PI+F_N+LOW_I+LOW_B,F_N,LOW_I,LOW_B,,3.5
10.3030_101125325_full,gemma,prompt_C,pi_main,PI+F_N+TOP_I+HIGH_B,F_N,TOP_I,HIGH_B,,3.5
10.3030_101125325_full,gemma,prompt_C,pi_main,PI+F_N+TOP_I+LOW_B,F_N,TOP_I,LOW_B,,3.5
10.3030_101125325_full,gemma,prompt_C,pi_main,PI+M_N+LOW_I+HIGH_B,M_N,LOW_I,HIGH_B,,3.5
10.3030_101125325_full,gemma,prompt_C,pi_main,PI+M_N+LOW_I+LOW_B,M_N,LOW_I,LOW_B,,3.5
10.3030_101125325_full,gemma,prompt_C,pi_main,PI+M_N+TOP_I+HIGH_B,M_N,TOP_I,HIGH_B,,3.5
10.3030_101125325_full,gemma,prompt_C,pi_main,PI+M_N+TOP_I+LOW_B,M_N,TOP_I,LOW_B,,3.5
10.3030_101125325_full,glm,prompt_A,ai_main,AI+AI_N,,,,AI_N,3.3
10.3030_101125325_full,glm,prompt_A,ai_main,AI+AI_Y,,,,AI_Y,3.2
10.3030_101125325_full,glm,prompt_A,blind_baseline,NONE,,,,,3.4
10.3030_101125325_full,glm,prompt_A,pi_main,PI+F_N+LOW_I+HIGH_B,F_N,LOW_I,HIGH_B,,3.4
10.3030_101125325_full,glm,prompt_A,pi_main,PI+F_N+LOW_I+LOW_B,F_N,LOW_I,LOW_B,,3.1
10.3030_101125325_full,glm,prompt_A,pi_main,PI+F_N+TOP_I+HIGH_B,F_N,TOP_I,HIGH_B,,3.5
10.3030_101125325_full,glm,prompt_A,pi_main,PI+F_N+TOP_I+LOW_B,F_N,TOP_I,LOW_B,,3.2
10.3030_101125325_full,glm,prompt_A,pi_main,PI+M_N+LOW_I+HIGH_B,M_N,LOW_I,HIGH_B,,3.5
10.3030_101125325_full,glm,prompt_A,pi_main,PI+M_N+LOW_I+LOW_B,M_N,LOW_I,LOW_B,,3.0
10.3030_101125325_full,glm,prompt_A,pi_main,PI+M_N+TOP_I+HIGH_B,M_N,TOP_I,HIGH_B,,3.5
10.3030_101125325_full,glm,prompt_A,pi_main,PI+M_N+TOP_I+LOW_B,M_N,TOP_I,LOW_B,,3.1
10.3030_101125325_full,glm,prompt_B,ai_main,AI+AI_N,,,,AI_N,3.5
10.3030_101125325_full,glm,prompt_B,ai_main,AI+AI_Y,,,,AI_Y,3.4
10.3030_101125325_full,glm,prompt_B,blind_baseline,NONE,,,,,3.4
10.3030_101125325_full,glm,prompt_B,pi_main,PI+F_N+LOW_I+HIGH_B,F_N,LOW_I,HIGH_B,,3.5
10.3030_101125325_full,glm,prompt_B,pi_main,PI+F_N+LOW_I+LOW_B,F_N,LOW_I,LOW_B,,3.3
10.3030_101125325_full,glm,prompt_B,pi_main,PI+F_N+TOP_I+HIGH_B,F_N,TOP_I,HIGH_B,,3.4
10.3030_101125325_full,glm,prompt_B,pi_main,PI+F_N+TOP_I+LOW_B,F_N,TOP_I,LOW_B,,3.1
10.3030_101125325_full,glm,prompt_B,pi_main,PI+M_N+LOW_I+HIGH_B,M_N,LOW_I,HIGH_B,,3.4
10.3030_101125325_full,glm,prompt_B,pi_main,PI+M_N+LOW_I+LOW_B,M_N,LOW_I,LOW_B,,3.2
10.3030_101125325_full,glm,prompt_B,pi_main,PI+M_N+TOP_I+HIGH_B,M_N,TOP_I,HIGH_B,,3.5
10.3030_101125325_full,glm,prompt_B,pi_main,PI+M_N+TOP_I+LOW_B,M_N,TOP_I,LOW_B,,3.2
10.3030_101125325_full,glm,prompt_C,ai_main,AI+AI_N,,,,AI_N,3.4
10.3030_101125325_full,glm,prompt_C,ai_main,AI+AI_Y,,,,AI_Y,3.3
10.3030_101125325_full,glm,prompt_C,blind_baseline,NONE,,,,,3.5
10.3030_101125325_full,glm,prompt_C,pi_main,PI+F_N+LOW_I+HIGH_B,F_N,LOW_I,HIGH_B,,3.3
10.3030_101125325_full,glm,prompt_C,pi_main,PI+F_N+LOW_I+LOW_B,F_N,LOW_I,LOW_B,,3.3
10.3030_101125325_full,glm,prompt_C,pi_main,PI+F_N+TOP_I+HIGH_B,F_N,TOP_I,HIGH_B,,3.5
10.3030_101125325_full,glm,prompt_C,pi_main,PI+F_N+TOP_I+LOW_B,F_N,TOP_I,LOW_B,,3.2
10.3030_101125325_full,glm,prompt_C,pi_main,PI+M_N+LOW_I+HIGH_B,M_N,LOW_I,HIGH_B,,3.5
10.3030_101125325_full,glm,prompt_C,pi_main,PI+M_N+LOW_I+LOW_B,M_N,LOW_I,LOW_B,,3.3
10.3030_101125325_full,glm,prompt_C,pi_main,PI+M_N+TOP_I+HIGH_B,M_N,TOP_I,HIGH_B,,3.5
10.3030_101125325_full,glm,prompt_C,pi_main,PI+M_N+TOP_I+LOW_B,M_N,TOP_I,LOW_B,,3.3
10.3030_101125325_full,gpt,prompt_A,ai_main,AI+AI_N,,,,AI_N,3.5
10.3030_101125325_full,gpt,prompt_A,ai_main,AI+AI_Y,,,,AI_Y,3.5
10.3030_101125325_full,gpt,prompt_A,blind_baseline,NONE,,,,,3.5
10.3030_101125325_full,gpt,prompt_A,pi_main,PI+F_N+LOW_I+HIGH_B,F_N,LOW_I,HIGH_B,,3.5
10.3030_101125325_full,gpt,prompt_A,pi_main,PI+F_N+LOW_I+LOW_B,F_N,LOW_I,LOW_B,,3.5
10.3030_101125325_full,gpt,prompt_A,pi_main,PI+F_N+TOP_I+HIGH_B,F_N,TOP_I,HIGH_B,,3.5
10.3030_101125325_full,gpt,prompt_A,pi_main,PI+F_N+TOP_I+LOW_B,F_N,TOP_I,LOW_B,,3.5
10.3030_101125325_full,gpt,prompt_A,pi_main,PI+M_N+LOW_I+HIGH_B,M_N,LOW_I,HIGH_B,,3.5
10.3030_101125325_full,gpt,prompt_A,pi_main,PI+M_N+LOW_I+LOW_B,M_N,LOW_I,LOW_B,,3.5
10.3030_101125325_full,gpt,prompt_A,pi_main,PI+M_N+TOP_I+HIGH_B,M_N,TOP_I,HIGH_B,,3.5
10.3030_101125325_full,gpt,prompt_A,pi_main,PI+M_N+TOP_I+LOW_B,M_N,TOP_I,LOW_B,,3.5
10.3030_101125325_full,gpt,prompt_B,ai_main,AI+AI_N,,,,AI_N,3.5
10.3030_101125325_full,gpt,prompt_B,ai_main,AI+AI_Y,,,,AI_Y,3.5
10.3030_101125325_full,gpt,prompt_B,blind_baseline,NONE,,,,,3.5
10.3030_101125325_full,gpt,prompt_B,pi_main,PI+F_N+LOW_I+HIGH_B,F_N,LOW_I,HIGH_B,,3.6
10.3030_101125325_full,gpt,prompt_B,pi_main,PI+F_N+LOW_I+LOW_B,F_N,LOW_I,LOW_B,,3.5
10.3030_101125325_full,gpt,prompt_B,pi_main,PI+F_N+TOP_I+HIGH_B,F_N,TOP_I,HIGH_B,,3.5
10.3030_101125325_full,gpt,prompt_B,pi_main,PI+F_N+TOP_I+LOW_B,F_N,TOP_I,LOW_B,,3.5
10.3030_101125325_full,gpt,prompt_B,pi_main,PI+M_N+LOW_I+HIGH_B,M_N,LOW_I,HIGH_B,,3.5
10.3030_101125325_full,gpt,prompt_B,pi_main,PI+M_N+LOW_I+LOW_B,M_N,LOW_I,LOW_B,,3.6
10.3030_101125325_full,gpt,prompt_B,pi_main,PI+M_N+TOP_I+HIGH_B,M_N,TOP_I,HIGH_B,,3.5
10.3030_101125325_full,gpt,prompt_B,pi_main,PI+M_N+TOP_I+LOW_B,M_N,TOP_I,LOW_B,,3.5
10.3030_101125325_full,gpt,prompt_C,ai_main,AI+AI_N,,,,AI_N,3.5
10.3030_101125325_full,gpt,prompt_C,ai_main,AI+AI_Y,,,,AI_Y,3.5
10.3030_101125325_full,gpt,prompt_C,blind_baseline,NONE,,,,,3.5
10.3030_101125325_full,gpt,prompt_C,pi_main,PI+F_N+LOW_I+HIGH_B,F_N,LOW_I,HIGH_B,,3.5
10.3030_101125325_full,gpt,prompt_C,pi_main,PI+F_N+LOW_I+LOW_B,F_N,LOW_I,LOW_B,,3.5
10.3030_101125325_full,gpt,prompt_C,pi_main,PI+F_N+TOP_I+HIGH_B,F_N,TOP_I,HIGH_B,,3.5
10.3030_101125325_full,gpt,prompt_C,pi_main,PI+F_N+TOP_I+LOW_B,F_N,TOP_I,LOW_B,,3.5
10.3030_101125325_full,gpt,prompt_C,pi_main,PI+M_N+LOW_I+HIGH_B,M_N,LOW_I,HIGH_B,,3.5
10.3030_101125325_full,gpt,prompt_C,pi_main,PI+M_N+LOW_I+LOW_B,M_N,LOW_I,LOW_B,,3.5
10.3030_101125325_full,gpt,prompt_C,pi_main,PI+M_N+TOP_I+HIGH_B,M_N,TOP_I,HIGH_B,,3.5
10.3030_101125325_full,gpt,prompt_C,pi_main,PI+M_N+TOP_I+LOW_B,M_N,TOP_I,LOW_B,,3.5
10.3030_101125325_full,kimi,prompt_A,ai_main,AI+AI_N,,,,AI_N,3.6
10.3030_101125325_full,kimi,prompt_A,ai_main,AI+AI_Y,,,,AI_Y,3.5
10.3030_101125325_full,kimi,prompt_A,blind_baseline,NONE,,,,,3.5
10.3030_101125325_full,kimi,prompt_A,pi_main,PI+F_N+LOW_I+HIGH_B,F_N,LOW_I,HIGH_B,,3.5
10.3030_101125325_full,kimi,prompt_A,pi_main,PI+F_N+LOW_I+LOW_B,F_N,LOW_I,LOW_B,,3.5
10.3030_101125325_full,kimi,prompt_A,pi_main,PI+F_N+TOP_I+HIGH_B,F_N,TOP_I,HIGH_B,,3.5
10.3030_101125325_full,kimi,prompt_A,pi_main,PI+F_N+TOP_I+LOW_B,F_N,TOP_I,LOW_B,,3.5
10.3030_101125325_full,kimi,prompt_A,pi_main,PI+M_N+LOW_I+HIGH_B,M_N,LOW_I,HIGH_B,,3.5
10.3030_101125325_full,kimi,prompt_A,pi_main,PI+M_N+LOW_I+LOW_B,M_N,LOW_I,LOW_B,,3.5
10.3030_101125325_full,kimi,prompt_A,pi_main,PI+M_N+TOP_I+HIGH_B,M_N,TOP_I,HIGH_B,,3.5
10.3030_101125325_full,kimi,prompt_A,pi_main,PI+M_N+TOP_I+LOW_B,M_N,TOP_I,LOW_B,,3.6
10.3030_101125325_full,kimi,prompt_B,ai_main,AI+AI_N,,,,AI_N,3.9
10.3030_101125325_full,kimi,prompt_B,ai_main,AI+AI_Y,,,,AI_Y,3.6
10.3030_101125325_full,kimi,prompt_B,blind_baseline,NONE,,,,,3.7
10.3030_101125325_full,kimi,prompt_B,pi_main,PI+F_N+LOW_I+HIGH_B,F_N,LOW_I,HIGH_B,,3.5
10.3030_101125325_full,kimi,prompt_B,pi_main,PI+F_N+LOW_I+LOW_B,F_N,LOW_I,LOW_B,,3.6
10.3030_101125325_full,kimi,prompt_B,pi_main,PI+F_N+TOP_I+HIGH_B,F_N,TOP_I,HIGH_B,,3.6
10.3030_101125325_full,kimi,prompt_B,pi_main,PI+F_N+TOP_I+LOW_B,F_N,TOP_I,LOW_B,,3.7
10.3030_101125325_full,kimi,prompt_B,pi_main,PI+M_N+LOW_I+HIGH_B,M_N,LOW_I,HIGH_B,,3.8
10.3030_101125325_full,kimi,prompt_B,pi_main,PI+M_N+LOW_I+LOW_B,M_N,LOW_I,LOW_B,,3.5
10.3030_101125325_full,kimi,prompt_B,pi_main,PI+M_N+TOP_I+HIGH_B,M_N,TOP_I,HIGH_B,,3.7
10.3030_101125325_full,kimi,prompt_B,pi_main,PI+M_N+TOP_I+LOW_B,M_N,TOP_I,LOW_B,,3.7
10.3030_101125325_full,kimi,prompt_C,ai_main,AI+AI_N,,,,AI_N,3.5
10.3030_101125325_full,kimi,prompt_C,ai_main,AI+AI_Y,,,,AI_Y,3.7
10.3030_101125325_full,kimi,prompt_C,blind_baseline,NONE,,,,,3.6
10.3030_101125325_full,kimi,prompt_C,pi_main,PI+F_N+LOW_I+HIGH_B,F_N,LOW_I,HIGH_B,,3.5
10.3030_101125325_full,kimi,prompt_C,pi_main,PI+F_N+LOW_I+LOW_B,F_N,LOW_I,LOW_B,,3.5
10.3030_101125325_full,kimi,prompt_C,pi_main,PI+F_N+TOP_I+HIGH_B,F_N,TOP_I,HIGH_B,,3.6
10.3030_101125325_full,kimi,prompt_C,pi_main,PI+F_N+TOP_I+LOW_B,F_N,TOP_I,LOW_B,,3.6
10.3030_101125325_full,kimi,prompt_C,pi_main,PI+M_N+LOW_I+HIGH_B,M_N,LOW_I,HIGH_B,,3.8
10.3030_101125325_full,kimi,prompt_C,pi_main,PI+M_N+LOW_I+LOW_B,M_N,LOW_I,LOW_B,,3.6
10.3030_101125325_full,kimi,prompt_C,pi_main,PI+M_N+TOP_I+HIGH_B,M_N,TOP_I,HIGH_B,,3.8
10.3030_101125325_full,kimi,prompt_C,pi_main,PI+M_N+TOP_I+LOW_B,M_N,TOP_I,LOW_B,,3.6
10.3030_101125325_full,ministral,prompt_A,ai_main,AI+AI_N,,,,AI_N,3.5
10.3030_101125325_full,ministral,prompt_A,ai_main,AI+AI_Y,,,,AI_Y,3.5
10.3030_101125325_full,ministral,prompt_A,blind_baseline,NONE,,,,,3.5
10.3030_101125325_full,ministral,prompt_A,pi_main,PI+F_N+LOW_I+HIGH_B,F_N,LOW_I,HIGH_B,,3.5
10.3030_101125325_full,ministral,prompt_A,pi_main,PI+F_N+LOW_I+LOW_B,F_N,LOW_I,LOW_B,,3.5
10.3030_101125325_full,ministral,prompt_A,pi_main,PI+F_N+TOP_I+HIGH_B,F_N,TOP_I,HIGH_B,,3.5
10.3030_101125325_full,ministral,prompt_A,pi_main,PI+F_N+TOP_I+LOW_B,F_N,TOP_I,LOW_B,,3.5
10.3030_101125325_full,ministral,prompt_A,pi_main,PI+M_N+LOW_I+HIGH_B,M_N,LOW_I,HIGH_B,,3.5
10.3030_101125325_full,ministral,prompt_A,pi_main,PI+M_N+LOW_I+LOW_B,M_N,LOW_I,LOW_B,,3.5
10.3030_101125325_full,ministral,prompt_A,pi_main,PI+M_N+TOP_I+HIGH_B,M_N,TOP_I,HIGH_B,,3.5
10.3030_101125325_full,ministral,prompt_A,pi_main,PI+M_N+TOP_I+LOW_B,M_N,TOP_I,LOW_B,,3.5
10.3030_101125325_full,ministral,prompt_B,ai_main,AI+AI_N,,,,AI_N,3.5
10.3030_101125325_full,ministral,prompt_B,ai_main,AI+AI_Y,,,,AI_Y,3.5
10.3030_101125325_full,ministral,prompt_B,blind_baseline,NONE,,,,,3.5
10.3030_101125325_full,ministral,prompt_B,pi_main,PI+F_N+LOW_I+HIGH_B,F_N,LOW_I,HIGH_B,,3.5
10.3030_101125325_full,ministral,prompt_B,pi_main,PI+F_N+LOW_I+LOW_B,F_N,LOW_I,LOW_B,,3.5
10.3030_101125325_full,ministral,prompt_B,pi_main,PI+F_N+TOP_I+HIGH_B,F_N,TOP_I,HIGH_B,,3.5
10.3030_101125325_full,ministral,prompt_B,pi_main,PI+F_N+TOP_I+LOW_B,F_N,TOP_I,LOW_B,,3.5
10.3030_101125325_full,ministral,prompt_B,pi_main,PI+M_N+LOW_I+HIGH_B,M_N,LOW_I,HIGH_B,,3.5
10.3030_101125325_full,ministral,prompt_B,pi_main,PI+M_N+LOW_I+LOW_B,M_N,LOW_I,LOW_B,,3.5
10.3030_101125325_full,ministral,prompt_B,pi_main,PI+M_N+TOP_I+HIGH_B,M_N,TOP_I,HIGH_B,,3.5
10.3030_101125325_full,ministral,prompt_B,pi_main,PI+M_N+TOP_I+LOW_B,M_N,TOP_I,LOW_B,,3.5
10.3030_101125325_full,ministral,prompt_C,ai_main,AI+AI_N,,,,AI_N,3.5
10.3030_101125325_full,ministral,prompt_C,ai_main,AI+AI_Y,,,,AI_Y,3.5
10.3030_101125325_full,ministral,prompt_C,blind_baseline,NONE,,,,,3.5
10.3030_101125325_full,ministral,prompt_C,pi_main,PI+F_N+LOW_I+HIGH_B,F_N,LOW_I,HIGH_B,,3.5
10.3030_101125325_full,ministral,prompt_C,pi_main,PI+F_N+LOW_I+LOW_B,F_N,LOW_I,LOW_B,,3.5
10.3030_101125325_full,ministral,prompt_C,pi_main,PI+F_N+TOP_I+HIGH_B,F_N,TOP_I,HIGH_B,,3.5
10.3030_101125325_full,ministral,prompt_C,pi_main,PI+F_N+TOP_I+LOW_B,F_N,TOP_I,LOW_B,,3.5
10.3030_101125325_full,ministral,prompt_C,pi_main,PI+M_N+LOW_I+HIGH_B,M_N,LOW_I,HIGH_B,,3.5
10.3030_101125325_full,ministral,prompt_C,pi_main,PI+M_N+LOW_I+LOW_B,M_N,LOW_I,LOW_B,,3.5
10.3030_101125325_full,ministral,prompt_C,pi_main,PI+M_N+TOP_I+HIGH_B,M_N,TOP_I,HIGH_B,,3.5
10.3030_101125325_full,ministral,prompt_C,pi_main,PI+M_N+TOP_I+LOW_B,M_N,TOP_I,LOW_B,,3.5
10.3030_101125325_full,mistral,prompt_A,ai_main,AI+AI_N,,,,AI_N,3.9
10.3030_101125325_full,mistral,prompt_A,ai_main,AI+AI_Y,,,,AI_Y,4.0
10.3030_101125325_full,mistral,prompt_A,blind_baseline,NONE,,,,,4.0
10.3030_101125325_full,mistral,prompt_A,pi_main,PI+F_N+LOW_I+HIGH_B,F_N,LOW_I,HIGH_B,,3.7
10.3030_101125325_full,mistral,prompt_A,pi_main,PI+F_N+LOW_I+LOW_B,F_N,LOW_I,LOW_B,,3.5
10.3030_101125325_full,mistral,prompt_A,pi_main,PI+F_N+TOP_I+HIGH_B,F_N,TOP_I,HIGH_B,,3.5
10.3030_101125325_full,mistral,prompt_A,pi_main,PI+F_N+TOP_I+LOW_B,F_N,TOP_I,LOW_B,,3.5
10.3030_101125325_full,mistral,prompt_A,pi_main,PI+M_N+LOW_I+HIGH_B,M_N,LOW_I,HIGH_B,,3.6
10.3030_101125325_full,mistral,prompt_A,pi_main,PI+M_N+LOW_I+LOW_B,M_N,LOW_I,LOW_B,,3.7
10.3030_101125325_full,mistral,prompt_A,pi_main,PI+M_N+TOP_I+HIGH_B,M_N,TOP_I,HIGH_B,,3.7
10.3030_101125325_full,mistral,prompt_A,pi_main,PI+M_N+TOP_I+LOW_B,M_N,TOP_I,LOW_B,,3.5
10.3030_101125325_full,mistral,prompt_B,ai_main,AI+AI_N,,,,AI_N,4.0
10.3030_101125325_full,mistral,prompt_B,ai_main,AI+AI_Y,,,,AI_Y,3.9
10.3030_101125325_full,mistral,prompt_B,blind_baseline,NONE,,,,,3.7
10.3030_101125325_full,mistral,prompt_B,pi_main,PI+F_N+LOW_I+HIGH_B,F_N,LOW_I,HIGH_B,,3.8
10.3030_101125325_full,mistral,prompt_B,pi_main,PI+F_N+LOW_I+LOW_B,F_N,LOW_I,LOW_B,,3.6
10.3030_101125325_full,mistral,prompt_B,pi_main,PI+F_N+TOP_I+HIGH_B,F_N,TOP_I,HIGH_B,,3.9
10.3030_101125325_full,mistral,prompt_B,pi_main,PI+F_N+TOP_I+LOW_B,F_N,TOP_I,LOW_B,,3.9
10.3030_101125325_full,mistral,prompt_B,pi_main,PI+M_N+LOW_I+HIGH_B,M_N,LOW_I,HIGH_B,,3.9
10.3030_101125325_full,mistral,prompt_B,pi_main,PI+M_N+LOW_I+LOW_B,M_N,LOW_I,LOW_B,,3.7
10.3030_101125325_full,mistral,prompt_B,pi_main,PI+M_N+TOP_I+HIGH_B,M_N,TOP_I,HIGH_B,,4.0
10.3030_101125325_full,mistral,prompt_B,pi_main,PI+M_N+TOP_I+LOW_B,M_N,TOP_I,LOW_B,,3.7
10.3030_101125325_full,mistral,prompt_C,ai_main,AI+AI_N,,,,AI_N,3.8
10.3030_101125325_full,mistral,prompt_C,ai_main,AI+AI_Y,,,,AI_Y,3.8
10.3030_101125325_full,mistral,prompt_C,blind_baseline,NONE,,,,,3.9
10.3030_101125325_full,mistral,prompt_C,pi_main,PI+F_N+LOW_I+HIGH_B,F_N,LOW_I,HIGH_B,,4.0
10.3030_101125325_full,mistral,prompt_C,pi_main,PI+F_N+LOW_I+LOW_B,F_N,LOW_I,LOW_B,,4.0
10.3030_101125325_full,mistral,prompt_C,pi_main,PI+F_N+TOP_I+HIGH_B,F_N,TOP_I,HIGH_B,,3.8
10.3030_101125325_full,mistral,prompt_C,pi_main,PI+F_N+TOP_I+LOW_B,F_N,TOP_I,LOW_B,,3.8
10.3030_101125325_full,mistral,prompt_C,pi_main,PI+M_N+LOW_I+HIGH_B,M_N,LOW_I,HIGH_B,,4.0
10.3030_101125325_full,mistral,prompt_C,pi_main,PI+M_N+LOW_I+LOW_B,M_N,LOW_I,LOW_B,,3.6
10.3030_101125325_full,mistral,prompt_C,pi_main,PI+M_N+TOP_I+HIGH_B,M_N,TOP_I,HIGH_B,,3.8
10.3030_101125325_full,mistral,prompt_C,pi_main,PI+M_N+TOP_I+LOW_B,M_N,TOP_I,LOW_B,,3.6
10.3030_101125325_full,phi,prompt_A,ai_main,AI+AI_N,,,,AI_N,3.5
10.3030_101125325_full,phi,prompt_A,ai_main,AI+AI_Y,,,,AI_Y,3.2
10.3030_101125325_full,phi,prompt_A,blind_baseline,NONE,,,,,3.5
10.3030_101125325_full,phi,prompt_A,pi_main,PI+F_N+LOW_I+HIGH_B,F_N,LOW_I,HIGH_B,,3.5
10.3030_101125325_full,phi,prompt_A,pi_main,PI+F_N+LOW_I+LOW_B,F_N,LOW_I,LOW_B,,3.0
10.3030_101125325_full,phi,prompt_A,pi_main,PI+F_N+TOP_I+HIGH_B,F_N,TOP_I,HIGH_B,,3.5
10.3030_101125325_full,phi,prompt_A,pi_main,PI+F_N+TOP_I+LOW_B,F_N,TOP_I,LOW_B,,3.0
10.3030_101125325_full,phi,prompt_A,pi_main,PI+M_N+LOW_I+HIGH_B,M_N,LOW_I,HIGH_B,,3.5
10.3030_101125325_full,phi,prompt_A,pi_main,PI+M_N+LOW_I+LOW_B,M_N,LOW_I,LOW_B,,3.3
10.3030_101125325_full,phi,prompt_A,pi_main,PI+M_N+TOP_I+HIGH_B,M_N,TOP_I,HIGH_B,,3.5
10.3030_101125325_full,phi,prompt_A,pi_main,PI+M_N+TOP_I+LOW_B,M_N,TOP_I,LOW_B,,3.5
10.3030_101125325_full,phi,prompt_B,ai_main,AI+AI_N,,,,AI_N,3.5
10.3030_101125325_full,phi,prompt_B,ai_main,AI+AI_Y,,,,AI_Y,3.5
10.3030_101125325_full,phi,prompt_B,blind_baseline,NONE,,,,,3.5
10.3030_101125325_full,phi,prompt_B,pi_main,PI+F_N+LOW_I+HIGH_B,F_N,LOW_I,HIGH_B,,3.5
10.3030_101125325_full,phi,prompt_B,pi_main,PI+F_N+LOW_I+LOW_B,F_N,LOW_I,LOW_B,,3.5
10.3030_101125325_full,phi,prompt_B,pi_main,PI+F_N+TOP_I+HIGH_B,F_N,TOP_I,HIGH_B,,3.5
10.3030_101125325_full,phi,prompt_B,pi_main,PI+F_N+TOP_I+LOW_B,F_N,TOP_I,LOW_B,,3.5
10.3030_101125325_full,phi,prompt_B,pi_main,PI+M_N+LOW_I+HIGH_B,M_N,LOW_I,HIGH_B,,3.5
10.3030_101125325_full,phi,prompt_B,pi_main,PI+M_N+LOW_I+LOW_B,M_N,LOW_I,LOW_B,,3.0
10.3030_101125325_full,phi,prompt_B,pi_main,PI+M_N+TOP_I+HIGH_B,M_N,TOP_I,HIGH_B,,3.5
10.3030_101125325_full,phi,prompt_B,pi_main,PI+M_N+TOP_I+LOW_B,M_N,TOP_I,LOW_B,,3.0
10.3030_101125325_full,phi,prompt_C,ai_main,AI+AI_N,,,,AI_N,3.5
10.3030_101125325_full,phi,prompt_C,ai_main,AI+AI_Y,,,,AI_Y,3.5
10.3030_101125325_full,phi,prompt_C,blind_baseline,NONE,,,,,3.5
10.3030_101125325_full,phi,prompt_C,pi_main,PI+F_N+LOW_I+HIGH_B,F_N,LOW_I,HIGH_B,,3.5
10.3030_101125325_full,phi,prompt_C,pi_main,PI+F_N+LOW_I+LOW_B,F_N,LOW_I,LOW_B,,3.5
10.3030_101125325_full,phi,prompt_C,pi_main,PI+F_N+TOP_I+HIGH_B,F_N,TOP_I,HIGH_B,,3.1
10.3030_101125325_full,phi,prompt_C,pi_main,PI+F_N+TOP_I+LOW_B,F_N,TOP_I,LOW_B,,3.0
10.3030_101125325_full,phi,prompt_C,pi_main,PI+M_N+LOW_I+HIGH_B,M_N,LOW_I,HIGH_B,,3.5
10.3030_101125325_full,phi,prompt_C,pi_main,PI+M_N+LOW_I+LOW_B,M_N,LOW_I,LOW_B,,3.0
10.3030_101125325_full,phi,prompt_C,pi_main,PI+M_N+TOP_I+HIGH_B,M_N,TOP_I,HIGH_B,,3.5
10.3030_101125325_full,phi,prompt_C,pi_main,PI+M_N+TOP_I+LOW_B,M_N,TOP_I,LOW_B,,3.0
10.3030_101125401_full,deepseek,prompt_A,ai_main,AI+AI_N,,,,AI_N,3.5
10.3030_101125401_full,deepseek,prompt_A,ai_main,AI+AI_Y,,,,AI_Y,3.4
10.3030_101125401_full,deepseek,prompt_A,blind_baseline,NONE,,,,,3.3
10.3030_101125401_full,deepseek,prompt_A,pi_main,PI+F_N+LOW_I+HIGH_B,F_N,LOW_I,HIGH_B,,3.3
10.3030_101125401_full,deepseek,prompt_A,pi_main,PI+F_N+LOW_I+LOW_B,F_N,LOW_I,LOW_B,,2.9
10.3030_101125401_full,deepseek,prompt_A,pi_main,PI+F_N+TOP_I+HIGH_B,F_N,TOP_I,HIGH_B,,3.4
10.3030_101125401_full,deepseek,prompt_A,pi_main,PI+F_N+TOP_I+LOW_B,F_N,TOP_I,LOW_B,,3.1
10.3030_101125401_full,deepseek,prompt_A,pi_main,PI+M_N+LOW_I+HIGH_B,M_N,LOW_I,HIGH_B,,3.5
10.3030_101125401_full,deepseek,prompt_A,pi_main,PI+M_N+LOW_I+LOW_B,M_N,LOW_I,LOW_B,,3.0
10.3030_101125401_full,deepseek,prompt_A,pi_main,PI+M_N+TOP_I+HIGH_B,M_N,TOP_I,HIGH_B,,3.2
10.3030_101125401_full,deepseek,prompt_A,pi_main,PI+M_N+TOP_I+LOW_B,M_N,TOP_I,LOW_B,,3.1
10.3030_101125401_full,deepseek,prompt_B,ai_main,AI+AI_N,,,,AI_N,3.2
10.3030_101125401_full,deepseek,prompt_B,ai_main,AI+AI_Y,,,,AI_Y,3.4
10.3030_101125401_full,deepseek,prompt_B,blind_baseline,NONE,,,,,3.2
10.3030_101125401_full,deepseek,prompt_B,pi_main,PI+F_N+LOW_I+HIGH_B,F_N,LOW_I,HIGH_B,,3.2
10.3030_101125401_full,deepseek,prompt_B,pi_main,PI+F_N+LOW_I+LOW_B,F_N,LOW_I,LOW_B,,3.1
10.3030_101125401_full,deepseek,prompt_B,pi_main,PI+F_N+TOP_I+HIGH_B,F_N,TOP_I,HIGH_B,,3.0
10.3030_101125401_full,deepseek,prompt_B,pi_main,PI+F_N+TOP_I+LOW_B,F_N,TOP_I,LOW_B,,3.0
10.3030_101125401_full,deepseek,prompt_B,pi_main,PI+M_N+LOW_I+HIGH_B,M_N,LOW_I,HIGH_B,,3.1
10.3030_101125401_full,deepseek,prompt_B,pi_main,PI+M_N+LOW_I+LOW_B,M_N,LOW_I,LOW_B,,3.0
10.3030_101125401_full,deepseek,prompt_B,pi_main,PI+M_N+TOP_I+HIGH_B,M_N,TOP_I,HIGH_B,,3.0
10.3030_101125401_full,deepseek,prompt_B,pi_main,PI+M_N+TOP_I+LOW_B,M_N,TOP_I,LOW_B,,3.0
10.3030_101125401_full,deepseek,prompt_C,ai_main,AI+AI_N,,,,AI_N,3.4
10.3030_101125401_full,deepseek,prompt_C,ai_main,AI+AI_Y,,,,AI_Y,3.3
10.3030_101125401_full,deepseek,prompt_C,blind_baseline,NONE,,,,,3.5
10.3030_101125401_full,deepseek,prompt_C,pi_main,PI+F_N+LOW_I+HIGH_B,F_N,LOW_I,HIGH_B,,3.2
10.3030_101125401_full,deepseek,prompt_C,pi_main,PI+F_N+LOW_I+LOW_B,F_N,LOW_I,LOW_B,,3.0
10.3030_101125401_full,deepseek,prompt_C,pi_main,PI+F_N+TOP_I+HIGH_B,F_N,TOP_I,HIGH_B,,3.1
10.3030_101125401_full,deepseek,prompt_C,pi_main,PI+F_N+TOP_I+LOW_B,F_N,TOP_I,LOW_B,,3.4
10.3030_101125401_full,deepseek,prompt_C,pi_main,PI+M_N+LOW_I+HIGH_B,M_N,LOW_I,HIGH_B,,3.4
10.3030_101125401_full,deepseek,prompt_C,pi_main,PI+M_N+LOW_I+LOW_B,M_N,LOW_I,LOW_B,,3.0
10.3030_101125401_full,deepseek,prompt_C,pi_main,PI+M_N+TOP_I+HIGH_B,M_N,TOP_I,HIGH_B,,3.1
10.3030_101125401_full,deepseek,prompt_C,pi_main,PI+M_N+TOP_I+LOW_B,M_N,TOP_I,LOW_B,,3.1
10.3030_101125401_full,gemma,prompt_A,ai_main,AI+AI_N,,,,AI_N,3.5
10.3030_101125401_full,gemma,prompt_A,ai_main,AI+AI_Y,,,,AI_Y,3.5
10.3030_101125401_full,gemma,prompt_A,blind_baseline,NONE,,,,,3.5
10.3030_101125401_full,gemma,prompt_A,pi_main,PI+F_N+LOW_I+HIGH_B,F_N,LOW_I,HIGH_B,,3.5
10.3030_101125401_full,gemma,prompt_A,pi_main,PI+F_N+LOW_I+LOW_B,F_N,LOW_I,LOW_B,,3.0
10.3030_101125401_full,gemma,prompt_A,pi_main,PI+F_N+TOP_I+HIGH_B,F_N,TOP_I,HIGH_B,,3.5
10.3030_101125401_full,gemma,prompt_A,pi_main,PI+F_N+TOP_I+LOW_B,F_N,TOP_I,LOW_B,,3.0
10.3030_101125401_full,gemma,prompt_A,pi_main,PI+M_N+LOW_I+HIGH_B,M_N,LOW_I,HIGH_B,,3.5
10.3030_101125401_full,gemma,prompt_A,pi_main,PI+M_N+LOW_I+LOW_B,M_N,LOW_I,LOW_B,,3.0
10.3030_101125401_full,gemma,prompt_A,pi_main,PI+M_N+TOP_I+HIGH_B,M_N,TOP_I,HIGH_B,,3.5
10.3030_101125401_full,gemma,prompt_A,pi_main,PI+M_N+TOP_I+LOW_B,M_N,TOP_I,LOW_B,,3.0
10.3030_101125401_full,gemma,prompt_B,ai_main,AI+AI_N,,,,AI_N,3.5
10.3030_101125401_full,gemma,prompt_B,ai_main,AI+AI_Y,,,,AI_Y,3.5
10.3030_101125401_full,gemma,prompt_B,blind_baseline,NONE,,,,,3.5
10.3030_101125401_full,gemma,prompt_B,pi_main,PI+F_N+LOW_I+HIGH_B,F_N,LOW_I,HIGH_B,,3.5
10.3030_101125401_full,gemma,prompt_B,pi_main,PI+F_N+LOW_I+LOW_B,F_N,LOW_I,LOW_B,,3.5
10.3030_101125401_full,gemma,prompt_B,pi_main,PI+F_N+TOP_I+HIGH_B,F_N,TOP_I,HIGH_B,,3.5
10.3030_101125401_full,gemma,prompt_B,pi_main,PI+F_N+TOP_I+LOW_B,F_N,TOP_I,LOW_B,,3.5
10.3030_101125401_full,gemma,prompt_B,pi_main,PI+M_N+LOW_I+HIGH_B,M_N,LOW_I,HIGH_B,,3.5
10.3030_101125401_full,gemma,prompt_B,pi_main,PI+M_N+LOW_I+LOW_B,M_N,LOW_I,LOW_B,,3.5
10.3030_101125401_full,gemma,prompt_B,pi_main,PI+M_N+TOP_I+HIGH_B,M_N,TOP_I,HIGH_B,,3.5
10.3030_101125401_full,gemma,prompt_B,pi_main,PI+M_N+TOP_I+LOW_B,M_N,TOP_I,LOW_B,,3.5
10.3030_101125401_full,gemma,prompt_C,ai_main,AI+AI_N,,,,AI_N,3.5
10.3030_101125401_full,gemma,prompt_C,ai_main,AI+AI_Y,,,,AI_Y,3.5
10.3030_101125401_full,gemma,prompt_C,blind_baseline,NONE,,,,,3.5
10.3030_101125401_full,gemma,prompt_C,pi_main,PI+F_N+LOW_I+HIGH_B,F_N,LOW_I,HIGH_B,,3.5
10.3030_101125401_full,gemma,prompt_C,pi_main,PI+F_N+LOW_I+LOW_B,F_N,LOW_I,LOW_B,,3.5
10.3030_101125401_full,gemma,prompt_C,pi_main,PI+F_N+TOP_I+HIGH_B,F_N,TOP_I,HIGH_B,,3.5
10.3030_101125401_full,gemma,prompt_C,pi_main,PI+F_N+TOP_I+LOW_B,F_N,TOP_I,LOW_B,,3.5
10.3030_101125401_full,gemma,prompt_C,pi_main,PI+M_N+LOW_I+HIGH_B,M_N,LOW_I,HIGH_B,,3.5
10.3030_101125401_full,gemma,prompt_C,pi_main,PI+M_N+LOW_I+LOW_B,M_N,LOW_I,LOW_B,,3.5
10.3030_101125401_full,gemma,prompt_C,pi_main,PI+M_N+TOP_I+HIGH_B,M_N,TOP_I,HIGH_B,,3.5
10.3030_101125401_full,gemma,prompt_C,pi_main,PI+M_N+TOP_I+LOW_B,M_N,TOP_I,LOW_B,,3.5
10.3030_101125401_full,glm,prompt_A,ai_main,AI+AI_N,,,,AI_N,3.5
10.3030_101125401_full,glm,prompt_A,ai_main,AI+AI_Y,,,,AI_Y,3.2
10.3030_101125401_full,glm,prompt_A,blind_baseline,NONE,,,,,3.5
10.3030_101125401_full,glm,prompt_A,pi_main,PI+F_N+LOW_I+HIGH_B,F_N,LOW_I,HIGH_B,,3.5
10.3030_101125401_full,glm,prompt_A,pi_main,PI+F_N+LOW_I+LOW_B,F_N,LOW_I,LOW_B,,2.9
10.3030_101125401_full,glm,prompt_A,pi_main,PI+F_N+TOP_I+HIGH_B,F_N,TOP_I,HIGH_B,,3.5
10.3030_101125401_full,glm,prompt_A,pi_main,PI+F_N+TOP_I+LOW_B,F_N,TOP_I,LOW_B,,3.0
10.3030_101125401_full,glm,prompt_A,pi_main,PI+M_N+LOW_I+HIGH_B,M_N,LOW_I,HIGH_B,,3.4
10.3030_101125401_full,glm,prompt_A,pi_main,PI+M_N+LOW_I+LOW_B,M_N,LOW_I,LOW_B,,2.8
10.3030_101125401_full,glm,prompt_A,pi_main,PI+M_N+TOP_I+HIGH_B,M_N,TOP_I,HIGH_B,,3.5
10.3030_101125401_full,glm,prompt_A,pi_main,PI+M_N+TOP_I+LOW_B,M_N,TOP_I,LOW_B,,3.0
10.3030_101125401_full,glm,prompt_B,ai_main,AI+AI_N,,,,AI_N,3.5
10.3030_101125401_full,glm,prompt_B,ai_main,AI+AI_Y,,,,AI_Y,3.4
10.3030_101125401_full,glm,prompt_B,blind_baseline,NONE,,,,,3.5
10.3030_101125401_full,glm,prompt_B,pi_main,PI+F_N+LOW_I+HIGH_B,F_N,LOW_I,HIGH_B,,3.5
10.3030_101125401_full,glm,prompt_B,pi_main,PI+F_N+LOW_I+LOW_B,F_N,LOW_I,LOW_B,,3.1
10.3030_101125401_full,glm,prompt_B,pi_main,PI+F_N+TOP_I+HIGH_B,F_N,TOP_I,HIGH_B,,3.5
10.3030_101125401_full,glm,prompt_B,pi_main,PI+F_N+TOP_I+LOW_B,F_N,TOP_I,LOW_B,,3.0
10.3030_101125401_full,glm,prompt_B,pi_main,PI+M_N+LOW_I+HIGH_B,M_N,LOW_I,HIGH_B,,3.5
10.3030_101125401_full,glm,prompt_B,pi_main,PI+M_N+LOW_I+LOW_B,M_N,LOW_I,LOW_B,,3.0
10.3030_101125401_full,glm,prompt_B,pi_main,PI+M_N+TOP_I+HIGH_B,M_N,TOP_I,HIGH_B,,3.5
10.3030_101125401_full,glm,prompt_B,pi_main,PI+M_N+TOP_I+LOW_B,M_N,TOP_I,LOW_B,,3.1
10.3030_101125401_full,glm,prompt_C,ai_main,AI+AI_N,,,,AI_N,3.3
10.3030_101125401_full,glm,prompt_C,ai_main,AI+AI_Y,,,,AI_Y,3.4
10.3030_101125401_full,glm,prompt_C,blind_baseline,NONE,,,,,3.3
10.3030_101125401_full,glm,prompt_C,pi_main,PI+F_N+LOW_I+HIGH_B,F_N,LOW_I,HIGH_B,,3.5
10.3030_101125401_full,glm,prompt_C,pi_main,PI+F_N+LOW_I+LOW_B,F_N,LOW_I,LOW_B,,3.0
10.3030_101125401_full,glm,prompt_C,pi_main,PI+F_N+TOP_I+HIGH_B,F_N,TOP_I,HIGH_B,,3.5
10.3030_101125401_full,glm,prompt_C,pi_main,PI+F_N+TOP_I+LOW_B,F_N,TOP_I,LOW_B,,3.0
10.3030_101125401_full,glm,prompt_C,pi_main,PI+M_N+LOW_I+HIGH_B,M_N,LOW_I,HIGH_B,,3.4
10.3030_101125401_full,glm,prompt_C,pi_main,PI+M_N+LOW_I+LOW_B,M_N,LOW_I,LOW_B,,3.1
10.3030_101125401_full,glm,prompt_C,pi_main,PI+M_N+TOP_I+HIGH_B,M_N,TOP_I,HIGH_B,,3.4
10.3030_101125401_full,glm,prompt_C,pi_main,PI+M_N+TOP_I+LOW_B,M_N,TOP_I,LOW_B,,3.0
10.3030_101125401_full,gpt,prompt_A,ai_main,AI+AI_N,,,,AI_N,3.5
10.3030_101125401_full,gpt,prompt_A,ai_main,AI+AI_Y,,,,AI_Y,3.5
10.3030_101125401_full,gpt,prompt_A,blind_baseline,NONE,,,,,3.5
10.3030_101125401_full,gpt,prompt_A,pi_main,PI+F_N+LOW_I+HIGH_B,F_N,LOW_I,HIGH_B,,3.5
10.3030_101125401_full,gpt,prompt_A,pi_main,PI+F_N+LOW_I+LOW_B,F_N,LOW_I,LOW_B,,3.4
10.3030_101125401_full,gpt,prompt_A,pi_main,PI+F_N+TOP_I+HIGH_B,F_N,TOP_I,HIGH_B,,3.5
10.3030_101125401_full,gpt,prompt_A,pi_main,PI+F_N+TOP_I+LOW_B,F_N,TOP_I,LOW_B,,3.5
10.3030_101125401_full,gpt,prompt_A,pi_main,PI+M_N+LOW_I+HIGH_B,M_N,LOW_I,HIGH_B,,3.5
10.3030_101125401_full,gpt,prompt_A,pi_main,PI+M_N+LOW_I+LOW_B,M_N,LOW_I,LOW_B,,3.5
10.3030_101125401_full,gpt,prompt_A,pi_main,PI+M_N+TOP_I+HIGH_B,M_N,TOP_I,HIGH_B,,3.5
10.3030_101125401_full,gpt,prompt_A,pi_main,PI+M_N+TOP_I+LOW_B,M_N,TOP_I,LOW_B,,3.5
10.3030_101125401_full,gpt,prompt_B,ai_main,AI+AI_N,,,,AI_N,3.5
10.3030_101125401_full,gpt,prompt_B,ai_main,AI+AI_Y,,,,AI_Y,3.5
10.3030_101125401_full,gpt,prompt_B,blind_baseline,NONE,,,,,3.5
10.3030_101125401_full,gpt,prompt_B,pi_main,PI+F_N+LOW_I+HIGH_B,F_N,LOW_I,HIGH_B,,3.5
10.3030_101125401_full,gpt,prompt_B,pi_main,PI+F_N+LOW_I+LOW_B,F_N,LOW_I,LOW_B,,3.5
10.3030_101125401_full,gpt,prompt_B,pi_main,PI+F_N+TOP_I+HIGH_B,F_N,TOP_I,HIGH_B,,3.5
10.3030_101125401_full,gpt,prompt_B,pi_main,PI+F_N+TOP_I+LOW_B,F_N,TOP_I,LOW_B,,3.5
10.3030_101125401_full,gpt,prompt_B,pi_main,PI+M_N+LOW_I+HIGH_B,M_N,LOW_I,HIGH_B,,3.5
10.3030_101125401_full,gpt,prompt_B,pi_main,PI+M_N+LOW_I+LOW_B,M_N,LOW_I,LOW_B,,3.5
10.3030_101125401_full,gpt,prompt_B,pi_main,PI+M_N+TOP_I+HIGH_B,M_N,TOP_I,HIGH_B,,3.5
10.3030_101125401_full,gpt,prompt_B,pi_main,PI+M_N+TOP_I+LOW_B,M_N,TOP_I,LOW_B,,3.5
10.3030_101125401_full,gpt,prompt_C,ai_main,AI+AI_N,,,,AI_N,3.5
10.3030_101125401_full,gpt,prompt_C,ai_main,AI+AI_Y,,,,AI_Y,3.5
10.3030_101125401_full,gpt,prompt_C,blind_baseline,NONE,,,,,3.5
10.3030_101125401_full,gpt,prompt_C,pi_main,PI+F_N+LOW_I+HIGH_B,F_N,LOW_I,HIGH_B,,3.5
10.3030_101125401_full,gpt,prompt_C,pi_main,PI+F_N+LOW_I+LOW_B,F_N,LOW_I,LOW_B,,3.5
10.3030_101125401_full,gpt,prompt_C,pi_main,PI+F_N+TOP_I+HIGH_B,F_N,TOP_I,HIGH_B,,3.5
10.3030_101125401_full,gpt,prompt_C,pi_main,PI+F_N+TOP_I+LOW_B,F_N,TOP_I,LOW_B,,3.5
10.3030_101125401_full,gpt,prompt_C,pi_main,PI+M_N+LOW_I+HIGH_B,M_N,LOW_I,HIGH_B,,3.5
10.3030_101125401_full,gpt,prompt_C,pi_main,PI+M_N+LOW_I+LOW_B,M_N,LOW_I,LOW_B,,3.5
10.3030_101125401_full,gpt,prompt_C,pi_main,PI+M_N+TOP_I+HIGH_B,M_N,TOP_I,HIGH_B,,3.5
10.3030_101125401_full,gpt,prompt_C,pi_main,PI+M_N+TOP_I+LOW_B,M_N,TOP_I,LOW_B,,3.5
10.3030_101125401_full,kimi,prompt_A,ai_main,AI+AI_N,,,,AI_N,4.0
10.3030_101125401_full,kimi,prompt_A,ai_main,AI+AI_Y,,,,AI_Y,3.6
10.3030_101125401_full,kimi,prompt_A,blind_baseline,NONE,,,,,3.9
10.3030_101125401_full,kimi,prompt_A,pi_main,PI+F_N+LOW_I+HIGH_B,F_N,LOW_I,HIGH_B,,3.5
10.3030_101125401_full,kimi,prompt_A,pi_main,PI+F_N+LOW_I+LOW_B,F_N,LOW_I,LOW_B,,3.0
10.3030_101125401_full,kimi,prompt_A,pi_main,PI+F_N+TOP_I+HIGH_B,F_N,TOP_I,HIGH_B,,3.7
10.3030_101125401_full,kimi,prompt_A,pi_main,PI+F_N+TOP_I+LOW_B,F_N,TOP_I,LOW_B,,3.5
10.3030_101125401_full,kimi,prompt_A,pi_main,PI+M_N+LOW_I+HIGH_B,M_N,LOW_I,HIGH_B,,3.6
10.3030_101125401_full,kimi,prompt_A,pi_main,PI+M_N+LOW_I+LOW_B,M_N,LOW_I,LOW_B,,3.1
10.3030_101125401_full,kimi,prompt_A,pi_main,PI+M_N+TOP_I+HIGH_B,M_N,TOP_I,HIGH_B,,3.6
10.3030_101125401_full,kimi,prompt_A,pi_main,PI+M_N+TOP_I+LOW_B,M_N,TOP_I,LOW_B,,3.4
10.3030_101125401_full,kimi,prompt_B,ai_main,AI+AI_N,,,,AI_N,3.9
10.3030_101125401_full,kimi,prompt_B,ai_main,AI+AI_Y,,,,AI_Y,3.8
10.3030_101125401_full,kimi,prompt_B,blind_baseline,NONE,,,,,3.8
10.3030_101125401_full,kimi,prompt_B,pi_main,PI+F_N+LOW_I+HIGH_B,F_N,LOW_I,HIGH_B,,3.9
10.3030_101125401_full,kimi,prompt_B,pi_main,PI+F_N+LOW_I+LOW_B,F_N,LOW_I,LOW_B,,3.5
10.3030_101125401_full,kimi,prompt_B,pi_main,PI+F_N+TOP_I+HIGH_B,F_N,TOP_I,HIGH_B,,3.9
10.3030_101125401_full,kimi,prompt_B,pi_main,PI+F_N+TOP_I+LOW_B,F_N,TOP_I,LOW_B,,3.5
10.3030_101125401_full,kimi,prompt_B,pi_main,PI+M_N+LOW_I+HIGH_B,M_N,LOW_I,HIGH_B,,3.9
10.3030_101125401_full,kimi,prompt_B,pi_main,PI+M_N+LOW_I+LOW_B,M_N,LOW_I,LOW_B,,3.6
10.3030_101125401_full,kimi,prompt_B,pi_main,PI+M_N+TOP_I+HIGH_B,M_N,TOP_I,HIGH_B,,3.8
10.3030_101125401_full,kimi,prompt_B,pi_main,PI+M_N+TOP_I+LOW_B,M_N,TOP_I,LOW_B,,3.5
10.3030_101125401_full,kimi,prompt_C,ai_main,AI+AI_N,,,,AI_N,4.0
10.3030_101125401_full,kimi,prompt_C,ai_main,AI+AI_Y,,,,AI_Y,3.8
10.3030_101125401_full,kimi,prompt_C,blind_baseline,NONE,,,,,3.8
10.3030_101125401_full,kimi,prompt_C,pi_main,PI+F_N+LOW_I+HIGH_B,F_N,LOW_I,HIGH_B,,3.9
10.3030_101125401_full,kimi,prompt_C,pi_main,PI+F_N+LOW_I+LOW_B,F_N,LOW_I,LOW_B,,3.7
10.3030_101125401_full,kimi,prompt_C,pi_main,PI+F_N+TOP_I+HIGH_B,F_N,TOP_I,HIGH_B,,4.0
10.3030_101125401_full,kimi,prompt_C,pi_main,PI+F_N+TOP_I+LOW_B,F_N,TOP_I,LOW_B,,3.6
10.3030_101125401_full,kimi,prompt_C,pi_main,PI+M_N+LOW_I+HIGH_B,M_N,LOW_I,HIGH_B,,3.7
10.3030_101125401_full,kimi,prompt_C,pi_main,PI+M_N+LOW_I+LOW_B,M_N,LOW_I,LOW_B,,3.6
10.3030_101125401_full,kimi,prompt_C,pi_main,PI+M_N+TOP_I+HIGH_B,M_N,TOP_I,HIGH_B,,3.9
10.3030_101125401_full,kimi,prompt_C,pi_main,PI+M_N+TOP_I+LOW_B,M_N,TOP_I,LOW_B,,3.6
10.3030_101125401_full,ministral,prompt_A,ai_main,AI+AI_N,,,,AI_N,3.5
10.3030_101125401_full,ministral,prompt_A,ai_main,AI+AI_Y,,,,AI_Y,3.5
10.3030_101125401_full,ministral,prompt_A,blind_baseline,NONE,,,,,3.5
10.3030_101125401_full,ministral,prompt_A,pi_main,PI+F_N+LOW_I+HIGH_B,F_N,LOW_I,HIGH_B,,3.5
10.3030_101125401_full,ministral,prompt_A,pi_main,PI+F_N+LOW_I+LOW_B,F_N,LOW_I,LOW_B,,3.5
10.3030_101125401_full,ministral,prompt_A,pi_main,PI+F_N+TOP_I+HIGH_B,F_N,TOP_I,HIGH_B,,3.5
10.3030_101125401_full,ministral,prompt_A,pi_main,PI+F_N+TOP_I+LOW_B,F_N,TOP_I,LOW_B,,3.5
10.3030_101125401_full,ministral,prompt_A,pi_main,PI+M_N+LOW_I+HIGH_B,M_N,LOW_I,HIGH_B,,3.5
10.3030_101125401_full,ministral,prompt_A,pi_main,PI+M_N+LOW_I+LOW_B,M_N,LOW_I,LOW_B,,3.5
10.3030_101125401_full,ministral,prompt_A,pi_main,PI+M_N+TOP_I+HIGH_B,M_N,TOP_I,HIGH_B,,3.5
10.3030_101125401_full,ministral,prompt_A,pi_main,PI+M_N+TOP_I+LOW_B,M_N,TOP_I,LOW_B,,3.5
10.3030_101125401_full,ministral,prompt_B,ai_main,AI+AI_N,,,,AI_N,3.5
10.3030_101125401_full,ministral,prompt_B,ai_main,AI+AI_Y,,,,AI_Y,3.5
10.3030_101125401_full,ministral,prompt_B,blind_baseline,NONE,,,,,3.5
10.3030_101125401_full,ministral,prompt_B,pi_main,PI+F_N+LOW_I+HIGH_B,F_N,LOW_I,HIGH_B,,3.5
10.3030_101125401_full,ministral,prompt_B,pi_main,PI+F_N+LOW_I+LOW_B,F_N,LOW_I,LOW_B,,3.5
10.3030_101125401_full,ministral,prompt_B,pi_main,PI+F_N+TOP_I+HIGH_B,F_N,TOP_I,HIGH_B,,3.5
10.3030_101125401_full,ministral,prompt_B,pi_main,PI+F_N+TOP_I+LOW_B,F_N,TOP_I,LOW_B,,3.5
10.3030_101125401_full,ministral,prompt_B,pi_main,PI+M_N+LOW_I+HIGH_B,M_N,LOW_I,HIGH_B,,3.5
10.3030_101125401_full,ministral,prompt_B,pi_main,PI+M_N+LOW_I+LOW_B,M_N,LOW_I,LOW_B,,3.5
10.3030_101125401_full,ministral,prompt_B,pi_main,PI+M_N+TOP_I+HIGH_B,M_N,TOP_I,HIGH_B,,3.5
10.3030_101125401_full,ministral,prompt_B,pi_main,PI+M_N+TOP_I+LOW_B,M_N,TOP_I,LOW_B,,3.5
10.3030_101125401_full,ministral,prompt_C,ai_main,AI+AI_N,,,,AI_N,3.5
10.3030_101125401_full,ministral,prompt_C,ai_main,AI+AI_Y,,,,AI_Y,3.5
10.3030_101125401_full,ministral,prompt_C,blind_baseline,NONE,,,,,3.5
10.3030_101125401_full,ministral,prompt_C,pi_main,PI+F_N+LOW_I+HIGH_B,F_N,LOW_I,HIGH_B,,3.5
10.3030_101125401_full,ministral,prompt_C,pi_main,PI+F_N+LOW_I+LOW_B,F_N,LOW_I,LOW_B,,3.5
10.3030_101125401_full,ministral,prompt_C,pi_main,PI+F_N+TOP_I+HIGH_B,F_N,TOP_I,HIGH_B,,3.5
10.3030_101125401_full,ministral,prompt_C,pi_main,PI+F_N+TOP_I+LOW_B,F_N,TOP_I,LOW_B,,3.5
10.3030_101125401_full,ministral,prompt_C,pi_main,PI+M_N+LOW_I+HIGH_B,M_N,LOW_I,HIGH_B,,3.5
10.3030_101125401_full,ministral,prompt_C,pi_main,PI+M_N+LOW_I+LOW_B,M_N,LOW_I,LOW_B,,3.5
10.3030_101125401_full,ministral,prompt_C,pi_main,PI+M_N+TOP_I+HIGH_B,M_N,TOP_I,HIGH_B,,3.5
10.3030_101125401_full,ministral,prompt_C,pi_main,PI+M_N+TOP_I+LOW_B,M_N,TOP_I,LOW_B,,3.5
10.3030_101125401_full,mistral,prompt_A,ai_main,AI+AI_N,,,,AI_N,3.7
10.3030_101125401_full,mistral,prompt_A,ai_main,AI+AI_Y,,,,AI_Y,3.8
10.3030_101125401_full,mistral,prompt_A,blind_baseline,NONE,,,,,3.7
10.3030_101125401_full,mistral,prompt_A,pi_main,PI+F_N+LOW_I+HIGH_B,F_N,LOW_I,HIGH_B,,3.5
10.3030_101125401_full,mistral,prompt_A,pi_main,PI+F_N+LOW_I+LOW_B,F_N,LOW_I,LOW_B,,3.5
10.3030_101125401_full,mistral,prompt_A,pi_main,PI+F_N+TOP_I+HIGH_B,F_N,TOP_I,HIGH_B,,3.8
10.3030_101125401_full,mistral,prompt_A,pi_main,PI+F_N+TOP_I+LOW_B,F_N,TOP_I,LOW_B,,3.5
10.3030_101125401_full,mistral,prompt_A,pi_main,PI+M_N+LOW_I+HIGH_B,M_N,LOW_I,HIGH_B,,3.5
10.3030_101125401_full,mistral,prompt_A,pi_main,PI+M_N+LOW_I+LOW_B,M_N,LOW_I,LOW_B,,3.5
10.3030_101125401_full,mistral,prompt_A,pi_main,PI+M_N+TOP_I+HIGH_B,M_N,TOP_I,HIGH_B,,3.7
10.3030_101125401_full,mistral,prompt_A,pi_main,PI+M_N+TOP_I+LOW_B,M_N,TOP_I,LOW_B,,3.5
10.3030_101125401_full,mistral,prompt_B,ai_main,AI+AI_N,,,,AI_N,3.6
10.3030_101125401_full,mistral,prompt_B,ai_main,AI+AI_Y,,,,AI_Y,3.9
10.3030_101125401_full,mistral,prompt_B,blind_baseline,NONE,,,,,3.6
10.3030_101125401_full,mistral,prompt_B,pi_main,PI+F_N+LOW_I+HIGH_B,F_N,LOW_I,HIGH_B,,3.7
10.3030_101125401_full,mistral,prompt_B,pi_main,PI+F_N+LOW_I+LOW_B,F_N,LOW_I,LOW_B,,3.6
10.3030_101125401_full,mistral,prompt_B,pi_main,PI+F_N+TOP_I+HIGH_B,F_N,TOP_I,HIGH_B,,3.8
10.3030_101125401_full,mistral,prompt_B,pi_main,PI+F_N+TOP_I+LOW_B,F_N,TOP_I,LOW_B,,3.5
10.3030_101125401_full,mistral,prompt_B,pi_main,PI+M_N+LOW_I+HIGH_B,M_N,LOW_I,HIGH_B,,3.9
10.3030_101125401_full,mistral,prompt_B,pi_main,PI+M_N+LOW_I+LOW_B,M_N,LOW_I,LOW_B,,3.8
10.3030_101125401_full,mistral,prompt_B,pi_main,PI+M_N+TOP_I+HIGH_B,M_N,TOP_I,HIGH_B,,3.7
10.3030_101125401_full,mistral,prompt_B,pi_main,PI+M_N+TOP_I+LOW_B,M_N,TOP_I,LOW_B,,3.8
10.3030_101125401_full,mistral,prompt_C,ai_main,AI+AI_N,,,,AI_N,3.9
10.3030_101125401_full,mistral,prompt_C,ai_main,AI+AI_Y,,,,AI_Y,3.8
10.3030_101125401_full,mistral,prompt_C,blind_baseline,NONE,,,,,3.8
10.3030_101125401_full,mistral,prompt_C,pi_main,PI+F_N+LOW_I+HIGH_B,F_N,LOW_I,HIGH_B,,3.7
10.3030_101125401_full,mistral,prompt_C,pi_main,PI+F_N+LOW_I+LOW_B,F_N,LOW_I,LOW_B,,3.8
10.3030_101125401_full,mistral,prompt_C,pi_main,PI+F_N+TOP_I+HIGH_B,F_N,TOP_I,HIGH_B,,4.0
10.3030_101125401_full,mistral,prompt_C,pi_main,PI+F_N+TOP_I+LOW_B,F_N,TOP_I,LOW_B,,3.7
10.3030_101125401_full,mistral,prompt_C,pi_main,PI+M_N+LOW_I+HIGH_B,M_N,LOW_I,HIGH_B,,3.8
10.3030_101125401_full,mistral,prompt_C,pi_main,PI+M_N+LOW_I+LOW_B,M_N,LOW_I,LOW_B,,3.5
10.3030_101125401_full,mistral,prompt_C,pi_main,PI+M_N+TOP_I+HIGH_B,M_N,TOP_I,HIGH_B,,3.8
10.3030_101125401_full,mistral,prompt_C,pi_main,PI+M_N+TOP_I+LOW_B,M_N,TOP_I,LOW_B,,3.6
10.3030_101125401_full,phi,prompt_A,ai_main,AI+AI_N,,,,AI_N,3.5
10.3030_101125401_full,phi,prompt_A,ai_main,AI+AI_Y,,,,AI_Y,3.5
10.3030_101125401_full,phi,prompt_A,blind_baseline,NONE,,,,,3.5
10.3030_101125401_full,phi,prompt_A,pi_main,PI+F_N+LOW_I+HIGH_B,F_N,LOW_I,HIGH_B,,3.5
10.3030_101125401_full,phi,prompt_A,pi_main,PI+F_N+LOW_I+LOW_B,F_N,LOW_I,LOW_B,,3.5
10.3030_101125401_full,phi,prompt_A,pi_main,PI+F_N+TOP_I+HIGH_B,F_N,TOP_I,HIGH_B,,3.5
10.3030_101125401_full,phi,prompt_A,pi_main,PI+F_N+TOP_I+LOW_B,F_N,TOP_I,LOW_B,,3.5
10.3030_101125401_full,phi,prompt_A,pi_main,PI+M_N+LOW_I+HIGH_B,M_N,LOW_I,HIGH_B,,3.5
10.3030_101125401_full,phi,prompt_A,pi_main,PI+M_N+LOW_I+LOW_B,M_N,LOW_I,LOW_B,,3.5
10.3030_101125401_full,phi,prompt_A,pi_main,PI+M_N+TOP_I+HIGH_B,M_N,TOP_I,HIGH_B,,3.5
10.3030_101125401_full,phi,prompt_A,pi_main,PI+M_N+TOP_I+LOW_B,M_N,TOP_I,LOW_B,,3.5
10.3030_101125401_full,phi,prompt_B,ai_main,AI+AI_N,,,,AI_N,3.5
10.3030_101125401_full,phi,prompt_B,ai_main,AI+AI_Y,,,,AI_Y,3.5
10.3030_101125401_full,phi,prompt_B,blind_baseline,NONE,,,,,3.1
10.3030_101125401_full,phi,prompt_B,pi_main,PI+F_N+LOW_I+HIGH_B,F_N,LOW_I,HIGH_B,,3.5
10.3030_101125401_full,phi,prompt_B,pi_main,PI+F_N+LOW_I+LOW_B,F_N,LOW_I,LOW_B,,3.5
10.3030_101125401_full,phi,prompt_B,pi_main,PI+F_N+TOP_I+HIGH_B,F_N,TOP_I,HIGH_B,,3.5
10.3030_101125401_full,phi,prompt_B,pi_main,PI+F_N+TOP_I+LOW_B,F_N,TOP_I,LOW_B,,3.5
10.3030_101125401_full,phi,prompt_B,pi_main,PI+M_N+LOW_I+HIGH_B,M_N,LOW_I,HIGH_B,,3.5
10.3030_101125401_full,phi,prompt_B,pi_main,PI+M_N+LOW_I+LOW_B,M_N,LOW_I,LOW_B,,3.5
10.3030_101125401_full,phi,prompt_B,pi_main,PI+M_N+TOP_I+HIGH_B,M_N,TOP_I,HIGH_B,,3.5
10.3030_101125401_full,phi,prompt_B,pi_main,PI+M_N+TOP_I+LOW_B,M_N,TOP_I,LOW_B,,3.5
10.3030_101125401_full,phi,prompt_C,ai_main,AI+AI_N,,,,AI_N,3.5
10.3030_101125401_full,phi,prompt_C,ai_main,AI+AI_Y,,,,AI_Y,3.5
10.3030_101125401_full,phi,prompt_C,blind_baseline,NONE,,,,,3.5
10.3030_101125401_full,phi,prompt_C,pi_main,PI+F_N+LOW_I+HIGH_B,F_N,LOW_I,HIGH_B,,3.5
10.3030_101125401_full,phi,prompt_C,pi_main,PI+F_N+LOW_I+LOW_B,F_N,LOW_I,LOW_B,,3.0
10.3030_101125401_full,phi,prompt_C,pi_main,PI+F_N+TOP_I+HIGH_B,F_N,TOP_I,HIGH_B,,3.5
10.3030_101125401_full,phi,prompt_C,pi_main,PI+F_N+TOP_I+LOW_B,F_N,TOP_I,LOW_B,,3.0
10.3030_101125401_full,phi,prompt_C,pi_main,PI+M_N+LOW_I+HIGH_B,M_N,LOW_I,HIGH_B,,3.5
10.3030_101125401_full,phi,prompt_C,pi_main,PI+M_N+LOW_I+LOW_B,M_N,LOW_I,LOW_B,,3.5
10.3030_101125401_full,phi,prompt_C,pi_main,PI+M_N+TOP_I+HIGH_B,M_N,TOP_I,HIGH_B,,3.5
10.3030_101125401_full,phi,prompt_C,pi_main,PI+M_N+TOP_I+LOW_B,M_N,TOP_I,LOW_B,,3.5
10.3030_101125480_full,deepseek,prompt_A,ai_main,AI+AI_N,,,,AI_N,3.7
10.3030_101125480_full,deepseek,prompt_A,ai_main,AI+AI_Y,,,,AI_Y,3.5
10.3030_101125480_full,deepseek,prompt_A,blind_baseline,NONE,,,,,3.3
10.3030_101125480_full,deepseek,prompt_A,pi_main,PI+F_N+LOW_I+HIGH_B,F_N,LOW_I,HIGH_B,,3.5
10.3030_101125480_full,deepseek,prompt_A,pi_main,PI+F_N+LOW_I+LOW_B,F_N,LOW_I,LOW_B,,3.4
10.3030_101125480_full,deepseek,prompt_A,pi_main,PI+F_N+TOP_I+HIGH_B,F_N,TOP_I,HIGH_B,,3.0
10.3030_101125480_full,deepseek,prompt_A,pi_main,PI+F_N+TOP_I+LOW_B,F_N,TOP_I,LOW_B,,3.2
10.3030_101125480_full,deepseek,prompt_A,pi_main,PI+M_N+LOW_I+HIGH_B,M_N,LOW_I,HIGH_B,,3.3
10.3030_101125480_full,deepseek,prompt_A,pi_main,PI+M_N+LOW_I+LOW_B,M_N,LOW_I,LOW_B,,3.1
10.3030_101125480_full,deepseek,prompt_A,pi_main,PI+M_N+TOP_I+HIGH_B,M_N,TOP_I,HIGH_B,,3.2
10.3030_101125480_full,deepseek,prompt_A,pi_main,PI+M_N+TOP_I+LOW_B,M_N,TOP_I,LOW_B,,3.3
10.3030_101125480_full,deepseek,prompt_B,ai_main,AI+AI_N,,,,AI_N,3.2
10.3030_101125480_full,deepseek,prompt_B,ai_main,AI+AI_Y,,,,AI_Y,3.0
10.3030_101125480_full,deepseek,prompt_B,blind_baseline,NONE,,,,,3.2
10.3030_101125480_full,deepseek,prompt_B,pi_main,PI+F_N+LOW_I+HIGH_B,F_N,LOW_I,HIGH_B,,3.2
10.3030_101125480_full,deepseek,prompt_B,pi_main,PI+F_N+LOW_I+LOW_B,F_N,LOW_I,LOW_B,,3.4
10.3030_101125480_full,deepseek,prompt_B,pi_main,PI+F_N+TOP_I+HIGH_B,F_N,TOP_I,HIGH_B,,3.1
10.3030_101125480_full,deepseek,prompt_B,pi_main,PI+F_N+TOP_I+LOW_B,F_N,TOP_I,LOW_B,,3.0
10.3030_101125480_full,deepseek,prompt_B,pi_main,PI+M_N+LOW_I+HIGH_B,M_N,LOW_I,HIGH_B,,3.3
10.3030_101125480_full,deepseek,prompt_B,pi_main,PI+M_N+LOW_I+LOW_B,M_N,LOW_I,LOW_B,,2.9
10.3030_101125480_full,deepseek,prompt_B,pi_main,PI+M_N+TOP_I+HIGH_B,M_N,TOP_I,HIGH_B,,3.1
10.3030_101125480_full,deepseek,prompt_B,pi_main,PI+M_N+TOP_I+LOW_B,M_N,TOP_I,LOW_B,,3.0
10.3030_101125480_full,deepseek,prompt_C,ai_main,AI+AI_N,,,,AI_N,3.2
10.3030_101125480_full,deepseek,prompt_C,ai_main,AI+AI_Y,,,,AI_Y,3.2
10.3030_101125480_full,deepseek,prompt_C,blind_baseline,NONE,,,,,3.4
10.3030_101125480_full,deepseek,prompt_C,pi_main,PI+F_N+LOW_I+HIGH_B,F_N,LOW_I,HIGH_B,,3.3
10.3030_101125480_full,deepseek,prompt_C,pi_main,PI+F_N+LOW_I+LOW_B,F_N,LOW_I,LOW_B,,3.1
10.3030_101125480_full,deepseek,prompt_C,pi_main,PI+F_N+TOP_I+HIGH_B,F_N,TOP_I,HIGH_B,,3.7
10.3030_101125480_full,deepseek,prompt_C,pi_main,PI+F_N+TOP_I+LOW_B,F_N,TOP_I,LOW_B,,3.1
10.3030_101125480_full,deepseek,prompt_C,pi_main,PI+M_N+LOW_I+HIGH_B,M_N,LOW_I,HIGH_B,,3.6
10.3030_101125480_full,deepseek,prompt_C,pi_main,PI+M_N+LOW_I+LOW_B,M_N,LOW_I,LOW_B,,3.4
10.3030_101125480_full,deepseek,prompt_C,pi_main,PI+M_N+TOP_I+HIGH_B,M_N,TOP_I,HIGH_B,,3.2
10.3030_101125480_full,deepseek,prompt_C,pi_main,PI+M_N+TOP_I+LOW_B,M_N,TOP_I,LOW_B,,3.0
10.3030_101125480_full,gemma,prompt_A,ai_main,AI+AI_N,,,,AI_N,3.5
10.3030_101125480_full,gemma,prompt_A,ai_main,AI+AI_Y,,,,AI_Y,3.3
10.3030_101125480_full,gemma,prompt_A,blind_baseline,NONE,,,,,3.0
10.3030_101125480_full,gemma,prompt_A,pi_main,PI+F_N+LOW_I+HIGH_B,F_N,LOW_I,HIGH_B,,3.0
10.3030_101125480_full,gemma,prompt_A,pi_main,PI+F_N+LOW_I+LOW_B,F_N,LOW_I,LOW_B,,3.0
10.3030_101125480_full,gemma,prompt_A,pi_main,PI+F_N+TOP_I+HIGH_B,F_N,TOP_I,HIGH_B,,3.0
10.3030_101125480_full,gemma,prompt_A,pi_main,PI+F_N+TOP_I+LOW_B,F_N,TOP_I,LOW_B,,3.0
10.3030_101125480_full,gemma,prompt_A,pi_main,PI+M_N+LOW_I+HIGH_B,M_N,LOW_I,HIGH_B,,3.0
10.3030_101125480_full,gemma,prompt_A,pi_main,PI+M_N+LOW_I+LOW_B,M_N,LOW_I,LOW_B,,3.0
10.3030_101125480_full,gemma,prompt_A,pi_main,PI+M_N+TOP_I+HIGH_B,M_N,TOP_I,HIGH_B,,3.0
10.3030_101125480_full,gemma,prompt_A,pi_main,PI+M_N+TOP_I+LOW_B,M_N,TOP_I,LOW_B,,3.0
10.3030_101125480_full,gemma,prompt_B,ai_main,AI+AI_N,,,,AI_N,3.5
10.3030_101125480_full,gemma,prompt_B,ai_main,AI+AI_Y,,,,AI_Y,3.0
10.3030_101125480_full,gemma,prompt_B,blind_baseline,NONE,,,,,3.0
10.3030_101125480_full,gemma,prompt_B,pi_main,PI+F_N+LOW_I+HIGH_B,F_N,LOW_I,HIGH_B,,3.5
10.3030_101125480_full,gemma,prompt_B,pi_main,PI+F_N+LOW_I+LOW_B,F_N,LOW_I,LOW_B,,3.0
10.3030_101125480_full,gemma,prompt_B,pi_main,PI+F_N+TOP_I+HIGH_B,F_N,TOP_I,HIGH_B,,3.5
10.3030_101125480_full,gemma,prompt_B,pi_main,PI+F_N+TOP_I+LOW_B,F_N,TOP_I,LOW_B,,3.0
10.3030_101125480_full,gemma,prompt_B,pi_main,PI+M_N+LOW_I+HIGH_B,M_N,LOW_I,HIGH_B,,3.2
10.3030_101125480_full,gemma,prompt_B,pi_main,PI+M_N+LOW_I+LOW_B,M_N,LOW_I,LOW_B,,3.0
10.3030_101125480_full,gemma,prompt_B,pi_main,PI+M_N+TOP_I+HIGH_B,M_N,TOP_I,HIGH_B,,3.5
10.3030_101125480_full,gemma,prompt_B,pi_main,PI+M_N+TOP_I+LOW_B,M_N,TOP_I,LOW_B,,3.0
10.3030_101125480_full,gemma,prompt_C,ai_main,AI+AI_N,,,,AI_N,3.5
10.3030_101125480_full,gemma,prompt_C,ai_main,AI+AI_Y,,,,AI_Y,3.5
10.3030_101125480_full,gemma,prompt_C,blind_baseline,NONE,,,,,3.0
10.3030_101125480_full,gemma,prompt_C,pi_main,PI+F_N+LOW_I+HIGH_B,F_N,LOW_I,HIGH_B,,3.4
10.3030_101125480_full,gemma,prompt_C,pi_main,PI+F_N+LOW_I+LOW_B,F_N,LOW_I,LOW_B,,3.0
10.3030_101125480_full,gemma,prompt_C,pi_main,PI+F_N+TOP_I+HIGH_B,F_N,TOP_I,HIGH_B,,3.5
10.3030_101125480_full,gemma,prompt_C,pi_main,PI+F_N+TOP_I+LOW_B,F_N,TOP_I,LOW_B,,3.0
10.3030_101125480_full,gemma,prompt_C,pi_main,PI+M_N+LOW_I+HIGH_B,M_N,LOW_I,HIGH_B,,3.5
10.3030_101125480_full,gemma,prompt_C,pi_main,PI+M_N+LOW_I+LOW_B,M_N,LOW_I,LOW_B,,3.0
10.3030_101125480_full,gemma,prompt_C,pi_main,PI+M_N+TOP_I+HIGH_B,M_N,TOP_I,HIGH_B,,3.3
10.3030_101125480_full,gemma,prompt_C,pi_main,PI+M_N+TOP_I+LOW_B,M_N,TOP_I,LOW_B,,3.0
10.3030_101125480_full,glm,prompt_A,ai_main,AI+AI_N,,,,AI_N,3.5
10.3030_101125480_full,glm,prompt_A,ai_main,AI+AI_Y,,,,AI_Y,3.4
10.3030_101125480_full,glm,prompt_A,blind_baseline,NONE,,,,,3.5
10.3030_101125480_full,glm,prompt_A,pi_main,PI+F_N+LOW_I+HIGH_B,F_N,LOW_I,HIGH_B,,3.4
10.3030_101125480_full,glm,prompt_A,pi_main,PI+F_N+LOW_I+LOW_B,F_N,LOW_I,LOW_B,,3.0
10.3030_101125480_full,glm,prompt_A,pi_main,PI+F_N+TOP_I+HIGH_B,F_N,TOP_I,HIGH_B,,3.5
10.3030_101125480_full,glm,prompt_A,pi_main,PI+F_N+TOP_I+LOW_B,F_N,TOP_I,LOW_B,,3.2
10.3030_101125480_full,glm,prompt_A,pi_main,PI+M_N+LOW_I+HIGH_B,M_N,LOW_I,HIGH_B,,3.3
10.3030_101125480_full,glm,prompt_A,pi_main,PI+M_N+LOW_I+LOW_B,M_N,LOW_I,LOW_B,,3.0
10.3030_101125480_full,glm,prompt_A,pi_main,PI+M_N+TOP_I+HIGH_B,M_N,TOP_I,HIGH_B,,3.5
10.3030_101125480_full,glm,prompt_A,pi_main,PI+M_N+TOP_I+LOW_B,M_N,TOP_I,LOW_B,,3.2
10.3030_101125480_full,glm,prompt_B,ai_main,AI+AI_N,,,,AI_N,3.5
10.3030_101125480_full,glm,prompt_B,ai_main,AI+AI_Y,,,,AI_Y,3.5
10.3030_101125480_full,glm,prompt_B,blind_baseline,NONE,,,,,3.5
10.3030_101125480_full,glm,prompt_B,pi_main,PI+F_N+LOW_I+HIGH_B,F_N,LOW_I,HIGH_B,,3.6
10.3030_101125480_full,glm,prompt_B,pi_main,PI+F_N+LOW_I+LOW_B,F_N,LOW_I,LOW_B,,3.3
10.3030_101125480_full,glm,prompt_B,pi_main,PI+F_N+TOP_I+HIGH_B,F_N,TOP_I,HIGH_B,,3.5
10.3030_101125480_full,glm,prompt_B,pi_main,PI+F_N+TOP_I+LOW_B,F_N,TOP_I,LOW_B,,3.5
10.3030_101125480_full,glm,prompt_B,pi_main,PI+M_N+LOW_I+HIGH_B,M_N,LOW_I,HIGH_B,,3.5
10.3030_101125480_full,glm,prompt_B,pi_main,PI+M_N+LOW_I+LOW_B,M_N,LOW_I,LOW_B,,3.5
10.3030_101125480_full,glm,prompt_B,pi_main,PI+M_N+TOP_I+HIGH_B,M_N,TOP_I,HIGH_B,,3.5
10.3030_101125480_full,glm,prompt_B,pi_main,PI+M_N+TOP_I+LOW_B,M_N,TOP_I,LOW_B,,3.3
10.3030_101125480_full,glm,prompt_C,ai_main,AI+AI_N,,,,AI_N,3.5
10.3030_101125480_full,glm,prompt_C,ai_main,AI+AI_Y,,,,AI_Y,3.4
10.3030_101125480_full,glm,prompt_C,blind_baseline,NONE,,,,,3.5
10.3030_101125480_full,glm,prompt_C,pi_main,PI+F_N+LOW_I+HIGH_B,F_N,LOW_I,HIGH_B,,3.5
10.3030_101125480_full,glm,prompt_C,pi_main,PI+F_N+LOW_I+LOW_B,F_N,LOW_I,LOW_B,,3.2
10.3030_101125480_full,glm,prompt_C,pi_main,PI+F_N+TOP_I+HIGH_B,F_N,TOP_I,HIGH_B,,3.5
10.3030_101125480_full,glm,prompt_C,pi_main,PI+F_N+TOP_I+LOW_B,F_N,TOP_I,LOW_B,,3.4
10.3030_101125480_full,glm,prompt_C,pi_main,PI+M_N+LOW_I+HIGH_B,M_N,LOW_I,HIGH_B,,3.5
10.3030_101125480_full,glm,prompt_C,pi_main,PI+M_N+LOW_I+LOW_B,M_N,LOW_I,LOW_B,,3.2
10.3030_101125480_full,glm,prompt_C,pi_main,PI+M_N+TOP_I+HIGH_B,M_N,TOP_I,HIGH_B,,3.5
10.3030_101125480_full,glm,prompt_C,pi_main,PI+M_N+TOP_I+LOW_B,M_N,TOP_I,LOW_B,,3.1
10.3030_101125480_full,gpt,prompt_A,ai_main,AI+AI_N,,,,AI_N,3.6
10.3030_101125480_full,gpt,prompt_A,ai_main,AI+AI_Y,,,,AI_Y,3.5
10.3030_101125480_full,gpt,prompt_A,blind_baseline,NONE,,,,,4.0
10.3030_101125480_full,gpt,prompt_A,pi_main,PI+F_N+LOW_I+HIGH_B,F_N,LOW_I,HIGH_B,,3.5
10.3030_101125480_full,gpt,prompt_A,pi_main,PI+F_N+LOW_I+LOW_B,F_N,LOW_I,LOW_B,,3.5
10.3030_101125480_full,gpt,prompt_A,pi_main,PI+F_N+TOP_I+HIGH_B,F_N,TOP_I,HIGH_B,,3.8
10.3030_101125480_full,gpt,prompt_A,pi_main,PI+F_N+TOP_I+LOW_B,F_N,TOP_I,LOW_B,,3.1
10.3030_101125480_full,gpt,prompt_A,pi_main,PI+M_N+LOW_I+HIGH_B,M_N,LOW_I,HIGH_B,,3.5
10.3030_101125480_full,gpt,prompt_A,pi_main,PI+M_N+LOW_I+LOW_B,M_N,LOW_I,LOW_B,,3.5
10.3030_101125480_full,gpt,prompt_A,pi_main,PI+M_N+TOP_I+HIGH_B,M_N,TOP_I,HIGH_B,,4.0
10.3030_101125480_full,gpt,prompt_A,pi_main,PI+M_N+TOP_I+LOW_B,M_N,TOP_I,LOW_B,,3.5
10.3030_101125480_full,gpt,prompt_B,ai_main,AI+AI_N,,,,AI_N,3.7
10.3030_101125480_full,gpt,prompt_B,ai_main,AI+AI_Y,,,,AI_Y,3.5
10.3030_101125480_full,gpt,prompt_B,blind_baseline,NONE,,,,,3.6
10.3030_101125480_full,gpt,prompt_B,pi_main,PI+F_N+LOW_I+HIGH_B,F_N,LOW_I,HIGH_B,,4.0
10.3030_101125480_full,gpt,prompt_B,pi_main,PI+F_N+LOW_I+LOW_B,F_N,LOW_I,LOW_B,,3.5
10.3030_101125480_full,gpt,prompt_B,pi_main,PI+F_N+TOP_I+HIGH_B,F_N,TOP_I,HIGH_B,,4.0
10.3030_101125480_full,gpt,prompt_B,pi_main,PI+F_N+TOP_I+LOW_B,F_N,TOP_I,LOW_B,,3.6
10.3030_101125480_full,gpt,prompt_B,pi_main,PI+M_N+LOW_I+HIGH_B,M_N,LOW_I,HIGH_B,,3.9
10.3030_101125480_full,gpt,prompt_B,pi_main,PI+M_N+LOW_I+LOW_B,M_N,LOW_I,LOW_B,,3.5
10.3030_101125480_full,gpt,prompt_B,pi_main,PI+M_N+TOP_I+HIGH_B,M_N,TOP_I,HIGH_B,,4.0
10.3030_101125480_full,gpt,prompt_B,pi_main,PI+M_N+TOP_I+LOW_B,M_N,TOP_I,LOW_B,,3.7
10.3030_101125480_full,gpt,prompt_C,ai_main,AI+AI_N,,,,AI_N,3.6
10.3030_101125480_full,gpt,prompt_C,ai_main,AI+AI_Y,,,,AI_Y,3.5
10.3030_101125480_full,gpt,prompt_C,blind_baseline,NONE,,,,,3.8
10.3030_101125480_full,gpt,prompt_C,pi_main,PI+F_N+LOW_I+HIGH_B,F_N,LOW_I,HIGH_B,,4.0
10.3030_101125480_full,gpt,prompt_C,pi_main,PI+F_N+LOW_I+LOW_B,F_N,LOW_I,LOW_B,,3.5
10.3030_101125480_full,gpt,prompt_C,pi_main,PI+F_N+TOP_I+HIGH_B,F_N,TOP_I,HIGH_B,,4.0
10.3030_101125480_full,gpt,prompt_C,pi_main,PI+F_N+TOP_I+LOW_B,F_N,TOP_I,LOW_B,,3.5
10.3030_101125480_full,gpt,prompt_C,pi_main,PI+M_N+LOW_I+HIGH_B,M_N,LOW_I,HIGH_B,,3.5
10.3030_101125480_full,gpt,prompt_C,pi_main,PI+M_N+LOW_I+LOW_B,M_N,LOW_I,LOW_B,,3.5
10.3030_101125480_full,gpt,prompt_C,pi_main,PI+M_N+TOP_I+HIGH_B,M_N,TOP_I,HIGH_B,,4.0
10.3030_101125480_full,gpt,prompt_C,pi_main,PI+M_N+TOP_I+LOW_B,M_N,TOP_I,LOW_B,,3.5
10.3030_101125480_full,kimi,prompt_A,ai_main,AI+AI_N,,,,AI_N,3.6
10.3030_101125480_full,kimi,prompt_A,ai_main,AI+AI_Y,,,,AI_Y,3.7
10.3030_101125480_full,kimi,prompt_A,blind_baseline,NONE,,,,,3.5
10.3030_101125480_full,kimi,prompt_A,pi_main,PI+F_N+LOW_I+HIGH_B,F_N,LOW_I,HIGH_B,,3.5
10.3030_101125480_full,kimi,prompt_A,pi_main,PI+F_N+LOW_I+LOW_B,F_N,LOW_I,LOW_B,,3.3
10.3030_101125480_full,kimi,prompt_A,pi_main,PI+F_N+TOP_I+HIGH_B,F_N,TOP_I,HIGH_B,,3.5
10.3030_101125480_full,kimi,prompt_A,pi_main,PI+F_N+TOP_I+LOW_B,F_N,TOP_I,LOW_B,,3.5
10.3030_101125480_full,kimi,prompt_A,pi_main,PI+M_N+LOW_I+HIGH_B,M_N,LOW_I,HIGH_B,,3.5
10.3030_101125480_full,kimi,prompt_A,pi_main,PI+M_N+LOW_I+LOW_B,M_N,LOW_I,LOW_B,,3.5
10.3030_101125480_full,kimi,prompt_A,pi_main,PI+M_N+TOP_I+HIGH_B,M_N,TOP_I,HIGH_B,,3.6
10.3030_101125480_full,kimi,prompt_A,pi_main,PI+M_N+TOP_I+LOW_B,M_N,TOP_I,LOW_B,,3.4
10.3030_101125480_full,kimi,prompt_B,ai_main,AI+AI_N,,,,AI_N,3.7
10.3030_101125480_full,kimi,prompt_B,ai_main,AI+AI_Y,,,,AI_Y,3.5
10.3030_101125480_full,kimi,prompt_B,blind_baseline,NONE,,,,,3.9
10.3030_101125480_full,kimi,prompt_B,pi_main,PI+F_N+LOW_I+HIGH_B,F_N,LOW_I,HIGH_B,,3.6
10.3030_101125480_full,kimi,prompt_B,pi_main,PI+F_N+LOW_I+LOW_B,F_N,LOW_I,LOW_B,,3.4
10.3030_101125480_full,kimi,prompt_B,pi_main,PI+F_N+TOP_I+HIGH_B,F_N,TOP_I,HIGH_B,,3.8
10.3030_101125480_full,kimi,prompt_B,pi_main,PI+F_N+TOP_I+LOW_B,F_N,TOP_I,LOW_B,,3.4
10.3030_101125480_full,kimi,prompt_B,pi_main,PI+M_N+LOW_I+HIGH_B,M_N,LOW_I,HIGH_B,,3.5
10.3030_101125480_full,kimi,prompt_B,pi_main,PI+M_N+LOW_I+LOW_B,M_N,LOW_I,LOW_B,,3.4
10.3030_101125480_full,kimi,prompt_B,pi_main,PI+M_N+TOP_I+HIGH_B,M_N,TOP_I,HIGH_B,,3.5
10.3030_101125480_full,kimi,prompt_B,pi_main,PI+M_N+TOP_I+LOW_B,M_N,TOP_I,LOW_B,,3.5
10.3030_101125480_full,kimi,prompt_C,ai_main,AI+AI_N,,,,AI_N,3.9
10.3030_101125480_full,kimi,prompt_C,ai_main,AI+AI_Y,,,,AI_Y,3.6
10.3030_101125480_full,kimi,prompt_C,blind_baseline,NONE,,,,,3.7
10.3030_101125480_full,kimi,prompt_C,pi_main,PI+F_N+LOW_I+HIGH_B,F_N,LOW_I,HIGH_B,,3.6
10.3030_101125480_full,kimi,prompt_C,pi_main,PI+F_N+LOW_I+LOW_B,F_N,LOW_I,LOW_B,,3.3
10.3030_101125480_full,kimi,prompt_C,pi_main,PI+F_N+TOP_I+HIGH_B,F_N,TOP_I,HIGH_B,,3.9
10.3030_101125480_full,kimi,prompt_C,pi_main,PI+F_N+TOP_I+LOW_B,F_N,TOP_I,LOW_B,,3.7
10.3030_101125480_full,kimi,prompt_C,pi_main,PI+M_N+LOW_I+HIGH_B,M_N,LOW_I,HIGH_B,,3.8
10.3030_101125480_full,kimi,prompt_C,pi_main,PI+M_N+LOW_I+LOW_B,M_N,LOW_I,LOW_B,,3.5
10.3030_101125480_full,kimi,prompt_C,pi_main,PI+M_N+TOP_I+HIGH_B,M_N,TOP_I,HIGH_B,,3.8
10.3030_101125480_full,kimi,prompt_C,pi_main,PI+M_N+TOP_I+LOW_B,M_N,TOP_I,LOW_B,,3.8
10.3030_101125480_full,ministral,prompt_A,ai_main,AI+AI_N,,,,AI_N,3.5
10.3030_101125480_full,ministral,prompt_A,ai_main,AI+AI_Y,,,,AI_Y,3.5
10.3030_101125480_full,ministral,prompt_A,blind_baseline,NONE,,,,,3.5
10.3030_101125480_full,ministral,prompt_A,pi_main,PI+F_N+LOW_I+HIGH_B,F_N,LOW_I,HIGH_B,,3.5
10.3030_101125480_full,ministral,prompt_A,pi_main,PI+F_N+LOW_I+LOW_B,F_N,LOW_I,LOW_B,,3.5
10.3030_101125480_full,ministral,prompt_A,pi_main,PI+F_N+TOP_I+HIGH_B,F_N,TOP_I,HIGH_B,,3.5
10.3030_101125480_full,ministral,prompt_A,pi_main,PI+F_N+TOP_I+LOW_B,F_N,TOP_I,LOW_B,,3.5
10.3030_101125480_full,ministral,prompt_A,pi_main,PI+M_N+LOW_I+HIGH_B,M_N,LOW_I,HIGH_B,,3.5
10.3030_101125480_full,ministral,prompt_A,pi_main,PI+M_N+LOW_I+LOW_B,M_N,LOW_I,LOW_B,,3.5
10.3030_101125480_full,ministral,prompt_A,pi_main,PI+M_N+TOP_I+HIGH_B,M_N,TOP_I,HIGH_B,,3.5
10.3030_101125480_full,ministral,prompt_A,pi_main,PI+M_N+TOP_I+LOW_B,M_N,TOP_I,LOW_B,,3.5
10.3030_101125480_full,ministral,prompt_B,ai_main,AI+AI_N,,,,AI_N,3.5
10.3030_101125480_full,ministral,prompt_B,ai_main,AI+AI_Y,,,,AI_Y,3.5
10.3030_101125480_full,ministral,prompt_B,blind_baseline,NONE,,,,,3.5
10.3030_101125480_full,ministral,prompt_B,pi_main,PI+F_N+LOW_I+HIGH_B,F_N,LOW_I,HIGH_B,,3.5
10.3030_101125480_full,ministral,prompt_B,pi_main,PI+F_N+LOW_I+LOW_B,F_N,LOW_I,LOW_B,,3.5
10.3030_101125480_full,ministral,prompt_B,pi_main,PI+F_N+TOP_I+HIGH_B,F_N,TOP_I,HIGH_B,,3.5
10.3030_101125480_full,ministral,prompt_B,pi_main,PI+F_N+TOP_I+LOW_B,F_N,TOP_I,LOW_B,,3.5
10.3030_101125480_full,ministral,prompt_B,pi_main,PI+M_N+LOW_I+HIGH_B,M_N,LOW_I,HIGH_B,,3.5
10.3030_101125480_full,ministral,prompt_B,pi_main,PI+M_N+LOW_I+LOW_B,M_N,LOW_I,LOW_B,,3.5
10.3030_101125480_full,ministral,prompt_B,pi_main,PI+M_N+TOP_I+HIGH_B,M_N,TOP_I,HIGH_B,,3.5
10.3030_101125480_full,ministral,prompt_B,pi_main,PI+M_N+TOP_I+LOW_B,M_N,TOP_I,LOW_B,,3.5
10.3030_101125480_full,ministral,prompt_C,ai_main,AI+AI_N,,,,AI_N,3.5
10.3030_101125480_full,ministral,prompt_C,ai_main,AI+AI_Y,,,,AI_Y,3.5
10.3030_101125480_full,ministral,prompt_C,blind_baseline,NONE,,,,,3.5
10.3030_101125480_full,ministral,prompt_C,pi_main,PI+F_N+LOW_I+HIGH_B,F_N,LOW_I,HIGH_B,,3.5
10.3030_101125480_full,ministral,prompt_C,pi_main,PI+F_N+LOW_I+LOW_B,F_N,LOW_I,LOW_B,,3.5
10.3030_101125480_full,ministral,prompt_C,pi_main,PI+F_N+TOP_I+HIGH_B,F_N,TOP_I,HIGH_B,,3.5
10.3030_101125480_full,ministral,prompt_C,pi_main,PI+F_N+TOP_I+LOW_B,F_N,TOP_I,LOW_B,,3.5
10.3030_101125480_full,ministral,prompt_C,pi_main,PI+M_N+LOW_I+HIGH_B,M_N,LOW_I,HIGH_B,,3.5
10.3030_101125480_full,ministral,prompt_C,pi_main,PI+M_N+LOW_I+LOW_B,M_N,LOW_I,LOW_B,,3.5
10.3030_101125480_full,ministral,prompt_C,pi_main,PI+M_N+TOP_I+HIGH_B,M_N,TOP_I,HIGH_B,,3.5
10.3030_101125480_full,ministral,prompt_C,pi_main,PI+M_N+TOP_I+LOW_B,M_N,TOP_I,LOW_B,,3.5
10.3030_101125480_full,mistral,prompt_A,ai_main,AI+AI_N,,,,AI_N,3.8
10.3030_101125480_full,mistral,prompt_A,ai_main,AI+AI_Y,,,,AI_Y,3.8
10.3030_101125480_full,mistral,prompt_A,blind_baseline,NONE,,,,,4.0
10.3030_101125480_full,mistral,prompt_A,pi_main,PI+F_N+LOW_I+HIGH_B,F_N,LOW_I,HIGH_B,,3.9
10.3030_101125480_full,mistral,prompt_A,pi_main,PI+F_N+LOW_I+LOW_B,F_N,LOW_I,LOW_B,,3.7
10.3030_101125480_full,mistral,prompt_A,pi_main,PI+F_N+TOP_I+HIGH_B,F_N,TOP_I,HIGH_B,,4.0
10.3030_101125480_full,mistral,prompt_A,pi_main,PI+F_N+TOP_I+LOW_B,F_N,TOP_I,LOW_B,,3.6
10.3030_101125480_full,mistral,prompt_A,pi_main,PI+M_N+LOW_I+HIGH_B,M_N,LOW_I,HIGH_B,,3.8
10.3030_101125480_full,mistral,prompt_A,pi_main,PI+M_N+LOW_I+LOW_B,M_N,LOW_I,LOW_B,,3.5
10.3030_101125480_full,mistral,prompt_A,pi_main,PI+M_N+TOP_I+HIGH_B,M_N,TOP_I,HIGH_B,,3.8
10.3030_101125480_full,mistral,prompt_A,pi_main,PI+M_N+TOP_I+LOW_B,M_N,TOP_I,LOW_B,,3.7
10.3030_101125480_full,mistral,prompt_B,ai_main,AI+AI_N,,,,AI_N,4.0
10.3030_101125480_full,mistral,prompt_B,ai_main,AI+AI_Y,,,,AI_Y,4.0
10.3030_101125480_full,mistral,prompt_B,blind_baseline,NONE,,,,,3.7
10.3030_101125480_full,mistral,prompt_B,pi_main,PI+F_N+LOW_I+HIGH_B,F_N,LOW_I,HIGH_B,,3.9
10.3030_101125480_full,mistral,prompt_B,pi_main,PI+F_N+LOW_I+LOW_B,F_N,LOW_I,LOW_B,,4.0
10.3030_101125480_full,mistral,prompt_B,pi_main,PI+F_N+TOP_I+HIGH_B,F_N,TOP_I,HIGH_B,,4.0
10.3030_101125480_full,mistral,prompt_B,pi_main,PI+F_N+TOP_I+LOW_B,F_N,TOP_I,LOW_B,,3.9
10.3030_101125480_full,mistral,prompt_B,pi_main,PI+M_N+LOW_I+HIGH_B,M_N,LOW_I,HIGH_B,,4.0
10.3030_101125480_full,mistral,prompt_B,pi_main,PI+M_N+LOW_I+LOW_B,M_N,LOW_I,LOW_B,,3.7
10.3030_101125480_full,mistral,prompt_B,pi_main,PI+M_N+TOP_I+HIGH_B,M_N,TOP_I,HIGH_B,,4.0
10.3030_101125480_full,mistral,prompt_B,pi_main,PI+M_N+TOP_I+LOW_B,M_N,TOP_I,LOW_B,,4.0
10.3030_101125480_full,mistral,prompt_C,ai_main,AI+AI_N,,,,AI_N,3.9
10.3030_101125480_full,mistral,prompt_C,ai_main,AI+AI_Y,,,,AI_Y,3.9
10.3030_101125480_full,mistral,prompt_C,blind_baseline,NONE,,,,,4.0
10.3030_101125480_full,mistral,prompt_C,pi_main,PI+F_N+LOW_I+HIGH_B,F_N,LOW_I,HIGH_B,,3.9
10.3030_101125480_full,mistral,prompt_C,pi_main,PI+F_N+LOW_I+LOW_B,F_N,LOW_I,LOW_B,,3.6
10.3030_101125480_full,mistral,prompt_C,pi_main,PI+F_N+TOP_I+HIGH_B,F_N,TOP_I,HIGH_B,,3.9
10.3030_101125480_full,mistral,prompt_C,pi_main,PI+F_N+TOP_I+LOW_B,F_N,TOP_I,LOW_B,,3.7
10.3030_101125480_full,mistral,prompt_C,pi_main,PI+M_N+LOW_I+HIGH_B,M_N,LOW_I,HIGH_B,,4.0
10.3030_101125480_full,mistral,prompt_C,pi_main,PI+M_N+LOW_I+LOW_B,M_N,LOW_I,LOW_B,,3.7
10.3030_101125480_full,mistral,prompt_C,pi_main,PI+M_N+TOP_I+HIGH_B,M_N,TOP_I,HIGH_B,,3.8
10.3030_101125480_full,mistral,prompt_C,pi_main,PI+M_N+TOP_I+LOW_B,M_N,TOP_I,LOW_B,,3.8
10.3030_101125480_full,phi,prompt_A,ai_main,AI+AI_N,,,,AI_N,3.0
10.3030_101125480_full,phi,prompt_A,ai_main,AI+AI_Y,,,,AI_Y,3.0
10.3030_101125480_full,phi,prompt_A,blind_baseline,NONE,,,,,3.0
10.3030_101125480_full,phi,prompt_A,pi_main,PI+F_N+LOW_I+HIGH_B,F_N,LOW_I,HIGH_B,,3.0
10.3030_101125480_full,phi,prompt_A,pi_main,PI+F_N+LOW_I+LOW_B,F_N,LOW_I,LOW_B,,3.0
10.3030_101125480_full,phi,prompt_A,pi_main,PI+F_N+TOP_I+HIGH_B,F_N,TOP_I,HIGH_B,,3.5
10.3030_101125480_full,phi,prompt_A,pi_main,PI+F_N+TOP_I+LOW_B,F_N,TOP_I,LOW_B,,3.0
10.3030_101125480_full,phi,prompt_A,pi_main,PI+M_N+LOW_I+HIGH_B,M_N,LOW_I,HIGH_B,,3.0
10.3030_101125480_full,phi,prompt_A,pi_main,PI+M_N+LOW_I+LOW_B,M_N,LOW_I,LOW_B,,3.0
10.3030_101125480_full,phi,prompt_A,pi_main,PI+M_N+TOP_I+HIGH_B,M_N,TOP_I,HIGH_B,,3.0
10.3030_101125480_full,phi,prompt_A,pi_main,PI+M_N+TOP_I+LOW_B,M_N,TOP_I,LOW_B,,3.0
10.3030_101125480_full,phi,prompt_B,ai_main,AI+AI_N,,,,AI_N,3.0
10.3030_101125480_full,phi,prompt_B,ai_main,AI+AI_Y,,,,AI_Y,3.0
10.3030_101125480_full,phi,prompt_B,blind_baseline,NONE,,,,,3.0
10.3030_101125480_full,phi,prompt_B,pi_main,PI+F_N+LOW_I+HIGH_B,F_N,LOW_I,HIGH_B,,3.0
10.3030_101125480_full,phi,prompt_B,pi_main,PI+F_N+LOW_I+LOW_B,F_N,LOW_I,LOW_B,,3.0
10.3030_101125480_full,phi,prompt_B,pi_main,PI+F_N+TOP_I+HIGH_B,F_N,TOP_I,HIGH_B,,3.0
10.3030_101125480_full,phi,prompt_B,pi_main,PI+F_N+TOP_I+LOW_B,F_N,TOP_I,LOW_B,,3.0
10.3030_101125480_full,phi,prompt_B,pi_main,PI+M_N+LOW_I+HIGH_B,M_N,LOW_I,HIGH_B,,3.0
10.3030_101125480_full,phi,prompt_B,pi_main,PI+M_N+LOW_I+LOW_B,M_N,LOW_I,LOW_B,,3.0
10.3030_101125480_full,phi,prompt_B,pi_main,PI+M_N+TOP_I+HIGH_B,M_N,TOP_I,HIGH_B,,3.0
10.3030_101125480_full,phi,prompt_B,pi_main,PI+M_N+TOP_I+LOW_B,M_N,TOP_I,LOW_B,,3.0
10.3030_101125480_full,phi,prompt_C,ai_main,AI+AI_N,,,,AI_N,3.0
10.3030_101125480_full,phi,prompt_C,ai_main,AI+AI_Y,,,,AI_Y,3.0
10.3030_101125480_full,phi,prompt_C,blind_baseline,NONE,,,,,3.0
10.3030_101125480_full,phi,prompt_C,pi_main,PI+F_N+LOW_I+HIGH_B,F_N,LOW_I,HIGH_B,,3.3
10.3030_101125480_full,phi,prompt_C,pi_main,PI+F_N+LOW_I+LOW_B,F_N,LOW_I,LOW_B,,3.0
10.3030_101125480_full,phi,prompt_C,pi_main,PI+F_N+TOP_I+HIGH_B,F_N,TOP_I,HIGH_B,,3.0
10.3030_101125480_full,phi,prompt_C,pi_main,PI+F_N+TOP_I+LOW_B,F_N,TOP_I,LOW_B,,3.0
10.3030_101125480_full,phi,prompt_C,pi_main,PI+M_N+LOW_I+HIGH_B,M_N,LOW_I,HIGH_B,,3.0
10.3030_101125480_full,phi,prompt_C,pi_main,PI+M_N+LOW_I+LOW_B,M_N,LOW_I,LOW_B,,3.0
10.3030_101125480_full,phi,prompt_C,pi_main,PI+M_N+TOP_I+HIGH_B,M_N,TOP_I,HIGH_B,,3.0
10.3030_101125480_full,phi,prompt_C,pi_main,PI+M_N+TOP_I+LOW_B,M_N,TOP_I,LOW_B,,3.0
10.3030_101125586_full,deepseek,prompt_A,ai_main,AI+AI_N,,,,AI_N,3.5
10.3030_101125586_full,deepseek,prompt_A,ai_main,AI+AI_Y,,,,AI_Y,3.3
10.3030_101125586_full,deepseek,prompt_A,blind_baseline,NONE,,,,,3.0
10.3030_101125586_full,deepseek,prompt_A,pi_main,PI+F_N+LOW_I+HIGH_B,F_N,LOW_I,HIGH_B,,3.2
10.3030_101125586_full,deepseek,prompt_A,pi_main,PI+F_N+LOW_I+LOW_B,F_N,LOW_I,LOW_B,,3.1
10.3030_101125586_full,deepseek,prompt_A,pi_main,PI+F_N+TOP_I+HIGH_B,F_N,TOP_I,HIGH_B,,3.3
10.3030_101125586_full,deepseek,prompt_A,pi_main,PI+F_N+TOP_I+LOW_B,F_N,TOP_I,LOW_B,,3.2
10.3030_101125586_full,deepseek,prompt_A,pi_main,PI+M_N+LOW_I+HIGH_B,M_N,LOW_I,HIGH_B,,3.3
10.3030_101125586_full,deepseek,prompt_A,pi_main,PI+M_N+LOW_I+LOW_B,M_N,LOW_I,LOW_B,,3.2
10.3030_101125586_full,deepseek,prompt_A,pi_main,PI+M_N+TOP_I+HIGH_B,M_N,TOP_I,HIGH_B,,3.4
10.3030_101125586_full,deepseek,prompt_A,pi_main,PI+M_N+TOP_I+LOW_B,M_N,TOP_I,LOW_B,,3.4
10.3030_101125586_full,deepseek,prompt_B,ai_main,AI+AI_N,,,,AI_N,3.6
10.3030_101125586_full,deepseek,prompt_B,ai_main,AI+AI_Y,,,,AI_Y,3.1
10.3030_101125586_full,deepseek,prompt_B,blind_baseline,NONE,,,,,3.1
10.3030_101125586_full,deepseek,prompt_B,pi_main,PI+F_N+LOW_I+HIGH_B,F_N,LOW_I,HIGH_B,,3.4
10.3030_101125586_full,deepseek,prompt_B,pi_main,PI+F_N+LOW_I+LOW_B,F_N,LOW_I,LOW_B,,3.0
10.3030_101125586_full,deepseek,prompt_B,pi_main,PI+F_N+TOP_I+HIGH_B,F_N,TOP_I,HIGH_B,,3.2
10.3030_101125586_full,deepseek,prompt_B,pi_main,PI+F_N+TOP_I+LOW_B,F_N,TOP_I,LOW_B,,3.0
10.3030_101125586_full,deepseek,prompt_B,pi_main,PI+M_N+LOW_I+HIGH_B,M_N,LOW_I,HIGH_B,,3.4
10.3030_101125586_full,deepseek,prompt_B,pi_main,PI+M_N+LOW_I+LOW_B,M_N,LOW_I,LOW_B,,3.1
10.3030_101125586_full,deepseek,prompt_B,pi_main,PI+M_N+TOP_I+HIGH_B,M_N,TOP_I,HIGH_B,,3.1
10.3030_101125586_full,deepseek,prompt_B,pi_main,PI+M_N+TOP_I+LOW_B,M_N,TOP_I,LOW_B,,3.1
10.3030_101125586_full,deepseek,prompt_C,ai_main,AI+AI_N,,,,AI_N,3.2
10.3030_101125586_full,deepseek,prompt_C,ai_main,AI+AI_Y,,,,AI_Y,3.4
10.3030_101125586_full,deepseek,prompt_C,blind_baseline,NONE,,,,,3.1
10.3030_101125586_full,deepseek,prompt_C,pi_main,PI+F_N+LOW_I+HIGH_B,F_N,LOW_I,HIGH_B,,3.4
10.3030_101125586_full,deepseek,prompt_C,pi_main,PI+F_N+LOW_I+LOW_B,F_N,LOW_I,LOW_B,,3.5
10.3030_101125586_full,deepseek,prompt_C,pi_main,PI+F_N+TOP_I+HIGH_B,F_N,TOP_I,HIGH_B,,3.5
10.3030_101125586_full,deepseek,prompt_C,pi_main,PI+F_N+TOP_I+LOW_B,F_N,TOP_I,LOW_B,,3.4
10.3030_101125586_full,deepseek,prompt_C,pi_main,PI+M_N+LOW_I+HIGH_B,M_N,LOW_I,HIGH_B,,3.4
10.3030_101125586_full,deepseek,prompt_C,pi_main,PI+M_N+LOW_I+LOW_B,M_N,LOW_I,LOW_B,,3.5
10.3030_101125586_full,deepseek,prompt_C,pi_main,PI+M_N+TOP_I+HIGH_B,M_N,TOP_I,HIGH_B,,3.5
10.3030_101125586_full,deepseek,prompt_C,pi_main,PI+M_N+TOP_I+LOW_B,M_N,TOP_I,LOW_B,,3.2
10.3030_101125586_full,gemma,prompt_A,ai_main,AI+AI_N,,,,AI_N,3.5
10.3030_101125586_full,gemma,prompt_A,ai_main,AI+AI_Y,,,,AI_Y,3.5
10.3030_101125586_full,gemma,prompt_A,blind_baseline,NONE,,,,,3.5
10.3030_101125586_full,gemma,prompt_A,pi_main,PI+F_N+LOW_I+HIGH_B,F_N,LOW_I,HIGH_B,,3.0
10.3030_101125586_full,gemma,prompt_A,pi_main,PI+F_N+LOW_I+LOW_B,F_N,LOW_I,LOW_B,,3.0
10.3030_101125586_full,gemma,prompt_A,pi_main,PI+F_N+TOP_I+HIGH_B,F_N,TOP_I,HIGH_B,,3.0
10.3030_101125586_full,gemma,prompt_A,pi_main,PI+F_N+TOP_I+LOW_B,F_N,TOP_I,LOW_B,,3.0
10.3030_101125586_full,gemma,prompt_A,pi_main,PI+M_N+LOW_I+HIGH_B,M_N,LOW_I,HIGH_B,,3.0
10.3030_101125586_full,gemma,prompt_A,pi_main,PI+M_N+LOW_I+LOW_B,M_N,LOW_I,LOW_B,,3.0
10.3030_101125586_full,gemma,prompt_A,pi_main,PI+M_N+TOP_I+HIGH_B,M_N,TOP_I,HIGH_B,,3.0
10.3030_101125586_full,gemma,prompt_A,pi_main,PI+M_N+TOP_I+LOW_B,M_N,TOP_I,LOW_B,,3.0
10.3030_101125586_full,gemma,prompt_B,ai_main,AI+AI_N,,,,AI_N,3.5
10.3030_101125586_full,gemma,prompt_B,ai_main,AI+AI_Y,,,,AI_Y,3.5
10.3030_101125586_full,gemma,prompt_B,blind_baseline,NONE,,,,,3.5
10.3030_101125586_full,gemma,prompt_B,pi_main,PI+F_N+LOW_I+HIGH_B,F_N,LOW_I,HIGH_B,,3.5
10.3030_101125586_full,gemma,prompt_B,pi_main,PI+F_N+LOW_I+LOW_B,F_N,LOW_I,LOW_B,,3.5
10.3030_101125586_full,gemma,prompt_B,pi_main,PI+F_N+TOP_I+HIGH_B,F_N,TOP_I,HIGH_B,,3.5
10.3030_101125586_full,gemma,prompt_B,pi_main,PI+F_N+TOP_I+LOW_B,F_N,TOP_I,LOW_B,,3.5
10.3030_101125586_full,gemma,prompt_B,pi_main,PI+M_N+LOW_I+HIGH_B,M_N,LOW_I,HIGH_B,,3.5
10.3030_101125586_full,gemma,prompt_B,pi_main,PI+M_N+LOW_I+LOW_B,M_N,LOW_I,LOW_B,,3.5
10.3030_101125586_full,gemma,prompt_B,pi_main,PI+M_N+TOP_I+HIGH_B,M_N,TOP_I,HIGH_B,,3.5
10.3030_101125586_full,gemma,prompt_B,pi_main,PI+M_N+TOP_I+LOW_B,M_N,TOP_I,LOW_B,,3.5
10.3030_101125586_full,gemma,prompt_C,ai_main,AI+AI_N,,,,AI_N,3.5
10.3030_101125586_full,gemma,prompt_C,ai_main,AI+AI_Y,,,,AI_Y,3.5
10.3030_101125586_full,gemma,prompt_C,blind_baseline,NONE,,,,,3.5
10.3030_101125586_full,gemma,prompt_C,pi_main,PI+F_N+LOW_I+HIGH_B,F_N,LOW_I,HIGH_B,,3.5
10.3030_101125586_full,gemma,prompt_C,pi_main,PI+F_N+LOW_I+LOW_B,F_N,LOW_I,LOW_B,,3.5
10.3030_101125586_full,gemma,prompt_C,pi_main,PI+F_N+TOP_I+HIGH_B,F_N,TOP_I,HIGH_B,,3.5
10.3030_101125586_full,gemma,prompt_C,pi_main,PI+F_N+TOP_I+LOW_B,F_N,TOP_I,LOW_B,,3.5
10.3030_101125586_full,gemma,prompt_C,pi_main,PI+M_N+LOW_I+HIGH_B,M_N,LOW_I,HIGH_B,,3.5
10.3030_101125586_full,gemma,prompt_C,pi_main,PI+M_N+LOW_I+LOW_B,M_N,LOW_I,LOW_B,,3.4
10.3030_101125586_full,gemma,prompt_C,pi_main,PI+M_N+TOP_I+HIGH_B,M_N,TOP_I,HIGH_B,,3.5
10.3030_101125586_full,gemma,prompt_C,pi_main,PI+M_N+TOP_I+LOW_B,M_N,TOP_I,LOW_B,,3.5
10.3030_101125586_full,glm,prompt_A,ai_main,AI+AI_N,,,,AI_N,3.5
10.3030_101125586_full,glm,prompt_A,ai_main,AI+AI_Y,,,,AI_Y,3.5
10.3030_101125586_full,glm,prompt_A,blind_baseline,NONE,,,,,3.5
10.3030_101125586_full,glm,prompt_A,pi_main,PI+F_N+LOW_I+HIGH_B,F_N,LOW_I,HIGH_B,,3.5
10.3030_101125586_full,glm,prompt_A,pi_main,PI+F_N+LOW_I+LOW_B,F_N,LOW_I,LOW_B,,3.0
10.3030_101125586_full,glm,prompt_A,pi_main,PI+F_N+TOP_I+HIGH_B,F_N,TOP_I,HIGH_B,,3.5
10.3030_101125586_full,glm,prompt_A,pi_main,PI+F_N+TOP_I+LOW_B,F_N,TOP_I,LOW_B,,3.5
10.3030_101125586_full,glm,prompt_A,pi_main,PI+M_N+LOW_I+HIGH_B,M_N,LOW_I,HIGH_B,,3.4
10.3030_101125586_full,glm,prompt_A,pi_main,PI+M_N+LOW_I+LOW_B,M_N,LOW_I,LOW_B,,3.2
10.3030_101125586_full,glm,prompt_A,pi_main,PI+M_N+TOP_I+HIGH_B,M_N,TOP_I,HIGH_B,,3.5
10.3030_101125586_full,glm,prompt_A,pi_main,PI+M_N+TOP_I+LOW_B,M_N,TOP_I,LOW_B,,3.5
10.3030_101125586_full,glm,prompt_B,ai_main,AI+AI_N,,,,AI_N,3.5
10.3030_101125586_full,glm,prompt_B,ai_main,AI+AI_Y,,,,AI_Y,3.5
10.3030_101125586_full,glm,prompt_B,blind_baseline,NONE,,,,,3.5
10.3030_101125586_full,glm,prompt_B,pi_main,PI+F_N+LOW_I+HIGH_B,F_N,LOW_I,HIGH_B,,3.5
10.3030_101125586_full,glm,prompt_B,pi_main,PI+F_N+LOW_I+LOW_B,F_N,LOW_I,LOW_B,,3.5
10.3030_101125586_full,glm,prompt_B,pi_main,PI+F_N+TOP_I+HIGH_B,F_N,TOP_I,HIGH_B,,3.5
10.3030_101125586_full,glm,prompt_B,pi_main,PI+F_N+TOP_I+LOW_B,F_N,TOP_I,LOW_B,,3.5
10.3030_101125586_full,glm,prompt_B,pi_main,PI+M_N+LOW_I+HIGH_B,M_N,LOW_I,HIGH_B,,3.5
10.3030_101125586_full,glm,prompt_B,pi_main,PI+M_N+LOW_I+LOW_B,M_N,LOW_I,LOW_B,,3.5
10.3030_101125586_full,glm,prompt_B,pi_main,PI+M_N+TOP_I+HIGH_B,M_N,TOP_I,HIGH_B,,3.5
10.3030_101125586_full,glm,prompt_B,pi_main,PI+M_N+TOP_I+LOW_B,M_N,TOP_I,LOW_B,,3.5
10.3030_101125586_full,glm,prompt_C,ai_main,AI+AI_N,,,,AI_N,3.5
10.3030_101125586_full,glm,prompt_C,ai_main,AI+AI_Y,,,,AI_Y,3.5
10.3030_101125586_full,glm,prompt_C,blind_baseline,NONE,,,,,3.5
10.3030_101125586_full,glm,prompt_C,pi_main,PI+F_N+LOW_I+HIGH_B,F_N,LOW_I,HIGH_B,,3.5
10.3030_101125586_full,glm,prompt_C,pi_main,PI+F_N+LOW_I+LOW_B,F_N,LOW_I,LOW_B,,3.3
10.3030_101125586_full,glm,prompt_C,pi_main,PI+F_N+TOP_I+HIGH_B,F_N,TOP_I,HIGH_B,,3.4
10.3030_101125586_full,glm,prompt_C,pi_main,PI+F_N+TOP_I+LOW_B,F_N,TOP_I,LOW_B,,3.1
10.3030_101125586_full,glm,prompt_C,pi_main,PI+M_N+LOW_I+HIGH_B,M_N,LOW_I,HIGH_B,,3.5
10.3030_101125586_full,glm,prompt_C,pi_main,PI+M_N+LOW_I+LOW_B,M_N,LOW_I,LOW_B,,3.1
10.3030_101125586_full,glm,prompt_C,pi_main,PI+M_N+TOP_I+HIGH_B,M_N,TOP_I,HIGH_B,,3.5
10.3030_101125586_full,glm,prompt_C,pi_main,PI+M_N+TOP_I+LOW_B,M_N,TOP_I,LOW_B,,3.1
10.3030_101125586_full,gpt,prompt_A,ai_main,AI+AI_N,,,,AI_N,3.5
10.3030_101125586_full,gpt,prompt_A,ai_main,AI+AI_Y,,,,AI_Y,3.5
10.3030_101125586_full,gpt,prompt_A,blind_baseline,NONE,,,,,3.5
10.3030_101125586_full,gpt,prompt_A,pi_main,PI+F_N+LOW_I+HIGH_B,F_N,LOW_I,HIGH_B,,3.5
10.3030_101125586_full,gpt,prompt_A,pi_main,PI+F_N+LOW_I+LOW_B,F_N,LOW_I,LOW_B,,3.5
10.3030_101125586_full,gpt,prompt_A,pi_main,PI+F_N+TOP_I+HIGH_B,F_N,TOP_I,HIGH_B,,3.5
10.3030_101125586_full,gpt,prompt_A,pi_main,PI+F_N+TOP_I+LOW_B,F_N,TOP_I,LOW_B,,3.5
10.3030_101125586_full,gpt,prompt_A,pi_main,PI+M_N+LOW_I+HIGH_B,M_N,LOW_I,HIGH_B,,3.5
10.3030_101125586_full,gpt,prompt_A,pi_main,PI+M_N+LOW_I+LOW_B,M_N,LOW_I,LOW_B,,3.5
10.3030_101125586_full,gpt,prompt_A,pi_main,PI+M_N+TOP_I+HIGH_B,M_N,TOP_I,HIGH_B,,3.5
10.3030_101125586_full,gpt,prompt_A,pi_main,PI+M_N+TOP_I+LOW_B,M_N,TOP_I,LOW_B,,3.5
10.3030_101125586_full,gpt,prompt_B,ai_main,AI+AI_N,,,,AI_N,3.5
10.3030_101125586_full,gpt,prompt_B,ai_main,AI+AI_Y,,,,AI_Y,3.5
10.3030_101125586_full,gpt,prompt_B,blind_baseline,NONE,,,,,3.5
10.3030_101125586_full,gpt,prompt_B,pi_main,PI+F_N+LOW_I+HIGH_B,F_N,LOW_I,HIGH_B,,3.5
10.3030_101125586_full,gpt,prompt_B,pi_main,PI+F_N+LOW_I+LOW_B,F_N,LOW_I,LOW_B,,3.5
10.3030_101125586_full,gpt,prompt_B,pi_main,PI+F_N+TOP_I+HIGH_B,F_N,TOP_I,HIGH_B,,3.8
10.3030_101125586_full,gpt,prompt_B,pi_main,PI+F_N+TOP_I+LOW_B,F_N,TOP_I,LOW_B,,3.5
10.3030_101125586_full,gpt,prompt_B,pi_main,PI+M_N+LOW_I+HIGH_B,M_N,LOW_I,HIGH_B,,3.5
10.3030_101125586_full,gpt,prompt_B,pi_main,PI+M_N+LOW_I+LOW_B,M_N,LOW_I,LOW_B,,3.5
10.3030_101125586_full,gpt,prompt_B,pi_main,PI+M_N+TOP_I+HIGH_B,M_N,TOP_I,HIGH_B,,3.5
10.3030_101125586_full,gpt,prompt_B,pi_main,PI+M_N+TOP_I+LOW_B,M_N,TOP_I,LOW_B,,3.5
10.3030_101125586_full,gpt,prompt_C,ai_main,AI+AI_N,,,,AI_N,3.6
10.3030_101125586_full,gpt,prompt_C,ai_main,AI+AI_Y,,,,AI_Y,3.5
10.3030_101125586_full,gpt,prompt_C,blind_baseline,NONE,,,,,3.5
10.3030_101125586_full,gpt,prompt_C,pi_main,PI+F_N+LOW_I+HIGH_B,F_N,LOW_I,HIGH_B,,3.8
10.3030_101125586_full,gpt,prompt_C,pi_main,PI+F_N+LOW_I+LOW_B,F_N,LOW_I,LOW_B,,3.5
10.3030_101125586_full,gpt,prompt_C,pi_main,PI+F_N+TOP_I+HIGH_B,F_N,TOP_I,HIGH_B,,3.7
10.3030_101125586_full,gpt,prompt_C,pi_main,PI+F_N+TOP_I+LOW_B,F_N,TOP_I,LOW_B,,3.5
10.3030_101125586_full,gpt,prompt_C,pi_main,PI+M_N+LOW_I+HIGH_B,M_N,LOW_I,HIGH_B,,3.8
10.3030_101125586_full,gpt,prompt_C,pi_main,PI+M_N+LOW_I+LOW_B,M_N,LOW_I,LOW_B,,3.5
10.3030_101125586_full,gpt,prompt_C,pi_main,PI+M_N+TOP_I+HIGH_B,M_N,TOP_I,HIGH_B,,3.5
10.3030_101125586_full,gpt,prompt_C,pi_main,PI+M_N+TOP_I+LOW_B,M_N,TOP_I,LOW_B,,3.5
10.3030_101125586_full,kimi,prompt_A,ai_main,AI+AI_N,,,,AI_N,3.9
10.3030_101125586_full,kimi,prompt_A,ai_main,AI+AI_Y,,,,AI_Y,3.6
10.3030_101125586_full,kimi,prompt_A,blind_baseline,NONE,,,,,3.7
10.3030_101125586_full,kimi,prompt_A,pi_main,PI+F_N+LOW_I+HIGH_B,F_N,LOW_I,HIGH_B,,3.7
10.3030_101125586_full,kimi,prompt_A,pi_main,PI+F_N+LOW_I+LOW_B,F_N,LOW_I,LOW_B,,3.4
10.3030_101125586_full,kimi,prompt_A,pi_main,PI+F_N+TOP_I+HIGH_B,F_N,TOP_I,HIGH_B,,3.9
10.3030_101125586_full,kimi,prompt_A,pi_main,PI+F_N+TOP_I+LOW_B,F_N,TOP_I,LOW_B,,3.4
10.3030_101125586_full,kimi,prompt_A,pi_main,PI+M_N+LOW_I+HIGH_B,M_N,LOW_I,HIGH_B,,3.6
10.3030_101125586_full,kimi,prompt_A,pi_main,PI+M_N+LOW_I+LOW_B,M_N,LOW_I,LOW_B,,3.5
10.3030_101125586_full,kimi,prompt_A,pi_main,PI+M_N+TOP_I+HIGH_B,M_N,TOP_I,HIGH_B,,3.9
10.3030_101125586_full,kimi,prompt_A,pi_main,PI+M_N+TOP_I+LOW_B,M_N,TOP_I,LOW_B,,3.5
10.3030_101125586_full,kimi,prompt_B,ai_main,AI+AI_N,,,,AI_N,4.0
10.3030_101125586_full,kimi,prompt_B,ai_main,AI+AI_Y,,,,AI_Y,3.7
10.3030_101125586_full,kimi,prompt_B,blind_baseline,NONE,,,,,3.9
10.3030_101125586_full,kimi,prompt_B,pi_main,PI+F_N+LOW_I+HIGH_B,F_N,LOW_I,HIGH_B,,4.0
10.3030_101125586_full,kimi,prompt_B,pi_main,PI+F_N+LOW_I+LOW_B,F_N,LOW_I,LOW_B,,3.6
10.3030_101125586_full,kimi,prompt_B,pi_main,PI+F_N+TOP_I+HIGH_B,F_N,TOP_I,HIGH_B,,3.8
10.3030_101125586_full,kimi,prompt_B,pi_main,PI+F_N+TOP_I+LOW_B,F_N,TOP_I,LOW_B,,3.6
10.3030_101125586_full,kimi,prompt_B,pi_main,PI+M_N+LOW_I+HIGH_B,M_N,LOW_I,HIGH_B,,3.7
10.3030_101125586_full,kimi,prompt_B,pi_main,PI+M_N+LOW_I+LOW_B,M_N,LOW_I,LOW_B,,3.6
10.3030_101125586_full,kimi,prompt_B,pi_main,PI+M_N+TOP_I+HIGH_B,M_N,TOP_I,HIGH_B,,3.8
10.3030_101125586_full,kimi,prompt_B,pi_main,PI+M_N+TOP_I+LOW_B,M_N,TOP_I,LOW_B,,3.6
10.3030_101125586_full,kimi,prompt_C,ai_main,AI+AI_N,,,,AI_N,4.0
10.3030_101125586_full,kimi,prompt_C,ai_main,AI+AI_Y,,,,AI_Y,3.6
10.3030_101125586_full,kimi,prompt_C,blind_baseline,NONE,,,,,3.8
10.3030_101125586_full,kimi,prompt_C,pi_main,PI+F_N+LOW_I+HIGH_B,F_N,LOW_I,HIGH_B,,3.9
10.3030_101125586_full,kimi,prompt_C,pi_main,PI+F_N+LOW_I+LOW_B,F_N,LOW_I,LOW_B,,3.6
10.3030_101125586_full,kimi,prompt_C,pi_main,PI+F_N+TOP_I+HIGH_B,F_N,TOP_I,HIGH_B,,3.9
10.3030_101125586_full,kimi,prompt_C,pi_main,PI+F_N+TOP_I+LOW_B,F_N,TOP_I,LOW_B,,3.7
10.3030_101125586_full,kimi,prompt_C,pi_main,PI+M_N+LOW_I+HIGH_B,M_N,LOW_I,HIGH_B,,3.8
10.3030_101125586_full,kimi,prompt_C,pi_main,PI+M_N+LOW_I+LOW_B,M_N,LOW_I,LOW_B,,3.6
10.3030_101125586_full,kimi,prompt_C,pi_main,PI+M_N+TOP_I+HIGH_B,M_N,TOP_I,HIGH_B,,3.9
10.3030_101125586_full,kimi,prompt_C,pi_main,PI+M_N+TOP_I+LOW_B,M_N,TOP_I,LOW_B,,3.5
10.3030_101125586_full,ministral,prompt_A,ai_main,AI+AI_N,,,,AI_N,3.5
10.3030_101125586_full,ministral,prompt_A,ai_main,AI+AI_Y,,,,AI_Y,3.5
10.3030_101125586_full,ministral,prompt_A,blind_baseline,NONE,,,,,3.5
10.3030_101125586_full,ministral,prompt_A,pi_main,PI+F_N+LOW_I+HIGH_B,F_N,LOW_I,HIGH_B,,3.5
10.3030_101125586_full,ministral,prompt_A,pi_main,PI+F_N+LOW_I+LOW_B,F_N,LOW_I,LOW_B,,3.5
10.3030_101125586_full,ministral,prompt_A,pi_main,PI+F_N+TOP_I+HIGH_B,F_N,TOP_I,HIGH_B,,3.5
10.3030_101125586_full,ministral,prompt_A,pi_main,PI+F_N+TOP_I+LOW_B,F_N,TOP_I,LOW_B,,3.5
10.3030_101125586_full,ministral,prompt_A,pi_main,PI+M_N+LOW_I+HIGH_B,M_N,LOW_I,HIGH_B,,3.5
10.3030_101125586_full,ministral,prompt_A,pi_main,PI+M_N+LOW_I+LOW_B,M_N,LOW_I,LOW_B,,3.5
10.3030_101125586_full,ministral,prompt_A,pi_main,PI+M_N+TOP_I+HIGH_B,M_N,TOP_I,HIGH_B,,3.5
10.3030_101125586_full,ministral,prompt_A,pi_main,PI+M_N+TOP_I+LOW_B,M_N,TOP_I,LOW_B,,3.5
10.3030_101125586_full,ministral,prompt_B,ai_main,AI+AI_N,,,,AI_N,3.5
10.3030_101125586_full,ministral,prompt_B,ai_main,AI+AI_Y,,,,AI_Y,3.5
10.3030_101125586_full,ministral,prompt_B,blind_baseline,NONE,,,,,3.5
10.3030_101125586_full,ministral,prompt_B,pi_main,PI+F_N+LOW_I+HIGH_B,F_N,LOW_I,HIGH_B,,3.5
10.3030_101125586_full,ministral,prompt_B,pi_main,PI+F_N+LOW_I+LOW_B,F_N,LOW_I,LOW_B,,3.5
10.3030_101125586_full,ministral,prompt_B,pi_main,PI+F_N+TOP_I+HIGH_B,F_N,TOP_I,HIGH_B,,3.5
10.3030_101125586_full,ministral,prompt_B,pi_main,PI+F_N+TOP_I+LOW_B,F_N,TOP_I,LOW_B,,3.5
10.3030_101125586_full,ministral,prompt_B,pi_main,PI+M_N+LOW_I+HIGH_B,M_N,LOW_I,HIGH_B,,3.5
10.3030_101125586_full,ministral,prompt_B,pi_main,PI+M_N+LOW_I+LOW_B,M_N,LOW_I,LOW_B,,3.5
10.3030_101125586_full,ministral,prompt_B,pi_main,PI+M_N+TOP_I+HIGH_B,M_N,TOP_I,HIGH_B,,3.5
10.3030_101125586_full,ministral,prompt_B,pi_main,PI+M_N+TOP_I+LOW_B,M_N,TOP_I,LOW_B,,3.5
10.3030_101125586_full,ministral,prompt_C,ai_main,AI+AI_N,,,,AI_N,3.5
10.3030_101125586_full,ministral,prompt_C,ai_main,AI+AI_Y,,,,AI_Y,3.5
10.3030_101125586_full,ministral,prompt_C,blind_baseline,NONE,,,,,3.5
10.3030_101125586_full,ministral,prompt_C,pi_main,PI+F_N+LOW_I+HIGH_B,F_N,LOW_I,HIGH_B,,3.5
10.3030_101125586_full,ministral,prompt_C,pi_main,PI+F_N+LOW_I+LOW_B,F_N,LOW_I,LOW_B,,3.5
10.3030_101125586_full,ministral,prompt_C,pi_main,PI+F_N+TOP_I+HIGH_B,F_N,TOP_I,HIGH_B,,3.5
10.3030_101125586_full,ministral,prompt_C,pi_main,PI+F_N+TOP_I+LOW_B,F_N,TOP_I,LOW_B,,3.5
10.3030_101125586_full,ministral,prompt_C,pi_main,PI+M_N+LOW_I+HIGH_B,M_N,LOW_I,HIGH_B,,3.5
10.3030_101125586_full,ministral,prompt_C,pi_main,PI+M_N+LOW_I+LOW_B,M_N,LOW_I,LOW_B,,3.5
10.3030_101125586_full,ministral,prompt_C,pi_main,PI+M_N+TOP_I+HIGH_B,M_N,TOP_I,HIGH_B,,3.5
10.3030_101125586_full,ministral,prompt_C,pi_main,PI+M_N+TOP_I+LOW_B,M_N,TOP_I,LOW_B,,3.5
10.3030_101125586_full,mistral,prompt_A,ai_main,AI+AI_N,,,,AI_N,4.0
10.3030_101125586_full,mistral,prompt_A,ai_main,AI+AI_Y,,,,AI_Y,3.9
10.3030_101125586_full,mistral,prompt_A,blind_baseline,NONE,,,,,4.0
10.3030_101125586_full,mistral,prompt_A,pi_main,PI+F_N+LOW_I+HIGH_B,F_N,LOW_I,HIGH_B,,3.9
10.3030_101125586_full,mistral,prompt_A,pi_main,PI+F_N+LOW_I+LOW_B,F_N,LOW_I,LOW_B,,3.6
10.3030_101125586_full,mistral,prompt_A,pi_main,PI+F_N+TOP_I+HIGH_B,F_N,TOP_I,HIGH_B,,3.8
10.3030_101125586_full,mistral,prompt_A,pi_main,PI+F_N+TOP_I+LOW_B,F_N,TOP_I,LOW_B,,3.9
10.3030_101125586_full,mistral,prompt_A,pi_main,PI+M_N+LOW_I+HIGH_B,M_N,LOW_I,HIGH_B,,3.9
10.3030_101125586_full,mistral,prompt_A,pi_main,PI+M_N+LOW_I+LOW_B,M_N,LOW_I,LOW_B,,3.5
10.3030_101125586_full,mistral,prompt_A,pi_main,PI+M_N+TOP_I+HIGH_B,M_N,TOP_I,HIGH_B,,3.8
10.3030_101125586_full,mistral,prompt_A,pi_main,PI+M_N+TOP_I+LOW_B,M_N,TOP_I,LOW_B,,3.8
10.3030_101125586_full,mistral,prompt_B,ai_main,AI+AI_N,,,,AI_N,4.0
10.3030_101125586_full,mistral,prompt_B,ai_main,AI+AI_Y,,,,AI_Y,4.0
10.3030_101125586_full,mistral,prompt_B,blind_baseline,NONE,,,,,3.8
10.3030_101125586_full,mistral,prompt_B,pi_main,PI+F_N+LOW_I+HIGH_B,F_N,LOW_I,HIGH_B,,4.0
10.3030_101125586_full,mistral,prompt_B,pi_main,PI+F_N+LOW_I+LOW_B,F_N,LOW_I,LOW_B,,3.9
10.3030_101125586_full,mistral,prompt_B,pi_main,PI+F_N+TOP_I+HIGH_B,F_N,TOP_I,HIGH_B,,4.0
10.3030_101125586_full,mistral,prompt_B,pi_main,PI+F_N+TOP_I+LOW_B,F_N,TOP_I,LOW_B,,4.0
10.3030_101125586_full,mistral,prompt_B,pi_main,PI+M_N+LOW_I+HIGH_B,M_N,LOW_I,HIGH_B,,4.0
10.3030_101125586_full,mistral,prompt_B,pi_main,PI+M_N+LOW_I+LOW_B,M_N,LOW_I,LOW_B,,3.9
10.3030_101125586_full,mistral,prompt_B,pi_main,PI+M_N+TOP_I+HIGH_B,M_N,TOP_I,HIGH_B,,3.9
10.3030_101125586_full,mistral,prompt_B,pi_main,PI+M_N+TOP_I+LOW_B,M_N,TOP_I,LOW_B,,3.9
10.3030_101125586_full,mistral,prompt_C,ai_main,AI+AI_N,,,,AI_N,4.0
10.3030_101125586_full,mistral,prompt_C,ai_main,AI+AI_Y,,,,AI_Y,3.9
10.3030_101125586_full,mistral,prompt_C,blind_baseline,NONE,,,,,4.0
10.3030_101125586_full,mistral,prompt_C,pi_main,PI+F_N+LOW_I+HIGH_B,F_N,LOW_I,HIGH_B,,4.0
10.3030_101125586_full,mistral,prompt_C,pi_main,PI+F_N+LOW_I+LOW_B,F_N,LOW_I,LOW_B,,4.0
10.3030_101125586_full,mistral,prompt_C,pi_main,PI+F_N+TOP_I+HIGH_B,F_N,TOP_I,HIGH_B,,4.0
10.3030_101125586_full,mistral,prompt_C,pi_main,PI+F_N+TOP_I+LOW_B,F_N,TOP_I,LOW_B,,4.0
10.3030_101125586_full,mistral,prompt_C,pi_main,PI+M_N+LOW_I+HIGH_B,M_N,LOW_I,HIGH_B,,4.0
10.3030_101125586_full,mistral,prompt_C,pi_main,PI+M_N+LOW_I+LOW_B,M_N,LOW_I,LOW_B,,3.8
10.3030_101125586_full,mistral,prompt_C,pi_main,PI+M_N+TOP_I+HIGH_B,M_N,TOP_I,HIGH_B,,4.0
10.3030_101125586_full,mistral,prompt_C,pi_main,PI+M_N+TOP_I+LOW_B,M_N,TOP_I,LOW_B,,3.9
10.3030_101125586_full,phi,prompt_A,ai_main,AI+AI_N,,,,AI_N,3.5
10.3030_101125586_full,phi,prompt_A,ai_main,AI+AI_Y,,,,AI_Y,3.5
10.3030_101125586_full,phi,prompt_A,blind_baseline,NONE,,,,,3.5
10.3030_101125586_full,phi,prompt_A,pi_main,PI+F_N+LOW_I+HIGH_B,F_N,LOW_I,HIGH_B,,3.5
10.3030_101125586_full,phi,prompt_A,pi_main,PI+F_N+LOW_I+LOW_B,F_N,LOW_I,LOW_B,,3.0
10.3030_101125586_full,phi,prompt_A,pi_main,PI+F_N+TOP_I+HIGH_B,F_N,TOP_I,HIGH_B,,3.5
10.3030_101125586_full,phi,prompt_A,pi_main,PI+F_N+TOP_I+LOW_B,F_N,TOP_I,LOW_B,,3.1
10.3030_101125586_full,phi,prompt_A,pi_main,PI+M_N+LOW_I+HIGH_B,M_N,LOW_I,HIGH_B,,3.5
10.3030_101125586_full,phi,prompt_A,pi_main,PI+M_N+LOW_I+LOW_B,M_N,LOW_I,LOW_B,,3.0
10.3030_101125586_full,phi,prompt_A,pi_main,PI+M_N+TOP_I+HIGH_B,M_N,TOP_I,HIGH_B,,3.5
10.3030_101125586_full,phi,prompt_A,pi_main,PI+M_N+TOP_I+LOW_B,M_N,TOP_I,LOW_B,,3.5
10.3030_101125586_full,phi,prompt_B,ai_main,AI+AI_N,,,,AI_N,3.5
10.3030_101125586_full,phi,prompt_B,ai_main,AI+AI_Y,,,,AI_Y,3.0
10.3030_101125586_full,phi,prompt_B,blind_baseline,NONE,,,,,3.5
10.3030_101125586_full,phi,prompt_B,pi_main,PI+F_N+LOW_I+HIGH_B,F_N,LOW_I,HIGH_B,,3.5
10.3030_101125586_full,phi,prompt_B,pi_main,PI+F_N+LOW_I+LOW_B,F_N,LOW_I,LOW_B,,3.5
10.3030_101125586_full,phi,prompt_B,pi_main,PI+F_N+TOP_I+HIGH_B,F_N,TOP_I,HIGH_B,,3.5
10.3030_101125586_full,phi,prompt_B,pi_main,PI+F_N+TOP_I+LOW_B,F_N,TOP_I,LOW_B,,3.5
10.3030_101125586_full,phi,prompt_B,pi_main,PI+M_N+LOW_I+HIGH_B,M_N,LOW_I,HIGH_B,,3.5
10.3030_101125586_full,phi,prompt_B,pi_main,PI+M_N+LOW_I+LOW_B,M_N,LOW_I,LOW_B,,3.5
10.3030_101125586_full,phi,prompt_B,pi_main,PI+M_N+TOP_I+HIGH_B,M_N,TOP_I,HIGH_B,,3.5
10.3030_101125586_full,phi,prompt_B,pi_main,PI+M_N+TOP_I+LOW_B,M_N,TOP_I,LOW_B,,3.5
10.3030_101125586_full,phi,prompt_C,ai_main,AI+AI_N,,,,AI_N,3.5
10.3030_101125586_full,phi,prompt_C,ai_main,AI+AI_Y,,,,AI_Y,3.5
10.3030_101125586_full,phi,prompt_C,blind_baseline,NONE,,,,,3.5
10.3030_101125586_full,phi,prompt_C,pi_main,PI+F_N+LOW_I+HIGH_B,F_N,LOW_I,HIGH_B,,3.5
10.3030_101125586_full,phi,prompt_C,pi_main,PI+F_N+LOW_I+LOW_B,F_N,LOW_I,LOW_B,,3.5
10.3030_101125586_full,phi,prompt_C,pi_main,PI+F_N+TOP_I+HIGH_B,F_N,TOP_I,HIGH_B,,3.5
10.3030_101125586_full,phi,prompt_C,pi_main,PI+F_N+TOP_I+LOW_B,F_N,TOP_I,LOW_B,,3.5
10.3030_101125586_full,phi,prompt_C,pi_main,PI+M_N+LOW_I+HIGH_B,M_N,LOW_I,HIGH_B,,3.5
10.3030_101125586_full,phi,prompt_C,pi_main,PI+M_N+LOW_I+LOW_B,M_N,LOW_I,LOW_B,,3.0
10.3030_101125586_full,phi,prompt_C,pi_main,PI+M_N+TOP_I+HIGH_B,M_N,TOP_I,HIGH_B,,3.5
10.3030_101125586_full,phi,prompt_C,pi_main,PI+M_N+TOP_I+LOW_B,M_N,TOP_I,LOW_B,,3.5
10.3030_101125590_full,deepseek,prompt_A,ai_main,AI+AI_N,,,,AI_N,3.6
10.3030_101125590_full,deepseek,prompt_A,ai_main,AI+AI_Y,,,,AI_Y,3.4
10.3030_101125590_full,deepseek,prompt_A,blind_baseline,NONE,,,,,3.3
10.3030_101125590_full,deepseek,prompt_A,pi_main,PI+F_N+LOW_I+HIGH_B,F_N,LOW_I,HIGH_B,,3.4
10.3030_101125590_full,deepseek,prompt_A,pi_main,PI+F_N+LOW_I+LOW_B,F_N,LOW_I,LOW_B,,3.1
10.3030_101125590_full,deepseek,prompt_A,pi_main,PI+F_N+TOP_I+HIGH_B,F_N,TOP_I,HIGH_B,,3.3
10.3030_101125590_full,deepseek,prompt_A,pi_main,PI+F_N+TOP_I+LOW_B,F_N,TOP_I,LOW_B,,3.2
10.3030_101125590_full,deepseek,prompt_A,pi_main,PI+M_N+LOW_I+HIGH_B,M_N,LOW_I,HIGH_B,,3.5
10.3030_101125590_full,deepseek,prompt_A,pi_main,PI+M_N+LOW_I+LOW_B,M_N,LOW_I,LOW_B,,3.6
10.3030_101125590_full,deepseek,prompt_A,pi_main,PI+M_N+TOP_I+HIGH_B,M_N,TOP_I,HIGH_B,,3.6
10.3030_101125590_full,deepseek,prompt_A,pi_main,PI+M_N+TOP_I+LOW_B,M_N,TOP_I,LOW_B,,3.4
10.3030_101125590_full,deepseek,prompt_B,ai_main,AI+AI_N,,,,AI_N,3.5
10.3030_101125590_full,deepseek,prompt_B,ai_main,AI+AI_Y,,,,AI_Y,3.3
10.3030_101125590_full,deepseek,prompt_B,blind_baseline,NONE,,,,,3.3
10.3030_101125590_full,deepseek,prompt_B,pi_main,PI+F_N+LOW_I+HIGH_B,F_N,LOW_I,HIGH_B,,3.6
10.3030_101125590_full,deepseek,prompt_B,pi_main,PI+F_N+LOW_I+LOW_B,F_N,LOW_I,LOW_B,,3.6
10.3030_101125590_full,deepseek,prompt_B,pi_main,PI+F_N+TOP_I+HIGH_B,F_N,TOP_I,HIGH_B,,3.6
10.3030_101125590_full,deepseek,prompt_B,pi_main,PI+F_N+TOP_I+LOW_B,F_N,TOP_I,LOW_B,,3.6
10.3030_101125590_full,deepseek,prompt_B,pi_main,PI+M_N+LOW_I+HIGH_B,M_N,LOW_I,HIGH_B,,3.1
10.3030_101125590_full,deepseek,prompt_B,pi_main,PI+M_N+LOW_I+LOW_B,M_N,LOW_I,LOW_B,,3.4
10.3030_101125590_full,deepseek,prompt_B,pi_main,PI+M_N+TOP_I+HIGH_B,M_N,TOP_I,HIGH_B,,3.5
10.3030_101125590_full,deepseek,prompt_B,pi_main,PI+M_N+TOP_I+LOW_B,M_N,TOP_I,LOW_B,,3.7
10.3030_101125590_full,deepseek,prompt_C,ai_main,AI+AI_N,,,,AI_N,3.5
10.3030_101125590_full,deepseek,prompt_C,ai_main,AI+AI_Y,,,,AI_Y,3.4
10.3030_101125590_full,deepseek,prompt_C,blind_baseline,NONE,,,,,3.4
10.3030_101125590_full,deepseek,prompt_C,pi_main,PI+F_N+LOW_I+HIGH_B,F_N,LOW_I,HIGH_B,,3.2
10.3030_101125590_full,deepseek,prompt_C,pi_main,PI+F_N+LOW_I+LOW_B,F_N,LOW_I,LOW_B,,3.4
10.3030_101125590_full,deepseek,prompt_C,pi_main,PI+F_N+TOP_I+HIGH_B,F_N,TOP_I,HIGH_B,,3.6
10.3030_101125590_full,deepseek,prompt_C,pi_main,PI+F_N+TOP_I+LOW_B,F_N,TOP_I,LOW_B,,3.3
10.3030_101125590_full,deepseek,prompt_C,pi_main,PI+M_N+LOW_I+HIGH_B,M_N,LOW_I,HIGH_B,,3.5
10.3030_101125590_full,deepseek,prompt_C,pi_main,PI+M_N+LOW_I+LOW_B,M_N,LOW_I,LOW_B,,3.4
10.3030_101125590_full,deepseek,prompt_C,pi_main,PI+M_N+TOP_I+HIGH_B,M_N,TOP_I,HIGH_B,,3.8
10.3030_101125590_full,deepseek,prompt_C,pi_main,PI+M_N+TOP_I+LOW_B,M_N,TOP_I,LOW_B,,3.4
10.3030_101125590_full,gemma,prompt_A,ai_main,AI+AI_N,,,,AI_N,3.5
10.3030_101125590_full,gemma,prompt_A,ai_main,AI+AI_Y,,,,AI_Y,3.5
10.3030_101125590_full,gemma,prompt_A,blind_baseline,NONE,,,,,3.5
10.3030_101125590_full,gemma,prompt_A,pi_main,PI+F_N+LOW_I+HIGH_B,F_N,LOW_I,HIGH_B,,3.5
10.3030_101125590_full,gemma,prompt_A,pi_main,PI+F_N+LOW_I+LOW_B,F_N,LOW_I,LOW_B,,3.0
10.3030_101125590_full,gemma,prompt_A,pi_main,PI+F_N+TOP_I+HIGH_B,F_N,TOP_I,HIGH_B,,3.5
10.3030_101125590_full,gemma,prompt_A,pi_main,PI+F_N+TOP_I+LOW_B,F_N,TOP_I,LOW_B,,3.0
10.3030_101125590_full,gemma,prompt_A,pi_main,PI+M_N+LOW_I+HIGH_B,M_N,LOW_I,HIGH_B,,3.5
10.3030_101125590_full,gemma,prompt_A,pi_main,PI+M_N+LOW_I+LOW_B,M_N,LOW_I,LOW_B,,3.0
10.3030_101125590_full,gemma,prompt_A,pi_main,PI+M_N+TOP_I+HIGH_B,M_N,TOP_I,HIGH_B,,3.5
10.3030_101125590_full,gemma,prompt_A,pi_main,PI+M_N+TOP_I+LOW_B,M_N,TOP_I,LOW_B,,3.0
10.3030_101125590_full,gemma,prompt_B,ai_main,AI+AI_N,,,,AI_N,3.5
10.3030_101125590_full,gemma,prompt_B,ai_main,AI+AI_Y,,,,AI_Y,3.5
10.3030_101125590_full,gemma,prompt_B,blind_baseline,NONE,,,,,3.5
10.3030_101125590_full,gemma,prompt_B,pi_main,PI+F_N+LOW_I+HIGH_B,F_N,LOW_I,HIGH_B,,3.5
10.3030_101125590_full,gemma,prompt_B,pi_main,PI+F_N+LOW_I+LOW_B,F_N,LOW_I,LOW_B,,3.5
10.3030_101125590_full,gemma,prompt_B,pi_main,PI+F_N+TOP_I+HIGH_B,F_N,TOP_I,HIGH_B,,3.5
10.3030_101125590_full,gemma,prompt_B,pi_main,PI+F_N+TOP_I+LOW_B,F_N,TOP_I,LOW_B,,3.5
10.3030_101125590_full,gemma,prompt_B,pi_main,PI+M_N+LOW_I+HIGH_B,M_N,LOW_I,HIGH_B,,3.5
10.3030_101125590_full,gemma,prompt_B,pi_main,PI+M_N+LOW_I+LOW_B,M_N,LOW_I,LOW_B,,3.5
10.3030_101125590_full,gemma,prompt_B,pi_main,PI+M_N+TOP_I+HIGH_B,M_N,TOP_I,HIGH_B,,3.5
10.3030_101125590_full,gemma,prompt_B,pi_main,PI+M_N+TOP_I+LOW_B,M_N,TOP_I,LOW_B,,3.5
10.3030_101125590_full,gemma,prompt_C,ai_main,AI+AI_N,,,,AI_N,3.5
10.3030_101125590_full,gemma,prompt_C,ai_main,AI+AI_Y,,,,AI_Y,3.5
10.3030_101125590_full,gemma,prompt_C,blind_baseline,NONE,,,,,3.5
10.3030_101125590_full,gemma,prompt_C,pi_main,PI+F_N+LOW_I+HIGH_B,F_N,LOW_I,HIGH_B,,3.5
10.3030_101125590_full,gemma,prompt_C,pi_main,PI+F_N+LOW_I+LOW_B,F_N,LOW_I,LOW_B,,3.5
10.3030_101125590_full,gemma,prompt_C,pi_main,PI+F_N+TOP_I+HIGH_B,F_N,TOP_I,HIGH_B,,3.5
10.3030_101125590_full,gemma,prompt_C,pi_main,PI+F_N+TOP_I+LOW_B,F_N,TOP_I,LOW_B,,3.5
10.3030_101125590_full,gemma,prompt_C,pi_main,PI+M_N+LOW_I+HIGH_B,M_N,LOW_I,HIGH_B,,3.5
10.3030_101125590_full,gemma,prompt_C,pi_main,PI+M_N+LOW_I+LOW_B,M_N,LOW_I,LOW_B,,3.5
10.3030_101125590_full,gemma,prompt_C,pi_main,PI+M_N+TOP_I+HIGH_B,M_N,TOP_I,HIGH_B,,3.5
10.3030_101125590_full,gemma,prompt_C,pi_main,PI+M_N+TOP_I+LOW_B,M_N,TOP_I,LOW_B,,3.5
10.3030_101125590_full,glm,prompt_A,ai_main,AI+AI_N,,,,AI_N,3.5
10.3030_101125590_full,glm,prompt_A,ai_main,AI+AI_Y,,,,AI_Y,3.4
10.3030_101125590_full,glm,prompt_A,blind_baseline,NONE,,,,,3.5
10.3030_101125590_full,glm,prompt_A,pi_main,PI+F_N+LOW_I+HIGH_B,F_N,LOW_I,HIGH_B,,3.5
10.3030_101125590_full,glm,prompt_A,pi_main,PI+F_N+LOW_I+LOW_B,F_N,LOW_I,LOW_B,,3.0
10.3030_101125590_full,glm,prompt_A,pi_main,PI+F_N+TOP_I+HIGH_B,F_N,TOP_I,HIGH_B,,3.7
10.3030_101125590_full,glm,prompt_A,pi_main,PI+F_N+TOP_I+LOW_B,F_N,TOP_I,LOW_B,,3.3
10.3030_101125590_full,glm,prompt_A,pi_main,PI+M_N+LOW_I+HIGH_B,M_N,LOW_I,HIGH_B,,3.5
10.3030_101125590_full,glm,prompt_A,pi_main,PI+M_N+LOW_I+LOW_B,M_N,LOW_I,LOW_B,,3.0
10.3030_101125590_full,glm,prompt_A,pi_main,PI+M_N+TOP_I+HIGH_B,M_N,TOP_I,HIGH_B,,3.7
10.3030_101125590_full,glm,prompt_A,pi_main,PI+M_N+TOP_I+LOW_B,M_N,TOP_I,LOW_B,,3.4
10.3030_101125590_full,glm,prompt_B,ai_main,AI+AI_N,,,,AI_N,3.5
10.3030_101125590_full,glm,prompt_B,ai_main,AI+AI_Y,,,,AI_Y,3.4
10.3030_101125590_full,glm,prompt_B,blind_baseline,NONE,,,,,3.3
10.3030_101125590_full,glm,prompt_B,pi_main,PI+F_N+LOW_I+HIGH_B,F_N,LOW_I,HIGH_B,,3.5
10.3030_101125590_full,glm,prompt_B,pi_main,PI+F_N+LOW_I+LOW_B,F_N,LOW_I,LOW_B,,3.4
10.3030_101125590_full,glm,prompt_B,pi_main,PI+F_N+TOP_I+HIGH_B,F_N,TOP_I,HIGH_B,,3.5
10.3030_101125590_full,glm,prompt_B,pi_main,PI+F_N+TOP_I+LOW_B,F_N,TOP_I,LOW_B,,3.4
10.3030_101125590_full,glm,prompt_B,pi_main,PI+M_N+LOW_I+HIGH_B,M_N,LOW_I,HIGH_B,,3.5
10.3030_101125590_full,glm,prompt_B,pi_main,PI+M_N+LOW_I+LOW_B,M_N,LOW_I,LOW_B,,3.3
10.3030_101125590_full,glm,prompt_B,pi_main,PI+M_N+TOP_I+HIGH_B,M_N,TOP_I,HIGH_B,,3.5
10.3030_101125590_full,glm,prompt_B,pi_main,PI+M_N+TOP_I+LOW_B,M_N,TOP_I,LOW_B,,3.5
10.3030_101125590_full,glm,prompt_C,ai_main,AI+AI_N,,,,AI_N,3.5
10.3030_101125590_full,glm,prompt_C,ai_main,AI+AI_Y,,,,AI_Y,3.4
10.3030_101125590_full,glm,prompt_C,blind_baseline,NONE,,,,,3.5
10.3030_101125590_full,glm,prompt_C,pi_main,PI+F_N+LOW_I+HIGH_B,F_N,LOW_I,HIGH_B,,3.5
10.3030_101125590_full,glm,prompt_C,pi_main,PI+F_N+LOW_I+LOW_B,F_N,LOW_I,LOW_B,,3.4
10.3030_101125590_full,glm,prompt_C,pi_main,PI+F_N+TOP_I+HIGH_B,F_N,TOP_I,HIGH_B,,3.5
10.3030_101125590_full,glm,prompt_C,pi_main,PI+F_N+TOP_I+LOW_B,F_N,TOP_I,LOW_B,,3.3
10.3030_101125590_full,glm,prompt_C,pi_main,PI+M_N+LOW_I+HIGH_B,M_N,LOW_I,HIGH_B,,3.6
10.3030_101125590_full,glm,prompt_C,pi_main,PI+M_N+LOW_I+LOW_B,M_N,LOW_I,LOW_B,,3.0
10.3030_101125590_full,glm,prompt_C,pi_main,PI+M_N+TOP_I+HIGH_B,M_N,TOP_I,HIGH_B,,3.6
10.3030_101125590_full,glm,prompt_C,pi_main,PI+M_N+TOP_I+LOW_B,M_N,TOP_I,LOW_B,,3.1
10.3030_101125590_full,gpt,prompt_A,ai_main,AI+AI_N,,,,AI_N,3.5
10.3030_101125590_full,gpt,prompt_A,ai_main,AI+AI_Y,,,,AI_Y,3.5
10.3030_101125590_full,gpt,prompt_A,blind_baseline,NONE,,,,,3.5
10.3030_101125590_full,gpt,prompt_A,pi_main,PI+F_N+LOW_I+HIGH_B,F_N,LOW_I,HIGH_B,,3.5
10.3030_101125590_full,gpt,prompt_A,pi_main,PI+F_N+LOW_I+LOW_B,F_N,LOW_I,LOW_B,,3.1
10.3030_101125590_full,gpt,prompt_A,pi_main,PI+F_N+TOP_I+HIGH_B,F_N,TOP_I,HIGH_B,,3.9
10.3030_101125590_full,gpt,prompt_A,pi_main,PI+F_N+TOP_I+LOW_B,F_N,TOP_I,LOW_B,,3.3
10.3030_101125590_full,gpt,prompt_A,pi_main,PI+M_N+LOW_I+HIGH_B,M_N,LOW_I,HIGH_B,,3.5
10.3030_101125590_full,gpt,prompt_A,pi_main,PI+M_N+LOW_I+LOW_B,M_N,LOW_I,LOW_B,,3.0
10.3030_101125590_full,gpt,prompt_A,pi_main,PI+M_N+TOP_I+HIGH_B,M_N,TOP_I,HIGH_B,,3.8
10.3030_101125590_full,gpt,prompt_A,pi_main,PI+M_N+TOP_I+LOW_B,M_N,TOP_I,LOW_B,,3.2
10.3030_101125590_full,gpt,prompt_B,ai_main,AI+AI_N,,,,AI_N,3.5
10.3030_101125590_full,gpt,prompt_B,ai_main,AI+AI_Y,,,,AI_Y,3.5
10.3030_101125590_full,gpt,prompt_B,blind_baseline,NONE,,,,,3.5
10.3030_101125590_full,gpt,prompt_B,pi_main,PI+F_N+LOW_I+HIGH_B,F_N,LOW_I,HIGH_B,,3.5
10.3030_101125590_full,gpt,prompt_B,pi_main,PI+F_N+LOW_I+LOW_B,F_N,LOW_I,LOW_B,,3.5
10.3030_101125590_full,gpt,prompt_B,pi_main,PI+F_N+TOP_I+HIGH_B,F_N,TOP_I,HIGH_B,,3.5
10.3030_101125590_full,gpt,prompt_B,pi_main,PI+F_N+TOP_I+LOW_B,F_N,TOP_I,LOW_B,,3.5
10.3030_101125590_full,gpt,prompt_B,pi_main,PI+M_N+LOW_I+HIGH_B,M_N,LOW_I,HIGH_B,,3.5
10.3030_101125590_full,gpt,prompt_B,pi_main,PI+M_N+LOW_I+LOW_B,M_N,LOW_I,LOW_B,,3.5
10.3030_101125590_full,gpt,prompt_B,pi_main,PI+M_N+TOP_I+HIGH_B,M_N,TOP_I,HIGH_B,,3.5
10.3030_101125590_full,gpt,prompt_B,pi_main,PI+M_N+TOP_I+LOW_B,M_N,TOP_I,LOW_B,,3.5
10.3030_101125590_full,gpt,prompt_C,ai_main,AI+AI_N,,,,AI_N,3.5
10.3030_101125590_full,gpt,prompt_C,ai_main,AI+AI_Y,,,,AI_Y,3.5
10.3030_101125590_full,gpt,prompt_C,blind_baseline,NONE,,,,,3.5
10.3030_101125590_full,gpt,prompt_C,pi_main,PI+F_N+LOW_I+HIGH_B,F_N,LOW_I,HIGH_B,,3.5
10.3030_101125590_full,gpt,prompt_C,pi_main,PI+F_N+LOW_I+LOW_B,F_N,LOW_I,LOW_B,,3.5
10.3030_101125590_full,gpt,prompt_C,pi_main,PI+F_N+TOP_I+HIGH_B,F_N,TOP_I,HIGH_B,,3.5
10.3030_101125590_full,gpt,prompt_C,pi_main,PI+F_N+TOP_I+LOW_B,F_N,TOP_I,LOW_B,,3.5
10.3030_101125590_full,gpt,prompt_C,pi_main,PI+M_N+LOW_I+HIGH_B,M_N,LOW_I,HIGH_B,,3.5
10.3030_101125590_full,gpt,prompt_C,pi_main,PI+M_N+LOW_I+LOW_B,M_N,LOW_I,LOW_B,,3.5
10.3030_101125590_full,gpt,prompt_C,pi_main,PI+M_N+TOP_I+HIGH_B,M_N,TOP_I,HIGH_B,,3.5
10.3030_101125590_full,gpt,prompt_C,pi_main,PI+M_N+TOP_I+LOW_B,M_N,TOP_I,LOW_B,,3.5
10.3030_101125590_full,kimi,prompt_A,ai_main,AI+AI_N,,,,AI_N,3.9
10.3030_101125590_full,kimi,prompt_A,ai_main,AI+AI_Y,,,,AI_Y,4.0
10.3030_101125590_full,kimi,prompt_A,blind_baseline,NONE,,,,,3.8
10.3030_101125590_full,kimi,prompt_A,pi_main,PI+F_N+LOW_I+HIGH_B,F_N,LOW_I,HIGH_B,,3.8
10.3030_101125590_full,kimi,prompt_A,pi_main,PI+F_N+LOW_I+LOW_B,F_N,LOW_I,LOW_B,,3.5
10.3030_101125590_full,kimi,prompt_A,pi_main,PI+F_N+TOP_I+HIGH_B,F_N,TOP_I,HIGH_B,,3.8
10.3030_101125590_full,kimi,prompt_A,pi_main,PI+F_N+TOP_I+LOW_B,F_N,TOP_I,LOW_B,,3.5
10.3030_101125590_full,kimi,prompt_A,pi_main,PI+M_N+LOW_I+HIGH_B,M_N,LOW_I,HIGH_B,,3.7
10.3030_101125590_full,kimi,prompt_A,pi_main,PI+M_N+LOW_I+LOW_B,M_N,LOW_I,LOW_B,,3.6
10.3030_101125590_full,kimi,prompt_A,pi_main,PI+M_N+TOP_I+HIGH_B,M_N,TOP_I,HIGH_B,,3.9
10.3030_101125590_full,kimi,prompt_A,pi_main,PI+M_N+TOP_I+LOW_B,M_N,TOP_I,LOW_B,,3.5
10.3030_101125590_full,kimi,prompt_B,ai_main,AI+AI_N,,,,AI_N,4.0
10.3030_101125590_full,kimi,prompt_B,ai_main,AI+AI_Y,,,,AI_Y,3.8
10.3030_101125590_full,kimi,prompt_B,blind_baseline,NONE,,,,,4.0
10.3030_101125590_full,kimi,prompt_B,pi_main,PI+F_N+LOW_I+HIGH_B,F_N,LOW_I,HIGH_B,,3.9
10.3030_101125590_full,kimi,prompt_B,pi_main,PI+F_N+LOW_I+LOW_B,F_N,LOW_I,LOW_B,,3.6
10.3030_101125590_full,kimi,prompt_B,pi_main,PI+F_N+TOP_I+HIGH_B,F_N,TOP_I,HIGH_B,,3.9
10.3030_101125590_full,kimi,prompt_B,pi_main,PI+F_N+TOP_I+LOW_B,F_N,TOP_I,LOW_B,,3.7
10.3030_101125590_full,kimi,prompt_B,pi_main,PI+M_N+LOW_I+HIGH_B,M_N,LOW_I,HIGH_B,,3.7
10.3030_101125590_full,kimi,prompt_B,pi_main,PI+M_N+LOW_I+LOW_B,M_N,LOW_I,LOW_B,,3.8
10.3030_101125590_full,kimi,prompt_B,pi_main,PI+M_N+TOP_I+HIGH_B,M_N,TOP_I,HIGH_B,,4.0
10.3030_101125590_full,kimi,prompt_B,pi_main,PI+M_N+TOP_I+LOW_B,M_N,TOP_I,LOW_B,,3.8
10.3030_101125590_full,kimi,prompt_C,ai_main,AI+AI_N,,,,AI_N,3.9
10.3030_101125590_full,kimi,prompt_C,ai_main,AI+AI_Y,,,,AI_Y,3.9
10.3030_101125590_full,kimi,prompt_C,blind_baseline,NONE,,,,,3.9
10.3030_101125590_full,kimi,prompt_C,pi_main,PI+F_N+LOW_I+HIGH_B,F_N,LOW_I,HIGH_B,,3.9
10.3030_101125590_full,kimi,prompt_C,pi_main,PI+F_N+LOW_I+LOW_B,F_N,LOW_I,LOW_B,,3.5
10.3030_101125590_full,kimi,prompt_C,pi_main,PI+F_N+TOP_I+HIGH_B,F_N,TOP_I,HIGH_B,,4.0
10.3030_101125590_full,kimi,prompt_C,pi_main,PI+F_N+TOP_I+LOW_B,F_N,TOP_I,LOW_B,,3.7
10.3030_101125590_full,kimi,prompt_C,pi_main,PI+M_N+LOW_I+HIGH_B,M_N,LOW_I,HIGH_B,,3.8
10.3030_101125590_full,kimi,prompt_C,pi_main,PI+M_N+LOW_I+LOW_B,M_N,LOW_I,LOW_B,,3.5
10.3030_101125590_full,kimi,prompt_C,pi_main,PI+M_N+TOP_I+HIGH_B,M_N,TOP_I,HIGH_B,,3.9
10.3030_101125590_full,kimi,prompt_C,pi_main,PI+M_N+TOP_I+LOW_B,M_N,TOP_I,LOW_B,,3.5
10.3030_101125590_full,ministral,prompt_A,ai_main,AI+AI_N,,,,AI_N,3.5
10.3030_101125590_full,ministral,prompt_A,ai_main,AI+AI_Y,,,,AI_Y,3.5
10.3030_101125590_full,ministral,prompt_A,blind_baseline,NONE,,,,,3.5
10.3030_101125590_full,ministral,prompt_A,pi_main,PI+F_N+LOW_I+HIGH_B,F_N,LOW_I,HIGH_B,,3.5
10.3030_101125590_full,ministral,prompt_A,pi_main,PI+F_N+LOW_I+LOW_B,F_N,LOW_I,LOW_B,,3.5
10.3030_101125590_full,ministral,prompt_A,pi_main,PI+F_N+TOP_I+HIGH_B,F_N,TOP_I,HIGH_B,,3.5
10.3030_101125590_full,ministral,prompt_A,pi_main,PI+F_N+TOP_I+LOW_B,F_N,TOP_I,LOW_B,,3.5
10.3030_101125590_full,ministral,prompt_A,pi_main,PI+M_N+LOW_I+HIGH_B,M_N,LOW_I,HIGH_B,,3.5
10.3030_101125590_full,ministral,prompt_A,pi_main,PI+M_N+LOW_I+LOW_B,M_N,LOW_I,LOW_B,,3.5
10.3030_101125590_full,ministral,prompt_A,pi_main,PI+M_N+TOP_I+HIGH_B,M_N,TOP_I,HIGH_B,,3.5
10.3030_101125590_full,ministral,prompt_A,pi_main,PI+M_N+TOP_I+LOW_B,M_N,TOP_I,LOW_B,,3.5
10.3030_101125590_full,ministral,prompt_B,ai_main,AI+AI_N,,,,AI_N,3.5
10.3030_101125590_full,ministral,prompt_B,ai_main,AI+AI_Y,,,,AI_Y,3.5
10.3030_101125590_full,ministral,prompt_B,blind_baseline,NONE,,,,,3.5
10.3030_101125590_full,ministral,prompt_B,pi_main,PI+F_N+LOW_I+HIGH_B,F_N,LOW_I,HIGH_B,,4.0
10.3030_101125590_full,ministral,prompt_B,pi_main,PI+F_N+LOW_I+LOW_B,F_N,LOW_I,LOW_B,,3.5
10.3030_101125590_full,ministral,prompt_B,pi_main,PI+F_N+TOP_I+HIGH_B,F_N,TOP_I,HIGH_B,,4.0
10.3030_101125590_full,ministral,prompt_B,pi_main,PI+F_N+TOP_I+LOW_B,F_N,TOP_I,LOW_B,,3.5
10.3030_101125590_full,ministral,prompt_B,pi_main,PI+M_N+LOW_I+HIGH_B,M_N,LOW_I,HIGH_B,,3.5
10.3030_101125590_full,ministral,prompt_B,pi_main,PI+M_N+LOW_I+LOW_B,M_N,LOW_I,LOW_B,,3.5
10.3030_101125590_full,ministral,prompt_B,pi_main,PI+M_N+TOP_I+HIGH_B,M_N,TOP_I,HIGH_B,,4.0
10.3030_101125590_full,ministral,prompt_B,pi_main,PI+M_N+TOP_I+LOW_B,M_N,TOP_I,LOW_B,,3.5
10.3030_101125590_full,ministral,prompt_C,ai_main,AI+AI_N,,,,AI_N,3.5
10.3030_101125590_full,ministral,prompt_C,ai_main,AI+AI_Y,,,,AI_Y,3.5
10.3030_101125590_full,ministral,prompt_C,blind_baseline,NONE,,,,,3.5
10.3030_101125590_full,ministral,prompt_C,pi_main,PI+F_N+LOW_I+HIGH_B,F_N,LOW_I,HIGH_B,,3.5
10.3030_101125590_full,ministral,prompt_C,pi_main,PI+F_N+LOW_I+LOW_B,F_N,LOW_I,LOW_B,,3.5
10.3030_101125590_full,ministral,prompt_C,pi_main,PI+F_N+TOP_I+HIGH_B,F_N,TOP_I,HIGH_B,,4.0
10.3030_101125590_full,ministral,prompt_C,pi_main,PI+F_N+TOP_I+LOW_B,F_N,TOP_I,LOW_B,,3.5
10.3030_101125590_full,ministral,prompt_C,pi_main,PI+M_N+LOW_I+HIGH_B,M_N,LOW_I,HIGH_B,,3.5
10.3030_101125590_full,ministral,prompt_C,pi_main,PI+M_N+LOW_I+LOW_B,M_N,LOW_I,LOW_B,,3.5
10.3030_101125590_full,ministral,prompt_C,pi_main,PI+M_N+TOP_I+HIGH_B,M_N,TOP_I,HIGH_B,,4.0
10.3030_101125590_full,ministral,prompt_C,pi_main,PI+M_N+TOP_I+LOW_B,M_N,TOP_I,LOW_B,,3.5
10.3030_101125590_full,mistral,prompt_A,ai_main,AI+AI_N,,,,AI_N,3.5
10.3030_101125590_full,mistral,prompt_A,ai_main,AI+AI_Y,,,,AI_Y,3.5
10.3030_101125590_full,mistral,prompt_A,blind_baseline,NONE,,,,,3.5
10.3030_101125590_full,mistral,prompt_A,pi_main,PI+F_N+LOW_I+HIGH_B,F_N,LOW_I,HIGH_B,,3.5
10.3030_101125590_full,mistral,prompt_A,pi_main,PI+F_N+LOW_I+LOW_B,F_N,LOW_I,LOW_B,,3.5
10.3030_101125590_full,mistral,prompt_A,pi_main,PI+F_N+TOP_I+HIGH_B,F_N,TOP_I,HIGH_B,,3.5
10.3030_101125590_full,mistral,prompt_A,pi_main,PI+F_N+TOP_I+LOW_B,F_N,TOP_I,LOW_B,,3.5
10.3030_101125590_full,mistral,prompt_A,pi_main,PI+M_N+LOW_I+HIGH_B,M_N,LOW_I,HIGH_B,,3.5
10.3030_101125590_full,mistral,prompt_A,pi_main,PI+M_N+LOW_I+LOW_B,M_N,LOW_I,LOW_B,,3.5
10.3030_101125590_full,mistral,prompt_A,pi_main,PI+M_N+TOP_I+HIGH_B,M_N,TOP_I,HIGH_B,,3.5
10.3030_101125590_full,mistral,prompt_A,pi_main,PI+M_N+TOP_I+LOW_B,M_N,TOP_I,LOW_B,,3.5
10.3030_101125590_full,mistral,prompt_B,ai_main,AI+AI_N,,,,AI_N,3.6
10.3030_101125590_full,mistral,prompt_B,ai_main,AI+AI_Y,,,,AI_Y,3.5
10.3030_101125590_full,mistral,prompt_B,blind_baseline,NONE,,,,,3.5
10.3030_101125590_full,mistral,prompt_B,pi_main,PI+F_N+LOW_I+HIGH_B,F_N,LOW_I,HIGH_B,,4.0
10.3030_101125590_full,mistral,prompt_B,pi_main,PI+F_N+LOW_I+LOW_B,F_N,LOW_I,LOW_B,,3.6
10.3030_101125590_full,mistral,prompt_B,pi_main,PI+F_N+TOP_I+HIGH_B,F_N,TOP_I,HIGH_B,,3.7
10.3030_101125590_full,mistral,prompt_B,pi_main,PI+F_N+TOP_I+LOW_B,F_N,TOP_I,LOW_B,,3.5
10.3030_101125590_full,mistral,prompt_B,pi_main,PI+M_N+LOW_I+HIGH_B,M_N,LOW_I,HIGH_B,,3.8
10.3030_101125590_full,mistral,prompt_B,pi_main,PI+M_N+LOW_I+LOW_B,M_N,LOW_I,LOW_B,,3.5
10.3030_101125590_full,mistral,prompt_B,pi_main,PI+M_N+TOP_I+HIGH_B,M_N,TOP_I,HIGH_B,,3.6
10.3030_101125590_full,mistral,prompt_B,pi_main,PI+M_N+TOP_I+LOW_B,M_N,TOP_I,LOW_B,,3.5
10.3030_101125590_full,mistral,prompt_C,ai_main,AI+AI_N,,,,AI_N,3.8
10.3030_101125590_full,mistral,prompt_C,ai_main,AI+AI_Y,,,,AI_Y,3.5
10.3030_101125590_full,mistral,prompt_C,blind_baseline,NONE,,,,,3.6
10.3030_101125590_full,mistral,prompt_C,pi_main,PI+F_N+LOW_I+HIGH_B,F_N,LOW_I,HIGH_B,,3.5
10.3030_101125590_full,mistral,prompt_C,pi_main,PI+F_N+LOW_I+LOW_B,F_N,LOW_I,LOW_B,,3.5
10.3030_101125590_full,mistral,prompt_C,pi_main,PI+F_N+TOP_I+HIGH_B,F_N,TOP_I,HIGH_B,,3.6
10.3030_101125590_full,mistral,prompt_C,pi_main,PI+F_N+TOP_I+LOW_B,F_N,TOP_I,LOW_B,,3.5
10.3030_101125590_full,mistral,prompt_C,pi_main,PI+M_N+LOW_I+HIGH_B,M_N,LOW_I,HIGH_B,,3.6
10.3030_101125590_full,mistral,prompt_C,pi_main,PI+M_N+LOW_I+LOW_B,M_N,LOW_I,LOW_B,,3.5
10.3030_101125590_full,mistral,prompt_C,pi_main,PI+M_N+TOP_I+HIGH_B,M_N,TOP_I,HIGH_B,,3.5
10.3030_101125590_full,mistral,prompt_C,pi_main,PI+M_N+TOP_I+LOW_B,M_N,TOP_I,LOW_B,,3.5
10.3030_101125590_full,phi,prompt_A,ai_main,AI+AI_N,,,,AI_N,3.5
10.3030_101125590_full,phi,prompt_A,ai_main,AI+AI_Y,,,,AI_Y,3.5
10.3030_101125590_full,phi,prompt_A,blind_baseline,NONE,,,,,3.5
10.3030_101125590_full,phi,prompt_A,pi_main,PI+F_N+LOW_I+HIGH_B,F_N,LOW_I,HIGH_B,,3.5
10.3030_101125590_full,phi,prompt_A,pi_main,PI+F_N+LOW_I+LOW_B,F_N,LOW_I,LOW_B,,3.5
10.3030_101125590_full,phi,prompt_A,pi_main,PI+F_N+TOP_I+HIGH_B,F_N,TOP_I,HIGH_B,,3.5
10.3030_101125590_full,phi,prompt_A,pi_main,PI+F_N+TOP_I+LOW_B,F_N,TOP_I,LOW_B,,3.5
10.3030_101125590_full,phi,prompt_A,pi_main,PI+M_N+LOW_I+HIGH_B,M_N,LOW_I,HIGH_B,,3.5
10.3030_101125590_full,phi,prompt_A,pi_main,PI+M_N+LOW_I+LOW_B,M_N,LOW_I,LOW_B,,3.5
10.3030_101125590_full,phi,prompt_A,pi_main,PI+M_N+TOP_I+HIGH_B,M_N,TOP_I,HIGH_B,,3.5
10.3030_101125590_full,phi,prompt_A,pi_main,PI+M_N+TOP_I+LOW_B,M_N,TOP_I,LOW_B,,3.5
10.3030_101125590_full,phi,prompt_B,ai_main,AI+AI_N,,,,AI_N,3.5
10.3030_101125590_full,phi,prompt_B,ai_main,AI+AI_Y,,,,AI_Y,3.5
10.3030_101125590_full,phi,prompt_B,blind_baseline,NONE,,,,,3.5
10.3030_101125590_full,phi,prompt_B,pi_main,PI+F_N+LOW_I+HIGH_B,F_N,LOW_I,HIGH_B,,3.5
10.3030_101125590_full,phi,prompt_B,pi_main,PI+F_N+LOW_I+LOW_B,F_N,LOW_I,LOW_B,,3.5
10.3030_101125590_full,phi,prompt_B,pi_main,PI+F_N+TOP_I+HIGH_B,F_N,TOP_I,HIGH_B,,3.5
10.3030_101125590_full,phi,prompt_B,pi_main,PI+F_N+TOP_I+LOW_B,F_N,TOP_I,LOW_B,,3.5
10.3030_101125590_full,phi,prompt_B,pi_main,PI+M_N+LOW_I+HIGH_B,M_N,LOW_I,HIGH_B,,3.5
10.3030_101125590_full,phi,prompt_B,pi_main,PI+M_N+LOW_I+LOW_B,M_N,LOW_I,LOW_B,,3.5
10.3030_101125590_full,phi,prompt_B,pi_main,PI+M_N+TOP_I+HIGH_B,M_N,TOP_I,HIGH_B,,3.5
10.3030_101125590_full,phi,prompt_B,pi_main,PI+M_N+TOP_I+LOW_B,M_N,TOP_I,LOW_B,,3.5
10.3030_101125590_full,phi,prompt_C,ai_main,AI+AI_N,,,,AI_N,3.5
10.3030_101125590_full,phi,prompt_C,ai_main,AI+AI_Y,,,,AI_Y,3.5
10.3030_101125590_full,phi,prompt_C,blind_baseline,NONE,,,,,3.5
10.3030_101125590_full,phi,prompt_C,pi_main,PI+F_N+LOW_I+HIGH_B,F_N,LOW_I,HIGH_B,,3.5
10.3030_101125590_full,phi,prompt_C,pi_main,PI+F_N+LOW_I+LOW_B,F_N,LOW_I,LOW_B,,3.5
10.3030_101125590_full,phi,prompt_C,pi_main,PI+F_N+TOP_I+HIGH_B,F_N,TOP_I,HIGH_B,,3.5
10.3030_101125590_full,phi,prompt_C,pi_main,PI+F_N+TOP_I+LOW_B,F_N,TOP_I,LOW_B,,3.5
10.3030_101125590_full,phi,prompt_C,pi_main,PI+M_N+LOW_I+HIGH_B,M_N,LOW_I,HIGH_B,,3.5
10.3030_101125590_full,phi,prompt_C,pi_main,PI+M_N+LOW_I+LOW_B,M_N,LOW_I,LOW_B,,3.5
10.3030_101125590_full,phi,prompt_C,pi_main,PI+M_N+TOP_I+HIGH_B,M_N,TOP_I,HIGH_B,,3.5
10.3030_101125590_full,phi,prompt_C,pi_main,PI+M_N+TOP_I+LOW_B,M_N,TOP_I,LOW_B,,3.5
10.3030_101125953_full,deepseek,prompt_A,ai_main,AI+AI_N,,,,AI_N,3.5
10.3030_101125953_full,deepseek,prompt_A,ai_main,AI+AI_Y,,,,AI_Y,3.4
10.3030_101125953_full,deepseek,prompt_A,blind_baseline,NONE,,,,,3.2
10.3030_101125953_full,deepseek,prompt_A,pi_main,PI+F_N+LOW_I+HIGH_B,F_N,LOW_I,HIGH_B,,3.3
10.3030_101125953_full,deepseek,prompt_A,pi_main,PI+F_N+LOW_I+LOW_B,F_N,LOW_I,LOW_B,,3.1
10.3030_101125953_full,deepseek,prompt_A,pi_main,PI+F_N+TOP_I+HIGH_B,F_N,TOP_I,HIGH_B,,3.1
10.3030_101125953_full,deepseek,prompt_A,pi_main,PI+F_N+TOP_I+LOW_B,F_N,TOP_I,LOW_B,,3.0
10.3030_101125953_full,deepseek,prompt_A,pi_main,PI+M_N+LOW_I+HIGH_B,M_N,LOW_I,HIGH_B,,3.0
10.3030_101125953_full,deepseek,prompt_A,pi_main,PI+M_N+LOW_I+LOW_B,M_N,LOW_I,LOW_B,,3.0
10.3030_101125953_full,deepseek,prompt_A,pi_main,PI+M_N+TOP_I+HIGH_B,M_N,TOP_I,HIGH_B,,3.2
10.3030_101125953_full,deepseek,prompt_A,pi_main,PI+M_N+TOP_I+LOW_B,M_N,TOP_I,LOW_B,,3.0
10.3030_101125953_full,deepseek,prompt_B,ai_main,AI+AI_N,,,,AI_N,3.0
10.3030_101125953_full,deepseek,prompt_B,ai_main,AI+AI_Y,,,,AI_Y,3.3
10.3030_101125953_full,deepseek,prompt_B,blind_baseline,NONE,,,,,3.4
10.3030_101125953_full,deepseek,prompt_B,pi_main,PI+F_N+LOW_I+HIGH_B,F_N,LOW_I,HIGH_B,,3.1
10.3030_101125953_full,deepseek,prompt_B,pi_main,PI+F_N+LOW_I+LOW_B,F_N,LOW_I,LOW_B,,3.0
10.3030_101125953_full,deepseek,prompt_B,pi_main,PI+F_N+TOP_I+HIGH_B,F_N,TOP_I,HIGH_B,,3.5
10.3030_101125953_full,deepseek,prompt_B,pi_main,PI+F_N+TOP_I+LOW_B,F_N,TOP_I,LOW_B,,3.2
10.3030_101125953_full,deepseek,prompt_B,pi_main,PI+M_N+LOW_I+HIGH_B,M_N,LOW_I,HIGH_B,,3.2
10.3030_101125953_full,deepseek,prompt_B,pi_main,PI+M_N+LOW_I+LOW_B,M_N,LOW_I,LOW_B,,3.3
10.3030_101125953_full,deepseek,prompt_B,pi_main,PI+M_N+TOP_I+HIGH_B,M_N,TOP_I,HIGH_B,,3.0
10.3030_101125953_full,deepseek,prompt_B,pi_main,PI+M_N+TOP_I+LOW_B,M_N,TOP_I,LOW_B,,3.2
10.3030_101125953_full,deepseek,prompt_C,ai_main,AI+AI_N,,,,AI_N,3.5
10.3030_101125953_full,deepseek,prompt_C,ai_main,AI+AI_Y,,,,AI_Y,3.3
10.3030_101125953_full,deepseek,prompt_C,blind_baseline,NONE,,,,,3.7
10.3030_101125953_full,deepseek,prompt_C,pi_main,PI+F_N+LOW_I+HIGH_B,F_N,LOW_I,HIGH_B,,3.2
10.3030_101125953_full,deepseek,prompt_C,pi_main,PI+F_N+LOW_I+LOW_B,F_N,LOW_I,LOW_B,,3.1
10.3030_101125953_full,deepseek,prompt_C,pi_main,PI+F_N+TOP_I+HIGH_B,F_N,TOP_I,HIGH_B,,3.2
10.3030_101125953_full,deepseek,prompt_C,pi_main,PI+F_N+TOP_I+LOW_B,F_N,TOP_I,LOW_B,,2.9
10.3030_101125953_full,deepseek,prompt_C,pi_main,PI+M_N+LOW_I+HIGH_B,M_N,LOW_I,HIGH_B,,3.5
10.3030_101125953_full,deepseek,prompt_C,pi_main,PI+M_N+LOW_I+LOW_B,M_N,LOW_I,LOW_B,,2.9
10.3030_101125953_full,deepseek,prompt_C,pi_main,PI+M_N+TOP_I+HIGH_B,M_N,TOP_I,HIGH_B,,3.3
10.3030_101125953_full,deepseek,prompt_C,pi_main,PI+M_N+TOP_I+LOW_B,M_N,TOP_I,LOW_B,,3.1
10.3030_101125953_full,gemma,prompt_A,ai_main,AI+AI_N,,,,AI_N,3.5
10.3030_101125953_full,gemma,prompt_A,ai_main,AI+AI_Y,,,,AI_Y,3.5
10.3030_101125953_full,gemma,prompt_A,blind_baseline,NONE,,,,,3.5
10.3030_101125953_full,gemma,prompt_A,pi_main,PI+F_N+LOW_I+HIGH_B,F_N,LOW_I,HIGH_B,,3.2
10.3030_101125953_full,gemma,prompt_A,pi_main,PI+F_N+LOW_I+LOW_B,F_N,LOW_I,LOW_B,,3.0
10.3030_101125953_full,gemma,prompt_A,pi_main,PI+F_N+TOP_I+HIGH_B,F_N,TOP_I,HIGH_B,,3.5
10.3030_101125953_full,gemma,prompt_A,pi_main,PI+F_N+TOP_I+LOW_B,F_N,TOP_I,LOW_B,,3.5
10.3030_101125953_full,gemma,prompt_A,pi_main,PI+M_N+LOW_I+HIGH_B,M_N,LOW_I,HIGH_B,,3.0
10.3030_101125953_full,gemma,prompt_A,pi_main,PI+M_N+LOW_I+LOW_B,M_N,LOW_I,LOW_B,,3.0
10.3030_101125953_full,gemma,prompt_A,pi_main,PI+M_N+TOP_I+HIGH_B,M_N,TOP_I,HIGH_B,,3.5
10.3030_101125953_full,gemma,prompt_A,pi_main,PI+M_N+TOP_I+LOW_B,M_N,TOP_I,LOW_B,,3.0
10.3030_101125953_full,gemma,prompt_B,ai_main,AI+AI_N,,,,AI_N,3.5
10.3030_101125953_full,gemma,prompt_B,ai_main,AI+AI_Y,,,,AI_Y,3.5
10.3030_101125953_full,gemma,prompt_B,blind_baseline,NONE,,,,,3.5
10.3030_101125953_full,gemma,prompt_B,pi_main,PI+F_N+LOW_I+HIGH_B,F_N,LOW_I,HIGH_B,,3.5
10.3030_101125953_full,gemma,prompt_B,pi_main,PI+F_N+LOW_I+LOW_B,F_N,LOW_I,LOW_B,,3.5
10.3030_101125953_full,gemma,prompt_B,pi_main,PI+F_N+TOP_I+HIGH_B,F_N,TOP_I,HIGH_B,,3.5
10.3030_101125953_full,gemma,prompt_B,pi_main,PI+F_N+TOP_I+LOW_B,F_N,TOP_I,LOW_B,,3.5
10.3030_101125953_full,gemma,prompt_B,pi_main,PI+M_N+LOW_I+HIGH_B,M_N,LOW_I,HIGH_B,,3.5
10.3030_101125953_full,gemma,prompt_B,pi_main,PI+M_N+LOW_I+LOW_B,M_N,LOW_I,LOW_B,,3.5
10.3030_101125953_full,gemma,prompt_B,pi_main,PI+M_N+TOP_I+HIGH_B,M_N,TOP_I,HIGH_B,,3.5
10.3030_101125953_full,gemma,prompt_B,pi_main,PI+M_N+TOP_I+LOW_B,M_N,TOP_I,LOW_B,,3.5
10.3030_101125953_full,gemma,prompt_C,ai_main,AI+AI_N,,,,AI_N,3.5
10.3030_101125953_full,gemma,prompt_C,ai_main,AI+AI_Y,,,,AI_Y,3.5
10.3030_101125953_full,gemma,prompt_C,blind_baseline,NONE,,,,,3.5
10.3030_101125953_full,gemma,prompt_C,pi_main,PI+F_N+LOW_I+HIGH_B,F_N,LOW_I,HIGH_B,,3.5
10.3030_101125953_full,gemma,prompt_C,pi_main,PI+F_N+LOW_I+LOW_B,F_N,LOW_I,LOW_B,,3.5
10.3030_101125953_full,gemma,prompt_C,pi_main,PI+F_N+TOP_I+HIGH_B,F_N,TOP_I,HIGH_B,,3.5
10.3030_101125953_full,gemma,prompt_C,pi_main,PI+F_N+TOP_I+LOW_B,F_N,TOP_I,LOW_B,,3.5
10.3030_101125953_full,gemma,prompt_C,pi_main,PI+M_N+LOW_I+HIGH_B,M_N,LOW_I,HIGH_B,,3.5
10.3030_101125953_full,gemma,prompt_C,pi_main,PI+M_N+LOW_I+LOW_B,M_N,LOW_I,LOW_B,,3.5
10.3030_101125953_full,gemma,prompt_C,pi_main,PI+M_N+TOP_I+HIGH_B,M_N,TOP_I,HIGH_B,,3.5
10.3030_101125953_full,gemma,prompt_C,pi_main,PI+M_N+TOP_I+LOW_B,M_N,TOP_I,LOW_B,,3.5
10.3030_101125953_full,glm,prompt_A,ai_main,AI+AI_N,,,,AI_N,3.6
10.3030_101125953_full,glm,prompt_A,ai_main,AI+AI_Y,,,,AI_Y,3.5
10.3030_101125953_full,glm,prompt_A,blind_baseline,NONE,,,,,3.5
10.3030_101125953_full,glm,prompt_A,pi_main,PI+F_N+LOW_I+HIGH_B,F_N,LOW_I,HIGH_B,,3.2
10.3030_101125953_full,glm,prompt_A,pi_main,PI+F_N+LOW_I+LOW_B,F_N,LOW_I,LOW_B,,2.6
10.3030_101125953_full,glm,prompt_A,pi_main,PI+F_N+TOP_I+HIGH_B,F_N,TOP_I,HIGH_B,,3.5
10.3030_101125953_full,glm,prompt_A,pi_main,PI+F_N+TOP_I+LOW_B,F_N,TOP_I,LOW_B,,3.0
10.3030_101125953_full,glm,prompt_A,pi_main,PI+M_N+LOW_I+HIGH_B,M_N,LOW_I,HIGH_B,,3.2
10.3030_101125953_full,glm,prompt_A,pi_main,PI+M_N+LOW_I+LOW_B,M_N,LOW_I,LOW_B,,2.6
10.3030_101125953_full,glm,prompt_A,pi_main,PI+M_N+TOP_I+HIGH_B,M_N,TOP_I,HIGH_B,,3.5
10.3030_101125953_full,glm,prompt_A,pi_main,PI+M_N+TOP_I+LOW_B,M_N,TOP_I,LOW_B,,3.1
10.3030_101125953_full,glm,prompt_B,ai_main,AI+AI_N,,,,AI_N,3.5
10.3030_101125953_full,glm,prompt_B,ai_main,AI+AI_Y,,,,AI_Y,3.4
10.3030_101125953_full,glm,prompt_B,blind_baseline,NONE,,,,,3.5
10.3030_101125953_full,glm,prompt_B,pi_main,PI+F_N+LOW_I+HIGH_B,F_N,LOW_I,HIGH_B,,3.4
10.3030_101125953_full,glm,prompt_B,pi_main,PI+F_N+LOW_I+LOW_B,F_N,LOW_I,LOW_B,,3.1
10.3030_101125953_full,glm,prompt_B,pi_main,PI+F_N+TOP_I+HIGH_B,F_N,TOP_I,HIGH_B,,3.4
10.3030_101125953_full,glm,prompt_B,pi_main,PI+F_N+TOP_I+LOW_B,F_N,TOP_I,LOW_B,,3.2
10.3030_101125953_full,glm,prompt_B,pi_main,PI+M_N+LOW_I+HIGH_B,M_N,LOW_I,HIGH_B,,3.3
10.3030_101125953_full,glm,prompt_B,pi_main,PI+M_N+LOW_I+LOW_B,M_N,LOW_I,LOW_B,,3.0
10.3030_101125953_full,glm,prompt_B,pi_main,PI+M_N+TOP_I+HIGH_B,M_N,TOP_I,HIGH_B,,3.2
10.3030_101125953_full,glm,prompt_B,pi_main,PI+M_N+TOP_I+LOW_B,M_N,TOP_I,LOW_B,,3.1
10.3030_101125953_full,glm,prompt_C,ai_main,AI+AI_N,,,,AI_N,3.5
10.3030_101125953_full,glm,prompt_C,ai_main,AI+AI_Y,,,,AI_Y,3.3
10.3030_101125953_full,glm,prompt_C,blind_baseline,NONE,,,,,3.5
10.3030_101125953_full,glm,prompt_C,pi_main,PI+F_N+LOW_I+HIGH_B,F_N,LOW_I,HIGH_B,,3.5
10.3030_101125953_full,glm,prompt_C,pi_main,PI+F_N+LOW_I+LOW_B,F_N,LOW_I,LOW_B,,3.0
10.3030_101125953_full,glm,prompt_C,pi_main,PI+F_N+TOP_I+HIGH_B,F_N,TOP_I,HIGH_B,,3.5
10.3030_101125953_full,glm,prompt_C,pi_main,PI+F_N+TOP_I+LOW_B,F_N,TOP_I,LOW_B,,3.1
10.3030_101125953_full,glm,prompt_C,pi_main,PI+M_N+LOW_I+HIGH_B,M_N,LOW_I,HIGH_B,,3.4
10.3030_101125953_full,glm,prompt_C,pi_main,PI+M_N+LOW_I+LOW_B,M_N,LOW_I,LOW_B,,3.0
10.3030_101125953_full,glm,prompt_C,pi_main,PI+M_N+TOP_I+HIGH_B,M_N,TOP_I,HIGH_B,,3.3
10.3030_101125953_full,glm,prompt_C,pi_main,PI+M_N+TOP_I+LOW_B,M_N,TOP_I,LOW_B,,3.0
10.3030_101125953_full,gpt,prompt_A,ai_main,AI+AI_N,,,,AI_N,4.0
10.3030_101125953_full,gpt,prompt_A,ai_main,AI+AI_Y,,,,AI_Y,4.0
10.3030_101125953_full,gpt,prompt_A,blind_baseline,NONE,,,,,4.0
10.3030_101125953_full,gpt,prompt_A,pi_main,PI+F_N+LOW_I+HIGH_B,F_N,LOW_I,HIGH_B,,4.0
10.3030_101125953_full,gpt,prompt_A,pi_main,PI+F_N+LOW_I+LOW_B,F_N,LOW_I,LOW_B,,3.5
10.3030_101125953_full,gpt,prompt_A,pi_main,PI+F_N+TOP_I+HIGH_B,F_N,TOP_I,HIGH_B,,4.0
10.3030_101125953_full,gpt,prompt_A,pi_main,PI+F_N+TOP_I+LOW_B,F_N,TOP_I,LOW_B,,3.5
10.3030_101125953_full,gpt,prompt_A,pi_main,PI+M_N+LOW_I+HIGH_B,M_N,LOW_I,HIGH_B,,4.0
10.3030_101125953_full,gpt,prompt_A,pi_main,PI+M_N+LOW_I+LOW_B,M_N,LOW_I,LOW_B,,3.5
10.3030_101125953_full,gpt,prompt_A,pi_main,PI+M_N+TOP_I+HIGH_B,M_N,TOP_I,HIGH_B,,3.9
10.3030_101125953_full,gpt,prompt_A,pi_main,PI+M_N+TOP_I+LOW_B,M_N,TOP_I,LOW_B,,3.6
10.3030_101125953_full,gpt,prompt_B,ai_main,AI+AI_N,,,,AI_N,4.0
10.3030_101125953_full,gpt,prompt_B,ai_main,AI+AI_Y,,,,AI_Y,4.0
10.3030_101125953_full,gpt,prompt_B,blind_baseline,NONE,,,,,4.0
10.3030_101125953_full,gpt,prompt_B,pi_main,PI+F_N+LOW_I+HIGH_B,F_N,LOW_I,HIGH_B,,4.0
10.3030_101125953_full,gpt,prompt_B,pi_main,PI+F_N+LOW_I+LOW_B,F_N,LOW_I,LOW_B,,4.0
10.3030_101125953_full,gpt,prompt_B,pi_main,PI+F_N+TOP_I+HIGH_B,F_N,TOP_I,HIGH_B,,4.0
10.3030_101125953_full,gpt,prompt_B,pi_main,PI+F_N+TOP_I+LOW_B,F_N,TOP_I,LOW_B,,4.0
10.3030_101125953_full,gpt,prompt_B,pi_main,PI+M_N+LOW_I+HIGH_B,M_N,LOW_I,HIGH_B,,4.0
10.3030_101125953_full,gpt,prompt_B,pi_main,PI+M_N+LOW_I+LOW_B,M_N,LOW_I,LOW_B,,4.0
10.3030_101125953_full,gpt,prompt_B,pi_main,PI+M_N+TOP_I+HIGH_B,M_N,TOP_I,HIGH_B,,4.0
10.3030_101125953_full,gpt,prompt_B,pi_main,PI+M_N+TOP_I+LOW_B,M_N,TOP_I,LOW_B,,4.0
10.3030_101125953_full,gpt,prompt_C,ai_main,AI+AI_N,,,,AI_N,4.0
10.3030_101125953_full,gpt,prompt_C,ai_main,AI+AI_Y,,,,AI_Y,4.0
10.3030_101125953_full,gpt,prompt_C,blind_baseline,NONE,,,,,4.0
10.3030_101125953_full,gpt,prompt_C,pi_main,PI+F_N+LOW_I+HIGH_B,F_N,LOW_I,HIGH_B,,4.0
10.3030_101125953_full,gpt,prompt_C,pi_main,PI+F_N+LOW_I+LOW_B,F_N,LOW_I,LOW_B,,4.0
10.3030_101125953_full,gpt,prompt_C,pi_main,PI+F_N+TOP_I+HIGH_B,F_N,TOP_I,HIGH_B,,4.0
10.3030_101125953_full,gpt,prompt_C,pi_main,PI+F_N+TOP_I+LOW_B,F_N,TOP_I,LOW_B,,4.0
10.3030_101125953_full,gpt,prompt_C,pi_main,PI+M_N+LOW_I+HIGH_B,M_N,LOW_I,HIGH_B,,4.0
10.3030_101125953_full,gpt,prompt_C,pi_main,PI+M_N+LOW_I+LOW_B,M_N,LOW_I,LOW_B,,3.9
10.3030_101125953_full,gpt,prompt_C,pi_main,PI+M_N+TOP_I+HIGH_B,M_N,TOP_I,HIGH_B,,4.0
10.3030_101125953_full,gpt,prompt_C,pi_main,PI+M_N+TOP_I+LOW_B,M_N,TOP_I,LOW_B,,4.0
10.3030_101125953_full,kimi,prompt_A,ai_main,AI+AI_N,,,,AI_N,3.9
10.3030_101125953_full,kimi,prompt_A,ai_main,AI+AI_Y,,,,AI_Y,3.8
10.3030_101125953_full,kimi,prompt_A,blind_baseline,NONE,,,,,3.8
10.3030_101125953_full,kimi,prompt_A,pi_main,PI+F_N+LOW_I+HIGH_B,F_N,LOW_I,HIGH_B,,4.0
10.3030_101125953_full,kimi,prompt_A,pi_main,PI+F_N+LOW_I+LOW_B,F_N,LOW_I,LOW_B,,3.5
10.3030_101125953_full,kimi,prompt_A,pi_main,PI+F_N+TOP_I+HIGH_B,F_N,TOP_I,HIGH_B,,4.0
10.3030_101125953_full,kimi,prompt_A,pi_main,PI+F_N+TOP_I+LOW_B,F_N,TOP_I,LOW_B,,3.7
10.3030_101125953_full,kimi,prompt_A,pi_main,PI+M_N+LOW_I+HIGH_B,M_N,LOW_I,HIGH_B,,3.9
10.3030_101125953_full,kimi,prompt_A,pi_main,PI+M_N+LOW_I+LOW_B,M_N,LOW_I,LOW_B,,3.5
10.3030_101125953_full,kimi,prompt_A,pi_main,PI+M_N+TOP_I+HIGH_B,M_N,TOP_I,HIGH_B,,4.0
10.3030_101125953_full,kimi,prompt_A,pi_main,PI+M_N+TOP_I+LOW_B,M_N,TOP_I,LOW_B,,3.8
10.3030_101125953_full,kimi,prompt_B,ai_main,AI+AI_N,,,,AI_N,4.0
10.3030_101125953_full,kimi,prompt_B,ai_main,AI+AI_Y,,,,AI_Y,3.9
10.3030_101125953_full,kimi,prompt_B,blind_baseline,NONE,,,,,4.0
10.3030_101125953_full,kimi,prompt_B,pi_main,PI+F_N+LOW_I+HIGH_B,F_N,LOW_I,HIGH_B,,3.8
10.3030_101125953_full,kimi,prompt_B,pi_main,PI+F_N+LOW_I+LOW_B,F_N,LOW_I,LOW_B,,3.7
10.3030_101125953_full,kimi,prompt_B,pi_main,PI+F_N+TOP_I+HIGH_B,F_N,TOP_I,HIGH_B,,4.0
10.3030_101125953_full,kimi,prompt_B,pi_main,PI+F_N+TOP_I+LOW_B,F_N,TOP_I,LOW_B,,3.8
10.3030_101125953_full,kimi,prompt_B,pi_main,PI+M_N+LOW_I+HIGH_B,M_N,LOW_I,HIGH_B,,4.0
10.3030_101125953_full,kimi,prompt_B,pi_main,PI+M_N+LOW_I+LOW_B,M_N,LOW_I,LOW_B,,3.8
10.3030_101125953_full,kimi,prompt_B,pi_main,PI+M_N+TOP_I+HIGH_B,M_N,TOP_I,HIGH_B,,4.0
10.3030_101125953_full,kimi,prompt_B,pi_main,PI+M_N+TOP_I+LOW_B,M_N,TOP_I,LOW_B,,4.0
10.3030_101125953_full,kimi,prompt_C,ai_main,AI+AI_N,,,,AI_N,4.0
10.3030_101125953_full,kimi,prompt_C,ai_main,AI+AI_Y,,,,AI_Y,3.9
10.3030_101125953_full,kimi,prompt_C,blind_baseline,NONE,,,,,4.0
10.3030_101125953_full,kimi,prompt_C,pi_main,PI+F_N+LOW_I+HIGH_B,F_N,LOW_I,HIGH_B,,3.8
10.3030_101125953_full,kimi,prompt_C,pi_main,PI+F_N+LOW_I+LOW_B,F_N,LOW_I,LOW_B,,3.6
10.3030_101125953_full,kimi,prompt_C,pi_main,PI+F_N+TOP_I+HIGH_B,F_N,TOP_I,HIGH_B,,3.9
10.3030_101125953_full,kimi,prompt_C,pi_main,PI+F_N+TOP_I+LOW_B,F_N,TOP_I,LOW_B,,3.9
10.3030_101125953_full,kimi,prompt_C,pi_main,PI+M_N+LOW_I+HIGH_B,M_N,LOW_I,HIGH_B,,3.7
10.3030_101125953_full,kimi,prompt_C,pi_main,PI+M_N+LOW_I+LOW_B,M_N,LOW_I,LOW_B,,3.7
10.3030_101125953_full,kimi,prompt_C,pi_main,PI+M_N+TOP_I+HIGH_B,M_N,TOP_I,HIGH_B,,4.0
10.3030_101125953_full,kimi,prompt_C,pi_main,PI+M_N+TOP_I+LOW_B,M_N,TOP_I,LOW_B,,3.9
10.3030_101125953_full,ministral,prompt_A,ai_main,AI+AI_N,,,,AI_N,3.5
10.3030_101125953_full,ministral,prompt_A,ai_main,AI+AI_Y,,,,AI_Y,3.5
10.3030_101125953_full,ministral,prompt_A,blind_baseline,NONE,,,,,3.5
10.3030_101125953_full,ministral,prompt_A,pi_main,PI+F_N+LOW_I+HIGH_B,F_N,LOW_I,HIGH_B,,3.5
10.3030_101125953_full,ministral,prompt_A,pi_main,PI+F_N+LOW_I+LOW_B,F_N,LOW_I,LOW_B,,3.5
10.3030_101125953_full,ministral,prompt_A,pi_main,PI+F_N+TOP_I+HIGH_B,F_N,TOP_I,HIGH_B,,3.5
10.3030_101125953_full,ministral,prompt_A,pi_main,PI+F_N+TOP_I+LOW_B,F_N,TOP_I,LOW_B,,3.5
10.3030_101125953_full,ministral,prompt_A,pi_main,PI+M_N+LOW_I+HIGH_B,M_N,LOW_I,HIGH_B,,3.5
10.3030_101125953_full,ministral,prompt_A,pi_main,PI+M_N+LOW_I+LOW_B,M_N,LOW_I,LOW_B,,3.5
10.3030_101125953_full,ministral,prompt_A,pi_main,PI+M_N+TOP_I+HIGH_B,M_N,TOP_I,HIGH_B,,3.5
10.3030_101125953_full,ministral,prompt_A,pi_main,PI+M_N+TOP_I+LOW_B,M_N,TOP_I,LOW_B,,3.5
10.3030_101125953_full,ministral,prompt_B,ai_main,AI+AI_N,,,,AI_N,3.5
10.3030_101125953_full,ministral,prompt_B,ai_main,AI+AI_Y,,,,AI_Y,3.5
10.3030_101125953_full,ministral,prompt_B,blind_baseline,NONE,,,,,3.5
10.3030_101125953_full,ministral,prompt_B,pi_main,PI+F_N+LOW_I+HIGH_B,F_N,LOW_I,HIGH_B,,3.5
10.3030_101125953_full,ministral,prompt_B,pi_main,PI+F_N+LOW_I+LOW_B,F_N,LOW_I,LOW_B,,3.5
10.3030_101125953_full,ministral,prompt_B,pi_main,PI+F_N+TOP_I+HIGH_B,F_N,TOP_I,HIGH_B,,3.5
10.3030_101125953_full,ministral,prompt_B,pi_main,PI+F_N+TOP_I+LOW_B,F_N,TOP_I,LOW_B,,3.5
10.3030_101125953_full,ministral,prompt_B,pi_main,PI+M_N+LOW_I+HIGH_B,M_N,LOW_I,HIGH_B,,3.5
10.3030_101125953_full,ministral,prompt_B,pi_main,PI+M_N+LOW_I+LOW_B,M_N,LOW_I,LOW_B,,3.5
10.3030_101125953_full,ministral,prompt_B,pi_main,PI+M_N+TOP_I+HIGH_B,M_N,TOP_I,HIGH_B,,3.5
10.3030_101125953_full,ministral,prompt_B,pi_main,PI+M_N+TOP_I+LOW_B,M_N,TOP_I,LOW_B,,3.5
10.3030_101125953_full,ministral,prompt_C,ai_main,AI+AI_N,,,,AI_N,3.5
10.3030_101125953_full,ministral,prompt_C,ai_main,AI+AI_Y,,,,AI_Y,3.5
10.3030_101125953_full,ministral,prompt_C,blind_baseline,NONE,,,,,3.5
10.3030_101125953_full,ministral,prompt_C,pi_main,PI+F_N+LOW_I+HIGH_B,F_N,LOW_I,HIGH_B,,3.5
10.3030_101125953_full,ministral,prompt_C,pi_main,PI+F_N+LOW_I+LOW_B,F_N,LOW_I,LOW_B,,3.5
10.3030_101125953_full,ministral,prompt_C,pi_main,PI+F_N+TOP_I+HIGH_B,F_N,TOP_I,HIGH_B,,3.5
10.3030_101125953_full,ministral,prompt_C,pi_main,PI+F_N+TOP_I+LOW_B,F_N,TOP_I,LOW_B,,3.5
10.3030_101125953_full,ministral,prompt_C,pi_main,PI+M_N+LOW_I+HIGH_B,M_N,LOW_I,HIGH_B,,3.5
10.3030_101125953_full,ministral,prompt_C,pi_main,PI+M_N+LOW_I+LOW_B,M_N,LOW_I,LOW_B,,3.5
10.3030_101125953_full,ministral,prompt_C,pi_main,PI+M_N+TOP_I+HIGH_B,M_N,TOP_I,HIGH_B,,3.5
10.3030_101125953_full,ministral,prompt_C,pi_main,PI+M_N+TOP_I+LOW_B,M_N,TOP_I,LOW_B,,3.5
10.3030_101125953_full,mistral,prompt_A,ai_main,AI+AI_N,,,,AI_N,3.9
10.3030_101125953_full,mistral,prompt_A,ai_main,AI+AI_Y,,,,AI_Y,3.9
10.3030_101125953_full,mistral,prompt_A,blind_baseline,NONE,,,,,3.9
10.3030_101125953_full,mistral,prompt_A,pi_main,PI+F_N+LOW_I+HIGH_B,F_N,LOW_I,HIGH_B,,3.9
10.3030_101125953_full,mistral,prompt_A,pi_main,PI+F_N+LOW_I+LOW_B,F_N,LOW_I,LOW_B,,3.7
10.3030_101125953_full,mistral,prompt_A,pi_main,PI+F_N+TOP_I+HIGH_B,F_N,TOP_I,HIGH_B,,4.0
10.3030_101125953_full,mistral,prompt_A,pi_main,PI+F_N+TOP_I+LOW_B,F_N,TOP_I,LOW_B,,4.0
10.3030_101125953_full,mistral,prompt_A,pi_main,PI+M_N+LOW_I+HIGH_B,M_N,LOW_I,HIGH_B,,3.8
10.3030_101125953_full,mistral,prompt_A,pi_main,PI+M_N+LOW_I+LOW_B,M_N,LOW_I,LOW_B,,3.5
10.3030_101125953_full,mistral,prompt_A,pi_main,PI+M_N+TOP_I+HIGH_B,M_N,TOP_I,HIGH_B,,3.9
10.3030_101125953_full,mistral,prompt_A,pi_main,PI+M_N+TOP_I+LOW_B,M_N,TOP_I,LOW_B,,3.8
10.3030_101125953_full,mistral,prompt_B,ai_main,AI+AI_N,,,,AI_N,4.0
10.3030_101125953_full,mistral,prompt_B,ai_main,AI+AI_Y,,,,AI_Y,4.0
10.3030_101125953_full,mistral,prompt_B,blind_baseline,NONE,,,,,3.6
10.3030_101125953_full,mistral,prompt_B,pi_main,PI+F_N+LOW_I+HIGH_B,F_N,LOW_I,HIGH_B,,4.0
10.3030_101125953_full,mistral,prompt_B,pi_main,PI+F_N+LOW_I+LOW_B,F_N,LOW_I,LOW_B,,4.0
10.3030_101125953_full,mistral,prompt_B,pi_main,PI+F_N+TOP_I+HIGH_B,F_N,TOP_I,HIGH_B,,3.9
10.3030_101125953_full,mistral,prompt_B,pi_main,PI+F_N+TOP_I+LOW_B,F_N,TOP_I,LOW_B,,3.9
10.3030_101125953_full,mistral,prompt_B,pi_main,PI+M_N+LOW_I+HIGH_B,M_N,LOW_I,HIGH_B,,3.9
10.3030_101125953_full,mistral,prompt_B,pi_main,PI+M_N+LOW_I+LOW_B,M_N,LOW_I,LOW_B,,3.8
10.3030_101125953_full,mistral,prompt_B,pi_main,PI+M_N+TOP_I+HIGH_B,M_N,TOP_I,HIGH_B,,4.0
10.3030_101125953_full,mistral,prompt_B,pi_main,PI+M_N+TOP_I+LOW_B,M_N,TOP_I,LOW_B,,3.7
10.3030_101125953_full,mistral,prompt_C,ai_main,AI+AI_N,,,,AI_N,4.0
10.3030_101125953_full,mistral,prompt_C,ai_main,AI+AI_Y,,,,AI_Y,3.8
10.3030_101125953_full,mistral,prompt_C,blind_baseline,NONE,,,,,3.7
10.3030_101125953_full,mistral,prompt_C,pi_main,PI+F_N+LOW_I+HIGH_B,F_N,LOW_I,HIGH_B,,3.8
10.3030_101125953_full,mistral,prompt_C,pi_main,PI+F_N+LOW_I+LOW_B,F_N,LOW_I,LOW_B,,3.7
10.3030_101125953_full,mistral,prompt_C,pi_main,PI+F_N+TOP_I+HIGH_B,F_N,TOP_I,HIGH_B,,4.0
10.3030_101125953_full,mistral,prompt_C,pi_main,PI+F_N+TOP_I+LOW_B,F_N,TOP_I,LOW_B,,3.9
10.3030_101125953_full,mistral,prompt_C,pi_main,PI+M_N+LOW_I+HIGH_B,M_N,LOW_I,HIGH_B,,3.9
10.3030_101125953_full,mistral,prompt_C,pi_main,PI+M_N+LOW_I+LOW_B,M_N,LOW_I,LOW_B,,3.7
10.3030_101125953_full,mistral,prompt_C,pi_main,PI+M_N+TOP_I+HIGH_B,M_N,TOP_I,HIGH_B,,3.6
10.3030_101125953_full,mistral,prompt_C,pi_main,PI+M_N+TOP_I+LOW_B,M_N,TOP_I,LOW_B,,3.8
10.3030_101125953_full,phi,prompt_A,ai_main,AI+AI_N,,,,AI_N,3.1
10.3030_101125953_full,phi,prompt_A,ai_main,AI+AI_Y,,,,AI_Y,3.5
10.3030_101125953_full,phi,prompt_A,blind_baseline,NONE,,,,,3.5
10.3030_101125953_full,phi,prompt_A,pi_main,PI+F_N+LOW_I+HIGH_B,F_N,LOW_I,HIGH_B,,3.5
10.3030_101125953_full,phi,prompt_A,pi_main,PI+F_N+LOW_I+LOW_B,F_N,LOW_I,LOW_B,,3.5
10.3030_101125953_full,phi,prompt_A,pi_main,PI+F_N+TOP_I+HIGH_B,F_N,TOP_I,HIGH_B,,3.5
10.3030_101125953_full,phi,prompt_A,pi_main,PI+F_N+TOP_I+LOW_B,F_N,TOP_I,LOW_B,,3.5
10.3030_101125953_full,phi,prompt_A,pi_main,PI+M_N+LOW_I+HIGH_B,M_N,LOW_I,HIGH_B,,3.5
10.3030_101125953_full,phi,prompt_A,pi_main,PI+M_N+LOW_I+LOW_B,M_N,LOW_I,LOW_B,,3.5
10.3030_101125953_full,phi,prompt_A,pi_main,PI+M_N+TOP_I+HIGH_B,M_N,TOP_I,HIGH_B,,3.5
10.3030_101125953_full,phi,prompt_A,pi_main,PI+M_N+TOP_I+LOW_B,M_N,TOP_I,LOW_B,,3.5
10.3030_101125953_full,phi,prompt_B,ai_main,AI+AI_N,,,,AI_N,3.5
10.3030_101125953_full,phi,prompt_B,ai_main,AI+AI_Y,,,,AI_Y,3.5
10.3030_101125953_full,phi,prompt_B,blind_baseline,NONE,,,,,3.5
10.3030_101125953_full,phi,prompt_B,pi_main,PI+F_N+LOW_I+HIGH_B,F_N,LOW_I,HIGH_B,,3.5
10.3030_101125953_full,phi,prompt_B,pi_main,PI+F_N+LOW_I+LOW_B,F_N,LOW_I,LOW_B,,3.5
10.3030_101125953_full,phi,prompt_B,pi_main,PI+F_N+TOP_I+HIGH_B,F_N,TOP_I,HIGH_B,,3.5
10.3030_101125953_full,phi,prompt_B,pi_main,PI+F_N+TOP_I+LOW_B,F_N,TOP_I,LOW_B,,3.5
10.3030_101125953_full,phi,prompt_B,pi_main,PI+M_N+LOW_I+HIGH_B,M_N,LOW_I,HIGH_B,,3.5
10.3030_101125953_full,phi,prompt_B,pi_main,PI+M_N+LOW_I+LOW_B,M_N,LOW_I,LOW_B,,3.4
10.3030_101125953_full,phi,prompt_B,pi_main,PI+M_N+TOP_I+HIGH_B,M_N,TOP_I,HIGH_B,,3.5
10.3030_101125953_full,phi,prompt_B,pi_main,PI+M_N+TOP_I+LOW_B,M_N,TOP_I,LOW_B,,3.5
10.3030_101125953_full,phi,prompt_C,ai_main,AI+AI_N,,,,AI_N,3.5
10.3030_101125953_full,phi,prompt_C,ai_main,AI+AI_Y,,,,AI_Y,3.5
10.3030_101125953_full,phi,prompt_C,blind_baseline,NONE,,,,,3.5
10.3030_101125953_full,phi,prompt_C,pi_main,PI+F_N+LOW_I+HIGH_B,F_N,LOW_I,HIGH_B,,3.5
10.3030_101125953_full,phi,prompt_C,pi_main,PI+F_N+LOW_I+LOW_B,F_N,LOW_I,LOW_B,,3.5
10.3030_101125953_full,phi,prompt_C,pi_main,PI+F_N+TOP_I+HIGH_B,F_N,TOP_I,HIGH_B,,3.5
10.3030_101125953_full,phi,prompt_C,pi_main,PI+F_N+TOP_I+LOW_B,F_N,TOP_I,LOW_B,,3.5
10.3030_101125953_full,phi,prompt_C,pi_main,PI+M_N+LOW_I+HIGH_B,M_N,LOW_I,HIGH_B,,3.5
10.3030_101125953_full,phi,prompt_C,pi_main,PI+M_N+LOW_I+LOW_B,M_N,LOW_I,LOW_B,,3.5
10.3030_101125953_full,phi,prompt_C,pi_main,PI+M_N+TOP_I+HIGH_B,M_N,TOP_I,HIGH_B,,3.5
10.3030_101125953_full,phi,prompt_C,pi_main,PI+M_N+TOP_I+LOW_B,M_N,TOP_I,LOW_B,,3.5
10.3030_101126218_full,deepseek,prompt_A,ai_main,AI+AI_N,,,,AI_N,3.5
10.3030_101126218_full,deepseek,prompt_A,ai_main,AI+AI_Y,,,,AI_Y,3.4
10.3030_101126218_full,deepseek,prompt_A,blind_baseline,NONE,,,,,3.3
10.3030_101126218_full,deepseek,prompt_A,pi_main,PI+F_N+LOW_I+HIGH_B,F_N,LOW_I,HIGH_B,,3.4
10.3030_101126218_full,deepseek,prompt_A,pi_main,PI+F_N+LOW_I+LOW_B,F_N,LOW_I,LOW_B,,3.1
10.3030_101126218_full,deepseek,prompt_A,pi_main,PI+F_N+TOP_I+HIGH_B,F_N,TOP_I,HIGH_B,,3.6
10.3030_101126218_full,deepseek,prompt_A,pi_main,PI+F_N+TOP_I+LOW_B,F_N,TOP_I,LOW_B,,3.1
10.3030_101126218_full,deepseek,prompt_A,pi_main,PI+M_N+LOW_I+HIGH_B,M_N,LOW_I,HIGH_B,,3.6
10.3030_101126218_full,deepseek,prompt_A,pi_main,PI+M_N+LOW_I+LOW_B,M_N,LOW_I,LOW_B,,3.1
10.3030_101126218_full,deepseek,prompt_A,pi_main,PI+M_N+TOP_I+HIGH_B,M_N,TOP_I,HIGH_B,,3.4
10.3030_101126218_full,deepseek,prompt_A,pi_main,PI+M_N+TOP_I+LOW_B,M_N,TOP_I,LOW_B,,3.2
10.3030_101126218_full,deepseek,prompt_B,ai_main,AI+AI_N,,,,AI_N,3.4
10.3030_101126218_full,deepseek,prompt_B,ai_main,AI+AI_Y,,,,AI_Y,3.5
10.3030_101126218_full,deepseek,prompt_B,blind_baseline,NONE,,,,,3.1
10.3030_101126218_full,deepseek,prompt_B,pi_main,PI+F_N+LOW_I+HIGH_B,F_N,LOW_I,HIGH_B,,3.3
10.3030_101126218_full,deepseek,prompt_B,pi_main,PI+F_N+LOW_I+LOW_B,F_N,LOW_I,LOW_B,,3.1
10.3030_101126218_full,deepseek,prompt_B,pi_main,PI+F_N+TOP_I+HIGH_B,F_N,TOP_I,HIGH_B,,3.2
10.3030_101126218_full,deepseek,prompt_B,pi_main,PI+F_N+TOP_I+LOW_B,F_N,TOP_I,LOW_B,,3.1
10.3030_101126218_full,deepseek,prompt_B,pi_main,PI+M_N+LOW_I+HIGH_B,M_N,LOW_I,HIGH_B,,3.2
10.3030_101126218_full,deepseek,prompt_B,pi_main,PI+M_N+LOW_I+LOW_B,M_N,LOW_I,LOW_B,,3.1
10.3030_101126218_full,deepseek,prompt_B,pi_main,PI+M_N+TOP_I+HIGH_B,M_N,TOP_I,HIGH_B,,3.3
10.3030_101126218_full,deepseek,prompt_B,pi_main,PI+M_N+TOP_I+LOW_B,M_N,TOP_I,LOW_B,,3.0
10.3030_101126218_full,deepseek,prompt_C,ai_main,AI+AI_N,,,,AI_N,3.3
10.3030_101126218_full,deepseek,prompt_C,ai_main,AI+AI_Y,,,,AI_Y,3.1
10.3030_101126218_full,deepseek,prompt_C,blind_baseline,NONE,,,,,3.2
10.3030_101126218_full,deepseek,prompt_C,pi_main,PI+F_N+LOW_I+HIGH_B,F_N,LOW_I,HIGH_B,,3.3
10.3030_101126218_full,deepseek,prompt_C,pi_main,PI+F_N+LOW_I+LOW_B,F_N,LOW_I,LOW_B,,3.2
10.3030_101126218_full,deepseek,prompt_C,pi_main,PI+F_N+TOP_I+HIGH_B,F_N,TOP_I,HIGH_B,,3.4
10.3030_101126218_full,deepseek,prompt_C,pi_main,PI+F_N+TOP_I+LOW_B,F_N,TOP_I,LOW_B,,3.1
10.3030_101126218_full,deepseek,prompt_C,pi_main,PI+M_N+LOW_I+HIGH_B,M_N,LOW_I,HIGH_B,,3.4
10.3030_101126218_full,deepseek,prompt_C,pi_main,PI+M_N+LOW_I+LOW_B,M_N,LOW_I,LOW_B,,3.1
10.3030_101126218_full,deepseek,prompt_C,pi_main,PI+M_N+TOP_I+HIGH_B,M_N,TOP_I,HIGH_B,,3.4
10.3030_101126218_full,deepseek,prompt_C,pi_main,PI+M_N+TOP_I+LOW_B,M_N,TOP_I,LOW_B,,3.0
10.3030_101126218_full,gemma,prompt_A,ai_main,AI+AI_N,,,,AI_N,3.5
10.3030_101126218_full,gemma,prompt_A,ai_main,AI+AI_Y,,,,AI_Y,3.0
10.3030_101126218_full,gemma,prompt_A,blind_baseline,NONE,,,,,3.5
10.3030_101126218_full,gemma,prompt_A,pi_main,PI+F_N+LOW_I+HIGH_B,F_N,LOW_I,HIGH_B,,3.0
10.3030_101126218_full,gemma,prompt_A,pi_main,PI+F_N+LOW_I+LOW_B,F_N,LOW_I,LOW_B,,3.0
10.3030_101126218_full,gemma,prompt_A,pi_main,PI+F_N+TOP_I+HIGH_B,F_N,TOP_I,HIGH_B,,3.0
10.3030_101126218_full,gemma,prompt_A,pi_main,PI+F_N+TOP_I+LOW_B,F_N,TOP_I,LOW_B,,3.0
10.3030_101126218_full,gemma,prompt_A,pi_main,PI+M_N+LOW_I+HIGH_B,M_N,LOW_I,HIGH_B,,3.0
10.3030_101126218_full,gemma,prompt_A,pi_main,PI+M_N+LOW_I+LOW_B,M_N,LOW_I,LOW_B,,3.0
10.3030_101126218_full,gemma,prompt_A,pi_main,PI+M_N+TOP_I+HIGH_B,M_N,TOP_I,HIGH_B,,3.0
10.3030_101126218_full,gemma,prompt_A,pi_main,PI+M_N+TOP_I+LOW_B,M_N,TOP_I,LOW_B,,3.0
10.3030_101126218_full,gemma,prompt_B,ai_main,AI+AI_N,,,,AI_N,3.5
10.3030_101126218_full,gemma,prompt_B,ai_main,AI+AI_Y,,,,AI_Y,3.5
10.3030_101126218_full,gemma,prompt_B,blind_baseline,NONE,,,,,3.5
10.3030_101126218_full,gemma,prompt_B,pi_main,PI+F_N+LOW_I+HIGH_B,F_N,LOW_I,HIGH_B,,3.5
10.3030_101126218_full,gemma,prompt_B,pi_main,PI+F_N+LOW_I+LOW_B,F_N,LOW_I,LOW_B,,3.5
10.3030_101126218_full,gemma,prompt_B,pi_main,PI+F_N+TOP_I+HIGH_B,F_N,TOP_I,HIGH_B,,3.5
10.3030_101126218_full,gemma,prompt_B,pi_main,PI+F_N+TOP_I+LOW_B,F_N,TOP_I,LOW_B,,3.5
10.3030_101126218_full,gemma,prompt_B,pi_main,PI+M_N+LOW_I+HIGH_B,M_N,LOW_I,HIGH_B,,3.5
10.3030_101126218_full,gemma,prompt_B,pi_main,PI+M_N+LOW_I+LOW_B,M_N,LOW_I,LOW_B,,3.4
10.3030_101126218_full,gemma,prompt_B,pi_main,PI+M_N+TOP_I+HIGH_B,M_N,TOP_I,HIGH_B,,3.5
10.3030_101126218_full,gemma,prompt_B,pi_main,PI+M_N+TOP_I+LOW_B,M_N,TOP_I,LOW_B,,3.5
10.3030_101126218_full,gemma,prompt_C,ai_main,AI+AI_N,,,,AI_N,3.5
10.3030_101126218_full,gemma,prompt_C,ai_main,AI+AI_Y,,,,AI_Y,3.0
10.3030_101126218_full,gemma,prompt_C,blind_baseline,NONE,,,,,3.5
10.3030_101126218_full,gemma,prompt_C,pi_main,PI+F_N+LOW_I+HIGH_B,F_N,LOW_I,HIGH_B,,3.5
10.3030_101126218_full,gemma,prompt_C,pi_main,PI+F_N+LOW_I+LOW_B,F_N,LOW_I,LOW_B,,3.0
10.3030_101126218_full,gemma,prompt_C,pi_main,PI+F_N+TOP_I+HIGH_B,F_N,TOP_I,HIGH_B,,3.5
10.3030_101126218_full,gemma,prompt_C,pi_main,PI+F_N+TOP_I+LOW_B,F_N,TOP_I,LOW_B,,3.0
10.3030_101126218_full,gemma,prompt_C,pi_main,PI+M_N+LOW_I+HIGH_B,M_N,LOW_I,HIGH_B,,3.5
10.3030_101126218_full,gemma,prompt_C,pi_main,PI+M_N+LOW_I+LOW_B,M_N,LOW_I,LOW_B,,3.0
10.3030_101126218_full,gemma,prompt_C,pi_main,PI+M_N+TOP_I+HIGH_B,M_N,TOP_I,HIGH_B,,3.5
10.3030_101126218_full,gemma,prompt_C,pi_main,PI+M_N+TOP_I+LOW_B,M_N,TOP_I,LOW_B,,3.0
10.3030_101126218_full,glm,prompt_A,ai_main,AI+AI_N,,,,AI_N,3.5
10.3030_101126218_full,glm,prompt_A,ai_main,AI+AI_Y,,,,AI_Y,3.5
10.3030_101126218_full,glm,prompt_A,blind_baseline,NONE,,,,,3.5
10.3030_101126218_full,glm,prompt_A,pi_main,PI+F_N+LOW_I+HIGH_B,F_N,LOW_I,HIGH_B,,3.2
10.3030_101126218_full,glm,prompt_A,pi_main,PI+F_N+LOW_I+LOW_B,F_N,LOW_I,LOW_B,,2.7
10.3030_101126218_full,glm,prompt_A,pi_main,PI+F_N+TOP_I+HIGH_B,F_N,TOP_I,HIGH_B,,3.4
10.3030_101126218_full,glm,prompt_A,pi_main,PI+F_N+TOP_I+LOW_B,F_N,TOP_I,LOW_B,,3.1
10.3030_101126218_full,glm,prompt_A,pi_main,PI+M_N+LOW_I+HIGH_B,M_N,LOW_I,HIGH_B,,3.1
10.3030_101126218_full,glm,prompt_A,pi_main,PI+M_N+LOW_I+LOW_B,M_N,LOW_I,LOW_B,,2.5
10.3030_101126218_full,glm,prompt_A,pi_main,PI+M_N+TOP_I+HIGH_B,M_N,TOP_I,HIGH_B,,3.3
10.3030_101126218_full,glm,prompt_A,pi_main,PI+M_N+TOP_I+LOW_B,M_N,TOP_I,LOW_B,,3.0
10.3030_101126218_full,glm,prompt_B,ai_main,AI+AI_N,,,,AI_N,3.5
10.3030_101126218_full,glm,prompt_B,ai_main,AI+AI_Y,,,,AI_Y,3.1
10.3030_101126218_full,glm,prompt_B,blind_baseline,NONE,,,,,3.4
10.3030_101126218_full,glm,prompt_B,pi_main,PI+F_N+LOW_I+HIGH_B,F_N,LOW_I,HIGH_B,,3.2
10.3030_101126218_full,glm,prompt_B,pi_main,PI+F_N+LOW_I+LOW_B,F_N,LOW_I,LOW_B,,3.0
10.3030_101126218_full,glm,prompt_B,pi_main,PI+F_N+TOP_I+HIGH_B,F_N,TOP_I,HIGH_B,,3.2
10.3030_101126218_full,glm,prompt_B,pi_main,PI+F_N+TOP_I+LOW_B,F_N,TOP_I,LOW_B,,3.0
10.3030_101126218_full,glm,prompt_B,pi_main,PI+M_N+LOW_I+HIGH_B,M_N,LOW_I,HIGH_B,,3.1
10.3030_101126218_full,glm,prompt_B,pi_main,PI+M_N+LOW_I+LOW_B,M_N,LOW_I,LOW_B,,3.0
10.3030_101126218_full,glm,prompt_B,pi_main,PI+M_N+TOP_I+HIGH_B,M_N,TOP_I,HIGH_B,,3.1
10.3030_101126218_full,glm,prompt_B,pi_main,PI+M_N+TOP_I+LOW_B,M_N,TOP_I,LOW_B,,3.0
10.3030_101126218_full,glm,prompt_C,ai_main,AI+AI_N,,,,AI_N,3.5
10.3030_101126218_full,glm,prompt_C,ai_main,AI+AI_Y,,,,AI_Y,3.4
10.3030_101126218_full,glm,prompt_C,blind_baseline,NONE,,,,,3.5
10.3030_101126218_full,glm,prompt_C,pi_main,PI+F_N+LOW_I+HIGH_B,F_N,LOW_I,HIGH_B,,3.3
10.3030_101126218_full,glm,prompt_C,pi_main,PI+F_N+LOW_I+LOW_B,F_N,LOW_I,LOW_B,,3.0
10.3030_101126218_full,glm,prompt_C,pi_main,PI+F_N+TOP_I+HIGH_B,F_N,TOP_I,HIGH_B,,3.5
10.3030_101126218_full,glm,prompt_C,pi_main,PI+F_N+TOP_I+LOW_B,F_N,TOP_I,LOW_B,,3.0
10.3030_101126218_full,glm,prompt_C,pi_main,PI+M_N+LOW_I+HIGH_B,M_N,LOW_I,HIGH_B,,3.3
10.3030_101126218_full,glm,prompt_C,pi_main,PI+M_N+LOW_I+LOW_B,M_N,LOW_I,LOW_B,,2.9
10.3030_101126218_full,glm,prompt_C,pi_main,PI+M_N+TOP_I+HIGH_B,M_N,TOP_I,HIGH_B,,3.5
10.3030_101126218_full,glm,prompt_C,pi_main,PI+M_N+TOP_I+LOW_B,M_N,TOP_I,LOW_B,,3.0
10.3030_101126218_full,gpt,prompt_A,ai_main,AI+AI_N,,,,AI_N,3.5
10.3030_101126218_full,gpt,prompt_A,ai_main,AI+AI_Y,,,,AI_Y,3.5
10.3030_101126218_full,gpt,prompt_A,blind_baseline,NONE,,,,,3.5
10.3030_101126218_full,gpt,prompt_A,pi_main,PI+F_N+LOW_I+HIGH_B,F_N,LOW_I,HIGH_B,,3.5
10.3030_101126218_full,gpt,prompt_A,pi_main,PI+F_N+LOW_I+LOW_B,F_N,LOW_I,LOW_B,,3.5
10.3030_101126218_full,gpt,prompt_A,pi_main,PI+F_N+TOP_I+HIGH_B,F_N,TOP_I,HIGH_B,,4.0
10.3030_101126218_full,gpt,prompt_A,pi_main,PI+F_N+TOP_I+LOW_B,F_N,TOP_I,LOW_B,,3.5
10.3030_101126218_full,gpt,prompt_A,pi_main,PI+M_N+LOW_I+HIGH_B,M_N,LOW_I,HIGH_B,,3.5
10.3030_101126218_full,gpt,prompt_A,pi_main,PI+M_N+LOW_I+LOW_B,M_N,LOW_I,LOW_B,,3.5
10.3030_101126218_full,gpt,prompt_A,pi_main,PI+M_N+TOP_I+HIGH_B,M_N,TOP_I,HIGH_B,,3.5
10.3030_101126218_full,gpt,prompt_A,pi_main,PI+M_N+TOP_I+LOW_B,M_N,TOP_I,LOW_B,,3.5
10.3030_101126218_full,gpt,prompt_B,ai_main,AI+AI_N,,,,AI_N,4.0
10.3030_101126218_full,gpt,prompt_B,ai_main,AI+AI_Y,,,,AI_Y,3.7
10.3030_101126218_full,gpt,prompt_B,blind_baseline,NONE,,,,,3.7
10.3030_101126218_full,gpt,prompt_B,pi_main,PI+F_N+LOW_I+HIGH_B,F_N,LOW_I,HIGH_B,,3.8
10.3030_101126218_full,gpt,prompt_B,pi_main,PI+F_N+LOW_I+LOW_B,F_N,LOW_I,LOW_B,,3.5
10.3030_101126218_full,gpt,prompt_B,pi_main,PI+F_N+TOP_I+HIGH_B,F_N,TOP_I,HIGH_B,,3.5
10.3030_101126218_full,gpt,prompt_B,pi_main,PI+F_N+TOP_I+LOW_B,F_N,TOP_I,LOW_B,,3.8
10.3030_101126218_full,gpt,prompt_B,pi_main,PI+M_N+LOW_I+HIGH_B,M_N,LOW_I,HIGH_B,,3.6
10.3030_101126218_full,gpt,prompt_B,pi_main,PI+M_N+LOW_I+LOW_B,M_N,LOW_I,LOW_B,,3.5
10.3030_101126218_full,gpt,prompt_B,pi_main,PI+M_N+TOP_I+HIGH_B,M_N,TOP_I,HIGH_B,,3.5
10.3030_101126218_full,gpt,prompt_B,pi_main,PI+M_N+TOP_I+LOW_B,M_N,TOP_I,LOW_B,,3.5
10.3030_101126218_full,gpt,prompt_C,ai_main,AI+AI_N,,,,AI_N,3.7
10.3030_101126218_full,gpt,prompt_C,ai_main,AI+AI_Y,,,,AI_Y,3.5
10.3030_101126218_full,gpt,prompt_C,blind_baseline,NONE,,,,,3.7
10.3030_101126218_full,gpt,prompt_C,pi_main,PI+F_N+LOW_I+HIGH_B,F_N,LOW_I,HIGH_B,,3.8
10.3030_101126218_full,gpt,prompt_C,pi_main,PI+F_N+LOW_I+LOW_B,F_N,LOW_I,LOW_B,,3.5
10.3030_101126218_full,gpt,prompt_C,pi_main,PI+F_N+TOP_I+HIGH_B,F_N,TOP_I,HIGH_B,,3.5
10.3030_101126218_full,gpt,prompt_C,pi_main,PI+F_N+TOP_I+LOW_B,F_N,TOP_I,LOW_B,,3.5
10.3030_101126218_full,gpt,prompt_C,pi_main,PI+M_N+LOW_I+HIGH_B,M_N,LOW_I,HIGH_B,,3.5
10.3030_101126218_full,gpt,prompt_C,pi_main,PI+M_N+LOW_I+LOW_B,M_N,LOW_I,LOW_B,,3.8
10.3030_101126218_full,gpt,prompt_C,pi_main,PI+M_N+TOP_I+HIGH_B,M_N,TOP_I,HIGH_B,,3.7
10.3030_101126218_full,gpt,prompt_C,pi_main,PI+M_N+TOP_I+LOW_B,M_N,TOP_I,LOW_B,,3.5
10.3030_101126218_full,kimi,prompt_A,ai_main,AI+AI_N,,,,AI_N,3.8
10.3030_101126218_full,kimi,prompt_A,ai_main,AI+AI_Y,,,,AI_Y,3.6
10.3030_101126218_full,kimi,prompt_A,blind_baseline,NONE,,,,,3.8
10.3030_101126218_full,kimi,prompt_A,pi_main,PI+F_N+LOW_I+HIGH_B,F_N,LOW_I,HIGH_B,,3.3
10.3030_101126218_full,kimi,prompt_A,pi_main,PI+F_N+LOW_I+LOW_B,F_N,LOW_I,LOW_B,,3.1
10.3030_101126218_full,kimi,prompt_A,pi_main,PI+F_N+TOP_I+HIGH_B,F_N,TOP_I,HIGH_B,,3.3
10.3030_101126218_full,kimi,prompt_A,pi_main,PI+F_N+TOP_I+LOW_B,F_N,TOP_I,LOW_B,,3.0
10.3030_101126218_full,kimi,prompt_A,pi_main,PI+M_N+LOW_I+HIGH_B,M_N,LOW_I,HIGH_B,,3.5
10.3030_101126218_full,kimi,prompt_A,pi_main,PI+M_N+LOW_I+LOW_B,M_N,LOW_I,LOW_B,,3.2
10.3030_101126218_full,kimi,prompt_A,pi_main,PI+M_N+TOP_I+HIGH_B,M_N,TOP_I,HIGH_B,,3.5
10.3030_101126218_full,kimi,prompt_A,pi_main,PI+M_N+TOP_I+LOW_B,M_N,TOP_I,LOW_B,,3.1
10.3030_101126218_full,kimi,prompt_B,ai_main,AI+AI_N,,,,AI_N,3.8
10.3030_101126218_full,kimi,prompt_B,ai_main,AI+AI_Y,,,,AI_Y,3.8
10.3030_101126218_full,kimi,prompt_B,blind_baseline,NONE,,,,,3.6
10.3030_101126218_full,kimi,prompt_B,pi_main,PI+F_N+LOW_I+HIGH_B,F_N,LOW_I,HIGH_B,,3.7
10.3030_101126218_full,kimi,prompt_B,pi_main,PI+F_N+LOW_I+LOW_B,F_N,LOW_I,LOW_B,,3.3
10.3030_101126218_full,kimi,prompt_B,pi_main,PI+F_N+TOP_I+HIGH_B,F_N,TOP_I,HIGH_B,,3.5
10.3030_101126218_full,kimi,prompt_B,pi_main,PI+F_N+TOP_I+LOW_B,F_N,TOP_I,LOW_B,,3.2
10.3030_101126218_full,kimi,prompt_B,pi_main,PI+M_N+LOW_I+HIGH_B,M_N,LOW_I,HIGH_B,,3.7
10.3030_101126218_full,kimi,prompt_B,pi_main,PI+M_N+LOW_I+LOW_B,M_N,LOW_I,LOW_B,,3.5
10.3030_101126218_full,kimi,prompt_B,pi_main,PI+M_N+TOP_I+HIGH_B,M_N,TOP_I,HIGH_B,,3.7
10.3030_101126218_full,kimi,prompt_B,pi_main,PI+M_N+TOP_I+LOW_B,M_N,TOP_I,LOW_B,,3.2
10.3030_101126218_full,kimi,prompt_C,ai_main,AI+AI_N,,,,AI_N,3.6
10.3030_101126218_full,kimi,prompt_C,ai_main,AI+AI_Y,,,,AI_Y,3.5
10.3030_101126218_full,kimi,prompt_C,blind_baseline,NONE,,,,,3.8
10.3030_101126218_full,kimi,prompt_C,pi_main,PI+F_N+LOW_I+HIGH_B,F_N,LOW_I,HIGH_B,,3.7
10.3030_101126218_full,kimi,prompt_C,pi_main,PI+F_N+LOW_I+LOW_B,F_N,LOW_I,LOW_B,,3.3
10.3030_101126218_full,kimi,prompt_C,pi_main,PI+F_N+TOP_I+HIGH_B,F_N,TOP_I,HIGH_B,,3.7
10.3030_101126218_full,kimi,prompt_C,pi_main,PI+F_N+TOP_I+LOW_B,F_N,TOP_I,LOW_B,,3.2
10.3030_101126218_full,kimi,prompt_C,pi_main,PI+M_N+LOW_I+HIGH_B,M_N,LOW_I,HIGH_B,,3.5
10.3030_101126218_full,kimi,prompt_C,pi_main,PI+M_N+LOW_I+LOW_B,M_N,LOW_I,LOW_B,,3.3
10.3030_101126218_full,kimi,prompt_C,pi_main,PI+M_N+TOP_I+HIGH_B,M_N,TOP_I,HIGH_B,,3.6
10.3030_101126218_full,kimi,prompt_C,pi_main,PI+M_N+TOP_I+LOW_B,M_N,TOP_I,LOW_B,,3.2
10.3030_101126218_full,ministral,prompt_A,ai_main,AI+AI_N,,,,AI_N,3.5
10.3030_101126218_full,ministral,prompt_A,ai_main,AI+AI_Y,,,,AI_Y,3.5
10.3030_101126218_full,ministral,prompt_A,blind_baseline,NONE,,,,,3.5
10.3030_101126218_full,ministral,prompt_A,pi_main,PI+F_N+LOW_I+HIGH_B,F_N,LOW_I,HIGH_B,,3.5
10.3030_101126218_full,ministral,prompt_A,pi_main,PI+F_N+LOW_I+LOW_B,F_N,LOW_I,LOW_B,,3.5
10.3030_101126218_full,ministral,prompt_A,pi_main,PI+F_N+TOP_I+HIGH_B,F_N,TOP_I,HIGH_B,,3.5
10.3030_101126218_full,ministral,prompt_A,pi_main,PI+F_N+TOP_I+LOW_B,F_N,TOP_I,LOW_B,,3.5
10.3030_101126218_full,ministral,prompt_A,pi_main,PI+M_N+LOW_I+HIGH_B,M_N,LOW_I,HIGH_B,,3.5
10.3030_101126218_full,ministral,prompt_A,pi_main,PI+M_N+LOW_I+LOW_B,M_N,LOW_I,LOW_B,,3.5
10.3030_101126218_full,ministral,prompt_A,pi_main,PI+M_N+TOP_I+HIGH_B,M_N,TOP_I,HIGH_B,,3.5
10.3030_101126218_full,ministral,prompt_A,pi_main,PI+M_N+TOP_I+LOW_B,M_N,TOP_I,LOW_B,,3.5
10.3030_101126218_full,ministral,prompt_B,ai_main,AI+AI_N,,,,AI_N,3.5
10.3030_101126218_full,ministral,prompt_B,ai_main,AI+AI_Y,,,,AI_Y,3.5
10.3030_101126218_full,ministral,prompt_B,blind_baseline,NONE,,,,,3.5
10.3030_101126218_full,ministral,prompt_B,pi_main,PI+F_N+LOW_I+HIGH_B,F_N,LOW_I,HIGH_B,,3.5
10.3030_101126218_full,ministral,prompt_B,pi_main,PI+F_N+LOW_I+LOW_B,F_N,LOW_I,LOW_B,,3.5
10.3030_101126218_full,ministral,prompt_B,pi_main,PI+F_N+TOP_I+HIGH_B,F_N,TOP_I,HIGH_B,,3.5
10.3030_101126218_full,ministral,prompt_B,pi_main,PI+F_N+TOP_I+LOW_B,F_N,TOP_I,LOW_B,,3.5
10.3030_101126218_full,ministral,prompt_B,pi_main,PI+M_N+LOW_I+HIGH_B,M_N,LOW_I,HIGH_B,,3.5
10.3030_101126218_full,ministral,prompt_B,pi_main,PI+M_N+LOW_I+LOW_B,M_N,LOW_I,LOW_B,,3.5
10.3030_101126218_full,ministral,prompt_B,pi_main,PI+M_N+TOP_I+HIGH_B,M_N,TOP_I,HIGH_B,,3.5
10.3030_101126218_full,ministral,prompt_B,pi_main,PI+M_N+TOP_I+LOW_B,M_N,TOP_I,LOW_B,,3.5
10.3030_101126218_full,ministral,prompt_C,ai_main,AI+AI_N,,,,AI_N,3.5
10.3030_101126218_full,ministral,prompt_C,ai_main,AI+AI_Y,,,,AI_Y,3.5
10.3030_101126218_full,ministral,prompt_C,blind_baseline,NONE,,,,,3.5
10.3030_101126218_full,ministral,prompt_C,pi_main,PI+F_N+LOW_I+HIGH_B,F_N,LOW_I,HIGH_B,,3.5
10.3030_101126218_full,ministral,prompt_C,pi_main,PI+F_N+LOW_I+LOW_B,F_N,LOW_I,LOW_B,,3.5
10.3030_101126218_full,ministral,prompt_C,pi_main,PI+F_N+TOP_I+HIGH_B,F_N,TOP_I,HIGH_B,,3.5
10.3030_101126218_full,ministral,prompt_C,pi_main,PI+F_N+TOP_I+LOW_B,F_N,TOP_I,LOW_B,,3.5
10.3030_101126218_full,ministral,prompt_C,pi_main,PI+M_N+LOW_I+HIGH_B,M_N,LOW_I,HIGH_B,,3.5
10.3030_101126218_full,ministral,prompt_C,pi_main,PI+M_N+LOW_I+LOW_B,M_N,LOW_I,LOW_B,,3.5
10.3030_101126218_full,ministral,prompt_C,pi_main,PI+M_N+TOP_I+HIGH_B,M_N,TOP_I,HIGH_B,,3.5
10.3030_101126218_full,ministral,prompt_C,pi_main,PI+M_N+TOP_I+LOW_B,M_N,TOP_I,LOW_B,,3.5
10.3030_101126218_full,mistral,prompt_A,ai_main,AI+AI_N,,,,AI_N,4.0
10.3030_101126218_full,mistral,prompt_A,ai_main,AI+AI_Y,,,,AI_Y,3.9
10.3030_101126218_full,mistral,prompt_A,blind_baseline,NONE,,,,,4.0
10.3030_101126218_full,mistral,prompt_A,pi_main,PI+F_N+LOW_I+HIGH_B,F_N,LOW_I,HIGH_B,,4.0
10.3030_101126218_full,mistral,prompt_A,pi_main,PI+F_N+LOW_I+LOW_B,F_N,LOW_I,LOW_B,,3.8
10.3030_101126218_full,mistral,prompt_A,pi_main,PI+F_N+TOP_I+HIGH_B,F_N,TOP_I,HIGH_B,,4.0
10.3030_101126218_full,mistral,prompt_A,pi_main,PI+F_N+TOP_I+LOW_B,F_N,TOP_I,LOW_B,,4.0
10.3030_101126218_full,mistral,prompt_A,pi_main,PI+M_N+LOW_I+HIGH_B,M_N,LOW_I,HIGH_B,,3.8
10.3030_101126218_full,mistral,prompt_A,pi_main,PI+M_N+LOW_I+LOW_B,M_N,LOW_I,LOW_B,,3.9
10.3030_101126218_full,mistral,prompt_A,pi_main,PI+M_N+TOP_I+HIGH_B,M_N,TOP_I,HIGH_B,,3.9
10.3030_101126218_full,mistral,prompt_A,pi_main,PI+M_N+TOP_I+LOW_B,M_N,TOP_I,LOW_B,,3.6
10.3030_101126218_full,mistral,prompt_B,ai_main,AI+AI_N,,,,AI_N,4.0
10.3030_101126218_full,mistral,prompt_B,ai_main,AI+AI_Y,,,,AI_Y,3.9
10.3030_101126218_full,mistral,prompt_B,blind_baseline,NONE,,,,,3.9
10.3030_101126218_full,mistral,prompt_B,pi_main,PI+F_N+LOW_I+HIGH_B,F_N,LOW_I,HIGH_B,,4.0
10.3030_101126218_full,mistral,prompt_B,pi_main,PI+F_N+LOW_I+LOW_B,F_N,LOW_I,LOW_B,,3.8
10.3030_101126218_full,mistral,prompt_B,pi_main,PI+F_N+TOP_I+HIGH_B,F_N,TOP_I,HIGH_B,,3.9
10.3030_101126218_full,mistral,prompt_B,pi_main,PI+F_N+TOP_I+LOW_B,F_N,TOP_I,LOW_B,,4.0
10.3030_101126218_full,mistral,prompt_B,pi_main,PI+M_N+LOW_I+HIGH_B,M_N,LOW_I,HIGH_B,,3.8
10.3030_101126218_full,mistral,prompt_B,pi_main,PI+M_N+LOW_I+LOW_B,M_N,LOW_I,LOW_B,,4.0
10.3030_101126218_full,mistral,prompt_B,pi_main,PI+M_N+TOP_I+HIGH_B,M_N,TOP_I,HIGH_B,,3.9
10.3030_101126218_full,mistral,prompt_B,pi_main,PI+M_N+TOP_I+LOW_B,M_N,TOP_I,LOW_B,,3.8
10.3030_101126218_full,mistral,prompt_C,ai_main,AI+AI_N,,,,AI_N,4.0
10.3030_101126218_full,mistral,prompt_C,ai_main,AI+AI_Y,,,,AI_Y,3.8
10.3030_101126218_full,mistral,prompt_C,blind_baseline,NONE,,,,,3.8
10.3030_101126218_full,mistral,prompt_C,pi_main,PI+F_N+LOW_I+HIGH_B,F_N,LOW_I,HIGH_B,,4.0
10.3030_101126218_full,mistral,prompt_C,pi_main,PI+F_N+LOW_I+LOW_B,F_N,LOW_I,LOW_B,,3.5
10.3030_101126218_full,mistral,prompt_C,pi_main,PI+F_N+TOP_I+HIGH_B,F_N,TOP_I,HIGH_B,,3.8
10.3030_101126218_full,mistral,prompt_C,pi_main,PI+F_N+TOP_I+LOW_B,F_N,TOP_I,LOW_B,,3.5
10.3030_101126218_full,mistral,prompt_C,pi_main,PI+M_N+LOW_I+HIGH_B,M_N,LOW_I,HIGH_B,,3.9
10.3030_101126218_full,mistral,prompt_C,pi_main,PI+M_N+LOW_I+LOW_B,M_N,LOW_I,LOW_B,,3.5
10.3030_101126218_full,mistral,prompt_C,pi_main,PI+M_N+TOP_I+HIGH_B,M_N,TOP_I,HIGH_B,,3.8
10.3030_101126218_full,mistral,prompt_C,pi_main,PI+M_N+TOP_I+LOW_B,M_N,TOP_I,LOW_B,,3.6
10.3030_101126218_full,phi,prompt_A,ai_main,AI+AI_N,,,,AI_N,3.0
10.3030_101126218_full,phi,prompt_A,ai_main,AI+AI_Y,,,,AI_Y,3.0
10.3030_101126218_full,phi,prompt_A,blind_baseline,NONE,,,,,3.0
10.3030_101126218_full,phi,prompt_A,pi_main,PI+F_N+LOW_I+HIGH_B,F_N,LOW_I,HIGH_B,,3.5
10.3030_101126218_full,phi,prompt_A,pi_main,PI+F_N+LOW_I+LOW_B,F_N,LOW_I,LOW_B,,3.5
10.3030_101126218_full,phi,prompt_A,pi_main,PI+F_N+TOP_I+HIGH_B,F_N,TOP_I,HIGH_B,,3.5
10.3030_101126218_full,phi,prompt_A,pi_main,PI+F_N+TOP_I+LOW_B,F_N,TOP_I,LOW_B,,3.5
10.3030_101126218_full,phi,prompt_A,pi_main,PI+M_N+LOW_I+HIGH_B,M_N,LOW_I,HIGH_B,,3.5
10.3030_101126218_full,phi,prompt_A,pi_main,PI+M_N+LOW_I+LOW_B,M_N,LOW_I,LOW_B,,3.5
10.3030_101126218_full,phi,prompt_A,pi_main,PI+M_N+TOP_I+HIGH_B,M_N,TOP_I,HIGH_B,,3.0
10.3030_101126218_full,phi,prompt_A,pi_main,PI+M_N+TOP_I+LOW_B,M_N,TOP_I,LOW_B,,3.0
10.3030_101126218_full,phi,prompt_B,ai_main,AI+AI_N,,,,AI_N,3.0
10.3030_101126218_full,phi,prompt_B,ai_main,AI+AI_Y,,,,AI_Y,3.0
10.3030_101126218_full,phi,prompt_B,blind_baseline,NONE,,,,,3.5
10.3030_101126218_full,phi,prompt_B,pi_main,PI+F_N+LOW_I+HIGH_B,F_N,LOW_I,HIGH_B,,3.5
10.3030_101126218_full,phi,prompt_B,pi_main,PI+F_N+LOW_I+LOW_B,F_N,LOW_I,LOW_B,,3.0
10.3030_101126218_full,phi,prompt_B,pi_main,PI+F_N+TOP_I+HIGH_B,F_N,TOP_I,HIGH_B,,3.0
10.3030_101126218_full,phi,prompt_B,pi_main,PI+F_N+TOP_I+LOW_B,F_N,TOP_I,LOW_B,,3.0
10.3030_101126218_full,phi,prompt_B,pi_main,PI+M_N+LOW_I+HIGH_B,M_N,LOW_I,HIGH_B,,3.4
10.3030_101126218_full,phi,prompt_B,pi_main,PI+M_N+LOW_I+LOW_B,M_N,LOW_I,LOW_B,,3.0
10.3030_101126218_full,phi,prompt_B,pi_main,PI+M_N+TOP_I+HIGH_B,M_N,TOP_I,HIGH_B,,3.0
10.3030_101126218_full,phi,prompt_B,pi_main,PI+M_N+TOP_I+LOW_B,M_N,TOP_I,LOW_B,,3.0
10.3030_101126218_full,phi,prompt_C,ai_main,AI+AI_N,,,,AI_N,3.0
10.3030_101126218_full,phi,prompt_C,ai_main,AI+AI_Y,,,,AI_Y,3.0
10.3030_101126218_full,phi,prompt_C,blind_baseline,NONE,,,,,3.0
10.3030_101126218_full,phi,prompt_C,pi_main,PI+F_N+LOW_I+HIGH_B,F_N,LOW_I,HIGH_B,,3.5
10.3030_101126218_full,phi,prompt_C,pi_main,PI+F_N+LOW_I+LOW_B,F_N,LOW_I,LOW_B,,3.0
10.3030_101126218_full,phi,prompt_C,pi_main,PI+F_N+TOP_I+HIGH_B,F_N,TOP_I,HIGH_B,,3.0
10.3030_101126218_full,phi,prompt_C,pi_main,PI+F_N+TOP_I+LOW_B,F_N,TOP_I,LOW_B,,3.0
10.3030_101126218_full,phi,prompt_C,pi_main,PI+M_N+LOW_I+HIGH_B,M_N,LOW_I,HIGH_B,,3.0
10.3030_101126218_full,phi,prompt_C,pi_main,PI+M_N+LOW_I+LOW_B,M_N,LOW_I,LOW_B,,3.0
10.3030_101126218_full,phi,prompt_C,pi_main,PI+M_N+TOP_I+HIGH_B,M_N,TOP_I,HIGH_B,,3.0
10.3030_101126218_full,phi,prompt_C,pi_main,PI+M_N+TOP_I+LOW_B,M_N,TOP_I,LOW_B,,3.0
10.3030_101160588_full,deepseek,prompt_A,ai_main,AI+AI_N,,,,AI_N,3.4
10.3030_101160588_full,deepseek,prompt_A,ai_main,AI+AI_Y,,,,AI_Y,3.5
10.3030_101160588_full,deepseek,prompt_A,blind_baseline,NONE,,,,,3.2
10.3030_101160588_full,deepseek,prompt_A,pi_main,PI+F_N+LOW_I+HIGH_B,F_N,LOW_I,HIGH_B,,3.4
10.3030_101160588_full,deepseek,prompt_A,pi_main,PI+F_N+LOW_I+LOW_B,F_N,LOW_I,LOW_B,,3.0
10.3030_101160588_full,deepseek,prompt_A,pi_main,PI+F_N+TOP_I+HIGH_B,F_N,TOP_I,HIGH_B,,3.4
10.3030_101160588_full,deepseek,prompt_A,pi_main,PI+F_N+TOP_I+LOW_B,F_N,TOP_I,LOW_B,,3.5
10.3030_101160588_full,deepseek,prompt_A,pi_main,PI+M_N+LOW_I+HIGH_B,M_N,LOW_I,HIGH_B,,3.2
10.3030_101160588_full,deepseek,prompt_A,pi_main,PI+M_N+LOW_I+LOW_B,M_N,LOW_I,LOW_B,,3.2
10.3030_101160588_full,deepseek,prompt_A,pi_main,PI+M_N+TOP_I+HIGH_B,M_N,TOP_I,HIGH_B,,3.4
10.3030_101160588_full,deepseek,prompt_A,pi_main,PI+M_N+TOP_I+LOW_B,M_N,TOP_I,LOW_B,,3.3
10.3030_101160588_full,deepseek,prompt_B,ai_main,AI+AI_N,,,,AI_N,3.5
10.3030_101160588_full,deepseek,prompt_B,ai_main,AI+AI_Y,,,,AI_Y,3.5
10.3030_101160588_full,deepseek,prompt_B,blind_baseline,NONE,,,,,3.4
10.3030_101160588_full,deepseek,prompt_B,pi_main,PI+F_N+LOW_I+HIGH_B,F_N,LOW_I,HIGH_B,,3.7
10.3030_101160588_full,deepseek,prompt_B,pi_main,PI+F_N+LOW_I+LOW_B,F_N,LOW_I,LOW_B,,3.2
10.3030_101160588_full,deepseek,prompt_B,pi_main,PI+F_N+TOP_I+HIGH_B,F_N,TOP_I,HIGH_B,,3.4
10.3030_101160588_full,deepseek,prompt_B,pi_main,PI+F_N+TOP_I+LOW_B,F_N,TOP_I,LOW_B,,3.7
10.3030_101160588_full,deepseek,prompt_B,pi_main,PI+M_N+LOW_I+HIGH_B,M_N,LOW_I,HIGH_B,,3.7
10.3030_101160588_full,deepseek,prompt_B,pi_main,PI+M_N+LOW_I+LOW_B,M_N,LOW_I,LOW_B,,3.6
10.3030_101160588_full,deepseek,prompt_B,pi_main,PI+M_N+TOP_I+HIGH_B,M_N,TOP_I,HIGH_B,,3.6
10.3030_101160588_full,deepseek,prompt_B,pi_main,PI+M_N+TOP_I+LOW_B,M_N,TOP_I,LOW_B,,3.5
10.3030_101160588_full,deepseek,prompt_C,ai_main,AI+AI_N,,,,AI_N,3.6
10.3030_101160588_full,deepseek,prompt_C,ai_main,AI+AI_Y,,,,AI_Y,3.5
10.3030_101160588_full,deepseek,prompt_C,blind_baseline,NONE,,,,,3.4
10.3030_101160588_full,deepseek,prompt_C,pi_main,PI+F_N+LOW_I+HIGH_B,F_N,LOW_I,HIGH_B,,3.5
10.3030_101160588_full,deepseek,prompt_C,pi_main,PI+F_N+LOW_I+LOW_B,F_N,LOW_I,LOW_B,,3.5
10.3030_101160588_full,deepseek,prompt_C,pi_main,PI+F_N+TOP_I+HIGH_B,F_N,TOP_I,HIGH_B,,3.5
10.3030_101160588_full,deepseek,prompt_C,pi_main,PI+F_N+TOP_I+LOW_B,F_N,TOP_I,LOW_B,,3.4
10.3030_101160588_full,deepseek,prompt_C,pi_main,PI+M_N+LOW_I+HIGH_B,M_N,LOW_I,HIGH_B,,3.5
10.3030_101160588_full,deepseek,prompt_C,pi_main,PI+M_N+LOW_I+LOW_B,M_N,LOW_I,LOW_B,,3.5
10.3030_101160588_full,deepseek,prompt_C,pi_main,PI+M_N+TOP_I+HIGH_B,M_N,TOP_I,HIGH_B,,3.6
10.3030_101160588_full,deepseek,prompt_C,pi_main,PI+M_N+TOP_I+LOW_B,M_N,TOP_I,LOW_B,,3.4
10.3030_101160588_full,gemma,prompt_A,ai_main,AI+AI_N,,,,AI_N,3.5
10.3030_101160588_full,gemma,prompt_A,ai_main,AI+AI_Y,,,,AI_Y,3.5
10.3030_101160588_full,gemma,prompt_A,blind_baseline,NONE,,,,,3.5
10.3030_101160588_full,gemma,prompt_A,pi_main,PI+F_N+LOW_I+HIGH_B,F_N,LOW_I,HIGH_B,,3.5
10.3030_101160588_full,gemma,prompt_A,pi_main,PI+F_N+LOW_I+LOW_B,F_N,LOW_I,LOW_B,,3.0
10.3030_101160588_full,gemma,prompt_A,pi_main,PI+F_N+TOP_I+HIGH_B,F_N,TOP_I,HIGH_B,,3.5
10.3030_101160588_full,gemma,prompt_A,pi_main,PI+F_N+TOP_I+LOW_B,F_N,TOP_I,LOW_B,,3.0
10.3030_101160588_full,gemma,prompt_A,pi_main,PI+M_N+LOW_I+HIGH_B,M_N,LOW_I,HIGH_B,,3.5
10.3030_101160588_full,gemma,prompt_A,pi_main,PI+M_N+LOW_I+LOW_B,M_N,LOW_I,LOW_B,,3.0
10.3030_101160588_full,gemma,prompt_A,pi_main,PI+M_N+TOP_I+HIGH_B,M_N,TOP_I,HIGH_B,,3.5
10.3030_101160588_full,gemma,prompt_A,pi_main,PI+M_N+TOP_I+LOW_B,M_N,TOP_I,LOW_B,,3.0
10.3030_101160588_full,gemma,prompt_B,ai_main,AI+AI_N,,,,AI_N,3.5
10.3030_101160588_full,gemma,prompt_B,ai_main,AI+AI_Y,,,,AI_Y,3.5
10.3030_101160588_full,gemma,prompt_B,blind_baseline,NONE,,,,,3.5
10.3030_101160588_full,gemma,prompt_B,pi_main,PI+F_N+LOW_I+HIGH_B,F_N,LOW_I,HIGH_B,,3.5
10.3030_101160588_full,gemma,prompt_B,pi_main,PI+F_N+LOW_I+LOW_B,F_N,LOW_I,LOW_B,,3.4
10.3030_101160588_full,gemma,prompt_B,pi_main,PI+F_N+TOP_I+HIGH_B,F_N,TOP_I,HIGH_B,,3.5
10.3030_101160588_full,gemma,prompt_B,pi_main,PI+F_N+TOP_I+LOW_B,F_N,TOP_I,LOW_B,,3.5
10.3030_101160588_full,gemma,prompt_B,pi_main,PI+M_N+LOW_I+HIGH_B,M_N,LOW_I,HIGH_B,,3.5
10.3030_101160588_full,gemma,prompt_B,pi_main,PI+M_N+LOW_I+LOW_B,M_N,LOW_I,LOW_B,,3.4
10.3030_101160588_full,gemma,prompt_B,pi_main,PI+M_N+TOP_I+HIGH_B,M_N,TOP_I,HIGH_B,,3.5
10.3030_101160588_full,gemma,prompt_B,pi_main,PI+M_N+TOP_I+LOW_B,M_N,TOP_I,LOW_B,,3.5
10.3030_101160588_full,gemma,prompt_C,ai_main,AI+AI_N,,,,AI_N,3.5
10.3030_101160588_full,gemma,prompt_C,ai_main,AI+AI_Y,,,,AI_Y,3.5
10.3030_101160588_full,gemma,prompt_C,blind_baseline,NONE,,,,,3.5
10.3030_101160588_full,gemma,prompt_C,pi_main,PI+F_N+LOW_I+HIGH_B,F_N,LOW_I,HIGH_B,,3.5
10.3030_101160588_full,gemma,prompt_C,pi_main,PI+F_N+LOW_I+LOW_B,F_N,LOW_I,LOW_B,,3.0
10.3030_101160588_full,gemma,prompt_C,pi_main,PI+F_N+TOP_I+HIGH_B,F_N,TOP_I,HIGH_B,,3.5
10.3030_101160588_full,gemma,prompt_C,pi_main,PI+F_N+TOP_I+LOW_B,F_N,TOP_I,LOW_B,,3.3
10.3030_101160588_full,gemma,prompt_C,pi_main,PI+M_N+LOW_I+HIGH_B,M_N,LOW_I,HIGH_B,,3.5
10.3030_101160588_full,gemma,prompt_C,pi_main,PI+M_N+LOW_I+LOW_B,M_N,LOW_I,LOW_B,,3.0
10.3030_101160588_full,gemma,prompt_C,pi_main,PI+M_N+TOP_I+HIGH_B,M_N,TOP_I,HIGH_B,,3.5
10.3030_101160588_full,gemma,prompt_C,pi_main,PI+M_N+TOP_I+LOW_B,M_N,TOP_I,LOW_B,,3.0
10.3030_101160588_full,glm,prompt_A,ai_main,AI+AI_N,,,,AI_N,3.5
10.3030_101160588_full,glm,prompt_A,ai_main,AI+AI_Y,,,,AI_Y,3.5
10.3030_101160588_full,glm,prompt_A,blind_baseline,NONE,,,,,3.5
10.3030_101160588_full,glm,prompt_A,pi_main,PI+F_N+LOW_I+HIGH_B,F_N,LOW_I,HIGH_B,,3.5
10.3030_101160588_full,glm,prompt_A,pi_main,PI+F_N+LOW_I+LOW_B,F_N,LOW_I,LOW_B,,3.3
10.3030_101160588_full,glm,prompt_A,pi_main,PI+F_N+TOP_I+HIGH_B,F_N,TOP_I,HIGH_B,,3.5
10.3030_101160588_full,glm,prompt_A,pi_main,PI+F_N+TOP_I+LOW_B,F_N,TOP_I,LOW_B,,3.4
10.3030_101160588_full,glm,prompt_A,pi_main,PI+M_N+LOW_I+HIGH_B,M_N,LOW_I,HIGH_B,,3.5
10.3030_101160588_full,glm,prompt_A,pi_main,PI+M_N+LOW_I+LOW_B,M_N,LOW_I,LOW_B,,3.1
10.3030_101160588_full,glm,prompt_A,pi_main,PI+M_N+TOP_I+HIGH_B,M_N,TOP_I,HIGH_B,,3.5
10.3030_101160588_full,glm,prompt_A,pi_main,PI+M_N+TOP_I+LOW_B,M_N,TOP_I,LOW_B,,3.4
10.3030_101160588_full,glm,prompt_B,ai_main,AI+AI_N,,,,AI_N,3.5
10.3030_101160588_full,glm,prompt_B,ai_main,AI+AI_Y,,,,AI_Y,3.5
10.3030_101160588_full,glm,prompt_B,blind_baseline,NONE,,,,,3.5
10.3030_101160588_full,glm,prompt_B,pi_main,PI+F_N+LOW_I+HIGH_B,F_N,LOW_I,HIGH_B,,3.5
10.3030_101160588_full,glm,prompt_B,pi_main,PI+F_N+LOW_I+LOW_B,F_N,LOW_I,LOW_B,,3.5
10.3030_101160588_full,glm,prompt_B,pi_main,PI+F_N+TOP_I+HIGH_B,F_N,TOP_I,HIGH_B,,3.5
10.3030_101160588_full,glm,prompt_B,pi_main,PI+F_N+TOP_I+LOW_B,F_N,TOP_I,LOW_B,,3.5
10.3030_101160588_full,glm,prompt_B,pi_main,PI+M_N+LOW_I+HIGH_B,M_N,LOW_I,HIGH_B,,3.5
10.3030_101160588_full,glm,prompt_B,pi_main,PI+M_N+LOW_I+LOW_B,M_N,LOW_I,LOW_B,,3.5
10.3030_101160588_full,glm,prompt_B,pi_main,PI+M_N+TOP_I+HIGH_B,M_N,TOP_I,HIGH_B,,3.5
10.3030_101160588_full,glm,prompt_B,pi_main,PI+M_N+TOP_I+LOW_B,M_N,TOP_I,LOW_B,,3.5
10.3030_101160588_full,glm,prompt_C,ai_main,AI+AI_N,,,,AI_N,3.5
10.3030_101160588_full,glm,prompt_C,ai_main,AI+AI_Y,,,,AI_Y,3.5
10.3030_101160588_full,glm,prompt_C,blind_baseline,NONE,,,,,3.5
10.3030_101160588_full,glm,prompt_C,pi_main,PI+F_N+LOW_I+HIGH_B,F_N,LOW_I,HIGH_B,,3.5
10.3030_101160588_full,glm,prompt_C,pi_main,PI+F_N+LOW_I+LOW_B,F_N,LOW_I,LOW_B,,3.5
10.3030_101160588_full,glm,prompt_C,pi_main,PI+F_N+TOP_I+HIGH_B,F_N,TOP_I,HIGH_B,,3.5
10.3030_101160588_full,glm,prompt_C,pi_main,PI+F_N+TOP_I+LOW_B,F_N,TOP_I,LOW_B,,3.5
10.3030_101160588_full,glm,prompt_C,pi_main,PI+M_N+LOW_I+HIGH_B,M_N,LOW_I,HIGH_B,,3.5
10.3030_101160588_full,glm,prompt_C,pi_main,PI+M_N+LOW_I+LOW_B,M_N,LOW_I,LOW_B,,3.5
10.3030_101160588_full,glm,prompt_C,pi_main,PI+M_N+TOP_I+HIGH_B,M_N,TOP_I,HIGH_B,,3.5
10.3030_101160588_full,glm,prompt_C,pi_main,PI+M_N+TOP_I+LOW_B,M_N,TOP_I,LOW_B,,3.5
10.3030_101160588_full,gpt,prompt_A,ai_main,AI+AI_N,,,,AI_N,3.5
10.3030_101160588_full,gpt,prompt_A,ai_main,AI+AI_Y,,,,AI_Y,3.5
10.3030_101160588_full,gpt,prompt_A,blind_baseline,NONE,,,,,3.5
10.3030_101160588_full,gpt,prompt_A,pi_main,PI+F_N+LOW_I+HIGH_B,F_N,LOW_I,HIGH_B,,3.5
10.3030_101160588_full,gpt,prompt_A,pi_main,PI+F_N+LOW_I+LOW_B,F_N,LOW_I,LOW_B,,3.5
10.3030_101160588_full,gpt,prompt_A,pi_main,PI+F_N+TOP_I+HIGH_B,F_N,TOP_I,HIGH_B,,3.5
10.3030_101160588_full,gpt,prompt_A,pi_main,PI+F_N+TOP_I+LOW_B,F_N,TOP_I,LOW_B,,3.5
10.3030_101160588_full,gpt,prompt_A,pi_main,PI+M_N+LOW_I+HIGH_B,M_N,LOW_I,HIGH_B,,3.5
10.3030_101160588_full,gpt,prompt_A,pi_main,PI+M_N+LOW_I+LOW_B,M_N,LOW_I,LOW_B,,3.5
10.3030_101160588_full,gpt,prompt_A,pi_main,PI+M_N+TOP_I+HIGH_B,M_N,TOP_I,HIGH_B,,3.5
10.3030_101160588_full,gpt,prompt_A,pi_main,PI+M_N+TOP_I+LOW_B,M_N,TOP_I,LOW_B,,3.5
10.3030_101160588_full,gpt,prompt_B,ai_main,AI+AI_N,,,,AI_N,3.5
10.3030_101160588_full,gpt,prompt_B,ai_main,AI+AI_Y,,,,AI_Y,3.5
10.3030_101160588_full,gpt,prompt_B,blind_baseline,NONE,,,,,3.5
10.3030_101160588_full,gpt,prompt_B,pi_main,PI+F_N+LOW_I+HIGH_B,F_N,LOW_I,HIGH_B,,3.5
10.3030_101160588_full,gpt,prompt_B,pi_main,PI+F_N+LOW_I+LOW_B,F_N,LOW_I,LOW_B,,3.5
10.3030_101160588_full,gpt,prompt_B,pi_main,PI+F_N+TOP_I+HIGH_B,F_N,TOP_I,HIGH_B,,3.5
10.3030_101160588_full,gpt,prompt_B,pi_main,PI+F_N+TOP_I+LOW_B,F_N,TOP_I,LOW_B,,3.5
10.3030_101160588_full,gpt,prompt_B,pi_main,PI+M_N+LOW_I+HIGH_B,M_N,LOW_I,HIGH_B,,3.5
10.3030_101160588_full,gpt,prompt_B,pi_main,PI+M_N+LOW_I+LOW_B,M_N,LOW_I,LOW_B,,3.5
10.3030_101160588_full,gpt,prompt_B,pi_main,PI+M_N+TOP_I+HIGH_B,M_N,TOP_I,HIGH_B,,3.5
10.3030_101160588_full,gpt,prompt_B,pi_main,PI+M_N+TOP_I+LOW_B,M_N,TOP_I,LOW_B,,3.5
10.3030_101160588_full,gpt,prompt_C,ai_main,AI+AI_N,,,,AI_N,3.5
10.3030_101160588_full,gpt,prompt_C,ai_main,AI+AI_Y,,,,AI_Y,3.5
10.3030_101160588_full,gpt,prompt_C,blind_baseline,NONE,,,,,3.5
10.3030_101160588_full,gpt,prompt_C,pi_main,PI+F_N+LOW_I+HIGH_B,F_N,LOW_I,HIGH_B,,3.5
10.3030_101160588_full,gpt,prompt_C,pi_main,PI+F_N+LOW_I+LOW_B,F_N,LOW_I,LOW_B,,3.5
10.3030_101160588_full,gpt,prompt_C,pi_main,PI+F_N+TOP_I+HIGH_B,F_N,TOP_I,HIGH_B,,3.5
10.3030_101160588_full,gpt,prompt_C,pi_main,PI+F_N+TOP_I+LOW_B,F_N,TOP_I,LOW_B,,3.5
10.3030_101160588_full,gpt,prompt_C,pi_main,PI+M_N+LOW_I+HIGH_B,M_N,LOW_I,HIGH_B,,3.5
10.3030_101160588_full,gpt,prompt_C,pi_main,PI+M_N+LOW_I+LOW_B,M_N,LOW_I,LOW_B,,3.5
10.3030_101160588_full,gpt,prompt_C,pi_main,PI+M_N+TOP_I+HIGH_B,M_N,TOP_I,HIGH_B,,3.5
10.3030_101160588_full,gpt,prompt_C,pi_main,PI+M_N+TOP_I+LOW_B,M_N,TOP_I,LOW_B,,3.5
10.3030_101160588_full,kimi,prompt_A,ai_main,AI+AI_N,,,,AI_N,3.5
10.3030_101160588_full,kimi,prompt_A,ai_main,AI+AI_Y,,,,AI_Y,3.7
10.3030_101160588_full,kimi,prompt_A,blind_baseline,NONE,,,,,3.9
10.3030_101160588_full,kimi,prompt_A,pi_main,PI+F_N+LOW_I+HIGH_B,F_N,LOW_I,HIGH_B,,3.5
10.3030_101160588_full,kimi,prompt_A,pi_main,PI+F_N+LOW_I+LOW_B,F_N,LOW_I,LOW_B,,3.5
10.3030_101160588_full,kimi,prompt_A,pi_main,PI+F_N+TOP_I+HIGH_B,F_N,TOP_I,HIGH_B,,3.8
10.3030_101160588_full,kimi,prompt_A,pi_main,PI+F_N+TOP_I+LOW_B,F_N,TOP_I,LOW_B,,3.5
10.3030_101160588_full,kimi,prompt_A,pi_main,PI+M_N+LOW_I+HIGH_B,M_N,LOW_I,HIGH_B,,3.6
10.3030_101160588_full,kimi,prompt_A,pi_main,PI+M_N+LOW_I+LOW_B,M_N,LOW_I,LOW_B,,3.5
10.3030_101160588_full,kimi,prompt_A,pi_main,PI+M_N+TOP_I+HIGH_B,M_N,TOP_I,HIGH_B,,3.7
10.3030_101160588_full,kimi,prompt_A,pi_main,PI+M_N+TOP_I+LOW_B,M_N,TOP_I,LOW_B,,3.5
10.3030_101160588_full,kimi,prompt_B,ai_main,AI+AI_N,,,,AI_N,3.9
10.3030_101160588_full,kimi,prompt_B,ai_main,AI+AI_Y,,,,AI_Y,3.7
10.3030_101160588_full,kimi,prompt_B,blind_baseline,NONE,,,,,3.7
10.3030_101160588_full,kimi,prompt_B,pi_main,PI+F_N+LOW_I+HIGH_B,F_N,LOW_I,HIGH_B,,3.7
10.3030_101160588_full,kimi,prompt_B,pi_main,PI+F_N+LOW_I+LOW_B,F_N,LOW_I,LOW_B,,3.5
10.3030_101160588_full,kimi,prompt_B,pi_main,PI+F_N+TOP_I+HIGH_B,F_N,TOP_I,HIGH_B,,3.8
10.3030_101160588_full,kimi,prompt_B,pi_main,PI+F_N+TOP_I+LOW_B,F_N,TOP_I,LOW_B,,3.5
10.3030_101160588_full,kimi,prompt_B,pi_main,PI+M_N+LOW_I+HIGH_B,M_N,LOW_I,HIGH_B,,3.7
10.3030_101160588_full,kimi,prompt_B,pi_main,PI+M_N+LOW_I+LOW_B,M_N,LOW_I,LOW_B,,3.5
10.3030_101160588_full,kimi,prompt_B,pi_main,PI+M_N+TOP_I+HIGH_B,M_N,TOP_I,HIGH_B,,3.7
10.3030_101160588_full,kimi,prompt_B,pi_main,PI+M_N+TOP_I+LOW_B,M_N,TOP_I,LOW_B,,3.5
10.3030_101160588_full,kimi,prompt_C,ai_main,AI+AI_N,,,,AI_N,3.7
10.3030_101160588_full,kimi,prompt_C,ai_main,AI+AI_Y,,,,AI_Y,3.5
10.3030_101160588_full,kimi,prompt_C,blind_baseline,NONE,,,,,3.6
10.3030_101160588_full,kimi,prompt_C,pi_main,PI+F_N+LOW_I+HIGH_B,F_N,LOW_I,HIGH_B,,3.6
10.3030_101160588_full,kimi,prompt_C,pi_main,PI+F_N+LOW_I+LOW_B,F_N,LOW_I,LOW_B,,3.6
10.3030_101160588_full,kimi,prompt_C,pi_main,PI+F_N+TOP_I+HIGH_B,F_N,TOP_I,HIGH_B,,3.6
10.3030_101160588_full,kimi,prompt_C,pi_main,PI+F_N+TOP_I+LOW_B,F_N,TOP_I,LOW_B,,3.6
10.3030_101160588_full,kimi,prompt_C,pi_main,PI+M_N+LOW_I+HIGH_B,M_N,LOW_I,HIGH_B,,3.8
10.3030_101160588_full,kimi,prompt_C,pi_main,PI+M_N+LOW_I+LOW_B,M_N,LOW_I,LOW_B,,3.5
10.3030_101160588_full,kimi,prompt_C,pi_main,PI+M_N+TOP_I+HIGH_B,M_N,TOP_I,HIGH_B,,3.9
10.3030_101160588_full,kimi,prompt_C,pi_main,PI+M_N+TOP_I+LOW_B,M_N,TOP_I,LOW_B,,3.6
10.3030_101160588_full,ministral,prompt_A,ai_main,AI+AI_N,,,,AI_N,3.5
10.3030_101160588_full,ministral,prompt_A,ai_main,AI+AI_Y,,,,AI_Y,3.5
10.3030_101160588_full,ministral,prompt_A,blind_baseline,NONE,,,,,3.5
10.3030_101160588_full,ministral,prompt_A,pi_main,PI+F_N+LOW_I+HIGH_B,F_N,LOW_I,HIGH_B,,3.5
10.3030_101160588_full,ministral,prompt_A,pi_main,PI+F_N+LOW_I+LOW_B,F_N,LOW_I,LOW_B,,3.5
10.3030_101160588_full,ministral,prompt_A,pi_main,PI+F_N+TOP_I+HIGH_B,F_N,TOP_I,HIGH_B,,3.5
10.3030_101160588_full,ministral,prompt_A,pi_main,PI+F_N+TOP_I+LOW_B,F_N,TOP_I,LOW_B,,3.5
10.3030_101160588_full,ministral,prompt_A,pi_main,PI+M_N+LOW_I+HIGH_B,M_N,LOW_I,HIGH_B,,3.5
10.3030_101160588_full,ministral,prompt_A,pi_main,PI+M_N+LOW_I+LOW_B,M_N,LOW_I,LOW_B,,3.5
10.3030_101160588_full,ministral,prompt_A,pi_main,PI+M_N+TOP_I+HIGH_B,M_N,TOP_I,HIGH_B,,3.5
10.3030_101160588_full,ministral,prompt_A,pi_main,PI+M_N+TOP_I+LOW_B,M_N,TOP_I,LOW_B,,3.5
10.3030_101160588_full,ministral,prompt_B,ai_main,AI+AI_N,,,,AI_N,3.5
10.3030_101160588_full,ministral,prompt_B,ai_main,AI+AI_Y,,,,AI_Y,3.5
10.3030_101160588_full,ministral,prompt_B,blind_baseline,NONE,,,,,3.5
10.3030_101160588_full,ministral,prompt_B,pi_main,PI+F_N+LOW_I+HIGH_B,F_N,LOW_I,HIGH_B,,4.0
10.3030_101160588_full,ministral,prompt_B,pi_main,PI+F_N+LOW_I+LOW_B,F_N,LOW_I,LOW_B,,3.5
10.3030_101160588_full,ministral,prompt_B,pi_main,PI+F_N+TOP_I+HIGH_B,F_N,TOP_I,HIGH_B,,4.0
10.3030_101160588_full,ministral,prompt_B,pi_main,PI+F_N+TOP_I+LOW_B,F_N,TOP_I,LOW_B,,3.5
10.3030_101160588_full,ministral,prompt_B,pi_main,PI+M_N+LOW_I+HIGH_B,M_N,LOW_I,HIGH_B,,3.5
10.3030_101160588_full,ministral,prompt_B,pi_main,PI+M_N+LOW_I+LOW_B,M_N,LOW_I,LOW_B,,3.5
10.3030_101160588_full,ministral,prompt_B,pi_main,PI+M_N+TOP_I+HIGH_B,M_N,TOP_I,HIGH_B,,3.5
10.3030_101160588_full,ministral,prompt_B,pi_main,PI+M_N+TOP_I+LOW_B,M_N,TOP_I,LOW_B,,3.5
10.3030_101160588_full,ministral,prompt_C,ai_main,AI+AI_N,,,,AI_N,3.5
10.3030_101160588_full,ministral,prompt_C,ai_main,AI+AI_Y,,,,AI_Y,3.5
10.3030_101160588_full,ministral,prompt_C,blind_baseline,NONE,,,,,3.5
10.3030_101160588_full,ministral,prompt_C,pi_main,PI+F_N+LOW_I+HIGH_B,F_N,LOW_I,HIGH_B,,3.5
10.3030_101160588_full,ministral,prompt_C,pi_main,PI+F_N+LOW_I+LOW_B,F_N,LOW_I,LOW_B,,3.5
10.3030_101160588_full,ministral,prompt_C,pi_main,PI+F_N+TOP_I+HIGH_B,F_N,TOP_I,HIGH_B,,3.5
10.3030_101160588_full,ministral,prompt_C,pi_main,PI+F_N+TOP_I+LOW_B,F_N,TOP_I,LOW_B,,3.5
10.3030_101160588_full,ministral,prompt_C,pi_main,PI+M_N+LOW_I+HIGH_B,M_N,LOW_I,HIGH_B,,3.5
10.3030_101160588_full,ministral,prompt_C,pi_main,PI+M_N+LOW_I+LOW_B,M_N,LOW_I,LOW_B,,3.5
10.3030_101160588_full,ministral,prompt_C,pi_main,PI+M_N+TOP_I+HIGH_B,M_N,TOP_I,HIGH_B,,3.5
10.3030_101160588_full,ministral,prompt_C,pi_main,PI+M_N+TOP_I+LOW_B,M_N,TOP_I,LOW_B,,3.5
10.3030_101160588_full,mistral,prompt_A,ai_main,AI+AI_N,,,,AI_N,3.6
10.3030_101160588_full,mistral,prompt_A,ai_main,AI+AI_Y,,,,AI_Y,3.6
10.3030_101160588_full,mistral,prompt_A,blind_baseline,NONE,,,,,4.0
10.3030_101160588_full,mistral,prompt_A,pi_main,PI+F_N+LOW_I+HIGH_B,F_N,LOW_I,HIGH_B,,3.7
10.3030_101160588_full,mistral,prompt_A,pi_main,PI+F_N+LOW_I+LOW_B,F_N,LOW_I,LOW_B,,3.5
10.3030_101160588_full,mistral,prompt_A,pi_main,PI+F_N+TOP_I+HIGH_B,F_N,TOP_I,HIGH_B,,3.7
10.3030_101160588_full,mistral,prompt_A,pi_main,PI+F_N+TOP_I+LOW_B,F_N,TOP_I,LOW_B,,3.6
10.3030_101160588_full,mistral,prompt_A,pi_main,PI+M_N+LOW_I+HIGH_B,M_N,LOW_I,HIGH_B,,3.8
10.3030_101160588_full,mistral,prompt_A,pi_main,PI+M_N+LOW_I+LOW_B,M_N,LOW_I,LOW_B,,3.5
10.3030_101160588_full,mistral,prompt_A,pi_main,PI+M_N+TOP_I+HIGH_B,M_N,TOP_I,HIGH_B,,3.7
10.3030_101160588_full,mistral,prompt_A,pi_main,PI+M_N+TOP_I+LOW_B,M_N,TOP_I,LOW_B,,3.5
10.3030_101160588_full,mistral,prompt_B,ai_main,AI+AI_N,,,,AI_N,3.6
10.3030_101160588_full,mistral,prompt_B,ai_main,AI+AI_Y,,,,AI_Y,3.6
10.3030_101160588_full,mistral,prompt_B,blind_baseline,NONE,,,,,3.7
10.3030_101160588_full,mistral,prompt_B,pi_main,PI+F_N+LOW_I+HIGH_B,F_N,LOW_I,HIGH_B,,3.9
10.3030_101160588_full,mistral,prompt_B,pi_main,PI+F_N+LOW_I+LOW_B,F_N,LOW_I,LOW_B,,3.7
10.3030_101160588_full,mistral,prompt_B,pi_main,PI+F_N+TOP_I+HIGH_B,F_N,TOP_I,HIGH_B,,4.0
10.3030_101160588_full,mistral,prompt_B,pi_main,PI+F_N+TOP_I+LOW_B,F_N,TOP_I,LOW_B,,3.6
10.3030_101160588_full,mistral,prompt_B,pi_main,PI+M_N+LOW_I+HIGH_B,M_N,LOW_I,HIGH_B,,4.0
10.3030_101160588_full,mistral,prompt_B,pi_main,PI+M_N+LOW_I+LOW_B,M_N,LOW_I,LOW_B,,3.8
10.3030_101160588_full,mistral,prompt_B,pi_main,PI+M_N+TOP_I+HIGH_B,M_N,TOP_I,HIGH_B,,4.0
10.3030_101160588_full,mistral,prompt_B,pi_main,PI+M_N+TOP_I+LOW_B,M_N,TOP_I,LOW_B,,3.8
10.3030_101160588_full,mistral,prompt_C,ai_main,AI+AI_N,,,,AI_N,4.0
10.3030_101160588_full,mistral,prompt_C,ai_main,AI+AI_Y,,,,AI_Y,4.0
10.3030_101160588_full,mistral,prompt_C,blind_baseline,NONE,,,,,3.8
10.3030_101160588_full,mistral,prompt_C,pi_main,PI+F_N+LOW_I+HIGH_B,F_N,LOW_I,HIGH_B,,4.0
10.3030_101160588_full,mistral,prompt_C,pi_main,PI+F_N+LOW_I+LOW_B,F_N,LOW_I,LOW_B,,3.6
10.3030_101160588_full,mistral,prompt_C,pi_main,PI+F_N+TOP_I+HIGH_B,F_N,TOP_I,HIGH_B,,3.9
10.3030_101160588_full,mistral,prompt_C,pi_main,PI+F_N+TOP_I+LOW_B,F_N,TOP_I,LOW_B,,3.5
10.3030_101160588_full,mistral,prompt_C,pi_main,PI+M_N+LOW_I+HIGH_B,M_N,LOW_I,HIGH_B,,4.0
10.3030_101160588_full,mistral,prompt_C,pi_main,PI+M_N+LOW_I+LOW_B,M_N,LOW_I,LOW_B,,3.6
10.3030_101160588_full,mistral,prompt_C,pi_main,PI+M_N+TOP_I+HIGH_B,M_N,TOP_I,HIGH_B,,4.0
10.3030_101160588_full,mistral,prompt_C,pi_main,PI+M_N+TOP_I+LOW_B,M_N,TOP_I,LOW_B,,3.7
10.3030_101160588_full,phi,prompt_A,ai_main,AI+AI_N,,,,AI_N,3.5
10.3030_101160588_full,phi,prompt_A,ai_main,AI+AI_Y,,,,AI_Y,3.5
10.3030_101160588_full,phi,prompt_A,blind_baseline,NONE,,,,,3.5
10.3030_101160588_full,phi,prompt_A,pi_main,PI+F_N+LOW_I+HIGH_B,F_N,LOW_I,HIGH_B,,3.5
10.3030_101160588_full,phi,prompt_A,pi_main,PI+F_N+LOW_I+LOW_B,F_N,LOW_I,LOW_B,,3.5
10.3030_101160588_full,phi,prompt_A,pi_main,PI+F_N+TOP_I+HIGH_B,F_N,TOP_I,HIGH_B,,3.5
10.3030_101160588_full,phi,prompt_A,pi_main,PI+F_N+TOP_I+LOW_B,F_N,TOP_I,LOW_B,,3.2
10.3030_101160588_full,phi,prompt_A,pi_main,PI+M_N+LOW_I+HIGH_B,M_N,LOW_I,HIGH_B,,3.5
10.3030_101160588_full,phi,prompt_A,pi_main,PI+M_N+LOW_I+LOW_B,M_N,LOW_I,LOW_B,,3.5
10.3030_101160588_full,phi,prompt_A,pi_main,PI+M_N+TOP_I+HIGH_B,M_N,TOP_I,HIGH_B,,3.5
10.3030_101160588_full,phi,prompt_A,pi_main,PI+M_N+TOP_I+LOW_B,M_N,TOP_I,LOW_B,,3.5
10.3030_101160588_full,phi,prompt_B,ai_main,AI+AI_N,,,,AI_N,3.5
10.3030_101160588_full,phi,prompt_B,ai_main,AI+AI_Y,,,,AI_Y,3.5
10.3030_101160588_full,phi,prompt_B,blind_baseline,NONE,,,,,3.5
10.3030_101160588_full,phi,prompt_B,pi_main,PI+F_N+LOW_I+HIGH_B,F_N,LOW_I,HIGH_B,,3.5
10.3030_101160588_full,phi,prompt_B,pi_main,PI+F_N+LOW_I+LOW_B,F_N,LOW_I,LOW_B,,3.0
10.3030_101160588_full,phi,prompt_B,pi_main,PI+F_N+TOP_I+HIGH_B,F_N,TOP_I,HIGH_B,,3.5
10.3030_101160588_full,phi,prompt_B,pi_main,PI+F_N+TOP_I+LOW_B,F_N,TOP_I,LOW_B,,3.5
10.3030_101160588_full,phi,prompt_B,pi_main,PI+M_N+LOW_I+HIGH_B,M_N,LOW_I,HIGH_B,,3.5
10.3030_101160588_full,phi,prompt_B,pi_main,PI+M_N+LOW_I+LOW_B,M_N,LOW_I,LOW_B,,3.5
10.3030_101160588_full,phi,prompt_B,pi_main,PI+M_N+TOP_I+HIGH_B,M_N,TOP_I,HIGH_B,,3.5
10.3030_101160588_full,phi,prompt_B,pi_main,PI+M_N+TOP_I+LOW_B,M_N,TOP_I,LOW_B,,3.5
10.3030_101160588_full,phi,prompt_C,ai_main,AI+AI_N,,,,AI_N,3.5
10.3030_101160588_full,phi,prompt_C,ai_main,AI+AI_Y,,,,AI_Y,3.5
10.3030_101160588_full,phi,prompt_C,blind_baseline,NONE,,,,,3.5
10.3030_101160588_full,phi,prompt_C,pi_main,PI+F_N+LOW_I+HIGH_B,F_N,LOW_I,HIGH_B,,3.5
10.3030_101160588_full,phi,prompt_C,pi_main,PI+F_N+LOW_I+LOW_B,F_N,LOW_I,LOW_B,,3.5
10.3030_101160588_full,phi,prompt_C,pi_main,PI+F_N+TOP_I+HIGH_B,F_N,TOP_I,HIGH_B,,3.5
10.3030_101160588_full,phi,prompt_C,pi_main,PI+F_N+TOP_I+LOW_B,F_N,TOP_I,LOW_B,,3.2
10.3030_101160588_full,phi,prompt_C,pi_main,PI+M_N+LOW_I+HIGH_B,M_N,LOW_I,HIGH_B,,3.5
10.3030_101160588_full,phi,prompt_C,pi_main,PI+M_N+LOW_I+LOW_B,M_N,LOW_I,LOW_B,,3.4
10.3030_101160588_full,phi,prompt_C,pi_main,PI+M_N+TOP_I+HIGH_B,M_N,TOP_I,HIGH_B,,3.5
10.3030_101160588_full,phi,prompt_C,pi_main,PI+M_N+TOP_I+LOW_B,M_N,TOP_I,LOW_B,,3.1
10.3030_101160608_full,deepseek,prompt_A,ai_main,AI+AI_N,,,,AI_N,3.1
10.3030_101160608_full,deepseek,prompt_A,ai_main,AI+AI_Y,,,,AI_Y,3.0
10.3030_101160608_full,deepseek,prompt_A,blind_baseline,NONE,,,,,3.0
10.3030_101160608_full,deepseek,prompt_A,pi_main,PI+F_N+LOW_I+HIGH_B,F_N,LOW_I,HIGH_B,,3.3
10.3030_101160608_full,deepseek,prompt_A,pi_main,PI+F_N+LOW_I+LOW_B,F_N,LOW_I,LOW_B,,3.0
10.3030_101160608_full,deepseek,prompt_A,pi_main,PI+F_N+TOP_I+HIGH_B,F_N,TOP_I,HIGH_B,,3.1
10.3030_101160608_full,deepseek,prompt_A,pi_main,PI+F_N+TOP_I+LOW_B,F_N,TOP_I,LOW_B,,3.1
10.3030_101160608_full,deepseek,prompt_A,pi_main,PI+M_N+LOW_I+HIGH_B,M_N,LOW_I,HIGH_B,,2.9
10.3030_101160608_full,deepseek,prompt_A,pi_main,PI+M_N+LOW_I+LOW_B,M_N,LOW_I,LOW_B,,2.7
10.3030_101160608_full,deepseek,prompt_A,pi_main,PI+M_N+TOP_I+HIGH_B,M_N,TOP_I,HIGH_B,,3.1
10.3030_101160608_full,deepseek,prompt_A,pi_main,PI+M_N+TOP_I+LOW_B,M_N,TOP_I,LOW_B,,3.1
10.3030_101160608_full,deepseek,prompt_B,ai_main,AI+AI_N,,,,AI_N,3.6
10.3030_101160608_full,deepseek,prompt_B,ai_main,AI+AI_Y,,,,AI_Y,3.2
10.3030_101160608_full,deepseek,prompt_B,blind_baseline,NONE,,,,,3.0
10.3030_101160608_full,deepseek,prompt_B,pi_main,PI+F_N+LOW_I+HIGH_B,F_N,LOW_I,HIGH_B,,3.0
10.3030_101160608_full,deepseek,prompt_B,pi_main,PI+F_N+LOW_I+LOW_B,F_N,LOW_I,LOW_B,,3.2
10.3030_101160608_full,deepseek,prompt_B,pi_main,PI+F_N+TOP_I+HIGH_B,F_N,TOP_I,HIGH_B,,3.2
10.3030_101160608_full,deepseek,prompt_B,pi_main,PI+F_N+TOP_I+LOW_B,F_N,TOP_I,LOW_B,,3.3
10.3030_101160608_full,deepseek,prompt_B,pi_main,PI+M_N+LOW_I+HIGH_B,M_N,LOW_I,HIGH_B,,3.2
10.3030_101160608_full,deepseek,prompt_B,pi_main,PI+M_N+LOW_I+LOW_B,M_N,LOW_I,LOW_B,,3.2
10.3030_101160608_full,deepseek,prompt_B,pi_main,PI+M_N+TOP_I+HIGH_B,M_N,TOP_I,HIGH_B,,3.3
10.3030_101160608_full,deepseek,prompt_B,pi_main,PI+M_N+TOP_I+LOW_B,M_N,TOP_I,LOW_B,,3.3
10.3030_101160608_full,deepseek,prompt_C,ai_main,AI+AI_N,,,,AI_N,3.0
10.3030_101160608_full,deepseek,prompt_C,ai_main,AI+AI_Y,,,,AI_Y,3.1
10.3030_101160608_full,deepseek,prompt_C,blind_baseline,NONE,,,,,3.4
10.3030_101160608_full,deepseek,prompt_C,pi_main,PI+F_N+LOW_I+HIGH_B,F_N,LOW_I,HIGH_B,,3.3
10.3030_101160608_full,deepseek,prompt_C,pi_main,PI+F_N+LOW_I+LOW_B,F_N,LOW_I,LOW_B,,3.2
10.3030_101160608_full,deepseek,prompt_C,pi_main,PI+F_N+TOP_I+HIGH_B,F_N,TOP_I,HIGH_B,,3.4
10.3030_101160608_full,deepseek,prompt_C,pi_main,PI+F_N+TOP_I+LOW_B,F_N,TOP_I,LOW_B,,3.2
10.3030_101160608_full,deepseek,prompt_C,pi_main,PI+M_N+LOW_I+HIGH_B,M_N,LOW_I,HIGH_B,,3.1
10.3030_101160608_full,deepseek,prompt_C,pi_main,PI+M_N+LOW_I+LOW_B,M_N,LOW_I,LOW_B,,3.0
10.3030_101160608_full,deepseek,prompt_C,pi_main,PI+M_N+TOP_I+HIGH_B,M_N,TOP_I,HIGH_B,,3.2
10.3030_101160608_full,deepseek,prompt_C,pi_main,PI+M_N+TOP_I+LOW_B,M_N,TOP_I,LOW_B,,2.9
10.3030_101160608_full,gemma,prompt_A,ai_main,AI+AI_N,,,,AI_N,3.5
10.3030_101160608_full,gemma,prompt_A,ai_main,AI+AI_Y,,,,AI_Y,3.0
10.3030_101160608_full,gemma,prompt_A,blind_baseline,NONE,,,,,3.5
10.3030_101160608_full,gemma,prompt_A,pi_main,PI+F_N+LOW_I+HIGH_B,F_N,LOW_I,HIGH_B,,3.5
10.3030_101160608_full,gemma,prompt_A,pi_main,PI+F_N+LOW_I+LOW_B,F_N,LOW_I,LOW_B,,3.5
10.3030_101160608_full,gemma,prompt_A,pi_main,PI+F_N+TOP_I+HIGH_B,F_N,TOP_I,HIGH_B,,3.5
10.3030_101160608_full,gemma,prompt_A,pi_main,PI+F_N+TOP_I+LOW_B,F_N,TOP_I,LOW_B,,3.5
10.3030_101160608_full,gemma,prompt_A,pi_main,PI+M_N+LOW_I+HIGH_B,M_N,LOW_I,HIGH_B,,3.5
10.3030_101160608_full,gemma,prompt_A,pi_main,PI+M_N+LOW_I+LOW_B,M_N,LOW_I,LOW_B,,3.0
10.3030_101160608_full,gemma,prompt_A,pi_main,PI+M_N+TOP_I+HIGH_B,M_N,TOP_I,HIGH_B,,3.5
10.3030_101160608_full,gemma,prompt_A,pi_main,PI+M_N+TOP_I+LOW_B,M_N,TOP_I,LOW_B,,3.5
10.3030_101160608_full,gemma,prompt_B,ai_main,AI+AI_N,,,,AI_N,3.5
10.3030_101160608_full,gemma,prompt_B,ai_main,AI+AI_Y,,,,AI_Y,3.5
10.3030_101160608_full,gemma,prompt_B,blind_baseline,NONE,,,,,3.5
10.3030_101160608_full,gemma,prompt_B,pi_main,PI+F_N+LOW_I+HIGH_B,F_N,LOW_I,HIGH_B,,3.5
10.3030_101160608_full,gemma,prompt_B,pi_main,PI+F_N+LOW_I+LOW_B,F_N,LOW_I,LOW_B,,3.5
10.3030_101160608_full,gemma,prompt_B,pi_main,PI+F_N+TOP_I+HIGH_B,F_N,TOP_I,HIGH_B,,3.5
10.3030_101160608_full,gemma,prompt_B,pi_main,PI+F_N+TOP_I+LOW_B,F_N,TOP_I,LOW_B,,3.5
10.3030_101160608_full,gemma,prompt_B,pi_main,PI+M_N+LOW_I+HIGH_B,M_N,LOW_I,HIGH_B,,3.5
10.3030_101160608_full,gemma,prompt_B,pi_main,PI+M_N+LOW_I+LOW_B,M_N,LOW_I,LOW_B,,3.5
10.3030_101160608_full,gemma,prompt_B,pi_main,PI+M_N+TOP_I+HIGH_B,M_N,TOP_I,HIGH_B,,3.5
10.3030_101160608_full,gemma,prompt_B,pi_main,PI+M_N+TOP_I+LOW_B,M_N,TOP_I,LOW_B,,3.5
10.3030_101160608_full,gemma,prompt_C,ai_main,AI+AI_N,,,,AI_N,3.5
10.3030_101160608_full,gemma,prompt_C,ai_main,AI+AI_Y,,,,AI_Y,3.5
10.3030_101160608_full,gemma,prompt_C,blind_baseline,NONE,,,,,3.5
10.3030_101160608_full,gemma,prompt_C,pi_main,PI+F_N+LOW_I+HIGH_B,F_N,LOW_I,HIGH_B,,3.5
10.3030_101160608_full,gemma,prompt_C,pi_main,PI+F_N+LOW_I+LOW_B,F_N,LOW_I,LOW_B,,3.5
10.3030_101160608_full,gemma,prompt_C,pi_main,PI+F_N+TOP_I+HIGH_B,F_N,TOP_I,HIGH_B,,3.5
10.3030_101160608_full,gemma,prompt_C,pi_main,PI+F_N+TOP_I+LOW_B,F_N,TOP_I,LOW_B,,3.5
10.3030_101160608_full,gemma,prompt_C,pi_main,PI+M_N+LOW_I+HIGH_B,M_N,LOW_I,HIGH_B,,3.5
10.3030_101160608_full,gemma,prompt_C,pi_main,PI+M_N+LOW_I+LOW_B,M_N,LOW_I,LOW_B,,3.0
10.3030_101160608_full,gemma,prompt_C,pi_main,PI+M_N+TOP_I+HIGH_B,M_N,TOP_I,HIGH_B,,3.5
10.3030_101160608_full,gemma,prompt_C,pi_main,PI+M_N+TOP_I+LOW_B,M_N,TOP_I,LOW_B,,3.5
10.3030_101160608_full,glm,prompt_A,ai_main,AI+AI_N,,,,AI_N,3.2
10.3030_101160608_full,glm,prompt_A,ai_main,AI+AI_Y,,,,AI_Y,3.3
10.3030_101160608_full,glm,prompt_A,blind_baseline,NONE,,,,,3.2
10.3030_101160608_full,glm,prompt_A,pi_main,PI+F_N+LOW_I+HIGH_B,F_N,LOW_I,HIGH_B,,3.4
10.3030_101160608_full,glm,prompt_A,pi_main,PI+F_N+LOW_I+LOW_B,F_N,LOW_I,LOW_B,,3.0
10.3030_101160608_full,glm,prompt_A,pi_main,PI+F_N+TOP_I+HIGH_B,F_N,TOP_I,HIGH_B,,3.4
10.3030_101160608_full,glm,prompt_A,pi_main,PI+F_N+TOP_I+LOW_B,F_N,TOP_I,LOW_B,,3.2
10.3030_101160608_full,glm,prompt_A,pi_main,PI+M_N+LOW_I+HIGH_B,M_N,LOW_I,HIGH_B,,3.0
10.3030_101160608_full,glm,prompt_A,pi_main,PI+M_N+LOW_I+LOW_B,M_N,LOW_I,LOW_B,,3.0
10.3030_101160608_full,glm,prompt_A,pi_main,PI+M_N+TOP_I+HIGH_B,M_N,TOP_I,HIGH_B,,3.3
10.3030_101160608_full,glm,prompt_A,pi_main,PI+M_N+TOP_I+LOW_B,M_N,TOP_I,LOW_B,,3.0
10.3030_101160608_full,glm,prompt_B,ai_main,AI+AI_N,,,,AI_N,3.3
10.3030_101160608_full,glm,prompt_B,ai_main,AI+AI_Y,,,,AI_Y,3.3
10.3030_101160608_full,glm,prompt_B,blind_baseline,NONE,,,,,3.4
10.3030_101160608_full,glm,prompt_B,pi_main,PI+F_N+LOW_I+HIGH_B,F_N,LOW_I,HIGH_B,,3.6
10.3030_101160608_full,glm,prompt_B,pi_main,PI+F_N+LOW_I+LOW_B,F_N,LOW_I,LOW_B,,3.0
10.3030_101160608_full,glm,prompt_B,pi_main,PI+F_N+TOP_I+HIGH_B,F_N,TOP_I,HIGH_B,,3.3
10.3030_101160608_full,glm,prompt_B,pi_main,PI+F_N+TOP_I+LOW_B,F_N,TOP_I,LOW_B,,3.2
10.3030_101160608_full,glm,prompt_B,pi_main,PI+M_N+LOW_I+HIGH_B,M_N,LOW_I,HIGH_B,,3.4
10.3030_101160608_full,glm,prompt_B,pi_main,PI+M_N+LOW_I+LOW_B,M_N,LOW_I,LOW_B,,3.1
10.3030_101160608_full,glm,prompt_B,pi_main,PI+M_N+TOP_I+HIGH_B,M_N,TOP_I,HIGH_B,,3.5
10.3030_101160608_full,glm,prompt_B,pi_main,PI+M_N+TOP_I+LOW_B,M_N,TOP_I,LOW_B,,3.1
10.3030_101160608_full,glm,prompt_C,ai_main,AI+AI_N,,,,AI_N,3.3
10.3030_101160608_full,glm,prompt_C,ai_main,AI+AI_Y,,,,AI_Y,3.3
10.3030_101160608_full,glm,prompt_C,blind_baseline,NONE,,,,,3.4
10.3030_101160608_full,glm,prompt_C,pi_main,PI+F_N+LOW_I+HIGH_B,F_N,LOW_I,HIGH_B,,3.3
10.3030_101160608_full,glm,prompt_C,pi_main,PI+F_N+LOW_I+LOW_B,F_N,LOW_I,LOW_B,,3.0
10.3030_101160608_full,glm,prompt_C,pi_main,PI+F_N+TOP_I+HIGH_B,F_N,TOP_I,HIGH_B,,3.4
10.3030_101160608_full,glm,prompt_C,pi_main,PI+F_N+TOP_I+LOW_B,F_N,TOP_I,LOW_B,,3.1
10.3030_101160608_full,glm,prompt_C,pi_main,PI+M_N+LOW_I+HIGH_B,M_N,LOW_I,HIGH_B,,3.2
10.3030_101160608_full,glm,prompt_C,pi_main,PI+M_N+LOW_I+LOW_B,M_N,LOW_I,LOW_B,,3.0
10.3030_101160608_full,glm,prompt_C,pi_main,PI+M_N+TOP_I+HIGH_B,M_N,TOP_I,HIGH_B,,3.2
10.3030_101160608_full,glm,prompt_C,pi_main,PI+M_N+TOP_I+LOW_B,M_N,TOP_I,LOW_B,,3.2
10.3030_101160608_full,gpt,prompt_A,ai_main,AI+AI_N,,,,AI_N,3.5
10.3030_101160608_full,gpt,prompt_A,ai_main,AI+AI_Y,,,,AI_Y,3.5
10.3030_101160608_full,gpt,prompt_A,blind_baseline,NONE,,,,,3.5
10.3030_101160608_full,gpt,prompt_A,pi_main,PI+F_N+LOW_I+HIGH_B,F_N,LOW_I,HIGH_B,,3.5
10.3030_101160608_full,gpt,prompt_A,pi_main,PI+F_N+LOW_I+LOW_B,F_N,LOW_I,LOW_B,,3.5
10.3030_101160608_full,gpt,prompt_A,pi_main,PI+F_N+TOP_I+HIGH_B,F_N,TOP_I,HIGH_B,,3.5
10.3030_101160608_full,gpt,prompt_A,pi_main,PI+F_N+TOP_I+LOW_B,F_N,TOP_I,LOW_B,,3.5
10.3030_101160608_full,gpt,prompt_A,pi_main,PI+M_N+LOW_I+HIGH_B,M_N,LOW_I,HIGH_B,,3.5
10.3030_101160608_full,gpt,prompt_A,pi_main,PI+M_N+LOW_I+LOW_B,M_N,LOW_I,LOW_B,,3.5
10.3030_101160608_full,gpt,prompt_A,pi_main,PI+M_N+TOP_I+HIGH_B,M_N,TOP_I,HIGH_B,,3.5
10.3030_101160608_full,gpt,prompt_A,pi_main,PI+M_N+TOP_I+LOW_B,M_N,TOP_I,LOW_B,,3.5
10.3030_101160608_full,gpt,prompt_B,ai_main,AI+AI_N,,,,AI_N,3.5
10.3030_101160608_full,gpt,prompt_B,ai_main,AI+AI_Y,,,,AI_Y,3.5
10.3030_101160608_full,gpt,prompt_B,blind_baseline,NONE,,,,,3.5
10.3030_101160608_full,gpt,prompt_B,pi_main,PI+F_N+LOW_I+HIGH_B,F_N,LOW_I,HIGH_B,,3.5
10.3030_101160608_full,gpt,prompt_B,pi_main,PI+F_N+LOW_I+LOW_B,F_N,LOW_I,LOW_B,,3.5
10.3030_101160608_full,gpt,prompt_B,pi_main,PI+F_N+TOP_I+HIGH_B,F_N,TOP_I,HIGH_B,,3.5
10.3030_101160608_full,gpt,prompt_B,pi_main,PI+F_N+TOP_I+LOW_B,F_N,TOP_I,LOW_B,,3.5
10.3030_101160608_full,gpt,prompt_B,pi_main,PI+M_N+LOW_I+HIGH_B,M_N,LOW_I,HIGH_B,,3.5
10.3030_101160608_full,gpt,prompt_B,pi_main,PI+M_N+LOW_I+LOW_B,M_N,LOW_I,LOW_B,,3.5
10.3030_101160608_full,gpt,prompt_B,pi_main,PI+M_N+TOP_I+HIGH_B,M_N,TOP_I,HIGH_B,,3.5
10.3030_101160608_full,gpt,prompt_B,pi_main,PI+M_N+TOP_I+LOW_B,M_N,TOP_I,LOW_B,,3.5
10.3030_101160608_full,gpt,prompt_C,ai_main,AI+AI_N,,,,AI_N,3.5
10.3030_101160608_full,gpt,prompt_C,ai_main,AI+AI_Y,,,,AI_Y,3.5
10.3030_101160608_full,gpt,prompt_C,blind_baseline,NONE,,,,,3.5
10.3030_101160608_full,gpt,prompt_C,pi_main,PI+F_N+LOW_I+HIGH_B,F_N,LOW_I,HIGH_B,,3.5
10.3030_101160608_full,gpt,prompt_C,pi_main,PI+F_N+LOW_I+LOW_B,F_N,LOW_I,LOW_B,,3.5
10.3030_101160608_full,gpt,prompt_C,pi_main,PI+F_N+TOP_I+HIGH_B,F_N,TOP_I,HIGH_B,,3.5
10.3030_101160608_full,gpt,prompt_C,pi_main,PI+F_N+TOP_I+LOW_B,F_N,TOP_I,LOW_B,,3.5
10.3030_101160608_full,gpt,prompt_C,pi_main,PI+M_N+LOW_I+HIGH_B,M_N,LOW_I,HIGH_B,,3.5
10.3030_101160608_full,gpt,prompt_C,pi_main,PI+M_N+LOW_I+LOW_B,M_N,LOW_I,LOW_B,,3.5
10.3030_101160608_full,gpt,prompt_C,pi_main,PI+M_N+TOP_I+HIGH_B,M_N,TOP_I,HIGH_B,,3.5
10.3030_101160608_full,gpt,prompt_C,pi_main,PI+M_N+TOP_I+LOW_B,M_N,TOP_I,LOW_B,,3.5
10.3030_101160608_full,kimi,prompt_A,ai_main,AI+AI_N,,,,AI_N,3.6
10.3030_101160608_full,kimi,prompt_A,ai_main,AI+AI_Y,,,,AI_Y,3.5
10.3030_101160608_full,kimi,prompt_A,blind_baseline,NONE,,,,,3.7
10.3030_101160608_full,kimi,prompt_A,pi_main,PI+F_N+LOW_I+HIGH_B,F_N,LOW_I,HIGH_B,,3.5
10.3030_101160608_full,kimi,prompt_A,pi_main,PI+F_N+LOW_I+LOW_B,F_N,LOW_I,LOW_B,,3.5
10.3030_101160608_full,kimi,prompt_A,pi_main,PI+F_N+TOP_I+HIGH_B,F_N,TOP_I,HIGH_B,,3.5
10.3030_101160608_full,kimi,prompt_A,pi_main,PI+F_N+TOP_I+LOW_B,F_N,TOP_I,LOW_B,,3.5
10.3030_101160608_full,kimi,prompt_A,pi_main,PI+M_N+LOW_I+HIGH_B,M_N,LOW_I,HIGH_B,,3.4
10.3030_101160608_full,kimi,prompt_A,pi_main,PI+M_N+LOW_I+LOW_B,M_N,LOW_I,LOW_B,,3.3
10.3030_101160608_full,kimi,prompt_A,pi_main,PI+M_N+TOP_I+HIGH_B,M_N,TOP_I,HIGH_B,,3.5
10.3030_101160608_full,kimi,prompt_A,pi_main,PI+M_N+TOP_I+LOW_B,M_N,TOP_I,LOW_B,,3.4
10.3030_101160608_full,kimi,prompt_B,ai_main,AI+AI_N,,,,AI_N,3.6
10.3030_101160608_full,kimi,prompt_B,ai_main,AI+AI_Y,,,,AI_Y,3.5
10.3030_101160608_full,kimi,prompt_B,blind_baseline,NONE,,,,,3.6
10.3030_101160608_full,kimi,prompt_B,pi_main,PI+F_N+LOW_I+HIGH_B,F_N,LOW_I,HIGH_B,,3.5
10.3030_101160608_full,kimi,prompt_B,pi_main,PI+F_N+LOW_I+LOW_B,F_N,LOW_I,LOW_B,,3.5
10.3030_101160608_full,kimi,prompt_B,pi_main,PI+F_N+TOP_I+HIGH_B,F_N,TOP_I,HIGH_B,,3.7
10.3030_101160608_full,kimi,prompt_B,pi_main,PI+F_N+TOP_I+LOW_B,F_N,TOP_I,LOW_B,,3.5
10.3030_101160608_full,kimi,prompt_B,pi_main,PI+M_N+LOW_I+HIGH_B,M_N,LOW_I,HIGH_B,,3.5
10.3030_101160608_full,kimi,prompt_B,pi_main,PI+M_N+LOW_I+LOW_B,M_N,LOW_I,LOW_B,,3.4
10.3030_101160608_full,kimi,prompt_B,pi_main,PI+M_N+TOP_I+HIGH_B,M_N,TOP_I,HIGH_B,,3.7
10.3030_101160608_full,kimi,prompt_B,pi_main,PI+M_N+TOP_I+LOW_B,M_N,TOP_I,LOW_B,,3.5
10.3030_101160608_full,kimi,prompt_C,ai_main,AI+AI_N,,,,AI_N,3.8
10.3030_101160608_full,kimi,prompt_C,ai_main,AI+AI_Y,,,,AI_Y,3.7
10.3030_101160608_full,kimi,prompt_C,blind_baseline,NONE,,,,,3.8
10.3030_101160608_full,kimi,prompt_C,pi_main,PI+F_N+LOW_I+HIGH_B,F_N,LOW_I,HIGH_B,,3.6
10.3030_101160608_full,kimi,prompt_C,pi_main,PI+F_N+LOW_I+LOW_B,F_N,LOW_I,LOW_B,,3.5
10.3030_101160608_full,kimi,prompt_C,pi_main,PI+F_N+TOP_I+HIGH_B,F_N,TOP_I,HIGH_B,,3.6
10.3030_101160608_full,kimi,prompt_C,pi_main,PI+F_N+TOP_I+LOW_B,F_N,TOP_I,LOW_B,,3.6
10.3030_101160608_full,kimi,prompt_C,pi_main,PI+M_N+LOW_I+HIGH_B,M_N,LOW_I,HIGH_B,,3.5
10.3030_101160608_full,kimi,prompt_C,pi_main,PI+M_N+LOW_I+LOW_B,M_N,LOW_I,LOW_B,,3.5
10.3030_101160608_full,kimi,prompt_C,pi_main,PI+M_N+TOP_I+HIGH_B,M_N,TOP_I,HIGH_B,,3.5
10.3030_101160608_full,kimi,prompt_C,pi_main,PI+M_N+TOP_I+LOW_B,M_N,TOP_I,LOW_B,,3.5
10.3030_101160608_full,ministral,prompt_A,ai_main,AI+AI_N,,,,AI_N,3.5
10.3030_101160608_full,ministral,prompt_A,ai_main,AI+AI_Y,,,,AI_Y,3.5
10.3030_101160608_full,ministral,prompt_A,blind_baseline,NONE,,,,,3.5
10.3030_101160608_full,ministral,prompt_A,pi_main,PI+F_N+LOW_I+HIGH_B,F_N,LOW_I,HIGH_B,,3.5
10.3030_101160608_full,ministral,prompt_A,pi_main,PI+F_N+LOW_I+LOW_B,F_N,LOW_I,LOW_B,,3.5
10.3030_101160608_full,ministral,prompt_A,pi_main,PI+F_N+TOP_I+HIGH_B,F_N,TOP_I,HIGH_B,,3.5
10.3030_101160608_full,ministral,prompt_A,pi_main,PI+F_N+TOP_I+LOW_B,F_N,TOP_I,LOW_B,,3.5
10.3030_101160608_full,ministral,prompt_A,pi_main,PI+M_N+LOW_I+HIGH_B,M_N,LOW_I,HIGH_B,,3.5
10.3030_101160608_full,ministral,prompt_A,pi_main,PI+M_N+LOW_I+LOW_B,M_N,LOW_I,LOW_B,,3.5
10.3030_101160608_full,ministral,prompt_A,pi_main,PI+M_N+TOP_I+HIGH_B,M_N,TOP_I,HIGH_B,,3.5
10.3030_101160608_full,ministral,prompt_A,pi_main,PI+M_N+TOP_I+LOW_B,M_N,TOP_I,LOW_B,,3.5
10.3030_101160608_full,ministral,prompt_B,ai_main,AI+AI_N,,,,AI_N,4.0
10.3030_101160608_full,ministral,prompt_B,ai_main,AI+AI_Y,,,,AI_Y,3.5
10.3030_101160608_full,ministral,prompt_B,blind_baseline,NONE,,,,,3.5
10.3030_101160608_full,ministral,prompt_B,pi_main,PI+F_N+LOW_I+HIGH_B,F_N,LOW_I,HIGH_B,,3.5
10.3030_101160608_full,ministral,prompt_B,pi_main,PI+F_N+LOW_I+LOW_B,F_N,LOW_I,LOW_B,,3.5
10.3030_101160608_full,ministral,prompt_B,pi_main,PI+F_N+TOP_I+HIGH_B,F_N,TOP_I,HIGH_B,,4.0
10.3030_101160608_full,ministral,prompt_B,pi_main,PI+F_N+TOP_I+LOW_B,F_N,TOP_I,LOW_B,,3.5
10.3030_101160608_full,ministral,prompt_B,pi_main,PI+M_N+LOW_I+HIGH_B,M_N,LOW_I,HIGH_B,,3.5
10.3030_101160608_full,ministral,prompt_B,pi_main,PI+M_N+LOW_I+LOW_B,M_N,LOW_I,LOW_B,,3.5
10.3030_101160608_full,ministral,prompt_B,pi_main,PI+M_N+TOP_I+HIGH_B,M_N,TOP_I,HIGH_B,,3.5
10.3030_101160608_full,ministral,prompt_B,pi_main,PI+M_N+TOP_I+LOW_B,M_N,TOP_I,LOW_B,,3.5
10.3030_101160608_full,ministral,prompt_C,ai_main,AI+AI_N,,,,AI_N,4.0
10.3030_101160608_full,ministral,prompt_C,ai_main,AI+AI_Y,,,,AI_Y,3.5
10.3030_101160608_full,ministral,prompt_C,blind_baseline,NONE,,,,,4.0
10.3030_101160608_full,ministral,prompt_C,pi_main,PI+F_N+LOW_I+HIGH_B,F_N,LOW_I,HIGH_B,,3.5
10.3030_101160608_full,ministral,prompt_C,pi_main,PI+F_N+LOW_I+LOW_B,F_N,LOW_I,LOW_B,,3.5
10.3030_101160608_full,ministral,prompt_C,pi_main,PI+F_N+TOP_I+HIGH_B,F_N,TOP_I,HIGH_B,,3.5
10.3030_101160608_full,ministral,prompt_C,pi_main,PI+F_N+TOP_I+LOW_B,F_N,TOP_I,LOW_B,,3.5
10.3030_101160608_full,ministral,prompt_C,pi_main,PI+M_N+LOW_I+HIGH_B,M_N,LOW_I,HIGH_B,,3.5
10.3030_101160608_full,ministral,prompt_C,pi_main,PI+M_N+LOW_I+LOW_B,M_N,LOW_I,LOW_B,,3.5
10.3030_101160608_full,ministral,prompt_C,pi_main,PI+M_N+TOP_I+HIGH_B,M_N,TOP_I,HIGH_B,,3.5
10.3030_101160608_full,ministral,prompt_C,pi_main,PI+M_N+TOP_I+LOW_B,M_N,TOP_I,LOW_B,,3.5
10.3030_101160608_full,mistral,prompt_A,ai_main,AI+AI_N,,,,AI_N,3.9
10.3030_101160608_full,mistral,prompt_A,ai_main,AI+AI_Y,,,,AI_Y,3.7
10.3030_101160608_full,mistral,prompt_A,blind_baseline,NONE,,,,,3.6
10.3030_101160608_full,mistral,prompt_A,pi_main,PI+F_N+LOW_I+HIGH_B,F_N,LOW_I,HIGH_B,,3.8
10.3030_101160608_full,mistral,prompt_A,pi_main,PI+F_N+LOW_I+LOW_B,F_N,LOW_I,LOW_B,,3.5
10.3030_101160608_full,mistral,prompt_A,pi_main,PI+F_N+TOP_I+HIGH_B,F_N,TOP_I,HIGH_B,,3.8
10.3030_101160608_full,mistral,prompt_A,pi_main,PI+F_N+TOP_I+LOW_B,F_N,TOP_I,LOW_B,,3.6
10.3030_101160608_full,mistral,prompt_A,pi_main,PI+M_N+LOW_I+HIGH_B,M_N,LOW_I,HIGH_B,,3.7
10.3030_101160608_full,mistral,prompt_A,pi_main,PI+M_N+LOW_I+LOW_B,M_N,LOW_I,LOW_B,,3.5
10.3030_101160608_full,mistral,prompt_A,pi_main,PI+M_N+TOP_I+HIGH_B,M_N,TOP_I,HIGH_B,,3.7
10.3030_101160608_full,mistral,prompt_A,pi_main,PI+M_N+TOP_I+LOW_B,M_N,TOP_I,LOW_B,,3.6
10.3030_101160608_full,mistral,prompt_B,ai_main,AI+AI_N,,,,AI_N,3.8
10.3030_101160608_full,mistral,prompt_B,ai_main,AI+AI_Y,,,,AI_Y,3.7
10.3030_101160608_full,mistral,prompt_B,blind_baseline,NONE,,,,,3.6
10.3030_101160608_full,mistral,prompt_B,pi_main,PI+F_N+LOW_I+HIGH_B,F_N,LOW_I,HIGH_B,,3.9
10.3030_101160608_full,mistral,prompt_B,pi_main,PI+F_N+LOW_I+LOW_B,F_N,LOW_I,LOW_B,,3.6
10.3030_101160608_full,mistral,prompt_B,pi_main,PI+F_N+TOP_I+HIGH_B,F_N,TOP_I,HIGH_B,,3.9
10.3030_101160608_full,mistral,prompt_B,pi_main,PI+F_N+TOP_I+LOW_B,F_N,TOP_I,LOW_B,,3.8
10.3030_101160608_full,mistral,prompt_B,pi_main,PI+M_N+LOW_I+HIGH_B,M_N,LOW_I,HIGH_B,,3.8
10.3030_101160608_full,mistral,prompt_B,pi_main,PI+M_N+LOW_I+LOW_B,M_N,LOW_I,LOW_B,,3.7
10.3030_101160608_full,mistral,prompt_B,pi_main,PI+M_N+TOP_I+HIGH_B,M_N,TOP_I,HIGH_B,,3.9
10.3030_101160608_full,mistral,prompt_B,pi_main,PI+M_N+TOP_I+LOW_B,M_N,TOP_I,LOW_B,,3.7
10.3030_101160608_full,mistral,prompt_C,ai_main,AI+AI_N,,,,AI_N,3.7
10.3030_101160608_full,mistral,prompt_C,ai_main,AI+AI_Y,,,,AI_Y,3.9
10.3030_101160608_full,mistral,prompt_C,blind_baseline,NONE,,,,,3.8
10.3030_101160608_full,mistral,prompt_C,pi_main,PI+F_N+LOW_I+HIGH_B,F_N,LOW_I,HIGH_B,,3.8
10.3030_101160608_full,mistral,prompt_C,pi_main,PI+F_N+LOW_I+LOW_B,F_N,LOW_I,LOW_B,,3.6
10.3030_101160608_full,mistral,prompt_C,pi_main,PI+F_N+TOP_I+HIGH_B,F_N,TOP_I,HIGH_B,,3.7
10.3030_101160608_full,mistral,prompt_C,pi_main,PI+F_N+TOP_I+LOW_B,F_N,TOP_I,LOW_B,,3.5
10.3030_101160608_full,mistral,prompt_C,pi_main,PI+M_N+LOW_I+HIGH_B,M_N,LOW_I,HIGH_B,,3.7
10.3030_101160608_full,mistral,prompt_C,pi_main,PI+M_N+LOW_I+LOW_B,M_N,LOW_I,LOW_B,,3.5
10.3030_101160608_full,mistral,prompt_C,pi_main,PI+M_N+TOP_I+HIGH_B,M_N,TOP_I,HIGH_B,,3.7
10.3030_101160608_full,mistral,prompt_C,pi_main,PI+M_N+TOP_I+LOW_B,M_N,TOP_I,LOW_B,,3.6
10.3030_101160608_full,phi,prompt_A,ai_main,AI+AI_N,,,,AI_N,3.5
10.3030_101160608_full,phi,prompt_A,ai_main,AI+AI_Y,,,,AI_Y,3.5
10.3030_101160608_full,phi,prompt_A,blind_baseline,NONE,,,,,3.5
10.3030_101160608_full,phi,prompt_A,pi_main,PI+F_N+LOW_I+HIGH_B,F_N,LOW_I,HIGH_B,,3.5
10.3030_101160608_full,phi,prompt_A,pi_main,PI+F_N+LOW_I+LOW_B,F_N,LOW_I,LOW_B,,3.5
10.3030_101160608_full,phi,prompt_A,pi_main,PI+F_N+TOP_I+HIGH_B,F_N,TOP_I,HIGH_B,,3.5
10.3030_101160608_full,phi,prompt_A,pi_main,PI+F_N+TOP_I+LOW_B,F_N,TOP_I,LOW_B,,3.5
10.3030_101160608_full,phi,prompt_A,pi_main,PI+M_N+LOW_I+HIGH_B,M_N,LOW_I,HIGH_B,,3.5
10.3030_101160608_full,phi,prompt_A,pi_main,PI+M_N+LOW_I+LOW_B,M_N,LOW_I,LOW_B,,3.5
10.3030_101160608_full,phi,prompt_A,pi_main,PI+M_N+TOP_I+HIGH_B,M_N,TOP_I,HIGH_B,,3.5
10.3030_101160608_full,phi,prompt_A,pi_main,PI+M_N+TOP_I+LOW_B,M_N,TOP_I,LOW_B,,3.5
10.3030_101160608_full,phi,prompt_B,ai_main,AI+AI_N,,,,AI_N,3.5
10.3030_101160608_full,phi,prompt_B,ai_main,AI+AI_Y,,,,AI_Y,3.5
10.3030_101160608_full,phi,prompt_B,blind_baseline,NONE,,,,,3.5
10.3030_101160608_full,phi,prompt_B,pi_main,PI+F_N+LOW_I+HIGH_B,F_N,LOW_I,HIGH_B,,3.5
10.3030_101160608_full,phi,prompt_B,pi_main,PI+F_N+LOW_I+LOW_B,F_N,LOW_I,LOW_B,,3.5
10.3030_101160608_full,phi,prompt_B,pi_main,PI+F_N+TOP_I+HIGH_B,F_N,TOP_I,HIGH_B,,3.5
10.3030_101160608_full,phi,prompt_B,pi_main,PI+F_N+TOP_I+LOW_B,F_N,TOP_I,LOW_B,,3.5
10.3030_101160608_full,phi,prompt_B,pi_main,PI+M_N+LOW_I+HIGH_B,M_N,LOW_I,HIGH_B,,3.5
10.3030_101160608_full,phi,prompt_B,pi_main,PI+M_N+LOW_I+LOW_B,M_N,LOW_I,LOW_B,,3.5
10.3030_101160608_full,phi,prompt_B,pi_main,PI+M_N+TOP_I+HIGH_B,M_N,TOP_I,HIGH_B,,3.5
10.3030_101160608_full,phi,prompt_B,pi_main,PI+M_N+TOP_I+LOW_B,M_N,TOP_I,LOW_B,,3.5
10.3030_101160608_full,phi,prompt_C,ai_main,AI+AI_N,,,,AI_N,3.5
10.3030_101160608_full,phi,prompt_C,ai_main,AI+AI_Y,,,,AI_Y,3.5
10.3030_101160608_full,phi,prompt_C,blind_baseline,NONE,,,,,3.5
10.3030_101160608_full,phi,prompt_C,pi_main,PI+F_N+LOW_I+HIGH_B,F_N,LOW_I,HIGH_B,,3.5
10.3030_101160608_full,phi,prompt_C,pi_main,PI+F_N+LOW_I+LOW_B,F_N,LOW_I,LOW_B,,3.5
10.3030_101160608_full,phi,prompt_C,pi_main,PI+F_N+TOP_I+HIGH_B,F_N,TOP_I,HIGH_B,,3.5
10.3030_101160608_full,phi,prompt_C,pi_main,PI+F_N+TOP_I+LOW_B,F_N,TOP_I,LOW_B,,3.5
10.3030_101160608_full,phi,prompt_C,pi_main,PI+M_N+LOW_I+HIGH_B,M_N,LOW_I,HIGH_B,,3.5
10.3030_101160608_full,phi,prompt_C,pi_main,PI+M_N+LOW_I+LOW_B,M_N,LOW_I,LOW_B,,3.5
10.3030_101160608_full,phi,prompt_C,pi_main,PI+M_N+TOP_I+HIGH_B,M_N,TOP_I,HIGH_B,,3.5
10.3030_101160608_full,phi,prompt_C,pi_main,PI+M_N+TOP_I+LOW_B,M_N,TOP_I,LOW_B,,3.5
10.3030_101161294_full,deepseek,prompt_A,ai_main,AI+AI_N,,,,AI_N,3.4
10.3030_101161294_full,deepseek,prompt_A,ai_main,AI+AI_Y,,,,AI_Y,3.0
10.3030_101161294_full,deepseek,prompt_A,blind_baseline,NONE,,,,,3.1
10.3030_101161294_full,deepseek,prompt_A,pi_main,PI+F_N+LOW_I+HIGH_B,F_N,LOW_I,HIGH_B,,3.5
10.3030_101161294_full,deepseek,prompt_A,pi_main,PI+F_N+LOW_I+LOW_B,F_N,LOW_I,LOW_B,,3.2
10.3030_101161294_full,deepseek,prompt_A,pi_main,PI+F_N+TOP_I+HIGH_B,F_N,TOP_I,HIGH_B,,3.5
10.3030_101161294_full,deepseek,prompt_A,pi_main,PI+F_N+TOP_I+LOW_B,F_N,TOP_I,LOW_B,,3.4
10.3030_101161294_full,deepseek,prompt_A,pi_main,PI+M_N+LOW_I+HIGH_B,M_N,LOW_I,HIGH_B,,3.7
10.3030_101161294_full,deepseek,prompt_A,pi_main,PI+M_N+LOW_I+LOW_B,M_N,LOW_I,LOW_B,,3.4
10.3030_101161294_full,deepseek,prompt_A,pi_main,PI+M_N+TOP_I+HIGH_B,M_N,TOP_I,HIGH_B,,3.7
10.3030_101161294_full,deepseek,prompt_A,pi_main,PI+M_N+TOP_I+LOW_B,M_N,TOP_I,LOW_B,,3.4
10.3030_101161294_full,deepseek,prompt_B,ai_main,AI+AI_N,,,,AI_N,3.2
10.3030_101161294_full,deepseek,prompt_B,ai_main,AI+AI_Y,,,,AI_Y,3.5
10.3030_101161294_full,deepseek,prompt_B,blind_baseline,NONE,,,,,3.4
10.3030_101161294_full,deepseek,prompt_B,pi_main,PI+F_N+LOW_I+HIGH_B,F_N,LOW_I,HIGH_B,,3.3
10.3030_101161294_full,deepseek,prompt_B,pi_main,PI+F_N+LOW_I+LOW_B,F_N,LOW_I,LOW_B,,3.3
10.3030_101161294_full,deepseek,prompt_B,pi_main,PI+F_N+TOP_I+HIGH_B,F_N,TOP_I,HIGH_B,,3.1
10.3030_101161294_full,deepseek,prompt_B,pi_main,PI+F_N+TOP_I+LOW_B,F_N,TOP_I,LOW_B,,3.5
10.3030_101161294_full,deepseek,prompt_B,pi_main,PI+M_N+LOW_I+HIGH_B,M_N,LOW_I,HIGH_B,,3.4
10.3030_101161294_full,deepseek,prompt_B,pi_main,PI+M_N+LOW_I+LOW_B,M_N,LOW_I,LOW_B,,3.1
10.3030_101161294_full,deepseek,prompt_B,pi_main,PI+M_N+TOP_I+HIGH_B,M_N,TOP_I,HIGH_B,,3.3
10.3030_101161294_full,deepseek,prompt_B,pi_main,PI+M_N+TOP_I+LOW_B,M_N,TOP_I,LOW_B,,3.2
10.3030_101161294_full,deepseek,prompt_C,ai_main,AI+AI_N,,,,AI_N,3.5
10.3030_101161294_full,deepseek,prompt_C,ai_main,AI+AI_Y,,,,AI_Y,3.4
10.3030_101161294_full,deepseek,prompt_C,blind_baseline,NONE,,,,,3.3
10.3030_101161294_full,deepseek,prompt_C,pi_main,PI+F_N+LOW_I+HIGH_B,F_N,LOW_I,HIGH_B,,3.5
10.3030_101161294_full,deepseek,prompt_C,pi_main,PI+F_N+LOW_I+LOW_B,F_N,LOW_I,LOW_B,,3.5
10.3030_101161294_full,deepseek,prompt_C,pi_main,PI+F_N+TOP_I+HIGH_B,F_N,TOP_I,HIGH_B,,3.5
10.3030_101161294_full,deepseek,prompt_C,pi_main,PI+F_N+TOP_I+LOW_B,F_N,TOP_I,LOW_B,,3.5
10.3030_101161294_full,deepseek,prompt_C,pi_main,PI+M_N+LOW_I+HIGH_B,M_N,LOW_I,HIGH_B,,3.5
10.3030_101161294_full,deepseek,prompt_C,pi_main,PI+M_N+LOW_I+LOW_B,M_N,LOW_I,LOW_B,,3.5
10.3030_101161294_full,deepseek,prompt_C,pi_main,PI+M_N+TOP_I+HIGH_B,M_N,TOP_I,HIGH_B,,3.4
10.3030_101161294_full,deepseek,prompt_C,pi_main,PI+M_N+TOP_I+LOW_B,M_N,TOP_I,LOW_B,,3.3
10.3030_101161294_full,gemma,prompt_A,ai_main,AI+AI_N,,,,AI_N,3.5
10.3030_101161294_full,gemma,prompt_A,ai_main,AI+AI_Y,,,,AI_Y,3.5
10.3030_101161294_full,gemma,prompt_A,blind_baseline,NONE,,,,,3.5
10.3030_101161294_full,gemma,prompt_A,pi_main,PI+F_N+LOW_I+HIGH_B,F_N,LOW_I,HIGH_B,,3.0
10.3030_101161294_full,gemma,prompt_A,pi_main,PI+F_N+LOW_I+LOW_B,F_N,LOW_I,LOW_B,,3.0
10.3030_101161294_full,gemma,prompt_A,pi_main,PI+F_N+TOP_I+HIGH_B,F_N,TOP_I,HIGH_B,,3.0
10.3030_101161294_full,gemma,prompt_A,pi_main,PI+F_N+TOP_I+LOW_B,F_N,TOP_I,LOW_B,,3.0
10.3030_101161294_full,gemma,prompt_A,pi_main,PI+M_N+LOW_I+HIGH_B,M_N,LOW_I,HIGH_B,,3.0
10.3030_101161294_full,gemma,prompt_A,pi_main,PI+M_N+LOW_I+LOW_B,M_N,LOW_I,LOW_B,,3.0
10.3030_101161294_full,gemma,prompt_A,pi_main,PI+M_N+TOP_I+HIGH_B,M_N,TOP_I,HIGH_B,,3.0
10.3030_101161294_full,gemma,prompt_A,pi_main,PI+M_N+TOP_I+LOW_B,M_N,TOP_I,LOW_B,,3.0
10.3030_101161294_full,gemma,prompt_B,ai_main,AI+AI_N,,,,AI_N,3.5
10.3030_101161294_full,gemma,prompt_B,ai_main,AI+AI_Y,,,,AI_Y,3.4
10.3030_101161294_full,gemma,prompt_B,blind_baseline,NONE,,,,,3.5
10.3030_101161294_full,gemma,prompt_B,pi_main,PI+F_N+LOW_I+HIGH_B,F_N,LOW_I,HIGH_B,,3.0
10.3030_101161294_full,gemma,prompt_B,pi_main,PI+F_N+LOW_I+LOW_B,F_N,LOW_I,LOW_B,,3.0
10.3030_101161294_full,gemma,prompt_B,pi_main,PI+F_N+TOP_I+HIGH_B,F_N,TOP_I,HIGH_B,,3.0
10.3030_101161294_full,gemma,prompt_B,pi_main,PI+F_N+TOP_I+LOW_B,F_N,TOP_I,LOW_B,,3.0
10.3030_101161294_full,gemma,prompt_B,pi_main,PI+M_N+LOW_I+HIGH_B,M_N,LOW_I,HIGH_B,,3.0
10.3030_101161294_full,gemma,prompt_B,pi_main,PI+M_N+LOW_I+LOW_B,M_N,LOW_I,LOW_B,,3.0
10.3030_101161294_full,gemma,prompt_B,pi_main,PI+M_N+TOP_I+HIGH_B,M_N,TOP_I,HIGH_B,,3.0
10.3030_101161294_full,gemma,prompt_B,pi_main,PI+M_N+TOP_I+LOW_B,M_N,TOP_I,LOW_B,,3.0
10.3030_101161294_full,gemma,prompt_C,ai_main,AI+AI_N,,,,AI_N,3.4
10.3030_101161294_full,gemma,prompt_C,ai_main,AI+AI_Y,,,,AI_Y,3.5
10.3030_101161294_full,gemma,prompt_C,blind_baseline,NONE,,,,,3.5
10.3030_101161294_full,gemma,prompt_C,pi_main,PI+F_N+LOW_I+HIGH_B,F_N,LOW_I,HIGH_B,,3.5
10.3030_101161294_full,gemma,prompt_C,pi_main,PI+F_N+LOW_I+LOW_B,F_N,LOW_I,LOW_B,,3.0
10.3030_101161294_full,gemma,prompt_C,pi_main,PI+F_N+TOP_I+HIGH_B,F_N,TOP_I,HIGH_B,,3.5
10.3030_101161294_full,gemma,prompt_C,pi_main,PI+F_N+TOP_I+LOW_B,F_N,TOP_I,LOW_B,,3.0
10.3030_101161294_full,gemma,prompt_C,pi_main,PI+M_N+LOW_I+HIGH_B,M_N,LOW_I,HIGH_B,,3.5
10.3030_101161294_full,gemma,prompt_C,pi_main,PI+M_N+LOW_I+LOW_B,M_N,LOW_I,LOW_B,,3.0
10.3030_101161294_full,gemma,prompt_C,pi_main,PI+M_N+TOP_I+HIGH_B,M_N,TOP_I,HIGH_B,,3.5
10.3030_101161294_full,gemma,prompt_C,pi_main,PI+M_N+TOP_I+LOW_B,M_N,TOP_I,LOW_B,,3.0
10.3030_101161294_full,glm,prompt_A,ai_main,AI+AI_N,,,,AI_N,3.5
10.3030_101161294_full,glm,prompt_A,ai_main,AI+AI_Y,,,,AI_Y,3.5
10.3030_101161294_full,glm,prompt_A,blind_baseline,NONE,,,,,3.7
10.3030_101161294_full,glm,prompt_A,pi_main,PI+F_N+LOW_I+HIGH_B,F_N,LOW_I,HIGH_B,,3.5
10.3030_101161294_full,glm,prompt_A,pi_main,PI+F_N+LOW_I+LOW_B,F_N,LOW_I,LOW_B,,3.1
10.3030_101161294_full,glm,prompt_A,pi_main,PI+F_N+TOP_I+HIGH_B,F_N,TOP_I,HIGH_B,,3.5
10.3030_101161294_full,glm,prompt_A,pi_main,PI+F_N+TOP_I+LOW_B,F_N,TOP_I,LOW_B,,3.1
10.3030_101161294_full,glm,prompt_A,pi_main,PI+M_N+LOW_I+HIGH_B,M_N,LOW_I,HIGH_B,,3.5
10.3030_101161294_full,glm,prompt_A,pi_main,PI+M_N+LOW_I+LOW_B,M_N,LOW_I,LOW_B,,3.0
10.3030_101161294_full,glm,prompt_A,pi_main,PI+M_N+TOP_I+HIGH_B,M_N,TOP_I,HIGH_B,,3.6
10.3030_101161294_full,glm,prompt_A,pi_main,PI+M_N+TOP_I+LOW_B,M_N,TOP_I,LOW_B,,3.2
10.3030_101161294_full,glm,prompt_B,ai_main,AI+AI_N,,,,AI_N,3.7
10.3030_101161294_full,glm,prompt_B,ai_main,AI+AI_Y,,,,AI_Y,3.6
10.3030_101161294_full,glm,prompt_B,blind_baseline,NONE,,,,,3.7
10.3030_101161294_full,glm,prompt_B,pi_main,PI+F_N+LOW_I+HIGH_B,F_N,LOW_I,HIGH_B,,3.6
10.3030_101161294_full,glm,prompt_B,pi_main,PI+F_N+LOW_I+LOW_B,F_N,LOW_I,LOW_B,,3.2
10.3030_101161294_full,glm,prompt_B,pi_main,PI+F_N+TOP_I+HIGH_B,F_N,TOP_I,HIGH_B,,3.7
10.3030_101161294_full,glm,prompt_B,pi_main,PI+F_N+TOP_I+LOW_B,F_N,TOP_I,LOW_B,,3.5
10.3030_101161294_full,glm,prompt_B,pi_main,PI+M_N+LOW_I+HIGH_B,M_N,LOW_I,HIGH_B,,3.7
10.3030_101161294_full,glm,prompt_B,pi_main,PI+M_N+LOW_I+LOW_B,M_N,LOW_I,LOW_B,,3.3
10.3030_101161294_full,glm,prompt_B,pi_main,PI+M_N+TOP_I+HIGH_B,M_N,TOP_I,HIGH_B,,3.5
10.3030_101161294_full,glm,prompt_B,pi_main,PI+M_N+TOP_I+LOW_B,M_N,TOP_I,LOW_B,,3.6
10.3030_101161294_full,glm,prompt_C,ai_main,AI+AI_N,,,,AI_N,3.6
10.3030_101161294_full,glm,prompt_C,ai_main,AI+AI_Y,,,,AI_Y,3.5
10.3030_101161294_full,glm,prompt_C,blind_baseline,NONE,,,,,3.7
10.3030_101161294_full,glm,prompt_C,pi_main,PI+F_N+LOW_I+HIGH_B,F_N,LOW_I,HIGH_B,,3.7
10.3030_101161294_full,glm,prompt_C,pi_main,PI+F_N+LOW_I+LOW_B,F_N,LOW_I,LOW_B,,3.5
10.3030_101161294_full,glm,prompt_C,pi_main,PI+F_N+TOP_I+HIGH_B,F_N,TOP_I,HIGH_B,,3.6
10.3030_101161294_full,glm,prompt_C,pi_main,PI+F_N+TOP_I+LOW_B,F_N,TOP_I,LOW_B,,3.5
10.3030_101161294_full,glm,prompt_C,pi_main,PI+M_N+LOW_I+HIGH_B,M_N,LOW_I,HIGH_B,,3.7
10.3030_101161294_full,glm,prompt_C,pi_main,PI+M_N+LOW_I+LOW_B,M_N,LOW_I,LOW_B,,3.5
10.3030_101161294_full,glm,prompt_C,pi_main,PI+M_N+TOP_I+HIGH_B,M_N,TOP_I,HIGH_B,,3.7
10.3030_101161294_full,glm,prompt_C,pi_main,PI+M_N+TOP_I+LOW_B,M_N,TOP_I,LOW_B,,3.5
10.3030_101161294_full,gpt,prompt_A,ai_main,AI+AI_N,,,,AI_N,3.5
10.3030_101161294_full,gpt,prompt_A,ai_main,AI+AI_Y,,,,AI_Y,3.5
10.3030_101161294_full,gpt,prompt_A,blind_baseline,NONE,,,,,3.7
10.3030_101161294_full,gpt,prompt_A,pi_main,PI+F_N+LOW_I+HIGH_B,F_N,LOW_I,HIGH_B,,3.5
10.3030_101161294_full,gpt,prompt_A,pi_main,PI+F_N+LOW_I+LOW_B,F_N,LOW_I,LOW_B,,3.5
10.3030_101161294_full,gpt,prompt_A,pi_main,PI+F_N+TOP_I+HIGH_B,F_N,TOP_I,HIGH_B,,3.5
10.3030_101161294_full,gpt,prompt_A,pi_main,PI+F_N+TOP_I+LOW_B,F_N,TOP_I,LOW_B,,3.5
10.3030_101161294_full,gpt,prompt_A,pi_main,PI+M_N+LOW_I+HIGH_B,M_N,LOW_I,HIGH_B,,3.5
10.3030_101161294_full,gpt,prompt_A,pi_main,PI+M_N+LOW_I+LOW_B,M_N,LOW_I,LOW_B,,3.5
10.3030_101161294_full,gpt,prompt_A,pi_main,PI+M_N+TOP_I+HIGH_B,M_N,TOP_I,HIGH_B,,3.5
10.3030_101161294_full,gpt,prompt_A,pi_main,PI+M_N+TOP_I+LOW_B,M_N,TOP_I,LOW_B,,3.5
10.3030_101161294_full,gpt,prompt_B,ai_main,AI+AI_N,,,,AI_N,3.5
10.3030_101161294_full,gpt,prompt_B,ai_main,AI+AI_Y,,,,AI_Y,3.5
10.3030_101161294_full,gpt,prompt_B,blind_baseline,NONE,,,,,3.5
10.3030_101161294_full,gpt,prompt_B,pi_main,PI+F_N+LOW_I+HIGH_B,F_N,LOW_I,HIGH_B,,3.5
10.3030_101161294_full,gpt,prompt_B,pi_main,PI+F_N+LOW_I+LOW_B,F_N,LOW_I,LOW_B,,3.5
10.3030_101161294_full,gpt,prompt_B,pi_main,PI+F_N+TOP_I+HIGH_B,F_N,TOP_I,HIGH_B,,3.5
10.3030_101161294_full,gpt,prompt_B,pi_main,PI+F_N+TOP_I+LOW_B,F_N,TOP_I,LOW_B,,3.5
10.3030_101161294_full,gpt,prompt_B,pi_main,PI+M_N+LOW_I+HIGH_B,M_N,LOW_I,HIGH_B,,3.5
10.3030_101161294_full,gpt,prompt_B,pi_main,PI+M_N+LOW_I+LOW_B,M_N,LOW_I,LOW_B,,3.5
10.3030_101161294_full,gpt,prompt_B,pi_main,PI+M_N+TOP_I+HIGH_B,M_N,TOP_I,HIGH_B,,4.0
10.3030_101161294_full,gpt,prompt_B,pi_main,PI+M_N+TOP_I+LOW_B,M_N,TOP_I,LOW_B,,3.5
10.3030_101161294_full,gpt,prompt_C,ai_main,AI+AI_N,,,,AI_N,3.6
10.3030_101161294_full,gpt,prompt_C,ai_main,AI+AI_Y,,,,AI_Y,3.5
10.3030_101161294_full,gpt,prompt_C,blind_baseline,NONE,,,,,3.7
10.3030_101161294_full,gpt,prompt_C,pi_main,PI+F_N+LOW_I+HIGH_B,F_N,LOW_I,HIGH_B,,3.5
10.3030_101161294_full,gpt,prompt_C,pi_main,PI+F_N+LOW_I+LOW_B,F_N,LOW_I,LOW_B,,3.5
10.3030_101161294_full,gpt,prompt_C,pi_main,PI+F_N+TOP_I+HIGH_B,F_N,TOP_I,HIGH_B,,3.5
10.3030_101161294_full,gpt,prompt_C,pi_main,PI+F_N+TOP_I+LOW_B,F_N,TOP_I,LOW_B,,3.5
10.3030_101161294_full,gpt,prompt_C,pi_main,PI+M_N+LOW_I+HIGH_B,M_N,LOW_I,HIGH_B,,3.5
10.3030_101161294_full,gpt,prompt_C,pi_main,PI+M_N+LOW_I+LOW_B,M_N,LOW_I,LOW_B,,3.5
10.3030_101161294_full,gpt,prompt_C,pi_main,PI+M_N+TOP_I+HIGH_B,M_N,TOP_I,HIGH_B,,3.7
10.3030_101161294_full,gpt,prompt_C,pi_main,PI+M_N+TOP_I+LOW_B,M_N,TOP_I,LOW_B,,3.5
10.3030_101161294_full,kimi,prompt_A,ai_main,AI+AI_N,,,,AI_N,3.6
10.3030_101161294_full,kimi,prompt_A,ai_main,AI+AI_Y,,,,AI_Y,3.6
10.3030_101161294_full,kimi,prompt_A,blind_baseline,NONE,,,,,3.9
10.3030_101161294_full,kimi,prompt_A,pi_main,PI+F_N+LOW_I+HIGH_B,F_N,LOW_I,HIGH_B,,3.6
10.3030_101161294_full,kimi,prompt_A,pi_main,PI+F_N+LOW_I+LOW_B,F_N,LOW_I,LOW_B,,3.5
10.3030_101161294_full,kimi,prompt_A,pi_main,PI+F_N+TOP_I+HIGH_B,F_N,TOP_I,HIGH_B,,3.6
10.3030_101161294_full,kimi,prompt_A,pi_main,PI+F_N+TOP_I+LOW_B,F_N,TOP_I,LOW_B,,3.5
10.3030_101161294_full,kimi,prompt_A,pi_main,PI+M_N+LOW_I+HIGH_B,M_N,LOW_I,HIGH_B,,3.5
10.3030_101161294_full,kimi,prompt_A,pi_main,PI+M_N+LOW_I+LOW_B,M_N,LOW_I,LOW_B,,3.5
10.3030_101161294_full,kimi,prompt_A,pi_main,PI+M_N+TOP_I+HIGH_B,M_N,TOP_I,HIGH_B,,3.8
10.3030_101161294_full,kimi,prompt_A,pi_main,PI+M_N+TOP_I+LOW_B,M_N,TOP_I,LOW_B,,3.5
10.3030_101161294_full,kimi,prompt_B,ai_main,AI+AI_N,,,,AI_N,3.7
10.3030_101161294_full,kimi,prompt_B,ai_main,AI+AI_Y,,,,AI_Y,3.6
10.3030_101161294_full,kimi,prompt_B,blind_baseline,NONE,,,,,3.8
10.3030_101161294_full,kimi,prompt_B,pi_main,PI+F_N+LOW_I+HIGH_B,F_N,LOW_I,HIGH_B,,3.5
10.3030_101161294_full,kimi,prompt_B,pi_main,PI+F_N+LOW_I+LOW_B,F_N,LOW_I,LOW_B,,3.6
10.3030_101161294_full,kimi,prompt_B,pi_main,PI+F_N+TOP_I+HIGH_B,F_N,TOP_I,HIGH_B,,3.8
10.3030_101161294_full,kimi,prompt_B,pi_main,PI+F_N+TOP_I+LOW_B,F_N,TOP_I,LOW_B,,3.6
10.3030_101161294_full,kimi,prompt_B,pi_main,PI+M_N+LOW_I+HIGH_B,M_N,LOW_I,HIGH_B,,3.6
10.3030_101161294_full,kimi,prompt_B,pi_main,PI+M_N+LOW_I+LOW_B,M_N,LOW_I,LOW_B,,3.6
10.3030_101161294_full,kimi,prompt_B,pi_main,PI+M_N+TOP_I+HIGH_B,M_N,TOP_I,HIGH_B,,3.8
10.3030_101161294_full,kimi,prompt_B,pi_main,PI+M_N+TOP_I+LOW_B,M_N,TOP_I,LOW_B,,3.6
10.3030_101161294_full,kimi,prompt_C,ai_main,AI+AI_N,,,,AI_N,3.9
10.3030_101161294_full,kimi,prompt_C,ai_main,AI+AI_Y,,,,AI_Y,3.7
10.3030_101161294_full,kimi,prompt_C,blind_baseline,NONE,,,,,3.6
10.3030_101161294_full,kimi,prompt_C,pi_main,PI+F_N+LOW_I+HIGH_B,F_N,LOW_I,HIGH_B,,3.6
10.3030_101161294_full,kimi,prompt_C,pi_main,PI+F_N+LOW_I+LOW_B,F_N,LOW_I,LOW_B,,3.6
10.3030_101161294_full,kimi,prompt_C,pi_main,PI+F_N+TOP_I+HIGH_B,F_N,TOP_I,HIGH_B,,3.6
10.3030_101161294_full,kimi,prompt_C,pi_main,PI+F_N+TOP_I+LOW_B,F_N,TOP_I,LOW_B,,3.6
10.3030_101161294_full,kimi,prompt_C,pi_main,PI+M_N+LOW_I+HIGH_B,M_N,LOW_I,HIGH_B,,3.5
10.3030_101161294_full,kimi,prompt_C,pi_main,PI+M_N+LOW_I+LOW_B,M_N,LOW_I,LOW_B,,3.5
10.3030_101161294_full,kimi,prompt_C,pi_main,PI+M_N+TOP_I+HIGH_B,M_N,TOP_I,HIGH_B,,3.7
10.3030_101161294_full,kimi,prompt_C,pi_main,PI+M_N+TOP_I+LOW_B,M_N,TOP_I,LOW_B,,3.6
10.3030_101161294_full,ministral,prompt_A,ai_main,AI+AI_N,,,,AI_N,4.0
10.3030_101161294_full,ministral,prompt_A,ai_main,AI+AI_Y,,,,AI_Y,4.0
10.3030_101161294_full,ministral,prompt_A,blind_baseline,NONE,,,,,3.5
10.3030_101161294_full,ministral,prompt_A,pi_main,PI+F_N+LOW_I+HIGH_B,F_N,LOW_I,HIGH_B,,3.5
10.3030_101161294_full,ministral,prompt_A,pi_main,PI+F_N+LOW_I+LOW_B,F_N,LOW_I,LOW_B,,3.5
10.3030_101161294_full,ministral,prompt_A,pi_main,PI+F_N+TOP_I+HIGH_B,F_N,TOP_I,HIGH_B,,4.0
10.3030_101161294_full,ministral,prompt_A,pi_main,PI+F_N+TOP_I+LOW_B,F_N,TOP_I,LOW_B,,3.5
10.3030_101161294_full,ministral,prompt_A,pi_main,PI+M_N+LOW_I+HIGH_B,M_N,LOW_I,HIGH_B,,3.5
10.3030_101161294_full,ministral,prompt_A,pi_main,PI+M_N+LOW_I+LOW_B,M_N,LOW_I,LOW_B,,3.5
10.3030_101161294_full,ministral,prompt_A,pi_main,PI+M_N+TOP_I+HIGH_B,M_N,TOP_I,HIGH_B,,3.5
10.3030_101161294_full,ministral,prompt_A,pi_main,PI+M_N+TOP_I+LOW_B,M_N,TOP_I,LOW_B,,3.5
10.3030_101161294_full,ministral,prompt_B,ai_main,AI+AI_N,,,,AI_N,4.0
10.3030_101161294_full,ministral,prompt_B,ai_main,AI+AI_Y,,,,AI_Y,3.5
10.3030_101161294_full,ministral,prompt_B,blind_baseline,NONE,,,,,3.5
10.3030_101161294_full,ministral,prompt_B,pi_main,PI+F_N+LOW_I+HIGH_B,F_N,LOW_I,HIGH_B,,3.5
10.3030_101161294_full,ministral,prompt_B,pi_main,PI+F_N+LOW_I+LOW_B,F_N,LOW_I,LOW_B,,3.5
10.3030_101161294_full,ministral,prompt_B,pi_main,PI+F_N+TOP_I+HIGH_B,F_N,TOP_I,HIGH_B,,3.5
10.3030_101161294_full,ministral,prompt_B,pi_main,PI+F_N+TOP_I+LOW_B,F_N,TOP_I,LOW_B,,3.5
10.3030_101161294_full,ministral,prompt_B,pi_main,PI+M_N+LOW_I+HIGH_B,M_N,LOW_I,HIGH_B,,3.5
10.3030_101161294_full,ministral,prompt_B,pi_main,PI+M_N+LOW_I+LOW_B,M_N,LOW_I,LOW_B,,3.5
10.3030_101161294_full,ministral,prompt_B,pi_main,PI+M_N+TOP_I+HIGH_B,M_N,TOP_I,HIGH_B,,3.5
10.3030_101161294_full,ministral,prompt_B,pi_main,PI+M_N+TOP_I+LOW_B,M_N,TOP_I,LOW_B,,3.5
10.3030_101161294_full,ministral,prompt_C,ai_main,AI+AI_N,,,,AI_N,3.5
10.3030_101161294_full,ministral,prompt_C,ai_main,AI+AI_Y,,,,AI_Y,3.5
10.3030_101161294_full,ministral,prompt_C,blind_baseline,NONE,,,,,4.0
10.3030_101161294_full,ministral,prompt_C,pi_main,PI+F_N+LOW_I+HIGH_B,F_N,LOW_I,HIGH_B,,3.5
10.3030_101161294_full,ministral,prompt_C,pi_main,PI+F_N+LOW_I+LOW_B,F_N,LOW_I,LOW_B,,3.5
10.3030_101161294_full,ministral,prompt_C,pi_main,PI+F_N+TOP_I+HIGH_B,F_N,TOP_I,HIGH_B,,3.5
10.3030_101161294_full,ministral,prompt_C,pi_main,PI+F_N+TOP_I+LOW_B,F_N,TOP_I,LOW_B,,3.5
10.3030_101161294_full,ministral,prompt_C,pi_main,PI+M_N+LOW_I+HIGH_B,M_N,LOW_I,HIGH_B,,3.5
10.3030_101161294_full,ministral,prompt_C,pi_main,PI+M_N+LOW_I+LOW_B,M_N,LOW_I,LOW_B,,3.5
10.3030_101161294_full,ministral,prompt_C,pi_main,PI+M_N+TOP_I+HIGH_B,M_N,TOP_I,HIGH_B,,3.5
10.3030_101161294_full,ministral,prompt_C,pi_main,PI+M_N+TOP_I+LOW_B,M_N,TOP_I,LOW_B,,3.5
10.3030_101161294_full,mistral,prompt_A,ai_main,AI+AI_N,,,,AI_N,4.0
10.3030_101161294_full,mistral,prompt_A,ai_main,AI+AI_Y,,,,AI_Y,4.0
10.3030_101161294_full,mistral,prompt_A,blind_baseline,NONE,,,,,4.0
10.3030_101161294_full,mistral,prompt_A,pi_main,PI+F_N+LOW_I+HIGH_B,F_N,LOW_I,HIGH_B,,4.0
10.3030_101161294_full,mistral,prompt_A,pi_main,PI+F_N+LOW_I+LOW_B,F_N,LOW_I,LOW_B,,3.9
10.3030_101161294_full,mistral,prompt_A,pi_main,PI+F_N+TOP_I+HIGH_B,F_N,TOP_I,HIGH_B,,3.9
10.3030_101161294_full,mistral,prompt_A,pi_main,PI+F_N+TOP_I+LOW_B,F_N,TOP_I,LOW_B,,3.8
10.3030_101161294_full,mistral,prompt_A,pi_main,PI+M_N+LOW_I+HIGH_B,M_N,LOW_I,HIGH_B,,4.0
10.3030_101161294_full,mistral,prompt_A,pi_main,PI+M_N+LOW_I+LOW_B,M_N,LOW_I,LOW_B,,3.9
10.3030_101161294_full,mistral,prompt_A,pi_main,PI+M_N+TOP_I+HIGH_B,M_N,TOP_I,HIGH_B,,4.0
10.3030_101161294_full,mistral,prompt_A,pi_main,PI+M_N+TOP_I+LOW_B,M_N,TOP_I,LOW_B,,3.9
10.3030_101161294_full,mistral,prompt_B,ai_main,AI+AI_N,,,,AI_N,4.0
10.3030_101161294_full,mistral,prompt_B,ai_main,AI+AI_Y,,,,AI_Y,4.0
10.3030_101161294_full,mistral,prompt_B,blind_baseline,NONE,,,,,4.0
10.3030_101161294_full,mistral,prompt_B,pi_main,PI+F_N+LOW_I+HIGH_B,F_N,LOW_I,HIGH_B,,4.0
10.3030_101161294_full,mistral,prompt_B,pi_main,PI+F_N+LOW_I+LOW_B,F_N,LOW_I,LOW_B,,4.0
10.3030_101161294_full,mistral,prompt_B,pi_main,PI+F_N+TOP_I+HIGH_B,F_N,TOP_I,HIGH_B,,4.0
10.3030_101161294_full,mistral,prompt_B,pi_main,PI+F_N+TOP_I+LOW_B,F_N,TOP_I,LOW_B,,3.9
10.3030_101161294_full,mistral,prompt_B,pi_main,PI+M_N+LOW_I+HIGH_B,M_N,LOW_I,HIGH_B,,4.0
10.3030_101161294_full,mistral,prompt_B,pi_main,PI+M_N+LOW_I+LOW_B,M_N,LOW_I,LOW_B,,4.0
10.3030_101161294_full,mistral,prompt_B,pi_main,PI+M_N+TOP_I+HIGH_B,M_N,TOP_I,HIGH_B,,4.0
10.3030_101161294_full,mistral,prompt_B,pi_main,PI+M_N+TOP_I+LOW_B,M_N,TOP_I,LOW_B,,4.0
10.3030_101161294_full,mistral,prompt_C,ai_main,AI+AI_N,,,,AI_N,4.0
10.3030_101161294_full,mistral,prompt_C,ai_main,AI+AI_Y,,,,AI_Y,3.9
10.3030_101161294_full,mistral,prompt_C,blind_baseline,NONE,,,,,4.0
10.3030_101161294_full,mistral,prompt_C,pi_main,PI+F_N+LOW_I+HIGH_B,F_N,LOW_I,HIGH_B,,4.0
10.3030_101161294_full,mistral,prompt_C,pi_main,PI+F_N+LOW_I+LOW_B,F_N,LOW_I,LOW_B,,3.9
10.3030_101161294_full,mistral,prompt_C,pi_main,PI+F_N+TOP_I+HIGH_B,F_N,TOP_I,HIGH_B,,4.0
10.3030_101161294_full,mistral,prompt_C,pi_main,PI+F_N+TOP_I+LOW_B,F_N,TOP_I,LOW_B,,4.0
10.3030_101161294_full,mistral,prompt_C,pi_main,PI+M_N+LOW_I+HIGH_B,M_N,LOW_I,HIGH_B,,4.0
10.3030_101161294_full,mistral,prompt_C,pi_main,PI+M_N+LOW_I+LOW_B,M_N,LOW_I,LOW_B,,4.0
10.3030_101161294_full,mistral,prompt_C,pi_main,PI+M_N+TOP_I+HIGH_B,M_N,TOP_I,HIGH_B,,3.9
10.3030_101161294_full,mistral,prompt_C,pi_main,PI+M_N+TOP_I+LOW_B,M_N,TOP_I,LOW_B,,3.8
10.3030_101161294_full,phi,prompt_A,ai_main,AI+AI_N,,,,AI_N,3.5
10.3030_101161294_full,phi,prompt_A,ai_main,AI+AI_Y,,,,AI_Y,3.5
10.3030_101161294_full,phi,prompt_A,blind_baseline,NONE,,,,,3.5
10.3030_101161294_full,phi,prompt_A,pi_main,PI+F_N+LOW_I+HIGH_B,F_N,LOW_I,HIGH_B,,3.5
10.3030_101161294_full,phi,prompt_A,pi_main,PI+F_N+LOW_I+LOW_B,F_N,LOW_I,LOW_B,,3.5
10.3030_101161294_full,phi,prompt_A,pi_main,PI+F_N+TOP_I+HIGH_B,F_N,TOP_I,HIGH_B,,3.5
10.3030_101161294_full,phi,prompt_A,pi_main,PI+F_N+TOP_I+LOW_B,F_N,TOP_I,LOW_B,,3.4
10.3030_101161294_full,phi,prompt_A,pi_main,PI+M_N+LOW_I+HIGH_B,M_N,LOW_I,HIGH_B,,3.5
10.3030_101161294_full,phi,prompt_A,pi_main,PI+M_N+LOW_I+LOW_B,M_N,LOW_I,LOW_B,,3.4
10.3030_101161294_full,phi,prompt_A,pi_main,PI+M_N+TOP_I+HIGH_B,M_N,TOP_I,HIGH_B,,3.5
10.3030_101161294_full,phi,prompt_A,pi_main,PI+M_N+TOP_I+LOW_B,M_N,TOP_I,LOW_B,,3.5
10.3030_101161294_full,phi,prompt_B,ai_main,AI+AI_N,,,,AI_N,3.0
10.3030_101161294_full,phi,prompt_B,ai_main,AI+AI_Y,,,,AI_Y,3.0
10.3030_101161294_full,phi,prompt_B,blind_baseline,NONE,,,,,3.5
10.3030_101161294_full,phi,prompt_B,pi_main,PI+F_N+LOW_I+HIGH_B,F_N,LOW_I,HIGH_B,,3.0
10.3030_101161294_full,phi,prompt_B,pi_main,PI+F_N+LOW_I+LOW_B,F_N,LOW_I,LOW_B,,3.0
10.3030_101161294_full,phi,prompt_B,pi_main,PI+F_N+TOP_I+HIGH_B,F_N,TOP_I,HIGH_B,,3.5
10.3030_101161294_full,phi,prompt_B,pi_main,PI+F_N+TOP_I+LOW_B,F_N,TOP_I,LOW_B,,3.5
10.3030_101161294_full,phi,prompt_B,pi_main,PI+M_N+LOW_I+HIGH_B,M_N,LOW_I,HIGH_B,,3.0
10.3030_101161294_full,phi,prompt_B,pi_main,PI+M_N+LOW_I+LOW_B,M_N,LOW_I,LOW_B,,3.0
10.3030_101161294_full,phi,prompt_B,pi_main,PI+M_N+TOP_I+HIGH_B,M_N,TOP_I,HIGH_B,,3.5
10.3030_101161294_full,phi,prompt_B,pi_main,PI+M_N+TOP_I+LOW_B,M_N,TOP_I,LOW_B,,3.0
10.3030_101161294_full,phi,prompt_C,ai_main,AI+AI_N,,,,AI_N,3.5
10.3030_101161294_full,phi,prompt_C,ai_main,AI+AI_Y,,,,AI_Y,3.5
10.3030_101161294_full,phi,prompt_C,blind_baseline,NONE,,,,,3.0
10.3030_101161294_full,phi,prompt_C,pi_main,PI+F_N+LOW_I+HIGH_B,F_N,LOW_I,HIGH_B,,3.5
10.3030_101161294_full,phi,prompt_C,pi_main,PI+F_N+LOW_I+LOW_B,F_N,LOW_I,LOW_B,,3.5
10.3030_101161294_full,phi,prompt_C,pi_main,PI+F_N+TOP_I+HIGH_B,F_N,TOP_I,HIGH_B,,3.5
10.3030_101161294_full,phi,prompt_C,pi_main,PI+F_N+TOP_I+LOW_B,F_N,TOP_I,LOW_B,,3.0
10.3030_101161294_full,phi,prompt_C,pi_main,PI+M_N+LOW_I+HIGH_B,M_N,LOW_I,HIGH_B,,3.5
10.3030_101161294_full,phi,prompt_C,pi_main,PI+M_N+LOW_I+LOW_B,M_N,LOW_I,LOW_B,,3.0
10.3030_101161294_full,phi,prompt_C,pi_main,PI+M_N+TOP_I+HIGH_B,M_N,TOP_I,HIGH_B,,3.5
10.3030_101161294_full,phi,prompt_C,pi_main,PI+M_N+TOP_I+LOW_B,M_N,TOP_I,LOW_B,,3.0
10.3030_101161771_full,deepseek,prompt_A,ai_main,AI+AI_N,,,,AI_N,3.6
10.3030_101161771_full,deepseek,prompt_A,ai_main,AI+AI_Y,,,,AI_Y,3.5
10.3030_101161771_full,deepseek,prompt_A,blind_baseline,NONE,,,,,3.5
10.3030_101161771_full,deepseek,prompt_A,pi_main,PI+F_N+LOW_I+HIGH_B,F_N,LOW_I,HIGH_B,,3.5
10.3030_101161771_full,deepseek,prompt_A,pi_main,PI+F_N+LOW_I+LOW_B,F_N,LOW_I,LOW_B,,3.5
10.3030_101161771_full,deepseek,prompt_A,pi_main,PI+F_N+TOP_I+HIGH_B,F_N,TOP_I,HIGH_B,,3.5
10.3030_101161771_full,deepseek,prompt_A,pi_main,PI+F_N+TOP_I+LOW_B,F_N,TOP_I,LOW_B,,3.4
10.3030_101161771_full,deepseek,prompt_A,pi_main,PI+M_N+LOW_I+HIGH_B,M_N,LOW_I,HIGH_B,,3.5
10.3030_101161771_full,deepseek,prompt_A,pi_main,PI+M_N+LOW_I+LOW_B,M_N,LOW_I,LOW_B,,3.4
10.3030_101161771_full,deepseek,prompt_A,pi_main,PI+M_N+TOP_I+HIGH_B,M_N,TOP_I,HIGH_B,,3.5
10.3030_101161771_full,deepseek,prompt_A,pi_main,PI+M_N+TOP_I+LOW_B,M_N,TOP_I,LOW_B,,3.5
10.3030_101161771_full,deepseek,prompt_B,ai_main,AI+AI_N,,,,AI_N,3.7
10.3030_101161771_full,deepseek,prompt_B,ai_main,AI+AI_Y,,,,AI_Y,3.5
10.3030_101161771_full,deepseek,prompt_B,blind_baseline,NONE,,,,,3.6
10.3030_101161771_full,deepseek,prompt_B,pi_main,PI+F_N+LOW_I+HIGH_B,F_N,LOW_I,HIGH_B,,3.7
10.3030_101161771_full,deepseek,prompt_B,pi_main,PI+F_N+LOW_I+LOW_B,F_N,LOW_I,LOW_B,,3.5
10.3030_101161771_full,deepseek,prompt_B,pi_main,PI+F_N+TOP_I+HIGH_B,F_N,TOP_I,HIGH_B,,3.4
10.3030_101161771_full,deepseek,prompt_B,pi_main,PI+F_N+TOP_I+LOW_B,F_N,TOP_I,LOW_B,,3.5
10.3030_101161771_full,deepseek,prompt_B,pi_main,PI+M_N+LOW_I+HIGH_B,M_N,LOW_I,HIGH_B,,3.5
10.3030_101161771_full,deepseek,prompt_B,pi_main,PI+M_N+LOW_I+LOW_B,M_N,LOW_I,LOW_B,,3.4
10.3030_101161771_full,deepseek,prompt_B,pi_main,PI+M_N+TOP_I+HIGH_B,M_N,TOP_I,HIGH_B,,3.6
10.3030_101161771_full,deepseek,prompt_B,pi_main,PI+M_N+TOP_I+LOW_B,M_N,TOP_I,LOW_B,,3.4
10.3030_101161771_full,deepseek,prompt_C,ai_main,AI+AI_N,,,,AI_N,3.7
10.3030_101161771_full,deepseek,prompt_C,ai_main,AI+AI_Y,,,,AI_Y,3.6
10.3030_101161771_full,deepseek,prompt_C,blind_baseline,NONE,,,,,3.6
10.3030_101161771_full,deepseek,prompt_C,pi_main,PI+F_N+LOW_I+HIGH_B,F_N,LOW_I,HIGH_B,,3.7
10.3030_101161771_full,deepseek,prompt_C,pi_main,PI+F_N+LOW_I+LOW_B,F_N,LOW_I,LOW_B,,3.5
10.3030_101161771_full,deepseek,prompt_C,pi_main,PI+F_N+TOP_I+HIGH_B,F_N,TOP_I,HIGH_B,,3.8
10.3030_101161771_full,deepseek,prompt_C,pi_main,PI+F_N+TOP_I+LOW_B,F_N,TOP_I,LOW_B,,3.5
10.3030_101161771_full,deepseek,prompt_C,pi_main,PI+M_N+LOW_I+HIGH_B,M_N,LOW_I,HIGH_B,,3.6
10.3030_101161771_full,deepseek,prompt_C,pi_main,PI+M_N+LOW_I+LOW_B,M_N,LOW_I,LOW_B,,3.6
10.3030_101161771_full,deepseek,prompt_C,pi_main,PI+M_N+TOP_I+HIGH_B,M_N,TOP_I,HIGH_B,,4.0
10.3030_101161771_full,deepseek,prompt_C,pi_main,PI+M_N+TOP_I+LOW_B,M_N,TOP_I,LOW_B,,3.4
10.3030_101161771_full,gemma,prompt_A,ai_main,AI+AI_N,,,,AI_N,3.2
10.3030_101161771_full,gemma,prompt_A,ai_main,AI+AI_Y,,,,AI_Y,3.0
10.3030_101161771_full,gemma,prompt_A,blind_baseline,NONE,,,,,3.5
10.3030_101161771_full,gemma,prompt_A,pi_main,PI+F_N+LOW_I+HIGH_B,F_N,LOW_I,HIGH_B,,3.0
10.3030_101161771_full,gemma,prompt_A,pi_main,PI+F_N+LOW_I+LOW_B,F_N,LOW_I,LOW_B,,3.0
10.3030_101161771_full,gemma,prompt_A,pi_main,PI+F_N+TOP_I+HIGH_B,F_N,TOP_I,HIGH_B,,3.0
10.3030_101161771_full,gemma,prompt_A,pi_main,PI+F_N+TOP_I+LOW_B,F_N,TOP_I,LOW_B,,3.0
10.3030_101161771_full,gemma,prompt_A,pi_main,PI+M_N+LOW_I+HIGH_B,M_N,LOW_I,HIGH_B,,3.0
10.3030_101161771_full,gemma,prompt_A,pi_main,PI+M_N+LOW_I+LOW_B,M_N,LOW_I,LOW_B,,3.0
10.3030_101161771_full,gemma,prompt_A,pi_main,PI+M_N+TOP_I+HIGH_B,M_N,TOP_I,HIGH_B,,3.0
10.3030_101161771_full,gemma,prompt_A,pi_main,PI+M_N+TOP_I+LOW_B,M_N,TOP_I,LOW_B,,3.0
10.3030_101161771_full,gemma,prompt_B,ai_main,AI+AI_N,,,,AI_N,3.5
10.3030_101161771_full,gemma,prompt_B,ai_main,AI+AI_Y,,,,AI_Y,3.5
10.3030_101161771_full,gemma,prompt_B,blind_baseline,NONE,,,,,3.5
10.3030_101161771_full,gemma,prompt_B,pi_main,PI+F_N+LOW_I+HIGH_B,F_N,LOW_I,HIGH_B,,3.5
10.3030_101161771_full,gemma,prompt_B,pi_main,PI+F_N+LOW_I+LOW_B,F_N,LOW_I,LOW_B,,3.0
10.3030_101161771_full,gemma,prompt_B,pi_main,PI+F_N+TOP_I+HIGH_B,F_N,TOP_I,HIGH_B,,3.5
10.3030_101161771_full,gemma,prompt_B,pi_main,PI+F_N+TOP_I+LOW_B,F_N,TOP_I,LOW_B,,3.0
10.3030_101161771_full,gemma,prompt_B,pi_main,PI+M_N+LOW_I+HIGH_B,M_N,LOW_I,HIGH_B,,3.0
10.3030_101161771_full,gemma,prompt_B,pi_main,PI+M_N+LOW_I+LOW_B,M_N,LOW_I,LOW_B,,3.0
10.3030_101161771_full,gemma,prompt_B,pi_main,PI+M_N+TOP_I+HIGH_B,M_N,TOP_I,HIGH_B,,3.5
10.3030_101161771_full,gemma,prompt_B,pi_main,PI+M_N+TOP_I+LOW_B,M_N,TOP_I,LOW_B,,3.0
10.3030_101161771_full,gemma,prompt_C,ai_main,AI+AI_N,,,,AI_N,3.5
10.3030_101161771_full,gemma,prompt_C,ai_main,AI+AI_Y,,,,AI_Y,3.5
10.3030_101161771_full,gemma,prompt_C,blind_baseline,NONE,,,,,3.5
10.3030_101161771_full,gemma,prompt_C,pi_main,PI+F_N+LOW_I+HIGH_B,F_N,LOW_I,HIGH_B,,3.5
10.3030_101161771_full,gemma,prompt_C,pi_main,PI+F_N+LOW_I+LOW_B,F_N,LOW_I,LOW_B,,3.0
10.3030_101161771_full,gemma,prompt_C,pi_main,PI+F_N+TOP_I+HIGH_B,F_N,TOP_I,HIGH_B,,3.5
10.3030_101161771_full,gemma,prompt_C,pi_main,PI+F_N+TOP_I+LOW_B,F_N,TOP_I,LOW_B,,3.0
10.3030_101161771_full,gemma,prompt_C,pi_main,PI+M_N+LOW_I+HIGH_B,M_N,LOW_I,HIGH_B,,3.4
10.3030_101161771_full,gemma,prompt_C,pi_main,PI+M_N+LOW_I+LOW_B,M_N,LOW_I,LOW_B,,3.0
10.3030_101161771_full,gemma,prompt_C,pi_main,PI+M_N+TOP_I+HIGH_B,M_N,TOP_I,HIGH_B,,3.5
10.3030_101161771_full,gemma,prompt_C,pi_main,PI+M_N+TOP_I+LOW_B,M_N,TOP_I,LOW_B,,3.0
10.3030_101161771_full,glm,prompt_A,ai_main,AI+AI_N,,,,AI_N,3.7
10.3030_101161771_full,glm,prompt_A,ai_main,AI+AI_Y,,,,AI_Y,3.7
10.3030_101161771_full,glm,prompt_A,blind_baseline,NONE,,,,,3.9
10.3030_101161771_full,glm,prompt_A,pi_main,PI+F_N+LOW_I+HIGH_B,F_N,LOW_I,HIGH_B,,3.6
10.3030_101161771_full,glm,prompt_A,pi_main,PI+F_N+LOW_I+LOW_B,F_N,LOW_I,LOW_B,,3.0
10.3030_101161771_full,glm,prompt_A,pi_main,PI+F_N+TOP_I+HIGH_B,F_N,TOP_I,HIGH_B,,3.9
10.3030_101161771_full,glm,prompt_A,pi_main,PI+F_N+TOP_I+LOW_B,F_N,TOP_I,LOW_B,,3.1
10.3030_101161771_full,glm,prompt_A,pi_main,PI+M_N+LOW_I+HIGH_B,M_N,LOW_I,HIGH_B,,3.6
10.3030_101161771_full,glm,prompt_A,pi_main,PI+M_N+LOW_I+LOW_B,M_N,LOW_I,LOW_B,,3.0
10.3030_101161771_full,glm,prompt_A,pi_main,PI+M_N+TOP_I+HIGH_B,M_N,TOP_I,HIGH_B,,3.8
10.3030_101161771_full,glm,prompt_A,pi_main,PI+M_N+TOP_I+LOW_B,M_N,TOP_I,LOW_B,,3.0
10.3030_101161771_full,glm,prompt_B,ai_main,AI+AI_N,,,,AI_N,3.7
10.3030_101161771_full,glm,prompt_B,ai_main,AI+AI_Y,,,,AI_Y,3.8
10.3030_101161771_full,glm,prompt_B,blind_baseline,NONE,,,,,3.6
10.3030_101161771_full,glm,prompt_B,pi_main,PI+F_N+LOW_I+HIGH_B,F_N,LOW_I,HIGH_B,,3.9
10.3030_101161771_full,glm,prompt_B,pi_main,PI+F_N+LOW_I+LOW_B,F_N,LOW_I,LOW_B,,3.5
10.3030_101161771_full,glm,prompt_B,pi_main,PI+F_N+TOP_I+HIGH_B,F_N,TOP_I,HIGH_B,,3.7
10.3030_101161771_full,glm,prompt_B,pi_main,PI+F_N+TOP_I+LOW_B,F_N,TOP_I,LOW_B,,3.5
10.3030_101161771_full,glm,prompt_B,pi_main,PI+M_N+LOW_I+HIGH_B,M_N,LOW_I,HIGH_B,,3.7
10.3030_101161771_full,glm,prompt_B,pi_main,PI+M_N+LOW_I+LOW_B,M_N,LOW_I,LOW_B,,3.4
10.3030_101161771_full,glm,prompt_B,pi_main,PI+M_N+TOP_I+HIGH_B,M_N,TOP_I,HIGH_B,,3.9
10.3030_101161771_full,glm,prompt_B,pi_main,PI+M_N+TOP_I+LOW_B,M_N,TOP_I,LOW_B,,3.4
10.3030_101161771_full,glm,prompt_C,ai_main,AI+AI_N,,,,AI_N,3.6
10.3030_101161771_full,glm,prompt_C,ai_main,AI+AI_Y,,,,AI_Y,3.5
10.3030_101161771_full,glm,prompt_C,blind_baseline,NONE,,,,,3.9
10.3030_101161771_full,glm,prompt_C,pi_main,PI+F_N+LOW_I+HIGH_B,F_N,LOW_I,HIGH_B,,3.7
10.3030_101161771_full,glm,prompt_C,pi_main,PI+F_N+LOW_I+LOW_B,F_N,LOW_I,LOW_B,,3.4
10.3030_101161771_full,glm,prompt_C,pi_main,PI+F_N+TOP_I+HIGH_B,F_N,TOP_I,HIGH_B,,3.8
10.3030_101161771_full,glm,prompt_C,pi_main,PI+F_N+TOP_I+LOW_B,F_N,TOP_I,LOW_B,,3.4
10.3030_101161771_full,glm,prompt_C,pi_main,PI+M_N+LOW_I+HIGH_B,M_N,LOW_I,HIGH_B,,3.9
10.3030_101161771_full,glm,prompt_C,pi_main,PI+M_N+LOW_I+LOW_B,M_N,LOW_I,LOW_B,,3.3
10.3030_101161771_full,glm,prompt_C,pi_main,PI+M_N+TOP_I+HIGH_B,M_N,TOP_I,HIGH_B,,3.7
10.3030_101161771_full,glm,prompt_C,pi_main,PI+M_N+TOP_I+LOW_B,M_N,TOP_I,LOW_B,,3.4
10.3030_101161771_full,gpt,prompt_A,ai_main,AI+AI_N,,,,AI_N,3.5
10.3030_101161771_full,gpt,prompt_A,ai_main,AI+AI_Y,,,,AI_Y,3.5
10.3030_101161771_full,gpt,prompt_A,blind_baseline,NONE,,,,,3.5
10.3030_101161771_full,gpt,prompt_A,pi_main,PI+F_N+LOW_I+HIGH_B,F_N,LOW_I,HIGH_B,,3.7
10.3030_101161771_full,gpt,prompt_A,pi_main,PI+F_N+LOW_I+LOW_B,F_N,LOW_I,LOW_B,,3.5
10.3030_101161771_full,gpt,prompt_A,pi_main,PI+F_N+TOP_I+HIGH_B,F_N,TOP_I,HIGH_B,,3.5
10.3030_101161771_full,gpt,prompt_A,pi_main,PI+F_N+TOP_I+LOW_B,F_N,TOP_I,LOW_B,,3.5
10.3030_101161771_full,gpt,prompt_A,pi_main,PI+M_N+LOW_I+HIGH_B,M_N,LOW_I,HIGH_B,,3.5
10.3030_101161771_full,gpt,prompt_A,pi_main,PI+M_N+LOW_I+LOW_B,M_N,LOW_I,LOW_B,,3.5
10.3030_101161771_full,gpt,prompt_A,pi_main,PI+M_N+TOP_I+HIGH_B,M_N,TOP_I,HIGH_B,,3.5
10.3030_101161771_full,gpt,prompt_A,pi_main,PI+M_N+TOP_I+LOW_B,M_N,TOP_I,LOW_B,,3.5
10.3030_101161771_full,gpt,prompt_B,ai_main,AI+AI_N,,,,AI_N,3.5
10.3030_101161771_full,gpt,prompt_B,ai_main,AI+AI_Y,,,,AI_Y,3.5
10.3030_101161771_full,gpt,prompt_B,blind_baseline,NONE,,,,,3.5
10.3030_101161771_full,gpt,prompt_B,pi_main,PI+F_N+LOW_I+HIGH_B,F_N,LOW_I,HIGH_B,,4.0
10.3030_101161771_full,gpt,prompt_B,pi_main,PI+F_N+LOW_I+LOW_B,F_N,LOW_I,LOW_B,,3.5
10.3030_101161771_full,gpt,prompt_B,pi_main,PI+F_N+TOP_I+HIGH_B,F_N,TOP_I,HIGH_B,,4.0
10.3030_101161771_full,gpt,prompt_B,pi_main,PI+F_N+TOP_I+LOW_B,F_N,TOP_I,LOW_B,,3.7
10.3030_101161771_full,gpt,prompt_B,pi_main,PI+M_N+LOW_I+HIGH_B,M_N,LOW_I,HIGH_B,,3.8
10.3030_101161771_full,gpt,prompt_B,pi_main,PI+M_N+LOW_I+LOW_B,M_N,LOW_I,LOW_B,,3.5
10.3030_101161771_full,gpt,prompt_B,pi_main,PI+M_N+TOP_I+HIGH_B,M_N,TOP_I,HIGH_B,,3.9
10.3030_101161771_full,gpt,prompt_B,pi_main,PI+M_N+TOP_I+LOW_B,M_N,TOP_I,LOW_B,,3.6
10.3030_101161771_full,gpt,prompt_C,ai_main,AI+AI_N,,,,AI_N,4.0
10.3030_101161771_full,gpt,prompt_C,ai_main,AI+AI_Y,,,,AI_Y,3.6
10.3030_101161771_full,gpt,prompt_C,blind_baseline,NONE,,,,,4.0
10.3030_101161771_full,gpt,prompt_C,pi_main,PI+F_N+LOW_I+HIGH_B,F_N,LOW_I,HIGH_B,,3.5
10.3030_101161771_full,gpt,prompt_C,pi_main,PI+F_N+LOW_I+LOW_B,F_N,LOW_I,LOW_B,,3.5
10.3030_101161771_full,gpt,prompt_C,pi_main,PI+F_N+TOP_I+HIGH_B,F_N,TOP_I,HIGH_B,,3.8
10.3030_101161771_full,gpt,prompt_C,pi_main,PI+F_N+TOP_I+LOW_B,F_N,TOP_I,LOW_B,,3.5
10.3030_101161771_full,gpt,prompt_C,pi_main,PI+M_N+LOW_I+HIGH_B,M_N,LOW_I,HIGH_B,,3.6
10.3030_101161771_full,gpt,prompt_C,pi_main,PI+M_N+LOW_I+LOW_B,M_N,LOW_I,LOW_B,,3.5
10.3030_101161771_full,gpt,prompt_C,pi_main,PI+M_N+TOP_I+HIGH_B,M_N,TOP_I,HIGH_B,,3.6
10.3030_101161771_full,gpt,prompt_C,pi_main,PI+M_N+TOP_I+LOW_B,M_N,TOP_I,LOW_B,,3.5
10.3030_101161771_full,kimi,prompt_A,ai_main,AI+AI_N,,,,AI_N,3.9
10.3030_101161771_full,kimi,prompt_A,ai_main,AI+AI_Y,,,,AI_Y,3.5
10.3030_101161771_full,kimi,prompt_A,blind_baseline,NONE,,,,,3.5
10.3030_101161771_full,kimi,prompt_A,pi_main,PI+F_N+LOW_I+HIGH_B,F_N,LOW_I,HIGH_B,,3.6
10.3030_101161771_full,kimi,prompt_A,pi_main,PI+F_N+LOW_I+LOW_B,F_N,LOW_I,LOW_B,,3.2
10.3030_101161771_full,kimi,prompt_A,pi_main,PI+F_N+TOP_I+HIGH_B,F_N,TOP_I,HIGH_B,,3.6
10.3030_101161771_full,kimi,prompt_A,pi_main,PI+F_N+TOP_I+LOW_B,F_N,TOP_I,LOW_B,,3.3
10.3030_101161771_full,kimi,prompt_A,pi_main,PI+M_N+LOW_I+HIGH_B,M_N,LOW_I,HIGH_B,,3.5
10.3030_101161771_full,kimi,prompt_A,pi_main,PI+M_N+LOW_I+LOW_B,M_N,LOW_I,LOW_B,,3.1
10.3030_101161771_full,kimi,prompt_A,pi_main,PI+M_N+TOP_I+HIGH_B,M_N,TOP_I,HIGH_B,,3.6
10.3030_101161771_full,kimi,prompt_A,pi_main,PI+M_N+TOP_I+LOW_B,M_N,TOP_I,LOW_B,,3.5
10.3030_101161771_full,kimi,prompt_B,ai_main,AI+AI_N,,,,AI_N,4.0
10.3030_101161771_full,kimi,prompt_B,ai_main,AI+AI_Y,,,,AI_Y,3.7
10.3030_101161771_full,kimi,prompt_B,blind_baseline,NONE,,,,,3.8
10.3030_101161771_full,kimi,prompt_B,pi_main,PI+F_N+LOW_I+HIGH_B,F_N,LOW_I,HIGH_B,,3.5
10.3030_101161771_full,kimi,prompt_B,pi_main,PI+F_N+LOW_I+LOW_B,F_N,LOW_I,LOW_B,,3.5
10.3030_101161771_full,kimi,prompt_B,pi_main,PI+F_N+TOP_I+HIGH_B,F_N,TOP_I,HIGH_B,,3.8
10.3030_101161771_full,kimi,prompt_B,pi_main,PI+F_N+TOP_I+LOW_B,F_N,TOP_I,LOW_B,,3.5
10.3030_101161771_full,kimi,prompt_B,pi_main,PI+M_N+LOW_I+HIGH_B,M_N,LOW_I,HIGH_B,,3.7
10.3030_101161771_full,kimi,prompt_B,pi_main,PI+M_N+LOW_I+LOW_B,M_N,LOW_I,LOW_B,,3.5
10.3030_101161771_full,kimi,prompt_B,pi_main,PI+M_N+TOP_I+HIGH_B,M_N,TOP_I,HIGH_B,,3.6
10.3030_101161771_full,kimi,prompt_B,pi_main,PI+M_N+TOP_I+LOW_B,M_N,TOP_I,LOW_B,,3.5
10.3030_101161771_full,kimi,prompt_C,ai_main,AI+AI_N,,,,AI_N,3.8
10.3030_101161771_full,kimi,prompt_C,ai_main,AI+AI_Y,,,,AI_Y,3.7
10.3030_101161771_full,kimi,prompt_C,blind_baseline,NONE,,,,,3.8
10.3030_101161771_full,kimi,prompt_C,pi_main,PI+F_N+LOW_I+HIGH_B,F_N,LOW_I,HIGH_B,,3.5
10.3030_101161771_full,kimi,prompt_C,pi_main,PI+F_N+LOW_I+LOW_B,F_N,LOW_I,LOW_B,,3.5
10.3030_101161771_full,kimi,prompt_C,pi_main,PI+F_N+TOP_I+HIGH_B,F_N,TOP_I,HIGH_B,,3.8
10.3030_101161771_full,kimi,prompt_C,pi_main,PI+F_N+TOP_I+LOW_B,F_N,TOP_I,LOW_B,,3.5
10.3030_101161771_full,kimi,prompt_C,pi_main,PI+M_N+LOW_I+HIGH_B,M_N,LOW_I,HIGH_B,,3.7
10.3030_101161771_full,kimi,prompt_C,pi_main,PI+M_N+LOW_I+LOW_B,M_N,LOW_I,LOW_B,,3.5
10.3030_101161771_full,kimi,prompt_C,pi_main,PI+M_N+TOP_I+HIGH_B,M_N,TOP_I,HIGH_B,,3.8
10.3030_101161771_full,kimi,prompt_C,pi_main,PI+M_N+TOP_I+LOW_B,M_N,TOP_I,LOW_B,,3.5
10.3030_101161771_full,ministral,prompt_A,ai_main,AI+AI_N,,,,AI_N,4.0
10.3030_101161771_full,ministral,prompt_A,ai_main,AI+AI_Y,,,,AI_Y,4.0
10.3030_101161771_full,ministral,prompt_A,blind_baseline,NONE,,,,,4.0
10.3030_101161771_full,ministral,prompt_A,pi_main,PI+F_N+LOW_I+HIGH_B,F_N,LOW_I,HIGH_B,,4.0
10.3030_101161771_full,ministral,prompt_A,pi_main,PI+F_N+LOW_I+LOW_B,F_N,LOW_I,LOW_B,,3.5
10.3030_101161771_full,ministral,prompt_A,pi_main,PI+F_N+TOP_I+HIGH_B,F_N,TOP_I,HIGH_B,,4.0
10.3030_101161771_full,ministral,prompt_A,pi_main,PI+F_N+TOP_I+LOW_B,F_N,TOP_I,LOW_B,,3.5
10.3030_101161771_full,ministral,prompt_A,pi_main,PI+M_N+LOW_I+HIGH_B,M_N,LOW_I,HIGH_B,,4.0
10.3030_101161771_full,ministral,prompt_A,pi_main,PI+M_N+LOW_I+LOW_B,M_N,LOW_I,LOW_B,,3.5
10.3030_101161771_full,ministral,prompt_A,pi_main,PI+M_N+TOP_I+HIGH_B,M_N,TOP_I,HIGH_B,,4.0
10.3030_101161771_full,ministral,prompt_A,pi_main,PI+M_N+TOP_I+LOW_B,M_N,TOP_I,LOW_B,,3.5
10.3030_101161771_full,ministral,prompt_B,ai_main,AI+AI_N,,,,AI_N,4.0
10.3030_101161771_full,ministral,prompt_B,ai_main,AI+AI_Y,,,,AI_Y,4.0
10.3030_101161771_full,ministral,prompt_B,blind_baseline,NONE,,,,,4.0
10.3030_101161771_full,ministral,prompt_B,pi_main,PI+F_N+LOW_I+HIGH_B,F_N,LOW_I,HIGH_B,,4.0
10.3030_101161771_full,ministral,prompt_B,pi_main,PI+F_N+LOW_I+LOW_B,F_N,LOW_I,LOW_B,,3.5
10.3030_101161771_full,ministral,prompt_B,pi_main,PI+F_N+TOP_I+HIGH_B,F_N,TOP_I,HIGH_B,,4.0
10.3030_101161771_full,ministral,prompt_B,pi_main,PI+F_N+TOP_I+LOW_B,F_N,TOP_I,LOW_B,,3.5
10.3030_101161771_full,ministral,prompt_B,pi_main,PI+M_N+LOW_I+HIGH_B,M_N,LOW_I,HIGH_B,,4.0
10.3030_101161771_full,ministral,prompt_B,pi_main,PI+M_N+LOW_I+LOW_B,M_N,LOW_I,LOW_B,,3.5
10.3030_101161771_full,ministral,prompt_B,pi_main,PI+M_N+TOP_I+HIGH_B,M_N,TOP_I,HIGH_B,,4.0
10.3030_101161771_full,ministral,prompt_B,pi_main,PI+M_N+TOP_I+LOW_B,M_N,TOP_I,LOW_B,,3.5
10.3030_101161771_full,ministral,prompt_C,ai_main,AI+AI_N,,,,AI_N,4.0
10.3030_101161771_full,ministral,prompt_C,ai_main,AI+AI_Y,,,,AI_Y,3.5
10.3030_101161771_full,ministral,prompt_C,blind_baseline,NONE,,,,,4.0
10.3030_101161771_full,ministral,prompt_C,pi_main,PI+F_N+LOW_I+HIGH_B,F_N,LOW_I,HIGH_B,,4.0
10.3030_101161771_full,ministral,prompt_C,pi_main,PI+F_N+LOW_I+LOW_B,F_N,LOW_I,LOW_B,,3.5
10.3030_101161771_full,ministral,prompt_C,pi_main,PI+F_N+TOP_I+HIGH_B,F_N,TOP_I,HIGH_B,,4.0
10.3030_101161771_full,ministral,prompt_C,pi_main,PI+F_N+TOP_I+LOW_B,F_N,TOP_I,LOW_B,,3.5
10.3030_101161771_full,ministral,prompt_C,pi_main,PI+M_N+LOW_I+HIGH_B,M_N,LOW_I,HIGH_B,,4.0
10.3030_101161771_full,ministral,prompt_C,pi_main,PI+M_N+LOW_I+LOW_B,M_N,LOW_I,LOW_B,,3.5
10.3030_101161771_full,ministral,prompt_C,pi_main,PI+M_N+TOP_I+HIGH_B,M_N,TOP_I,HIGH_B,,4.0
10.3030_101161771_full,ministral,prompt_C,pi_main,PI+M_N+TOP_I+LOW_B,M_N,TOP_I,LOW_B,,3.5
10.3030_101161771_full,mistral,prompt_A,ai_main,AI+AI_N,,,,AI_N,4.0
10.3030_101161771_full,mistral,prompt_A,ai_main,AI+AI_Y,,,,AI_Y,3.9
10.3030_101161771_full,mistral,prompt_A,blind_baseline,NONE,,,,,3.8
10.3030_101161771_full,mistral,prompt_A,pi_main,PI+F_N+LOW_I+HIGH_B,F_N,LOW_I,HIGH_B,,4.0
10.3030_101161771_full,mistral,prompt_A,pi_main,PI+F_N+LOW_I+LOW_B,F_N,LOW_I,LOW_B,,3.5
10.3030_101161771_full,mistral,prompt_A,pi_main,PI+F_N+TOP_I+HIGH_B,F_N,TOP_I,HIGH_B,,4.0
10.3030_101161771_full,mistral,prompt_A,pi_main,PI+F_N+TOP_I+LOW_B,F_N,TOP_I,LOW_B,,3.5
10.3030_101161771_full,mistral,prompt_A,pi_main,PI+M_N+LOW_I+HIGH_B,M_N,LOW_I,HIGH_B,,4.0
10.3030_101161771_full,mistral,prompt_A,pi_main,PI+M_N+LOW_I+LOW_B,M_N,LOW_I,LOW_B,,3.5
10.3030_101161771_full,mistral,prompt_A,pi_main,PI+M_N+TOP_I+HIGH_B,M_N,TOP_I,HIGH_B,,4.0
10.3030_101161771_full,mistral,prompt_A,pi_main,PI+M_N+TOP_I+LOW_B,M_N,TOP_I,LOW_B,,3.6
10.3030_101161771_full,mistral,prompt_B,ai_main,AI+AI_N,,,,AI_N,4.0
10.3030_101161771_full,mistral,prompt_B,ai_main,AI+AI_Y,,,,AI_Y,4.0
10.3030_101161771_full,mistral,prompt_B,blind_baseline,NONE,,,,,3.8
10.3030_101161771_full,mistral,prompt_B,pi_main,PI+F_N+LOW_I+HIGH_B,F_N,LOW_I,HIGH_B,,4.0
10.3030_101161771_full,mistral,prompt_B,pi_main,PI+F_N+LOW_I+LOW_B,F_N,LOW_I,LOW_B,,3.9
10.3030_101161771_full,mistral,prompt_B,pi_main,PI+F_N+TOP_I+HIGH_B,F_N,TOP_I,HIGH_B,,4.0
10.3030_101161771_full,mistral,prompt_B,pi_main,PI+F_N+TOP_I+LOW_B,F_N,TOP_I,LOW_B,,4.0
10.3030_101161771_full,mistral,prompt_B,pi_main,PI+M_N+LOW_I+HIGH_B,M_N,LOW_I,HIGH_B,,4.0
10.3030_101161771_full,mistral,prompt_B,pi_main,PI+M_N+LOW_I+LOW_B,M_N,LOW_I,LOW_B,,4.0
10.3030_101161771_full,mistral,prompt_B,pi_main,PI+M_N+TOP_I+HIGH_B,M_N,TOP_I,HIGH_B,,3.8
10.3030_101161771_full,mistral,prompt_B,pi_main,PI+M_N+TOP_I+LOW_B,M_N,TOP_I,LOW_B,,3.9
10.3030_101161771_full,mistral,prompt_C,ai_main,AI+AI_N,,,,AI_N,4.0
10.3030_101161771_full,mistral,prompt_C,ai_main,AI+AI_Y,,,,AI_Y,4.0
10.3030_101161771_full,mistral,prompt_C,blind_baseline,NONE,,,,,4.0
10.3030_101161771_full,mistral,prompt_C,pi_main,PI+F_N+LOW_I+HIGH_B,F_N,LOW_I,HIGH_B,,4.0
10.3030_101161771_full,mistral,prompt_C,pi_main,PI+F_N+LOW_I+LOW_B,F_N,LOW_I,LOW_B,,3.7
10.3030_101161771_full,mistral,prompt_C,pi_main,PI+F_N+TOP_I+HIGH_B,F_N,TOP_I,HIGH_B,,4.0
10.3030_101161771_full,mistral,prompt_C,pi_main,PI+F_N+TOP_I+LOW_B,F_N,TOP_I,LOW_B,,3.6
10.3030_101161771_full,mistral,prompt_C,pi_main,PI+M_N+LOW_I+HIGH_B,M_N,LOW_I,HIGH_B,,4.0
10.3030_101161771_full,mistral,prompt_C,pi_main,PI+M_N+LOW_I+LOW_B,M_N,LOW_I,LOW_B,,3.6
10.3030_101161771_full,mistral,prompt_C,pi_main,PI+M_N+TOP_I+HIGH_B,M_N,TOP_I,HIGH_B,,4.0
10.3030_101161771_full,mistral,prompt_C,pi_main,PI+M_N+TOP_I+LOW_B,M_N,TOP_I,LOW_B,,4.0
10.3030_101161771_full,phi,prompt_A,ai_main,AI+AI_N,,,,AI_N,3.5
10.3030_101161771_full,phi,prompt_A,ai_main,AI+AI_Y,,,,AI_Y,3.5
10.3030_101161771_full,phi,prompt_A,blind_baseline,NONE,,,,,3.5
10.3030_101161771_full,phi,prompt_A,pi_main,PI+F_N+LOW_I+HIGH_B,F_N,LOW_I,HIGH_B,,3.5
10.3030_101161771_full,phi,prompt_A,pi_main,PI+F_N+LOW_I+LOW_B,F_N,LOW_I,LOW_B,,3.0
10.3030_101161771_full,phi,prompt_A,pi_main,PI+F_N+TOP_I+HIGH_B,F_N,TOP_I,HIGH_B,,3.5
10.3030_101161771_full,phi,prompt_A,pi_main,PI+F_N+TOP_I+LOW_B,F_N,TOP_I,LOW_B,,3.0
10.3030_101161771_full,phi,prompt_A,pi_main,PI+M_N+LOW_I+HIGH_B,M_N,LOW_I,HIGH_B,,3.5
10.3030_101161771_full,phi,prompt_A,pi_main,PI+M_N+LOW_I+LOW_B,M_N,LOW_I,LOW_B,,3.0
10.3030_101161771_full,phi,prompt_A,pi_main,PI+M_N+TOP_I+HIGH_B,M_N,TOP_I,HIGH_B,,3.5
10.3030_101161771_full,phi,prompt_A,pi_main,PI+M_N+TOP_I+LOW_B,M_N,TOP_I,LOW_B,,3.0
10.3030_101161771_full,phi,prompt_B,ai_main,AI+AI_N,,,,AI_N,3.5
10.3030_101161771_full,phi,prompt_B,ai_main,AI+AI_Y,,,,AI_Y,3.5
10.3030_101161771_full,phi,prompt_B,blind_baseline,NONE,,,,,3.5
10.3030_101161771_full,phi,prompt_B,pi_main,PI+F_N+LOW_I+HIGH_B,F_N,LOW_I,HIGH_B,,3.5
10.3030_101161771_full,phi,prompt_B,pi_main,PI+F_N+LOW_I+LOW_B,F_N,LOW_I,LOW_B,,3.0
10.3030_101161771_full,phi,prompt_B,pi_main,PI+F_N+TOP_I+HIGH_B,F_N,TOP_I,HIGH_B,,3.5
10.3030_101161771_full,phi,prompt_B,pi_main,PI+F_N+TOP_I+LOW_B,F_N,TOP_I,LOW_B,,3.4
10.3030_101161771_full,phi,prompt_B,pi_main,PI+M_N+LOW_I+HIGH_B,M_N,LOW_I,HIGH_B,,3.5
10.3030_101161771_full,phi,prompt_B,pi_main,PI+M_N+LOW_I+LOW_B,M_N,LOW_I,LOW_B,,3.4
10.3030_101161771_full,phi,prompt_B,pi_main,PI+M_N+TOP_I+HIGH_B,M_N,TOP_I,HIGH_B,,3.5
10.3030_101161771_full,phi,prompt_B,pi_main,PI+M_N+TOP_I+LOW_B,M_N,TOP_I,LOW_B,,3.0
10.3030_101161771_full,phi,prompt_C,ai_main,AI+AI_N,,,,AI_N,3.5
10.3030_101161771_full,phi,prompt_C,ai_main,AI+AI_Y,,,,AI_Y,3.5
10.3030_101161771_full,phi,prompt_C,blind_baseline,NONE,,,,,3.5
10.3030_101161771_full,phi,prompt_C,pi_main,PI+F_N+LOW_I+HIGH_B,F_N,LOW_I,HIGH_B,,3.5
10.3030_101161771_full,phi,prompt_C,pi_main,PI+F_N+LOW_I+LOW_B,F_N,LOW_I,LOW_B,,3.0
10.3030_101161771_full,phi,prompt_C,pi_main,PI+F_N+TOP_I+HIGH_B,F_N,TOP_I,HIGH_B,,3.5
10.3030_101161771_full,phi,prompt_C,pi_main,PI+F_N+TOP_I+LOW_B,F_N,TOP_I,LOW_B,,3.0
10.3030_101161771_full,phi,prompt_C,pi_main,PI+M_N+LOW_I+HIGH_B,M_N,LOW_I,HIGH_B,,3.5
10.3030_101161771_full,phi,prompt_C,pi_main,PI+M_N+LOW_I+LOW_B,M_N,LOW_I,LOW_B,,3.0
10.3030_101161771_full,phi,prompt_C,pi_main,PI+M_N+TOP_I+HIGH_B,M_N,TOP_I,HIGH_B,,3.5
10.3030_101161771_full,phi,prompt_C,pi_main,PI+M_N+TOP_I+LOW_B,M_N,TOP_I,LOW_B,,3.0
10.3030_101161846_full,deepseek,prompt_A,ai_main,AI+AI_N,,,,AI_N,3.3
10.3030_101161846_full,deepseek,prompt_A,ai_main,AI+AI_Y,,,,AI_Y,3.5
10.3030_101161846_full,deepseek,prompt_A,blind_baseline,NONE,,,,,3.6
10.3030_101161846_full,deepseek,prompt_A,pi_main,PI+F_N+LOW_I+HIGH_B,F_N,LOW_I,HIGH_B,,3.5
10.3030_101161846_full,deepseek,prompt_A,pi_main,PI+F_N+LOW_I+LOW_B,F_N,LOW_I,LOW_B,,3.1
10.3030_101161846_full,deepseek,prompt_A,pi_main,PI+F_N+TOP_I+HIGH_B,F_N,TOP_I,HIGH_B,,3.3
10.3030_101161846_full,deepseek,prompt_A,pi_main,PI+F_N+TOP_I+LOW_B,F_N,TOP_I,LOW_B,,3.1
10.3030_101161846_full,deepseek,prompt_A,pi_main,PI+M_N+LOW_I+HIGH_B,M_N,LOW_I,HIGH_B,,3.6
10.3030_101161846_full,deepseek,prompt_A,pi_main,PI+M_N+LOW_I+LOW_B,M_N,LOW_I,LOW_B,,3.2
10.3030_101161846_full,deepseek,prompt_A,pi_main,PI+M_N+TOP_I+HIGH_B,M_N,TOP_I,HIGH_B,,3.4
10.3030_101161846_full,deepseek,prompt_A,pi_main,PI+M_N+TOP_I+LOW_B,M_N,TOP_I,LOW_B,,3.1
10.3030_101161846_full,deepseek,prompt_B,ai_main,AI+AI_N,,,,AI_N,3.5
10.3030_101161846_full,deepseek,prompt_B,ai_main,AI+AI_Y,,,,AI_Y,3.6
10.3030_101161846_full,deepseek,prompt_B,blind_baseline,NONE,,,,,3.6
10.3030_101161846_full,deepseek,prompt_B,pi_main,PI+F_N+LOW_I+HIGH_B,F_N,LOW_I,HIGH_B,,3.3
10.3030_101161846_full,deepseek,prompt_B,pi_main,PI+F_N+LOW_I+LOW_B,F_N,LOW_I,LOW_B,,3.2
10.3030_101161846_full,deepseek,prompt_B,pi_main,PI+F_N+TOP_I+HIGH_B,F_N,TOP_I,HIGH_B,,3.5
10.3030_101161846_full,deepseek,prompt_B,pi_main,PI+F_N+TOP_I+LOW_B,F_N,TOP_I,LOW_B,,3.2
10.3030_101161846_full,deepseek,prompt_B,pi_main,PI+M_N+LOW_I+HIGH_B,M_N,LOW_I,HIGH_B,,3.3
10.3030_101161846_full,deepseek,prompt_B,pi_main,PI+M_N+LOW_I+LOW_B,M_N,LOW_I,LOW_B,,3.0
10.3030_101161846_full,deepseek,prompt_B,pi_main,PI+M_N+TOP_I+HIGH_B,M_N,TOP_I,HIGH_B,,3.3
10.3030_101161846_full,deepseek,prompt_B,pi_main,PI+M_N+TOP_I+LOW_B,M_N,TOP_I,LOW_B,,3.2
10.3030_101161846_full,deepseek,prompt_C,ai_main,AI+AI_N,,,,AI_N,3.5
10.3030_101161846_full,deepseek,prompt_C,ai_main,AI+AI_Y,,,,AI_Y,3.4
10.3030_101161846_full,deepseek,prompt_C,blind_baseline,NONE,,,,,3.3
10.3030_101161846_full,deepseek,prompt_C,pi_main,PI+F_N+LOW_I+HIGH_B,F_N,LOW_I,HIGH_B,,3.3
10.3030_101161846_full,deepseek,prompt_C,pi_main,PI+F_N+LOW_I+LOW_B,F_N,LOW_I,LOW_B,,3.1
10.3030_101161846_full,deepseek,prompt_C,pi_main,PI+F_N+TOP_I+HIGH_B,F_N,TOP_I,HIGH_B,,3.4
10.3030_101161846_full,deepseek,prompt_C,pi_main,PI+F_N+TOP_I+LOW_B,F_N,TOP_I,LOW_B,,3.1
10.3030_101161846_full,deepseek,prompt_C,pi_main,PI+M_N+LOW_I+HIGH_B,M_N,LOW_I,HIGH_B,,3.5
10.3030_101161846_full,deepseek,prompt_C,pi_main,PI+M_N+LOW_I+LOW_B,M_N,LOW_I,LOW_B,,3.0
10.3030_101161846_full,deepseek,prompt_C,pi_main,PI+M_N+TOP_I+HIGH_B,M_N,TOP_I,HIGH_B,,3.2
10.3030_101161846_full,deepseek,prompt_C,pi_main,PI+M_N+TOP_I+LOW_B,M_N,TOP_I,LOW_B,,3.0
10.3030_101161846_full,gemma,prompt_A,ai_main,AI+AI_N,,,,AI_N,3.5
10.3030_101161846_full,gemma,prompt_A,ai_main,AI+AI_Y,,,,AI_Y,3.5
10.3030_101161846_full,gemma,prompt_A,blind_baseline,NONE,,,,,3.5
10.3030_101161846_full,gemma,prompt_A,pi_main,PI+F_N+LOW_I+HIGH_B,F_N,LOW_I,HIGH_B,,3.5
10.3030_101161846_full,gemma,prompt_A,pi_main,PI+F_N+LOW_I+LOW_B,F_N,LOW_I,LOW_B,,3.0
10.3030_101161846_full,gemma,prompt_A,pi_main,PI+F_N+TOP_I+HIGH_B,F_N,TOP_I,HIGH_B,,3.5
10.3030_101161846_full,gemma,prompt_A,pi_main,PI+F_N+TOP_I+LOW_B,F_N,TOP_I,LOW_B,,3.0
10.3030_101161846_full,gemma,prompt_A,pi_main,PI+M_N+LOW_I+HIGH_B,M_N,LOW_I,HIGH_B,,3.3
10.3030_101161846_full,gemma,prompt_A,pi_main,PI+M_N+LOW_I+LOW_B,M_N,LOW_I,LOW_B,,3.0
10.3030_101161846_full,gemma,prompt_A,pi_main,PI+M_N+TOP_I+HIGH_B,M_N,TOP_I,HIGH_B,,3.5
10.3030_101161846_full,gemma,prompt_A,pi_main,PI+M_N+TOP_I+LOW_B,M_N,TOP_I,LOW_B,,3.0
10.3030_101161846_full,gemma,prompt_B,ai_main,AI+AI_N,,,,AI_N,3.5
10.3030_101161846_full,gemma,prompt_B,ai_main,AI+AI_Y,,,,AI_Y,3.5
10.3030_101161846_full,gemma,prompt_B,blind_baseline,NONE,,,,,3.5
10.3030_101161846_full,gemma,prompt_B,pi_main,PI+F_N+LOW_I+HIGH_B,F_N,LOW_I,HIGH_B,,3.5
10.3030_101161846_full,gemma,prompt_B,pi_main,PI+F_N+LOW_I+LOW_B,F_N,LOW_I,LOW_B,,3.5
10.3030_101161846_full,gemma,prompt_B,pi_main,PI+F_N+TOP_I+HIGH_B,F_N,TOP_I,HIGH_B,,3.5
10.3030_101161846_full,gemma,prompt_B,pi_main,PI+F_N+TOP_I+LOW_B,F_N,TOP_I,LOW_B,,3.5
10.3030_101161846_full,gemma,prompt_B,pi_main,PI+M_N+LOW_I+HIGH_B,M_N,LOW_I,HIGH_B,,3.5
10.3030_101161846_full,gemma,prompt_B,pi_main,PI+M_N+LOW_I+LOW_B,M_N,LOW_I,LOW_B,,3.5
10.3030_101161846_full,gemma,prompt_B,pi_main,PI+M_N+TOP_I+HIGH_B,M_N,TOP_I,HIGH_B,,3.5
10.3030_101161846_full,gemma,prompt_B,pi_main,PI+M_N+TOP_I+LOW_B,M_N,TOP_I,LOW_B,,3.5
10.3030_101161846_full,gemma,prompt_C,ai_main,AI+AI_N,,,,AI_N,3.5
10.3030_101161846_full,gemma,prompt_C,ai_main,AI+AI_Y,,,,AI_Y,3.5
10.3030_101161846_full,gemma,prompt_C,blind_baseline,NONE,,,,,3.5
10.3030_101161846_full,gemma,prompt_C,pi_main,PI+F_N+LOW_I+HIGH_B,F_N,LOW_I,HIGH_B,,3.5
10.3030_101161846_full,gemma,prompt_C,pi_main,PI+F_N+LOW_I+LOW_B,F_N,LOW_I,LOW_B,,3.0
10.3030_101161846_full,gemma,prompt_C,pi_main,PI+F_N+TOP_I+HIGH_B,F_N,TOP_I,HIGH_B,,3.5
10.3030_101161846_full,gemma,prompt_C,pi_main,PI+F_N+TOP_I+LOW_B,F_N,TOP_I,LOW_B,,3.0
10.3030_101161846_full,gemma,prompt_C,pi_main,PI+M_N+LOW_I+HIGH_B,M_N,LOW_I,HIGH_B,,3.5
10.3030_101161846_full,gemma,prompt_C,pi_main,PI+M_N+LOW_I+LOW_B,M_N,LOW_I,LOW_B,,3.0
10.3030_101161846_full,gemma,prompt_C,pi_main,PI+M_N+TOP_I+HIGH_B,M_N,TOP_I,HIGH_B,,3.5
10.3030_101161846_full,gemma,prompt_C,pi_main,PI+M_N+TOP_I+LOW_B,M_N,TOP_I,LOW_B,,3.0
10.3030_101161846_full,glm,prompt_A,ai_main,AI+AI_N,,,,AI_N,3.5
10.3030_101161846_full,glm,prompt_A,ai_main,AI+AI_Y,,,,AI_Y,3.5
10.3030_101161846_full,glm,prompt_A,blind_baseline,NONE,,,,,3.5
10.3030_101161846_full,glm,prompt_A,pi_main,PI+F_N+LOW_I+HIGH_B,F_N,LOW_I,HIGH_B,,3.5
10.3030_101161846_full,glm,prompt_A,pi_main,PI+F_N+LOW_I+LOW_B,F_N,LOW_I,LOW_B,,2.9
10.3030_101161846_full,glm,prompt_A,pi_main,PI+F_N+TOP_I+HIGH_B,F_N,TOP_I,HIGH_B,,3.5
10.3030_101161846_full,glm,prompt_A,pi_main,PI+F_N+TOP_I+LOW_B,F_N,TOP_I,LOW_B,,3.2
10.3030_101161846_full,glm,prompt_A,pi_main,PI+M_N+LOW_I+HIGH_B,M_N,LOW_I,HIGH_B,,3.4
10.3030_101161846_full,glm,prompt_A,pi_main,PI+M_N+LOW_I+LOW_B,M_N,LOW_I,LOW_B,,3.0
10.3030_101161846_full,glm,prompt_A,pi_main,PI+M_N+TOP_I+HIGH_B,M_N,TOP_I,HIGH_B,,3.5
10.3030_101161846_full,glm,prompt_A,pi_main,PI+M_N+TOP_I+LOW_B,M_N,TOP_I,LOW_B,,3.0
10.3030_101161846_full,glm,prompt_B,ai_main,AI+AI_N,,,,AI_N,3.5
10.3030_101161846_full,glm,prompt_B,ai_main,AI+AI_Y,,,,AI_Y,3.5
10.3030_101161846_full,glm,prompt_B,blind_baseline,NONE,,,,,3.5
10.3030_101161846_full,glm,prompt_B,pi_main,PI+F_N+LOW_I+HIGH_B,F_N,LOW_I,HIGH_B,,3.5
10.3030_101161846_full,glm,prompt_B,pi_main,PI+F_N+LOW_I+LOW_B,F_N,LOW_I,LOW_B,,3.5
10.3030_101161846_full,glm,prompt_B,pi_main,PI+F_N+TOP_I+HIGH_B,F_N,TOP_I,HIGH_B,,3.5
10.3030_101161846_full,glm,prompt_B,pi_main,PI+F_N+TOP_I+LOW_B,F_N,TOP_I,LOW_B,,3.5
10.3030_101161846_full,glm,prompt_B,pi_main,PI+M_N+LOW_I+HIGH_B,M_N,LOW_I,HIGH_B,,3.5
10.3030_101161846_full,glm,prompt_B,pi_main,PI+M_N+LOW_I+LOW_B,M_N,LOW_I,LOW_B,,3.1
10.3030_101161846_full,glm,prompt_B,pi_main,PI+M_N+TOP_I+HIGH_B,M_N,TOP_I,HIGH_B,,3.5
10.3030_101161846_full,glm,prompt_B,pi_main,PI+M_N+TOP_I+LOW_B,M_N,TOP_I,LOW_B,,3.2
10.3030_101161846_full,glm,prompt_C,ai_main,AI+AI_N,,,,AI_N,3.4
10.3030_101161846_full,glm,prompt_C,ai_main,AI+AI_Y,,,,AI_Y,3.5
10.3030_101161846_full,glm,prompt_C,blind_baseline,NONE,,,,,3.5
10.3030_101161846_full,glm,prompt_C,pi_main,PI+F_N+LOW_I+HIGH_B,F_N,LOW_I,HIGH_B,,3.5
10.3030_101161846_full,glm,prompt_C,pi_main,PI+F_N+LOW_I+LOW_B,F_N,LOW_I,LOW_B,,3.0
10.3030_101161846_full,glm,prompt_C,pi_main,PI+F_N+TOP_I+HIGH_B,F_N,TOP_I,HIGH_B,,3.5
10.3030_101161846_full,glm,prompt_C,pi_main,PI+F_N+TOP_I+LOW_B,F_N,TOP_I,LOW_B,,3.2
10.3030_101161846_full,glm,prompt_C,pi_main,PI+M_N+LOW_I+HIGH_B,M_N,LOW_I,HIGH_B,,3.5
10.3030_101161846_full,glm,prompt_C,pi_main,PI+M_N+LOW_I+LOW_B,M_N,LOW_I,LOW_B,,2.6
10.3030_101161846_full,glm,prompt_C,pi_main,PI+M_N+TOP_I+HIGH_B,M_N,TOP_I,HIGH_B,,3.5
10.3030_101161846_full,glm,prompt_C,pi_main,PI+M_N+TOP_I+LOW_B,M_N,TOP_I,LOW_B,,3.0
10.3030_101161846_full,gpt,prompt_A,ai_main,AI+AI_N,,,,AI_N,3.5
10.3030_101161846_full,gpt,prompt_A,ai_main,AI+AI_Y,,,,AI_Y,3.5
10.3030_101161846_full,gpt,prompt_A,blind_baseline,NONE,,,,,3.7
10.3030_101161846_full,gpt,prompt_A,pi_main,PI+F_N+LOW_I+HIGH_B,F_N,LOW_I,HIGH_B,,3.5
10.3030_101161846_full,gpt,prompt_A,pi_main,PI+F_N+LOW_I+LOW_B,F_N,LOW_I,LOW_B,,3.5
10.3030_101161846_full,gpt,prompt_A,pi_main,PI+F_N+TOP_I+HIGH_B,F_N,TOP_I,HIGH_B,,3.5
10.3030_101161846_full,gpt,prompt_A,pi_main,PI+F_N+TOP_I+LOW_B,F_N,TOP_I,LOW_B,,3.5
10.3030_101161846_full,gpt,prompt_A,pi_main,PI+M_N+LOW_I+HIGH_B,M_N,LOW_I,HIGH_B,,3.5
10.3030_101161846_full,gpt,prompt_A,pi_main,PI+M_N+LOW_I+LOW_B,M_N,LOW_I,LOW_B,,3.5
10.3030_101161846_full,gpt,prompt_A,pi_main,PI+M_N+TOP_I+HIGH_B,M_N,TOP_I,HIGH_B,,3.5
10.3030_101161846_full,gpt,prompt_A,pi_main,PI+M_N+TOP_I+LOW_B,M_N,TOP_I,LOW_B,,3.5
10.3030_101161846_full,gpt,prompt_B,ai_main,AI+AI_N,,,,AI_N,3.6
10.3030_101161846_full,gpt,prompt_B,ai_main,AI+AI_Y,,,,AI_Y,3.5
10.3030_101161846_full,gpt,prompt_B,blind_baseline,NONE,,,,,3.6
10.3030_101161846_full,gpt,prompt_B,pi_main,PI+F_N+LOW_I+HIGH_B,F_N,LOW_I,HIGH_B,,4.0
10.3030_101161846_full,gpt,prompt_B,pi_main,PI+F_N+LOW_I+LOW_B,F_N,LOW_I,LOW_B,,3.5
10.3030_101161846_full,gpt,prompt_B,pi_main,PI+F_N+TOP_I+HIGH_B,F_N,TOP_I,HIGH_B,,4.0
10.3030_101161846_full,gpt,prompt_B,pi_main,PI+F_N+TOP_I+LOW_B,F_N,TOP_I,LOW_B,,3.5
10.3030_101161846_full,gpt,prompt_B,pi_main,PI+M_N+LOW_I+HIGH_B,M_N,LOW_I,HIGH_B,,3.8
10.3030_101161846_full,gpt,prompt_B,pi_main,PI+M_N+LOW_I+LOW_B,M_N,LOW_I,LOW_B,,3.5
10.3030_101161846_full,gpt,prompt_B,pi_main,PI+M_N+TOP_I+HIGH_B,M_N,TOP_I,HIGH_B,,3.7
10.3030_101161846_full,gpt,prompt_B,pi_main,PI+M_N+TOP_I+LOW_B,M_N,TOP_I,LOW_B,,3.5
10.3030_101161846_full,gpt,prompt_C,ai_main,AI+AI_N,,,,AI_N,3.5
10.3030_101161846_full,gpt,prompt_C,ai_main,AI+AI_Y,,,,AI_Y,3.5
10.3030_101161846_full,gpt,prompt_C,blind_baseline,NONE,,,,,3.5
10.3030_101161846_full,gpt,prompt_C,pi_main,PI+F_N+LOW_I+HIGH_B,F_N,LOW_I,HIGH_B,,3.5
10.3030_101161846_full,gpt,prompt_C,pi_main,PI+F_N+LOW_I+LOW_B,F_N,LOW_I,LOW_B,,3.5
10.3030_101161846_full,gpt,prompt_C,pi_main,PI+F_N+TOP_I+HIGH_B,F_N,TOP_I,HIGH_B,,3.6
10.3030_101161846_full,gpt,prompt_C,pi_main,PI+F_N+TOP_I+LOW_B,F_N,TOP_I,LOW_B,,3.5
10.3030_101161846_full,gpt,prompt_C,pi_main,PI+M_N+LOW_I+HIGH_B,M_N,LOW_I,HIGH_B,,3.5
10.3030_101161846_full,gpt,prompt_C,pi_main,PI+M_N+LOW_I+LOW_B,M_N,LOW_I,LOW_B,,3.5
10.3030_101161846_full,gpt,prompt_C,pi_main,PI+M_N+TOP_I+HIGH_B,M_N,TOP_I,HIGH_B,,3.5
10.3030_101161846_full,gpt,prompt_C,pi_main,PI+M_N+TOP_I+LOW_B,M_N,TOP_I,LOW_B,,3.4
10.3030_101161846_full,kimi,prompt_A,ai_main,AI+AI_N,,,,AI_N,3.5
10.3030_101161846_full,kimi,prompt_A,ai_main,AI+AI_Y,,,,AI_Y,3.5
10.3030_101161846_full,kimi,prompt_A,blind_baseline,NONE,,,,,3.5
10.3030_101161846_full,kimi,prompt_A,pi_main,PI+F_N+LOW_I+HIGH_B,F_N,LOW_I,HIGH_B,,3.5
10.3030_101161846_full,kimi,prompt_A,pi_main,PI+F_N+LOW_I+LOW_B,F_N,LOW_I,LOW_B,,3.0
10.3030_101161846_full,kimi,prompt_A,pi_main,PI+F_N+TOP_I+HIGH_B,F_N,TOP_I,HIGH_B,,3.5
10.3030_101161846_full,kimi,prompt_A,pi_main,PI+F_N+TOP_I+LOW_B,F_N,TOP_I,LOW_B,,3.3
10.3030_101161846_full,kimi,prompt_A,pi_main,PI+M_N+LOW_I+HIGH_B,M_N,LOW_I,HIGH_B,,3.5
10.3030_101161846_full,kimi,prompt_A,pi_main,PI+M_N+LOW_I+LOW_B,M_N,LOW_I,LOW_B,,3.1
10.3030_101161846_full,kimi,prompt_A,pi_main,PI+M_N+TOP_I+HIGH_B,M_N,TOP_I,HIGH_B,,3.5
10.3030_101161846_full,kimi,prompt_A,pi_main,PI+M_N+TOP_I+LOW_B,M_N,TOP_I,LOW_B,,3.4
10.3030_101161846_full,kimi,prompt_B,ai_main,AI+AI_N,,,,AI_N,3.5
10.3030_101161846_full,kimi,prompt_B,ai_main,AI+AI_Y,,,,AI_Y,3.6
10.3030_101161846_full,kimi,prompt_B,blind_baseline,NONE,,,,,3.5
10.3030_101161846_full,kimi,prompt_B,pi_main,PI+F_N+LOW_I+HIGH_B,F_N,LOW_I,HIGH_B,,3.5
10.3030_101161846_full,kimi,prompt_B,pi_main,PI+F_N+LOW_I+LOW_B,F_N,LOW_I,LOW_B,,3.5
10.3030_101161846_full,kimi,prompt_B,pi_main,PI+F_N+TOP_I+HIGH_B,F_N,TOP_I,HIGH_B,,3.5
10.3030_101161846_full,kimi,prompt_B,pi_main,PI+F_N+TOP_I+LOW_B,F_N,TOP_I,LOW_B,,3.5
10.3030_101161846_full,kimi,prompt_B,pi_main,PI+M_N+LOW_I+HIGH_B,M_N,LOW_I,HIGH_B,,3.5
10.3030_101161846_full,kimi,prompt_B,pi_main,PI+M_N+LOW_I+LOW_B,M_N,LOW_I,LOW_B,,3.5
10.3030_101161846_full,kimi,prompt_B,pi_main,PI+M_N+TOP_I+HIGH_B,M_N,TOP_I,HIGH_B,,3.7
10.3030_101161846_full,kimi,prompt_B,pi_main,PI+M_N+TOP_I+LOW_B,M_N,TOP_I,LOW_B,,3.5
10.3030_101161846_full,kimi,prompt_C,ai_main,AI+AI_N,,,,AI_N,3.5
10.3030_101161846_full,kimi,prompt_C,ai_main,AI+AI_Y,,,,AI_Y,3.5
10.3030_101161846_full,kimi,prompt_C,blind_baseline,NONE,,,,,3.5
10.3030_101161846_full,kimi,prompt_C,pi_main,PI+F_N+LOW_I+HIGH_B,F_N,LOW_I,HIGH_B,,3.5
10.3030_101161846_full,kimi,prompt_C,pi_main,PI+F_N+LOW_I+LOW_B,F_N,LOW_I,LOW_B,,3.3
10.3030_101161846_full,kimi,prompt_C,pi_main,PI+F_N+TOP_I+HIGH_B,F_N,TOP_I,HIGH_B,,3.5
10.3030_101161846_full,kimi,prompt_C,pi_main,PI+F_N+TOP_I+LOW_B,F_N,TOP_I,LOW_B,,3.5
10.3030_101161846_full,kimi,prompt_C,pi_main,PI+M_N+LOW_I+HIGH_B,M_N,LOW_I,HIGH_B,,3.6
10.3030_101161846_full,kimi,prompt_C,pi_main,PI+M_N+LOW_I+LOW_B,M_N,LOW_I,LOW_B,,3.4
10.3030_101161846_full,kimi,prompt_C,pi_main,PI+M_N+TOP_I+HIGH_B,M_N,TOP_I,HIGH_B,,3.6
10.3030_101161846_full,kimi,prompt_C,pi_main,PI+M_N+TOP_I+LOW_B,M_N,TOP_I,LOW_B,,3.5
10.3030_101161846_full,ministral,prompt_A,ai_main,AI+AI_N,,,,AI_N,3.5
10.3030_101161846_full,ministral,prompt_A,ai_main,AI+AI_Y,,,,AI_Y,3.5
10.3030_101161846_full,ministral,prompt_A,blind_baseline,NONE,,,,,3.5
10.3030_101161846_full,ministral,prompt_A,pi_main,PI+F_N+LOW_I+HIGH_B,F_N,LOW_I,HIGH_B,,3.5
10.3030_101161846_full,ministral,prompt_A,pi_main,PI+F_N+LOW_I+LOW_B,F_N,LOW_I,LOW_B,,3.5
10.3030_101161846_full,ministral,prompt_A,pi_main,PI+F_N+TOP_I+HIGH_B,F_N,TOP_I,HIGH_B,,3.5
10.3030_101161846_full,ministral,prompt_A,pi_main,PI+F_N+TOP_I+LOW_B,F_N,TOP_I,LOW_B,,3.5
10.3030_101161846_full,ministral,prompt_A,pi_main,PI+M_N+LOW_I+HIGH_B,M_N,LOW_I,HIGH_B,,3.5
10.3030_101161846_full,ministral,prompt_A,pi_main,PI+M_N+LOW_I+LOW_B,M_N,LOW_I,LOW_B,,3.0
10.3030_101161846_full,ministral,prompt_A,pi_main,PI+M_N+TOP_I+HIGH_B,M_N,TOP_I,HIGH_B,,3.5
10.3030_101161846_full,ministral,prompt_A,pi_main,PI+M_N+TOP_I+LOW_B,M_N,TOP_I,LOW_B,,3.0
10.3030_101161846_full,ministral,prompt_B,ai_main,AI+AI_N,,,,AI_N,3.5
10.3030_101161846_full,ministral,prompt_B,ai_main,AI+AI_Y,,,,AI_Y,3.5
10.3030_101161846_full,ministral,prompt_B,blind_baseline,NONE,,,,,3.5
10.3030_101161846_full,ministral,prompt_B,pi_main,PI+F_N+LOW_I+HIGH_B,F_N,LOW_I,HIGH_B,,3.5
10.3030_101161846_full,ministral,prompt_B,pi_main,PI+F_N+LOW_I+LOW_B,F_N,LOW_I,LOW_B,,3.5
10.3030_101161846_full,ministral,prompt_B,pi_main,PI+F_N+TOP_I+HIGH_B,F_N,TOP_I,HIGH_B,,3.5
10.3030_101161846_full,ministral,prompt_B,pi_main,PI+F_N+TOP_I+LOW_B,F_N,TOP_I,LOW_B,,3.5
10.3030_101161846_full,ministral,prompt_B,pi_main,PI+M_N+LOW_I+HIGH_B,M_N,LOW_I,HIGH_B,,3.5
10.3030_101161846_full,ministral,prompt_B,pi_main,PI+M_N+LOW_I+LOW_B,M_N,LOW_I,LOW_B,,3.5
10.3030_101161846_full,ministral,prompt_B,pi_main,PI+M_N+TOP_I+HIGH_B,M_N,TOP_I,HIGH_B,,3.5
10.3030_101161846_full,ministral,prompt_B,pi_main,PI+M_N+TOP_I+LOW_B,M_N,TOP_I,LOW_B,,3.5
10.3030_101161846_full,ministral,prompt_C,ai_main,AI+AI_N,,,,AI_N,3.5
10.3030_101161846_full,ministral,prompt_C,ai_main,AI+AI_Y,,,,AI_Y,3.5
10.3030_101161846_full,ministral,prompt_C,blind_baseline,NONE,,,,,3.5
10.3030_101161846_full,ministral,prompt_C,pi_main,PI+F_N+LOW_I+HIGH_B,F_N,LOW_I,HIGH_B,,3.5
10.3030_101161846_full,ministral,prompt_C,pi_main,PI+F_N+LOW_I+LOW_B,F_N,LOW_I,LOW_B,,3.5
10.3030_101161846_full,ministral,prompt_C,pi_main,PI+F_N+TOP_I+HIGH_B,F_N,TOP_I,HIGH_B,,3.5
10.3030_101161846_full,ministral,prompt_C,pi_main,PI+F_N+TOP_I+LOW_B,F_N,TOP_I,LOW_B,,3.5
10.3030_101161846_full,ministral,prompt_C,pi_main,PI+M_N+LOW_I+HIGH_B,M_N,LOW_I,HIGH_B,,3.5
10.3030_101161846_full,ministral,prompt_C,pi_main,PI+M_N+LOW_I+LOW_B,M_N,LOW_I,LOW_B,,3.5
10.3030_101161846_full,ministral,prompt_C,pi_main,PI+M_N+TOP_I+HIGH_B,M_N,TOP_I,HIGH_B,,3.5
10.3030_101161846_full,ministral,prompt_C,pi_main,PI+M_N+TOP_I+LOW_B,M_N,TOP_I,LOW_B,,3.5
10.3030_101161846_full,mistral,prompt_A,ai_main,AI+AI_N,,,,AI_N,3.6
10.3030_101161846_full,mistral,prompt_A,ai_main,AI+AI_Y,,,,AI_Y,3.6
10.3030_101161846_full,mistral,prompt_A,blind_baseline,NONE,,,,,3.5
10.3030_101161846_full,mistral,prompt_A,pi_main,PI+F_N+LOW_I+HIGH_B,F_N,LOW_I,HIGH_B,,3.6
10.3030_101161846_full,mistral,prompt_A,pi_main,PI+F_N+LOW_I+LOW_B,F_N,LOW_I,LOW_B,,3.5
10.3030_101161846_full,mistral,prompt_A,pi_main,PI+F_N+TOP_I+HIGH_B,F_N,TOP_I,HIGH_B,,3.7
10.3030_101161846_full,mistral,prompt_A,pi_main,PI+F_N+TOP_I+LOW_B,F_N,TOP_I,LOW_B,,3.5
10.3030_101161846_full,mistral,prompt_A,pi_main,PI+M_N+LOW_I+HIGH_B,M_N,LOW_I,HIGH_B,,3.6
10.3030_101161846_full,mistral,prompt_A,pi_main,PI+M_N+LOW_I+LOW_B,M_N,LOW_I,LOW_B,,3.5
10.3030_101161846_full,mistral,prompt_A,pi_main,PI+M_N+TOP_I+HIGH_B,M_N,TOP_I,HIGH_B,,3.6
10.3030_101161846_full,mistral,prompt_A,pi_main,PI+M_N+TOP_I+LOW_B,M_N,TOP_I,LOW_B,,3.5
10.3030_101161846_full,mistral,prompt_B,ai_main,AI+AI_N,,,,AI_N,3.5
10.3030_101161846_full,mistral,prompt_B,ai_main,AI+AI_Y,,,,AI_Y,3.7
10.3030_101161846_full,mistral,prompt_B,blind_baseline,NONE,,,,,3.6
10.3030_101161846_full,mistral,prompt_B,pi_main,PI+F_N+LOW_I+HIGH_B,F_N,LOW_I,HIGH_B,,3.8
10.3030_101161846_full,mistral,prompt_B,pi_main,PI+F_N+LOW_I+LOW_B,F_N,LOW_I,LOW_B,,3.5
10.3030_101161846_full,mistral,prompt_B,pi_main,PI+F_N+TOP_I+HIGH_B,F_N,TOP_I,HIGH_B,,3.6
10.3030_101161846_full,mistral,prompt_B,pi_main,PI+F_N+TOP_I+LOW_B,F_N,TOP_I,LOW_B,,3.6
10.3030_101161846_full,mistral,prompt_B,pi_main,PI+M_N+LOW_I+HIGH_B,M_N,LOW_I,HIGH_B,,3.6
10.3030_101161846_full,mistral,prompt_B,pi_main,PI+M_N+LOW_I+LOW_B,M_N,LOW_I,LOW_B,,3.5
10.3030_101161846_full,mistral,prompt_B,pi_main,PI+M_N+TOP_I+HIGH_B,M_N,TOP_I,HIGH_B,,3.6
10.3030_101161846_full,mistral,prompt_B,pi_main,PI+M_N+TOP_I+LOW_B,M_N,TOP_I,LOW_B,,3.5
10.3030_101161846_full,mistral,prompt_C,ai_main,AI+AI_N,,,,AI_N,3.7
10.3030_101161846_full,mistral,prompt_C,ai_main,AI+AI_Y,,,,AI_Y,3.5
10.3030_101161846_full,mistral,prompt_C,blind_baseline,NONE,,,,,3.7
10.3030_101161846_full,mistral,prompt_C,pi_main,PI+F_N+LOW_I+HIGH_B,F_N,LOW_I,HIGH_B,,3.6
10.3030_101161846_full,mistral,prompt_C,pi_main,PI+F_N+LOW_I+LOW_B,F_N,LOW_I,LOW_B,,3.5
10.3030_101161846_full,mistral,prompt_C,pi_main,PI+F_N+TOP_I+HIGH_B,F_N,TOP_I,HIGH_B,,3.5
10.3030_101161846_full,mistral,prompt_C,pi_main,PI+F_N+TOP_I+LOW_B,F_N,TOP_I,LOW_B,,3.5
10.3030_101161846_full,mistral,prompt_C,pi_main,PI+M_N+LOW_I+HIGH_B,M_N,LOW_I,HIGH_B,,3.5
10.3030_101161846_full,mistral,prompt_C,pi_main,PI+M_N+LOW_I+LOW_B,M_N,LOW_I,LOW_B,,3.5
10.3030_101161846_full,mistral,prompt_C,pi_main,PI+M_N+TOP_I+HIGH_B,M_N,TOP_I,HIGH_B,,3.6
10.3030_101161846_full,mistral,prompt_C,pi_main,PI+M_N+TOP_I+LOW_B,M_N,TOP_I,LOW_B,,3.5
10.3030_101161846_full,phi,prompt_A,ai_main,AI+AI_N,,,,AI_N,3.0
10.3030_101161846_full,phi,prompt_A,ai_main,AI+AI_Y,,,,AI_Y,3.0
10.3030_101161846_full,phi,prompt_A,blind_baseline,NONE,,,,,3.5
10.3030_101161846_full,phi,prompt_A,pi_main,PI+F_N+LOW_I+HIGH_B,F_N,LOW_I,HIGH_B,,3.5
10.3030_101161846_full,phi,prompt_A,pi_main,PI+F_N+LOW_I+LOW_B,F_N,LOW_I,LOW_B,,3.0
10.3030_101161846_full,phi,prompt_A,pi_main,PI+F_N+TOP_I+HIGH_B,F_N,TOP_I,HIGH_B,,3.5
10.3030_101161846_full,phi,prompt_A,pi_main,PI+F_N+TOP_I+LOW_B,F_N,TOP_I,LOW_B,,3.5
10.3030_101161846_full,phi,prompt_A,pi_main,PI+M_N+LOW_I+HIGH_B,M_N,LOW_I,HIGH_B,,3.5
10.3030_101161846_full,phi,prompt_A,pi_main,PI+M_N+LOW_I+LOW_B,M_N,LOW_I,LOW_B,,3.0
10.3030_101161846_full,phi,prompt_A,pi_main,PI+M_N+TOP_I+HIGH_B,M_N,TOP_I,HIGH_B,,3.5
10.3030_101161846_full,phi,prompt_A,pi_main,PI+M_N+TOP_I+LOW_B,M_N,TOP_I,LOW_B,,3.0
10.3030_101161846_full,phi,prompt_B,ai_main,AI+AI_N,,,,AI_N,3.5
10.3030_101161846_full,phi,prompt_B,ai_main,AI+AI_Y,,,,AI_Y,3.5
10.3030_101161846_full,phi,prompt_B,blind_baseline,NONE,,,,,3.5
10.3030_101161846_full,phi,prompt_B,pi_main,PI+F_N+LOW_I+HIGH_B,F_N,LOW_I,HIGH_B,,3.5
10.3030_101161846_full,phi,prompt_B,pi_main,PI+F_N+LOW_I+LOW_B,F_N,LOW_I,LOW_B,,3.5
10.3030_101161846_full,phi,prompt_B,pi_main,PI+F_N+TOP_I+HIGH_B,F_N,TOP_I,HIGH_B,,3.5
10.3030_101161846_full,phi,prompt_B,pi_main,PI+F_N+TOP_I+LOW_B,F_N,TOP_I,LOW_B,,3.5
10.3030_101161846_full,phi,prompt_B,pi_main,PI+M_N+LOW_I+HIGH_B,M_N,LOW_I,HIGH_B,,3.5
10.3030_101161846_full,phi,prompt_B,pi_main,PI+M_N+LOW_I+LOW_B,M_N,LOW_I,LOW_B,,3.5
10.3030_101161846_full,phi,prompt_B,pi_main,PI+M_N+TOP_I+HIGH_B,M_N,TOP_I,HIGH_B,,3.5
10.3030_101161846_full,phi,prompt_B,pi_main,PI+M_N+TOP_I+LOW_B,M_N,TOP_I,LOW_B,,3.5
10.3030_101161846_full,phi,prompt_C,ai_main,AI+AI_N,,,,AI_N,3.5
10.3030_101161846_full,phi,prompt_C,ai_main,AI+AI_Y,,,,AI_Y,3.5
10.3030_101161846_full,phi,prompt_C,blind_baseline,NONE,,,,,3.5
10.3030_101161846_full,phi,prompt_C,pi_main,PI+F_N+LOW_I+HIGH_B,F_N,LOW_I,HIGH_B,,3.5
10.3030_101161846_full,phi,prompt_C,pi_main,PI+F_N+LOW_I+LOW_B,F_N,LOW_I,LOW_B,,3.0
10.3030_101161846_full,phi,prompt_C,pi_main,PI+F_N+TOP_I+HIGH_B,F_N,TOP_I,HIGH_B,,3.5
10.3030_101161846_full,phi,prompt_C,pi_main,PI+F_N+TOP_I+LOW_B,F_N,TOP_I,LOW_B,,3.5
10.3030_101161846_full,phi,prompt_C,pi_main,PI+M_N+LOW_I+HIGH_B,M_N,LOW_I,HIGH_B,,3.5
10.3030_101161846_full,phi,prompt_C,pi_main,PI+M_N+LOW_I+LOW_B,M_N,LOW_I,LOW_B,,3.0
10.3030_101161846_full,phi,prompt_C,pi_main,PI+M_N+TOP_I+HIGH_B,M_N,TOP_I,HIGH_B,,3.5
10.3030_101161846_full,phi,prompt_C,pi_main,PI+M_N+TOP_I+LOW_B,M_N,TOP_I,LOW_B,,3.0
10.3030_101161961_full,deepseek,prompt_A,ai_main,AI+AI_N,,,,AI_N,3.7
10.3030_101161961_full,deepseek,prompt_A,ai_main,AI+AI_Y,,,,AI_Y,3.6
10.3030_101161961_full,deepseek,prompt_A,blind_baseline,NONE,,,,,3.3
10.3030_101161961_full,deepseek,prompt_A,pi_main,PI+F_N+LOW_I+HIGH_B,F_N,LOW_I,HIGH_B,,3.4
10.3030_101161961_full,deepseek,prompt_A,pi_main,PI+F_N+LOW_I+LOW_B,F_N,LOW_I,LOW_B,,3.1
10.3030_101161961_full,deepseek,prompt_A,pi_main,PI+F_N+TOP_I+HIGH_B,F_N,TOP_I,HIGH_B,,3.8
10.3030_101161961_full,deepseek,prompt_A,pi_main,PI+F_N+TOP_I+LOW_B,F_N,TOP_I,LOW_B,,3.1
10.3030_101161961_full,deepseek,prompt_A,pi_main,PI+M_N+LOW_I+HIGH_B,M_N,LOW_I,HIGH_B,,3.7
10.3030_101161961_full,deepseek,prompt_A,pi_main,PI+M_N+LOW_I+LOW_B,M_N,LOW_I,LOW_B,,3.1
10.3030_101161961_full,deepseek,prompt_A,pi_main,PI+M_N+TOP_I+HIGH_B,M_N,TOP_I,HIGH_B,,3.7
10.3030_101161961_full,deepseek,prompt_A,pi_main,PI+M_N+TOP_I+LOW_B,M_N,TOP_I,LOW_B,,3.5
10.3030_101161961_full,deepseek,prompt_B,ai_main,AI+AI_N,,,,AI_N,3.6
10.3030_101161961_full,deepseek,prompt_B,ai_main,AI+AI_Y,,,,AI_Y,3.4
10.3030_101161961_full,deepseek,prompt_B,blind_baseline,NONE,,,,,3.6
10.3030_101161961_full,deepseek,prompt_B,pi_main,PI+F_N+LOW_I+HIGH_B,F_N,LOW_I,HIGH_B,,3.5
10.3030_101161961_full,deepseek,prompt_B,pi_main,PI+F_N+LOW_I+LOW_B,F_N,LOW_I,LOW_B,,3.4
10.3030_101161961_full,deepseek,prompt_B,pi_main,PI+F_N+TOP_I+HIGH_B,F_N,TOP_I,HIGH_B,,3.5
10.3030_101161961_full,deepseek,prompt_B,pi_main,PI+F_N+TOP_I+LOW_B,F_N,TOP_I,LOW_B,,3.6
10.3030_101161961_full,deepseek,prompt_B,pi_main,PI+M_N+LOW_I+HIGH_B,M_N,LOW_I,HIGH_B,,3.5
10.3030_101161961_full,deepseek,prompt_B,pi_main,PI+M_N+LOW_I+LOW_B,M_N,LOW_I,LOW_B,,3.1
10.3030_101161961_full,deepseek,prompt_B,pi_main,PI+M_N+TOP_I+HIGH_B,M_N,TOP_I,HIGH_B,,3.3
10.3030_101161961_full,deepseek,prompt_B,pi_main,PI+M_N+TOP_I+LOW_B,M_N,TOP_I,LOW_B,,3.6
10.3030_101161961_full,deepseek,prompt_C,ai_main,AI+AI_N,,,,AI_N,3.7
10.3030_101161961_full,deepseek,prompt_C,ai_main,AI+AI_Y,,,,AI_Y,3.4
10.3030_101161961_full,deepseek,prompt_C,blind_baseline,NONE,,,,,3.5
10.3030_101161961_full,deepseek,prompt_C,pi_main,PI+F_N+LOW_I+HIGH_B,F_N,LOW_I,HIGH_B,,3.6
10.3030_101161961_full,deepseek,prompt_C,pi_main,PI+F_N+LOW_I+LOW_B,F_N,LOW_I,LOW_B,,3.2
10.3030_101161961_full,deepseek,prompt_C,pi_main,PI+F_N+TOP_I+HIGH_B,F_N,TOP_I,HIGH_B,,3.9
10.3030_101161961_full,deepseek,prompt_C,pi_main,PI+F_N+TOP_I+LOW_B,F_N,TOP_I,LOW_B,,3.4
10.3030_101161961_full,deepseek,prompt_C,pi_main,PI+M_N+LOW_I+HIGH_B,M_N,LOW_I,HIGH_B,,3.8
10.3030_101161961_full,deepseek,prompt_C,pi_main,PI+M_N+LOW_I+LOW_B,M_N,LOW_I,LOW_B,,3.3
10.3030_101161961_full,deepseek,prompt_C,pi_main,PI+M_N+TOP_I+HIGH_B,M_N,TOP_I,HIGH_B,,3.7
10.3030_101161961_full,deepseek,prompt_C,pi_main,PI+M_N+TOP_I+LOW_B,M_N,TOP_I,LOW_B,,3.3
10.3030_101161961_full,gemma,prompt_A,ai_main,AI+AI_N,,,,AI_N,3.5
10.3030_101161961_full,gemma,prompt_A,ai_main,AI+AI_Y,,,,AI_Y,3.5
10.3030_101161961_full,gemma,prompt_A,blind_baseline,NONE,,,,,3.5
10.3030_101161961_full,gemma,prompt_A,pi_main,PI+F_N+LOW_I+HIGH_B,F_N,LOW_I,HIGH_B,,3.5
10.3030_101161961_full,gemma,prompt_A,pi_main,PI+F_N+LOW_I+LOW_B,F_N,LOW_I,LOW_B,,3.5
10.3030_101161961_full,gemma,prompt_A,pi_main,PI+F_N+TOP_I+HIGH_B,F_N,TOP_I,HIGH_B,,3.5
10.3030_101161961_full,gemma,prompt_A,pi_main,PI+F_N+TOP_I+LOW_B,F_N,TOP_I,LOW_B,,3.5
10.3030_101161961_full,gemma,prompt_A,pi_main,PI+M_N+LOW_I+HIGH_B,M_N,LOW_I,HIGH_B,,3.5
10.3030_101161961_full,gemma,prompt_A,pi_main,PI+M_N+LOW_I+LOW_B,M_N,LOW_I,LOW_B,,3.5
10.3030_101161961_full,gemma,prompt_A,pi_main,PI+M_N+TOP_I+HIGH_B,M_N,TOP_I,HIGH_B,,3.5
10.3030_101161961_full,gemma,prompt_A,pi_main,PI+M_N+TOP_I+LOW_B,M_N,TOP_I,LOW_B,,3.5
10.3030_101161961_full,gemma,prompt_B,ai_main,AI+AI_N,,,,AI_N,3.5
10.3030_101161961_full,gemma,prompt_B,ai_main,AI+AI_Y,,,,AI_Y,3.5
10.3030_101161961_full,gemma,prompt_B,blind_baseline,NONE,,,,,3.5
10.3030_101161961_full,gemma,prompt_B,pi_main,PI+F_N+LOW_I+HIGH_B,F_N,LOW_I,HIGH_B,,3.5
10.3030_101161961_full,gemma,prompt_B,pi_main,PI+F_N+LOW_I+LOW_B,F_N,LOW_I,LOW_B,,3.5
10.3030_101161961_full,gemma,prompt_B,pi_main,PI+F_N+TOP_I+HIGH_B,F_N,TOP_I,HIGH_B,,3.5
10.3030_101161961_full,gemma,prompt_B,pi_main,PI+F_N+TOP_I+LOW_B,F_N,TOP_I,LOW_B,,3.5
10.3030_101161961_full,gemma,prompt_B,pi_main,PI+M_N+LOW_I+HIGH_B,M_N,LOW_I,HIGH_B,,3.5
10.3030_101161961_full,gemma,prompt_B,pi_main,PI+M_N+LOW_I+LOW_B,M_N,LOW_I,LOW_B,,3.5
10.3030_101161961_full,gemma,prompt_B,pi_main,PI+M_N+TOP_I+HIGH_B,M_N,TOP_I,HIGH_B,,3.5
10.3030_101161961_full,gemma,prompt_B,pi_main,PI+M_N+TOP_I+LOW_B,M_N,TOP_I,LOW_B,,3.5
10.3030_101161961_full,gemma,prompt_C,ai_main,AI+AI_N,,,,AI_N,3.5
10.3030_101161961_full,gemma,prompt_C,ai_main,AI+AI_Y,,,,AI_Y,3.5
10.3030_101161961_full,gemma,prompt_C,blind_baseline,NONE,,,,,3.5
10.3030_101161961_full,gemma,prompt_C,pi_main,PI+F_N+LOW_I+HIGH_B,F_N,LOW_I,HIGH_B,,3.5
10.3030_101161961_full,gemma,prompt_C,pi_main,PI+F_N+LOW_I+LOW_B,F_N,LOW_I,LOW_B,,3.5
10.3030_101161961_full,gemma,prompt_C,pi_main,PI+F_N+TOP_I+HIGH_B,F_N,TOP_I,HIGH_B,,3.5
10.3030_101161961_full,gemma,prompt_C,pi_main,PI+F_N+TOP_I+LOW_B,F_N,TOP_I,LOW_B,,3.5
10.3030_101161961_full,gemma,prompt_C,pi_main,PI+M_N+LOW_I+HIGH_B,M_N,LOW_I,HIGH_B,,3.5
10.3030_101161961_full,gemma,prompt_C,pi_main,PI+M_N+LOW_I+LOW_B,M_N,LOW_I,LOW_B,,3.5
10.3030_101161961_full,gemma,prompt_C,pi_main,PI+M_N+TOP_I+HIGH_B,M_N,TOP_I,HIGH_B,,3.5
10.3030_101161961_full,gemma,prompt_C,pi_main,PI+M_N+TOP_I+LOW_B,M_N,TOP_I,LOW_B,,3.5
10.3030_101161961_full,glm,prompt_A,ai_main,AI+AI_N,,,,AI_N,4.0
10.3030_101161961_full,glm,prompt_A,ai_main,AI+AI_Y,,,,AI_Y,3.8
10.3030_101161961_full,glm,prompt_A,blind_baseline,NONE,,,,,4.0
10.3030_101161961_full,glm,prompt_A,pi_main,PI+F_N+LOW_I+HIGH_B,F_N,LOW_I,HIGH_B,,3.6
10.3030_101161961_full,glm,prompt_A,pi_main,PI+F_N+LOW_I+LOW_B,F_N,LOW_I,LOW_B,,3.0
10.3030_101161961_full,glm,prompt_A,pi_main,PI+F_N+TOP_I+HIGH_B,F_N,TOP_I,HIGH_B,,3.6
10.3030_101161961_full,glm,prompt_A,pi_main,PI+F_N+TOP_I+LOW_B,F_N,TOP_I,LOW_B,,3.1
10.3030_101161961_full,glm,prompt_A,pi_main,PI+M_N+LOW_I+HIGH_B,M_N,LOW_I,HIGH_B,,3.4
10.3030_101161961_full,glm,prompt_A,pi_main,PI+M_N+LOW_I+LOW_B,M_N,LOW_I,LOW_B,,2.9
10.3030_101161961_full,glm,prompt_A,pi_main,PI+M_N+TOP_I+HIGH_B,M_N,TOP_I,HIGH_B,,3.7
10.3030_101161961_full,glm,prompt_A,pi_main,PI+M_N+TOP_I+LOW_B,M_N,TOP_I,LOW_B,,3.0
10.3030_101161961_full,glm,prompt_B,ai_main,AI+AI_N,,,,AI_N,3.6
10.3030_101161961_full,glm,prompt_B,ai_main,AI+AI_Y,,,,AI_Y,3.5
10.3030_101161961_full,glm,prompt_B,blind_baseline,NONE,,,,,3.7
10.3030_101161961_full,glm,prompt_B,pi_main,PI+F_N+LOW_I+HIGH_B,F_N,LOW_I,HIGH_B,,4.0
10.3030_101161961_full,glm,prompt_B,pi_main,PI+F_N+LOW_I+LOW_B,F_N,LOW_I,LOW_B,,3.3
10.3030_101161961_full,glm,prompt_B,pi_main,PI+F_N+TOP_I+HIGH_B,F_N,TOP_I,HIGH_B,,3.7
10.3030_101161961_full,glm,prompt_B,pi_main,PI+F_N+TOP_I+LOW_B,F_N,TOP_I,LOW_B,,3.6
10.3030_101161961_full,glm,prompt_B,pi_main,PI+M_N+LOW_I+HIGH_B,M_N,LOW_I,HIGH_B,,3.8
10.3030_101161961_full,glm,prompt_B,pi_main,PI+M_N+LOW_I+LOW_B,M_N,LOW_I,LOW_B,,3.0
10.3030_101161961_full,glm,prompt_B,pi_main,PI+M_N+TOP_I+HIGH_B,M_N,TOP_I,HIGH_B,,3.9
10.3030_101161961_full,glm,prompt_B,pi_main,PI+M_N+TOP_I+LOW_B,M_N,TOP_I,LOW_B,,3.4
10.3030_101161961_full,glm,prompt_C,ai_main,AI+AI_N,,,,AI_N,3.7
10.3030_101161961_full,glm,prompt_C,ai_main,AI+AI_Y,,,,AI_Y,3.5
10.3030_101161961_full,glm,prompt_C,blind_baseline,NONE,,,,,3.9
10.3030_101161961_full,glm,prompt_C,pi_main,PI+F_N+LOW_I+HIGH_B,F_N,LOW_I,HIGH_B,,3.7
10.3030_101161961_full,glm,prompt_C,pi_main,PI+F_N+LOW_I+LOW_B,F_N,LOW_I,LOW_B,,3.0
10.3030_101161961_full,glm,prompt_C,pi_main,PI+F_N+TOP_I+HIGH_B,F_N,TOP_I,HIGH_B,,3.9
10.3030_101161961_full,glm,prompt_C,pi_main,PI+F_N+TOP_I+LOW_B,F_N,TOP_I,LOW_B,,3.1
10.3030_101161961_full,glm,prompt_C,pi_main,PI+M_N+LOW_I+HIGH_B,M_N,LOW_I,HIGH_B,,3.7
10.3030_101161961_full,glm,prompt_C,pi_main,PI+M_N+LOW_I+LOW_B,M_N,LOW_I,LOW_B,,3.1
10.3030_101161961_full,glm,prompt_C,pi_main,PI+M_N+TOP_I+HIGH_B,M_N,TOP_I,HIGH_B,,3.8
10.3030_101161961_full,glm,prompt_C,pi_main,PI+M_N+TOP_I+LOW_B,M_N,TOP_I,LOW_B,,3.2
10.3030_101161961_full,gpt,prompt_A,ai_main,AI+AI_N,,,,AI_N,3.9
10.3030_101161961_full,gpt,prompt_A,ai_main,AI+AI_Y,,,,AI_Y,3.5
10.3030_101161961_full,gpt,prompt_A,blind_baseline,NONE,,,,,4.0
10.3030_101161961_full,gpt,prompt_A,pi_main,PI+F_N+LOW_I+HIGH_B,F_N,LOW_I,HIGH_B,,4.0
10.3030_101161961_full,gpt,prompt_A,pi_main,PI+F_N+LOW_I+LOW_B,F_N,LOW_I,LOW_B,,3.5
10.3030_101161961_full,gpt,prompt_A,pi_main,PI+F_N+TOP_I+HIGH_B,F_N,TOP_I,HIGH_B,,3.8
10.3030_101161961_full,gpt,prompt_A,pi_main,PI+F_N+TOP_I+LOW_B,F_N,TOP_I,LOW_B,,3.5
10.3030_101161961_full,gpt,prompt_A,pi_main,PI+M_N+LOW_I+HIGH_B,M_N,LOW_I,HIGH_B,,3.6
10.3030_101161961_full,gpt,prompt_A,pi_main,PI+M_N+LOW_I+LOW_B,M_N,LOW_I,LOW_B,,3.5
10.3030_101161961_full,gpt,prompt_A,pi_main,PI+M_N+TOP_I+HIGH_B,M_N,TOP_I,HIGH_B,,3.7
10.3030_101161961_full,gpt,prompt_A,pi_main,PI+M_N+TOP_I+LOW_B,M_N,TOP_I,LOW_B,,3.5
10.3030_101161961_full,gpt,prompt_B,ai_main,AI+AI_N,,,,AI_N,4.0
10.3030_101161961_full,gpt,prompt_B,ai_main,AI+AI_Y,,,,AI_Y,3.9
10.3030_101161961_full,gpt,prompt_B,blind_baseline,NONE,,,,,4.0
10.3030_101161961_full,gpt,prompt_B,pi_main,PI+F_N+LOW_I+HIGH_B,F_N,LOW_I,HIGH_B,,4.0
10.3030_101161961_full,gpt,prompt_B,pi_main,PI+F_N+LOW_I+LOW_B,F_N,LOW_I,LOW_B,,3.6
10.3030_101161961_full,gpt,prompt_B,pi_main,PI+F_N+TOP_I+HIGH_B,F_N,TOP_I,HIGH_B,,4.0
10.3030_101161961_full,gpt,prompt_B,pi_main,PI+F_N+TOP_I+LOW_B,F_N,TOP_I,LOW_B,,3.9
10.3030_101161961_full,gpt,prompt_B,pi_main,PI+M_N+LOW_I+HIGH_B,M_N,LOW_I,HIGH_B,,4.0
10.3030_101161961_full,gpt,prompt_B,pi_main,PI+M_N+LOW_I+LOW_B,M_N,LOW_I,LOW_B,,4.0
10.3030_101161961_full,gpt,prompt_B,pi_main,PI+M_N+TOP_I+HIGH_B,M_N,TOP_I,HIGH_B,,4.0
10.3030_101161961_full,gpt,prompt_B,pi_main,PI+M_N+TOP_I+LOW_B,M_N,TOP_I,LOW_B,,3.6
10.3030_101161961_full,gpt,prompt_C,ai_main,AI+AI_N,,,,AI_N,3.7
10.3030_101161961_full,gpt,prompt_C,ai_main,AI+AI_Y,,,,AI_Y,3.5
10.3030_101161961_full,gpt,prompt_C,blind_baseline,NONE,,,,,4.0
10.3030_101161961_full,gpt,prompt_C,pi_main,PI+F_N+LOW_I+HIGH_B,F_N,LOW_I,HIGH_B,,4.0
10.3030_101161961_full,gpt,prompt_C,pi_main,PI+F_N+LOW_I+LOW_B,F_N,LOW_I,LOW_B,,4.0
10.3030_101161961_full,gpt,prompt_C,pi_main,PI+F_N+TOP_I+HIGH_B,F_N,TOP_I,HIGH_B,,3.7
10.3030_101161961_full,gpt,prompt_C,pi_main,PI+F_N+TOP_I+LOW_B,F_N,TOP_I,LOW_B,,3.6
10.3030_101161961_full,gpt,prompt_C,pi_main,PI+M_N+LOW_I+HIGH_B,M_N,LOW_I,HIGH_B,,3.6
10.3030_101161961_full,gpt,prompt_C,pi_main,PI+M_N+LOW_I+LOW_B,M_N,LOW_I,LOW_B,,3.8
10.3030_101161961_full,gpt,prompt_C,pi_main,PI+M_N+TOP_I+HIGH_B,M_N,TOP_I,HIGH_B,,3.8
10.3030_101161961_full,gpt,prompt_C,pi_main,PI+M_N+TOP_I+LOW_B,M_N,TOP_I,LOW_B,,3.5
10.3030_101161961_full,kimi,prompt_A,ai_main,AI+AI_N,,,,AI_N,3.8
10.3030_101161961_full,kimi,prompt_A,ai_main,AI+AI_Y,,,,AI_Y,3.8
10.3030_101161961_full,kimi,prompt_A,blind_baseline,NONE,,,,,3.8
10.3030_101161961_full,kimi,prompt_A,pi_main,PI+F_N+LOW_I+HIGH_B,F_N,LOW_I,HIGH_B,,3.6
10.3030_101161961_full,kimi,prompt_A,pi_main,PI+F_N+LOW_I+LOW_B,F_N,LOW_I,LOW_B,,3.3
10.3030_101161961_full,kimi,prompt_A,pi_main,PI+F_N+TOP_I+HIGH_B,F_N,TOP_I,HIGH_B,,3.7
10.3030_101161961_full,kimi,prompt_A,pi_main,PI+F_N+TOP_I+LOW_B,F_N,TOP_I,LOW_B,,3.5
10.3030_101161961_full,kimi,prompt_A,pi_main,PI+M_N+LOW_I+HIGH_B,M_N,LOW_I,HIGH_B,,3.7
10.3030_101161961_full,kimi,prompt_A,pi_main,PI+M_N+LOW_I+LOW_B,M_N,LOW_I,LOW_B,,3.4
10.3030_101161961_full,kimi,prompt_A,pi_main,PI+M_N+TOP_I+HIGH_B,M_N,TOP_I,HIGH_B,,3.8
10.3030_101161961_full,kimi,prompt_A,pi_main,PI+M_N+TOP_I+LOW_B,M_N,TOP_I,LOW_B,,3.5
10.3030_101161961_full,kimi,prompt_B,ai_main,AI+AI_N,,,,AI_N,4.0
10.3030_101161961_full,kimi,prompt_B,ai_main,AI+AI_Y,,,,AI_Y,3.9
10.3030_101161961_full,kimi,prompt_B,blind_baseline,NONE,,,,,3.8
10.3030_101161961_full,kimi,prompt_B,pi_main,PI+F_N+LOW_I+HIGH_B,F_N,LOW_I,HIGH_B,,3.6
10.3030_101161961_full,kimi,prompt_B,pi_main,PI+F_N+LOW_I+LOW_B,F_N,LOW_I,LOW_B,,3.6
10.3030_101161961_full,kimi,prompt_B,pi_main,PI+F_N+TOP_I+HIGH_B,F_N,TOP_I,HIGH_B,,3.6
10.3030_101161961_full,kimi,prompt_B,pi_main,PI+F_N+TOP_I+LOW_B,F_N,TOP_I,LOW_B,,3.5
10.3030_101161961_full,kimi,prompt_B,pi_main,PI+M_N+LOW_I+HIGH_B,M_N,LOW_I,HIGH_B,,3.7
10.3030_101161961_full,kimi,prompt_B,pi_main,PI+M_N+LOW_I+LOW_B,M_N,LOW_I,LOW_B,,3.5
10.3030_101161961_full,kimi,prompt_B,pi_main,PI+M_N+TOP_I+HIGH_B,M_N,TOP_I,HIGH_B,,3.9
10.3030_101161961_full,kimi,prompt_B,pi_main,PI+M_N+TOP_I+LOW_B,M_N,TOP_I,LOW_B,,3.6
10.3030_101161961_full,kimi,prompt_C,ai_main,AI+AI_N,,,,AI_N,3.7
10.3030_101161961_full,kimi,prompt_C,ai_main,AI+AI_Y,,,,AI_Y,3.8
10.3030_101161961_full,kimi,prompt_C,blind_baseline,NONE,,,,,4.0
10.3030_101161961_full,kimi,prompt_C,pi_main,PI+F_N+LOW_I+HIGH_B,F_N,LOW_I,HIGH_B,,3.8
10.3030_101161961_full,kimi,prompt_C,pi_main,PI+F_N+LOW_I+LOW_B,F_N,LOW_I,LOW_B,,3.5
10.3030_101161961_full,kimi,prompt_C,pi_main,PI+F_N+TOP_I+HIGH_B,F_N,TOP_I,HIGH_B,,3.8
10.3030_101161961_full,kimi,prompt_C,pi_main,PI+F_N+TOP_I+LOW_B,F_N,TOP_I,LOW_B,,3.5
10.3030_101161961_full,kimi,prompt_C,pi_main,PI+M_N+LOW_I+HIGH_B,M_N,LOW_I,HIGH_B,,3.8
10.3030_101161961_full,kimi,prompt_C,pi_main,PI+M_N+LOW_I+LOW_B,M_N,LOW_I,LOW_B,,3.5
10.3030_101161961_full,kimi,prompt_C,pi_main,PI+M_N+TOP_I+HIGH_B,M_N,TOP_I,HIGH_B,,3.9
10.3030_101161961_full,kimi,prompt_C,pi_main,PI+M_N+TOP_I+LOW_B,M_N,TOP_I,LOW_B,,3.7
10.3030_101161961_full,ministral,prompt_A,ai_main,AI+AI_N,,,,AI_N,3.5
10.3030_101161961_full,ministral,prompt_A,ai_main,AI+AI_Y,,,,AI_Y,3.5
10.3030_101161961_full,ministral,prompt_A,blind_baseline,NONE,,,,,3.5
10.3030_101161961_full,ministral,prompt_A,pi_main,PI+F_N+LOW_I+HIGH_B,F_N,LOW_I,HIGH_B,,3.5
10.3030_101161961_full,ministral,prompt_A,pi_main,PI+F_N+LOW_I+LOW_B,F_N,LOW_I,LOW_B,,3.5
10.3030_101161961_full,ministral,prompt_A,pi_main,PI+F_N+TOP_I+HIGH_B,F_N,TOP_I,HIGH_B,,3.5
10.3030_101161961_full,ministral,prompt_A,pi_main,PI+F_N+TOP_I+LOW_B,F_N,TOP_I,LOW_B,,3.5
10.3030_101161961_full,ministral,prompt_A,pi_main,PI+M_N+LOW_I+HIGH_B,M_N,LOW_I,HIGH_B,,3.5
10.3030_101161961_full,ministral,prompt_A,pi_main,PI+M_N+LOW_I+LOW_B,M_N,LOW_I,LOW_B,,3.5
10.3030_101161961_full,ministral,prompt_A,pi_main,PI+M_N+TOP_I+HIGH_B,M_N,TOP_I,HIGH_B,,3.5
10.3030_101161961_full,ministral,prompt_A,pi_main,PI+M_N+TOP_I+LOW_B,M_N,TOP_I,LOW_B,,3.5
10.3030_101161961_full,ministral,prompt_B,ai_main,AI+AI_N,,,,AI_N,3.5
10.3030_101161961_full,ministral,prompt_B,ai_main,AI+AI_Y,,,,AI_Y,3.5
10.3030_101161961_full,ministral,prompt_B,blind_baseline,NONE,,,,,3.5
10.3030_101161961_full,ministral,prompt_B,pi_main,PI+F_N+LOW_I+HIGH_B,F_N,LOW_I,HIGH_B,,3.5
10.3030_101161961_full,ministral,prompt_B,pi_main,PI+F_N+LOW_I+LOW_B,F_N,LOW_I,LOW_B,,3.5
10.3030_101161961_full,ministral,prompt_B,pi_main,PI+F_N+TOP_I+HIGH_B,F_N,TOP_I,HIGH_B,,3.5
10.3030_101161961_full,ministral,prompt_B,pi_main,PI+F_N+TOP_I+LOW_B,F_N,TOP_I,LOW_B,,3.5
10.3030_101161961_full,ministral,prompt_B,pi_main,PI+M_N+LOW_I+HIGH_B,M_N,LOW_I,HIGH_B,,3.5
10.3030_101161961_full,ministral,prompt_B,pi_main,PI+M_N+LOW_I+LOW_B,M_N,LOW_I,LOW_B,,3.5
10.3030_101161961_full,ministral,prompt_B,pi_main,PI+M_N+TOP_I+HIGH_B,M_N,TOP_I,HIGH_B,,3.5
10.3030_101161961_full,ministral,prompt_B,pi_main,PI+M_N+TOP_I+LOW_B,M_N,TOP_I,LOW_B,,3.5
10.3030_101161961_full,ministral,prompt_C,ai_main,AI+AI_N,,,,AI_N,3.5
10.3030_101161961_full,ministral,prompt_C,ai_main,AI+AI_Y,,,,AI_Y,3.5
10.3030_101161961_full,ministral,prompt_C,blind_baseline,NONE,,,,,3.5
10.3030_101161961_full,ministral,prompt_C,pi_main,PI+F_N+LOW_I+HIGH_B,F_N,LOW_I,HIGH_B,,3.5
10.3030_101161961_full,ministral,prompt_C,pi_main,PI+F_N+LOW_I+LOW_B,F_N,LOW_I,LOW_B,,3.5
10.3030_101161961_full,ministral,prompt_C,pi_main,PI+F_N+TOP_I+HIGH_B,F_N,TOP_I,HIGH_B,,3.5
10.3030_101161961_full,ministral,prompt_C,pi_main,PI+F_N+TOP_I+LOW_B,F_N,TOP_I,LOW_B,,3.5
10.3030_101161961_full,ministral,prompt_C,pi_main,PI+M_N+LOW_I+HIGH_B,M_N,LOW_I,HIGH_B,,3.5
10.3030_101161961_full,ministral,prompt_C,pi_main,PI+M_N+LOW_I+LOW_B,M_N,LOW_I,LOW_B,,3.5
10.3030_101161961_full,ministral,prompt_C,pi_main,PI+M_N+TOP_I+HIGH_B,M_N,TOP_I,HIGH_B,,3.5
10.3030_101161961_full,ministral,prompt_C,pi_main,PI+M_N+TOP_I+LOW_B,M_N,TOP_I,LOW_B,,3.5
10.3030_101161961_full,mistral,prompt_A,ai_main,AI+AI_N,,,,AI_N,3.9
10.3030_101161961_full,mistral,prompt_A,ai_main,AI+AI_Y,,,,AI_Y,4.0
10.3030_101161961_full,mistral,prompt_A,blind_baseline,NONE,,,,,4.0
10.3030_101161961_full,mistral,prompt_A,pi_main,PI+F_N+LOW_I+HIGH_B,F_N,LOW_I,HIGH_B,,3.7
10.3030_101161961_full,mistral,prompt_A,pi_main,PI+F_N+LOW_I+LOW_B,F_N,LOW_I,LOW_B,,3.5
10.3030_101161961_full,mistral,prompt_A,pi_main,PI+F_N+TOP_I+HIGH_B,F_N,TOP_I,HIGH_B,,3.5
10.3030_101161961_full,mistral,prompt_A,pi_main,PI+F_N+TOP_I+LOW_B,F_N,TOP_I,LOW_B,,3.7
10.3030_101161961_full,mistral,prompt_A,pi_main,PI+M_N+LOW_I+HIGH_B,M_N,LOW_I,HIGH_B,,3.6
10.3030_101161961_full,mistral,prompt_A,pi_main,PI+M_N+LOW_I+LOW_B,M_N,LOW_I,LOW_B,,3.5
10.3030_101161961_full,mistral,prompt_A,pi_main,PI+M_N+TOP_I+HIGH_B,M_N,TOP_I,HIGH_B,,3.7
10.3030_101161961_full,mistral,prompt_A,pi_main,PI+M_N+TOP_I+LOW_B,M_N,TOP_I,LOW_B,,3.6
10.3030_101161961_full,mistral,prompt_B,ai_main,AI+AI_N,,,,AI_N,3.9
10.3030_101161961_full,mistral,prompt_B,ai_main,AI+AI_Y,,,,AI_Y,3.9
10.3030_101161961_full,mistral,prompt_B,blind_baseline,NONE,,,,,3.7
10.3030_101161961_full,mistral,prompt_B,pi_main,PI+F_N+LOW_I+HIGH_B,F_N,LOW_I,HIGH_B,,4.0
10.3030_101161961_full,mistral,prompt_B,pi_main,PI+F_N+LOW_I+LOW_B,F_N,LOW_I,LOW_B,,3.9
10.3030_101161961_full,mistral,prompt_B,pi_main,PI+F_N+TOP_I+HIGH_B,F_N,TOP_I,HIGH_B,,4.0
10.3030_101161961_full,mistral,prompt_B,pi_main,PI+F_N+TOP_I+LOW_B,F_N,TOP_I,LOW_B,,3.9
10.3030_101161961_full,mistral,prompt_B,pi_main,PI+M_N+LOW_I+HIGH_B,M_N,LOW_I,HIGH_B,,4.0
10.3030_101161961_full,mistral,prompt_B,pi_main,PI+M_N+LOW_I+LOW_B,M_N,LOW_I,LOW_B,,3.9
10.3030_101161961_full,mistral,prompt_B,pi_main,PI+M_N+TOP_I+HIGH_B,M_N,TOP_I,HIGH_B,,4.0
10.3030_101161961_full,mistral,prompt_B,pi_main,PI+M_N+TOP_I+LOW_B,M_N,TOP_I,LOW_B,,4.0
10.3030_101161961_full,mistral,prompt_C,ai_main,AI+AI_N,,,,AI_N,4.0
10.3030_101161961_full,mistral,prompt_C,ai_main,AI+AI_Y,,,,AI_Y,3.9
10.3030_101161961_full,mistral,prompt_C,blind_baseline,NONE,,,,,3.9
10.3030_101161961_full,mistral,prompt_C,pi_main,PI+F_N+LOW_I+HIGH_B,F_N,LOW_I,HIGH_B,,4.0
10.3030_101161961_full,mistral,prompt_C,pi_main,PI+F_N+LOW_I+LOW_B,F_N,LOW_I,LOW_B,,3.8
10.3030_101161961_full,mistral,prompt_C,pi_main,PI+F_N+TOP_I+HIGH_B,F_N,TOP_I,HIGH_B,,4.0
10.3030_101161961_full,mistral,prompt_C,pi_main,PI+F_N+TOP_I+LOW_B,F_N,TOP_I,LOW_B,,3.9
10.3030_101161961_full,mistral,prompt_C,pi_main,PI+M_N+LOW_I+HIGH_B,M_N,LOW_I,HIGH_B,,3.9
10.3030_101161961_full,mistral,prompt_C,pi_main,PI+M_N+LOW_I+LOW_B,M_N,LOW_I,LOW_B,,3.9
10.3030_101161961_full,mistral,prompt_C,pi_main,PI+M_N+TOP_I+HIGH_B,M_N,TOP_I,HIGH_B,,4.0
10.3030_101161961_full,mistral,prompt_C,pi_main,PI+M_N+TOP_I+LOW_B,M_N,TOP_I,LOW_B,,4.0
10.3030_101161961_full,phi,prompt_A,ai_main,AI+AI_N,,,,AI_N,3.5
10.3030_101161961_full,phi,prompt_A,ai_main,AI+AI_Y,,,,AI_Y,3.5
10.3030_101161961_full,phi,prompt_A,blind_baseline,NONE,,,,,3.5
10.3030_101161961_full,phi,prompt_A,pi_main,PI+F_N+LOW_I+HIGH_B,F_N,LOW_I,HIGH_B,,3.5
10.3030_101161961_full,phi,prompt_A,pi_main,PI+F_N+LOW_I+LOW_B,F_N,LOW_I,LOW_B,,3.5
10.3030_101161961_full,phi,prompt_A,pi_main,PI+F_N+TOP_I+HIGH_B,F_N,TOP_I,HIGH_B,,3.5
10.3030_101161961_full,phi,prompt_A,pi_main,PI+F_N+TOP_I+LOW_B,F_N,TOP_I,LOW_B,,3.5
10.3030_101161961_full,phi,prompt_A,pi_main,PI+M_N+LOW_I+HIGH_B,M_N,LOW_I,HIGH_B,,3.5
10.3030_101161961_full,phi,prompt_A,pi_main,PI+M_N+LOW_I+LOW_B,M_N,LOW_I,LOW_B,,3.5
10.3030_101161961_full,phi,prompt_A,pi_main,PI+M_N+TOP_I+HIGH_B,M_N,TOP_I,HIGH_B,,3.5
10.3030_101161961_full,phi,prompt_A,pi_main,PI+M_N+TOP_I+LOW_B,M_N,TOP_I,LOW_B,,3.5
10.3030_101161961_full,phi,prompt_B,ai_main,AI+AI_N,,,,AI_N,3.5
10.3030_101161961_full,phi,prompt_B,ai_main,AI+AI_Y,,,,AI_Y,3.5
10.3030_101161961_full,phi,prompt_B,blind_baseline,NONE,,,,,3.5
10.3030_101161961_full,phi,prompt_B,pi_main,PI+F_N+LOW_I+HIGH_B,F_N,LOW_I,HIGH_B,,3.5
10.3030_101161961_full,phi,prompt_B,pi_main,PI+F_N+LOW_I+LOW_B,F_N,LOW_I,LOW_B,,3.5
10.3030_101161961_full,phi,prompt_B,pi_main,PI+F_N+TOP_I+HIGH_B,F_N,TOP_I,HIGH_B,,3.5
10.3030_101161961_full,phi,prompt_B,pi_main,PI+F_N+TOP_I+LOW_B,F_N,TOP_I,LOW_B,,3.5
10.3030_101161961_full,phi,prompt_B,pi_main,PI+M_N+LOW_I+HIGH_B,M_N,LOW_I,HIGH_B,,3.5
10.3030_101161961_full,phi,prompt_B,pi_main,PI+M_N+LOW_I+LOW_B,M_N,LOW_I,LOW_B,,3.5
10.3030_101161961_full,phi,prompt_B,pi_main,PI+M_N+TOP_I+HIGH_B,M_N,TOP_I,HIGH_B,,3.5
10.3030_101161961_full,phi,prompt_B,pi_main,PI+M_N+TOP_I+LOW_B,M_N,TOP_I,LOW_B,,3.5
10.3030_101161961_full,phi,prompt_C,ai_main,AI+AI_N,,,,AI_N,3.5
10.3030_101161961_full,phi,prompt_C,ai_main,AI+AI_Y,,,,AI_Y,3.5
10.3030_101161961_full,phi,prompt_C,blind_baseline,NONE,,,,,3.5
10.3030_101161961_full,phi,prompt_C,pi_main,PI+F_N+LOW_I+HIGH_B,F_N,LOW_I,HIGH_B,,3.5
10.3030_101161961_full,phi,prompt_C,pi_main,PI+F_N+LOW_I+LOW_B,F_N,LOW_I,LOW_B,,3.5
10.3030_101161961_full,phi,prompt_C,pi_main,PI+F_N+TOP_I+HIGH_B,F_N,TOP_I,HIGH_B,,4.0
10.3030_101161961_full,phi,prompt_C,pi_main,PI+F_N+TOP_I+LOW_B,F_N,TOP_I,LOW_B,,3.5
10.3030_101161961_full,phi,prompt_C,pi_main,PI+M_N+LOW_I+HIGH_B,M_N,LOW_I,HIGH_B,,3.5
10.3030_101161961_full,phi,prompt_C,pi_main,PI+M_N+LOW_I+LOW_B,M_N,LOW_I,LOW_B,,3.5
10.3030_101161961_full,phi,prompt_C,pi_main,PI+M_N+TOP_I+HIGH_B,M_N,TOP_I,HIGH_B,,3.5
10.3030_101161961_full,phi,prompt_C,pi_main,PI+M_N+TOP_I+LOW_B,M_N,TOP_I,LOW_B,,3.5
10.3030_101162146_full,deepseek,prompt_A,ai_main,AI+AI_N,,,,AI_N,4.0
10.3030_101162146_full,deepseek,prompt_A,ai_main,AI+AI_Y,,,,AI_Y,4.0
10.3030_101162146_full,deepseek,prompt_A,blind_baseline,NONE,,,,,4.0
10.3030_101162146_full,deepseek,prompt_A,pi_main,PI+F_N+LOW_I+HIGH_B,F_N,LOW_I,HIGH_B,,3.7
10.3030_101162146_full,deepseek,prompt_A,pi_main,PI+F_N+LOW_I+LOW_B,F_N,LOW_I,LOW_B,,3.8
10.3030_101162146_full,deepseek,prompt_A,pi_main,PI+F_N+TOP_I+HIGH_B,F_N,TOP_I,HIGH_B,,4.0
10.3030_101162146_full,deepseek,prompt_A,pi_main,PI+F_N+TOP_I+LOW_B,F_N,TOP_I,LOW_B,,3.6
10.3030_101162146_full,deepseek,prompt_A,pi_main,PI+M_N+LOW_I+HIGH_B,M_N,LOW_I,HIGH_B,,3.9
10.3030_101162146_full,deepseek,prompt_A,pi_main,PI+M_N+LOW_I+LOW_B,M_N,LOW_I,LOW_B,,3.6
10.3030_101162146_full,deepseek,prompt_A,pi_main,PI+M_N+TOP_I+HIGH_B,M_N,TOP_I,HIGH_B,,3.9
10.3030_101162146_full,deepseek,prompt_A,pi_main,PI+M_N+TOP_I+LOW_B,M_N,TOP_I,LOW_B,,3.7
10.3030_101162146_full,deepseek,prompt_B,ai_main,AI+AI_N,,,,AI_N,4.0
10.3030_101162146_full,deepseek,prompt_B,ai_main,AI+AI_Y,,,,AI_Y,4.0
10.3030_101162146_full,deepseek,prompt_B,blind_baseline,NONE,,,,,3.9
10.3030_101162146_full,deepseek,prompt_B,pi_main,PI+F_N+LOW_I+HIGH_B,F_N,LOW_I,HIGH_B,,4.0
10.3030_101162146_full,deepseek,prompt_B,pi_main,PI+F_N+LOW_I+LOW_B,F_N,LOW_I,LOW_B,,3.7
10.3030_101162146_full,deepseek,prompt_B,pi_main,PI+F_N+TOP_I+HIGH_B,F_N,TOP_I,HIGH_B,,4.0
10.3030_101162146_full,deepseek,prompt_B,pi_main,PI+F_N+TOP_I+LOW_B,F_N,TOP_I,LOW_B,,3.8
10.3030_101162146_full,deepseek,prompt_B,pi_main,PI+M_N+LOW_I+HIGH_B,M_N,LOW_I,HIGH_B,,3.7
10.3030_101162146_full,deepseek,prompt_B,pi_main,PI+M_N+LOW_I+LOW_B,M_N,LOW_I,LOW_B,,3.7
10.3030_101162146_full,deepseek,prompt_B,pi_main,PI+M_N+TOP_I+HIGH_B,M_N,TOP_I,HIGH_B,,4.0
10.3030_101162146_full,deepseek,prompt_B,pi_main,PI+M_N+TOP_I+LOW_B,M_N,TOP_I,LOW_B,,4.0
10.3030_101162146_full,deepseek,prompt_C,ai_main,AI+AI_N,,,,AI_N,4.0
10.3030_101162146_full,deepseek,prompt_C,ai_main,AI+AI_Y,,,,AI_Y,3.8
10.3030_101162146_full,deepseek,prompt_C,blind_baseline,NONE,,,,,4.0
10.3030_101162146_full,deepseek,prompt_C,pi_main,PI+F_N+LOW_I+HIGH_B,F_N,LOW_I,HIGH_B,,4.0
10.3030_101162146_full,deepseek,prompt_C,pi_main,PI+F_N+LOW_I+LOW_B,F_N,LOW_I,LOW_B,,4.0
10.3030_101162146_full,deepseek,prompt_C,pi_main,PI+F_N+TOP_I+HIGH_B,F_N,TOP_I,HIGH_B,,4.0
10.3030_101162146_full,deepseek,prompt_C,pi_main,PI+F_N+TOP_I+LOW_B,F_N,TOP_I,LOW_B,,3.7
10.3030_101162146_full,deepseek,prompt_C,pi_main,PI+M_N+LOW_I+HIGH_B,M_N,LOW_I,HIGH_B,,4.0
10.3030_101162146_full,deepseek,prompt_C,pi_main,PI+M_N+LOW_I+LOW_B,M_N,LOW_I,LOW_B,,3.8
10.3030_101162146_full,deepseek,prompt_C,pi_main,PI+M_N+TOP_I+HIGH_B,M_N,TOP_I,HIGH_B,,4.0
10.3030_101162146_full,deepseek,prompt_C,pi_main,PI+M_N+TOP_I+LOW_B,M_N,TOP_I,LOW_B,,3.9
10.3030_101162146_full,gemma,prompt_A,ai_main,AI+AI_N,,,,AI_N,3.5
10.3030_101162146_full,gemma,prompt_A,ai_main,AI+AI_Y,,,,AI_Y,3.2
10.3030_101162146_full,gemma,prompt_A,blind_baseline,NONE,,,,,3.5
10.3030_101162146_full,gemma,prompt_A,pi_main,PI+F_N+LOW_I+HIGH_B,F_N,LOW_I,HIGH_B,,3.0
10.3030_101162146_full,gemma,prompt_A,pi_main,PI+F_N+LOW_I+LOW_B,F_N,LOW_I,LOW_B,,3.0
10.3030_101162146_full,gemma,prompt_A,pi_main,PI+F_N+TOP_I+HIGH_B,F_N,TOP_I,HIGH_B,,3.0
10.3030_101162146_full,gemma,prompt_A,pi_main,PI+F_N+TOP_I+LOW_B,F_N,TOP_I,LOW_B,,3.0
10.3030_101162146_full,gemma,prompt_A,pi_main,PI+M_N+LOW_I+HIGH_B,M_N,LOW_I,HIGH_B,,3.0
10.3030_101162146_full,gemma,prompt_A,pi_main,PI+M_N+LOW_I+LOW_B,M_N,LOW_I,LOW_B,,3.0
10.3030_101162146_full,gemma,prompt_A,pi_main,PI+M_N+TOP_I+HIGH_B,M_N,TOP_I,HIGH_B,,3.0
10.3030_101162146_full,gemma,prompt_A,pi_main,PI+M_N+TOP_I+LOW_B,M_N,TOP_I,LOW_B,,3.0
10.3030_101162146_full,gemma,prompt_B,ai_main,AI+AI_N,,,,AI_N,3.5
10.3030_101162146_full,gemma,prompt_B,ai_main,AI+AI_Y,,,,AI_Y,3.5
10.3030_101162146_full,gemma,prompt_B,blind_baseline,NONE,,,,,3.5
10.3030_101162146_full,gemma,prompt_B,pi_main,PI+F_N+LOW_I+HIGH_B,F_N,LOW_I,HIGH_B,,3.5
10.3030_101162146_full,gemma,prompt_B,pi_main,PI+F_N+LOW_I+LOW_B,F_N,LOW_I,LOW_B,,3.5
10.3030_101162146_full,gemma,prompt_B,pi_main,PI+F_N+TOP_I+HIGH_B,F_N,TOP_I,HIGH_B,,3.5
10.3030_101162146_full,gemma,prompt_B,pi_main,PI+F_N+TOP_I+LOW_B,F_N,TOP_I,LOW_B,,3.1
10.3030_101162146_full,gemma,prompt_B,pi_main,PI+M_N+LOW_I+HIGH_B,M_N,LOW_I,HIGH_B,,3.5
10.3030_101162146_full,gemma,prompt_B,pi_main,PI+M_N+LOW_I+LOW_B,M_N,LOW_I,LOW_B,,3.1
10.3030_101162146_full,gemma,prompt_B,pi_main,PI+M_N+TOP_I+HIGH_B,M_N,TOP_I,HIGH_B,,3.5
10.3030_101162146_full,gemma,prompt_B,pi_main,PI+M_N+TOP_I+LOW_B,M_N,TOP_I,LOW_B,,3.0
10.3030_101162146_full,gemma,prompt_C,ai_main,AI+AI_N,,,,AI_N,3.5
10.3030_101162146_full,gemma,prompt_C,ai_main,AI+AI_Y,,,,AI_Y,3.5
10.3030_101162146_full,gemma,prompt_C,blind_baseline,NONE,,,,,3.5
10.3030_101162146_full,gemma,prompt_C,pi_main,PI+F_N+LOW_I+HIGH_B,F_N,LOW_I,HIGH_B,,3.5
10.3030_101162146_full,gemma,prompt_C,pi_main,PI+F_N+LOW_I+LOW_B,F_N,LOW_I,LOW_B,,3.0
10.3030_101162146_full,gemma,prompt_C,pi_main,PI+F_N+TOP_I+HIGH_B,F_N,TOP_I,HIGH_B,,3.5
10.3030_101162146_full,gemma,prompt_C,pi_main,PI+F_N+TOP_I+LOW_B,F_N,TOP_I,LOW_B,,3.0
10.3030_101162146_full,gemma,prompt_C,pi_main,PI+M_N+LOW_I+HIGH_B,M_N,LOW_I,HIGH_B,,3.5
10.3030_101162146_full,gemma,prompt_C,pi_main,PI+M_N+LOW_I+LOW_B,M_N,LOW_I,LOW_B,,3.0
10.3030_101162146_full,gemma,prompt_C,pi_main,PI+M_N+TOP_I+HIGH_B,M_N,TOP_I,HIGH_B,,3.5
10.3030_101162146_full,gemma,prompt_C,pi_main,PI+M_N+TOP_I+LOW_B,M_N,TOP_I,LOW_B,,3.0
10.3030_101162146_full,glm,prompt_A,ai_main,AI+AI_N,,,,AI_N,3.8
10.3030_101162146_full,glm,prompt_A,ai_main,AI+AI_Y,,,,AI_Y,3.7
10.3030_101162146_full,glm,prompt_A,blind_baseline,NONE,,,,,3.6
10.3030_101162146_full,glm,prompt_A,pi_main,PI+F_N+LOW_I+HIGH_B,F_N,LOW_I,HIGH_B,,3.9
10.3030_101162146_full,glm,prompt_A,pi_main,PI+F_N+LOW_I+LOW_B,F_N,LOW_I,LOW_B,,3.0
10.3030_101162146_full,glm,prompt_A,pi_main,PI+F_N+TOP_I+HIGH_B,F_N,TOP_I,HIGH_B,,3.7
10.3030_101162146_full,glm,prompt_A,pi_main,PI+F_N+TOP_I+LOW_B,F_N,TOP_I,LOW_B,,3.3
10.3030_101162146_full,glm,prompt_A,pi_main,PI+M_N+LOW_I+HIGH_B,M_N,LOW_I,HIGH_B,,3.6
10.3030_101162146_full,glm,prompt_A,pi_main,PI+M_N+LOW_I+LOW_B,M_N,LOW_I,LOW_B,,3.0
10.3030_101162146_full,glm,prompt_A,pi_main,PI+M_N+TOP_I+HIGH_B,M_N,TOP_I,HIGH_B,,3.9
10.3030_101162146_full,glm,prompt_A,pi_main,PI+M_N+TOP_I+LOW_B,M_N,TOP_I,LOW_B,,3.1
10.3030_101162146_full,glm,prompt_B,ai_main,AI+AI_N,,,,AI_N,3.9
10.3030_101162146_full,glm,prompt_B,ai_main,AI+AI_Y,,,,AI_Y,3.7
10.3030_101162146_full,glm,prompt_B,blind_baseline,NONE,,,,,3.7
10.3030_101162146_full,glm,prompt_B,pi_main,PI+F_N+LOW_I+HIGH_B,F_N,LOW_I,HIGH_B,,3.7
10.3030_101162146_full,glm,prompt_B,pi_main,PI+F_N+LOW_I+LOW_B,F_N,LOW_I,LOW_B,,3.5
10.3030_101162146_full,glm,prompt_B,pi_main,PI+F_N+TOP_I+HIGH_B,F_N,TOP_I,HIGH_B,,3.5
10.3030_101162146_full,glm,prompt_B,pi_main,PI+F_N+TOP_I+LOW_B,F_N,TOP_I,LOW_B,,3.5
10.3030_101162146_full,glm,prompt_B,pi_main,PI+M_N+LOW_I+HIGH_B,M_N,LOW_I,HIGH_B,,3.6
10.3030_101162146_full,glm,prompt_B,pi_main,PI+M_N+LOW_I+LOW_B,M_N,LOW_I,LOW_B,,3.4
10.3030_101162146_full,glm,prompt_B,pi_main,PI+M_N+TOP_I+HIGH_B,M_N,TOP_I,HIGH_B,,3.5
10.3030_101162146_full,glm,prompt_B,pi_main,PI+M_N+TOP_I+LOW_B,M_N,TOP_I,LOW_B,,3.5
10.3030_101162146_full,glm,prompt_C,ai_main,AI+AI_N,,,,AI_N,3.7
10.3030_101162146_full,glm,prompt_C,ai_main,AI+AI_Y,,,,AI_Y,3.7
10.3030_101162146_full,glm,prompt_C,blind_baseline,NONE,,,,,3.9
10.3030_101162146_full,glm,prompt_C,pi_main,PI+F_N+LOW_I+HIGH_B,F_N,LOW_I,HIGH_B,,3.6
10.3030_101162146_full,glm,prompt_C,pi_main,PI+F_N+LOW_I+LOW_B,F_N,LOW_I,LOW_B,,3.2
10.3030_101162146_full,glm,prompt_C,pi_main,PI+F_N+TOP_I+HIGH_B,F_N,TOP_I,HIGH_B,,3.5
10.3030_101162146_full,glm,prompt_C,pi_main,PI+F_N+TOP_I+LOW_B,F_N,TOP_I,LOW_B,,3.1
10.3030_101162146_full,glm,prompt_C,pi_main,PI+M_N+LOW_I+HIGH_B,M_N,LOW_I,HIGH_B,,3.6
10.3030_101162146_full,glm,prompt_C,pi_main,PI+M_N+LOW_I+LOW_B,M_N,LOW_I,LOW_B,,3.1
10.3030_101162146_full,glm,prompt_C,pi_main,PI+M_N+TOP_I+HIGH_B,M_N,TOP_I,HIGH_B,,3.5
10.3030_101162146_full,glm,prompt_C,pi_main,PI+M_N+TOP_I+LOW_B,M_N,TOP_I,LOW_B,,3.1
10.3030_101162146_full,gpt,prompt_A,ai_main,AI+AI_N,,,,AI_N,3.5
10.3030_101162146_full,gpt,prompt_A,ai_main,AI+AI_Y,,,,AI_Y,3.5
10.3030_101162146_full,gpt,prompt_A,blind_baseline,NONE,,,,,3.6
10.3030_101162146_full,gpt,prompt_A,pi_main,PI+F_N+LOW_I+HIGH_B,F_N,LOW_I,HIGH_B,,3.6
10.3030_101162146_full,gpt,prompt_A,pi_main,PI+F_N+LOW_I+LOW_B,F_N,LOW_I,LOW_B,,3.0
10.3030_101162146_full,gpt,prompt_A,pi_main,PI+F_N+TOP_I+HIGH_B,F_N,TOP_I,HIGH_B,,3.5
10.3030_101162146_full,gpt,prompt_A,pi_main,PI+F_N+TOP_I+LOW_B,F_N,TOP_I,LOW_B,,3.5
10.3030_101162146_full,gpt,prompt_A,pi_main,PI+M_N+LOW_I+HIGH_B,M_N,LOW_I,HIGH_B,,3.5
10.3030_101162146_full,gpt,prompt_A,pi_main,PI+M_N+LOW_I+LOW_B,M_N,LOW_I,LOW_B,,3.4
10.3030_101162146_full,gpt,prompt_A,pi_main,PI+M_N+TOP_I+HIGH_B,M_N,TOP_I,HIGH_B,,3.8
10.3030_101162146_full,gpt,prompt_A,pi_main,PI+M_N+TOP_I+LOW_B,M_N,TOP_I,LOW_B,,3.5
10.3030_101162146_full,gpt,prompt_B,ai_main,AI+AI_N,,,,AI_N,4.0
10.3030_101162146_full,gpt,prompt_B,ai_main,AI+AI_Y,,,,AI_Y,3.5
10.3030_101162146_full,gpt,prompt_B,blind_baseline,NONE,,,,,3.6
10.3030_101162146_full,gpt,prompt_B,pi_main,PI+F_N+LOW_I+HIGH_B,F_N,LOW_I,HIGH_B,,3.9
10.3030_101162146_full,gpt,prompt_B,pi_main,PI+F_N+LOW_I+LOW_B,F_N,LOW_I,LOW_B,,3.5
10.3030_101162146_full,gpt,prompt_B,pi_main,PI+F_N+TOP_I+HIGH_B,F_N,TOP_I,HIGH_B,,4.0
10.3030_101162146_full,gpt,prompt_B,pi_main,PI+F_N+TOP_I+LOW_B,F_N,TOP_I,LOW_B,,3.6
10.3030_101162146_full,gpt,prompt_B,pi_main,PI+M_N+LOW_I+HIGH_B,M_N,LOW_I,HIGH_B,,3.8
10.3030_101162146_full,gpt,prompt_B,pi_main,PI+M_N+LOW_I+LOW_B,M_N,LOW_I,LOW_B,,3.5
10.3030_101162146_full,gpt,prompt_B,pi_main,PI+M_N+TOP_I+HIGH_B,M_N,TOP_I,HIGH_B,,3.9
10.3030_101162146_full,gpt,prompt_B,pi_main,PI+M_N+TOP_I+LOW_B,M_N,TOP_I,LOW_B,,3.5
10.3030_101162146_full,gpt,prompt_C,ai_main,AI+AI_N,,,,AI_N,3.7
10.3030_101162146_full,gpt,prompt_C,ai_main,AI+AI_Y,,,,AI_Y,3.6
10.3030_101162146_full,gpt,prompt_C,blind_baseline,NONE,,,,,3.6
10.3030_101162146_full,gpt,prompt_C,pi_main,PI+F_N+LOW_I+HIGH_B,F_N,LOW_I,HIGH_B,,3.7
10.3030_101162146_full,gpt,prompt_C,pi_main,PI+F_N+LOW_I+LOW_B,F_N,LOW_I,LOW_B,,3.5
10.3030_101162146_full,gpt,prompt_C,pi_main,PI+F_N+TOP_I+HIGH_B,F_N,TOP_I,HIGH_B,,3.9
10.3030_101162146_full,gpt,prompt_C,pi_main,PI+F_N+TOP_I+LOW_B,F_N,TOP_I,LOW_B,,3.5
10.3030_101162146_full,gpt,prompt_C,pi_main,PI+M_N+LOW_I+HIGH_B,M_N,LOW_I,HIGH_B,,3.6
10.3030_101162146_full,gpt,prompt_C,pi_main,PI+M_N+LOW_I+LOW_B,M_N,LOW_I,LOW_B,,3.5
10.3030_101162146_full,gpt,prompt_C,pi_main,PI+M_N+TOP_I+HIGH_B,M_N,TOP_I,HIGH_B,,3.6
10.3030_101162146_full,gpt,prompt_C,pi_main,PI+M_N+TOP_I+LOW_B,M_N,TOP_I,LOW_B,,3.5
10.3030_101162146_full,kimi,prompt_A,ai_main,AI+AI_N,,,,AI_N,4.0
10.3030_101162146_full,kimi,prompt_A,ai_main,AI+AI_Y,,,,AI_Y,4.0
10.3030_101162146_full,kimi,prompt_A,blind_baseline,NONE,,,,,4.0
10.3030_101162146_full,kimi,prompt_A,pi_main,PI+F_N+LOW_I+HIGH_B,F_N,LOW_I,HIGH_B,,4.0
10.3030_101162146_full,kimi,prompt_A,pi_main,PI+F_N+LOW_I+LOW_B,F_N,LOW_I,LOW_B,,3.5
10.3030_101162146_full,kimi,prompt_A,pi_main,PI+F_N+TOP_I+HIGH_B,F_N,TOP_I,HIGH_B,,3.8
10.3030_101162146_full,kimi,prompt_A,pi_main,PI+F_N+TOP_I+LOW_B,F_N,TOP_I,LOW_B,,3.6
10.3030_101162146_full,kimi,prompt_A,pi_main,PI+M_N+LOW_I+HIGH_B,M_N,LOW_I,HIGH_B,,4.0
10.3030_101162146_full,kimi,prompt_A,pi_main,PI+M_N+LOW_I+LOW_B,M_N,LOW_I,LOW_B,,3.5
10.3030_101162146_full,kimi,prompt_A,pi_main,PI+M_N+TOP_I+HIGH_B,M_N,TOP_I,HIGH_B,,4.0
10.3030_101162146_full,kimi,prompt_A,pi_main,PI+M_N+TOP_I+LOW_B,M_N,TOP_I,LOW_B,,3.6
10.3030_101162146_full,kimi,prompt_B,ai_main,AI+AI_N,,,,AI_N,4.0
10.3030_101162146_full,kimi,prompt_B,ai_main,AI+AI_Y,,,,AI_Y,4.0
10.3030_101162146_full,kimi,prompt_B,blind_baseline,NONE,,,,,4.0
10.3030_101162146_full,kimi,prompt_B,pi_main,PI+F_N+LOW_I+HIGH_B,F_N,LOW_I,HIGH_B,,4.0
10.3030_101162146_full,kimi,prompt_B,pi_main,PI+F_N+LOW_I+LOW_B,F_N,LOW_I,LOW_B,,3.9
10.3030_101162146_full,kimi,prompt_B,pi_main,PI+F_N+TOP_I+HIGH_B,F_N,TOP_I,HIGH_B,,4.0
10.3030_101162146_full,kimi,prompt_B,pi_main,PI+F_N+TOP_I+LOW_B,F_N,TOP_I,LOW_B,,4.0
10.3030_101162146_full,kimi,prompt_B,pi_main,PI+M_N+LOW_I+HIGH_B,M_N,LOW_I,HIGH_B,,4.0
10.3030_101162146_full,kimi,prompt_B,pi_main,PI+M_N+LOW_I+LOW_B,M_N,LOW_I,LOW_B,,3.7
10.3030_101162146_full,kimi,prompt_B,pi_main,PI+M_N+TOP_I+HIGH_B,M_N,TOP_I,HIGH_B,,4.0
10.3030_101162146_full,kimi,prompt_B,pi_main,PI+M_N+TOP_I+LOW_B,M_N,TOP_I,LOW_B,,3.8
10.3030_101162146_full,kimi,prompt_C,ai_main,AI+AI_N,,,,AI_N,4.0
10.3030_101162146_full,kimi,prompt_C,ai_main,AI+AI_Y,,,,AI_Y,4.0
10.3030_101162146_full,kimi,prompt_C,blind_baseline,NONE,,,,,4.0
10.3030_101162146_full,kimi,prompt_C,pi_main,PI+F_N+LOW_I+HIGH_B,F_N,LOW_I,HIGH_B,,4.0
10.3030_101162146_full,kimi,prompt_C,pi_main,PI+F_N+LOW_I+LOW_B,F_N,LOW_I,LOW_B,,3.8
10.3030_101162146_full,kimi,prompt_C,pi_main,PI+F_N+TOP_I+HIGH_B,F_N,TOP_I,HIGH_B,,4.0
10.3030_101162146_full,kimi,prompt_C,pi_main,PI+F_N+TOP_I+LOW_B,F_N,TOP_I,LOW_B,,3.9
10.3030_101162146_full,kimi,prompt_C,pi_main,PI+M_N+LOW_I+HIGH_B,M_N,LOW_I,HIGH_B,,3.8
10.3030_101162146_full,kimi,prompt_C,pi_main,PI+M_N+LOW_I+LOW_B,M_N,LOW_I,LOW_B,,3.6
10.3030_101162146_full,kimi,prompt_C,pi_main,PI+M_N+TOP_I+HIGH_B,M_N,TOP_I,HIGH_B,,3.9
10.3030_101162146_full,kimi,prompt_C,pi_main,PI+M_N+TOP_I+LOW_B,M_N,TOP_I,LOW_B,,3.8
10.3030_101162146_full,ministral,prompt_A,ai_main,AI+AI_N,,,,AI_N,3.5
10.3030_101162146_full,ministral,prompt_A,ai_main,AI+AI_Y,,,,AI_Y,3.5
10.3030_101162146_full,ministral,prompt_A,blind_baseline,NONE,,,,,3.5
10.3030_101162146_full,ministral,prompt_A,pi_main,PI+F_N+LOW_I+HIGH_B,F_N,LOW_I,HIGH_B,,3.5
10.3030_101162146_full,ministral,prompt_A,pi_main,PI+F_N+LOW_I+LOW_B,F_N,LOW_I,LOW_B,,3.0
10.3030_101162146_full,ministral,prompt_A,pi_main,PI+F_N+TOP_I+HIGH_B,F_N,TOP_I,HIGH_B,,3.5
10.3030_101162146_full,ministral,prompt_A,pi_main,PI+F_N+TOP_I+LOW_B,F_N,TOP_I,LOW_B,,3.5
10.3030_101162146_full,ministral,prompt_A,pi_main,PI+M_N+LOW_I+HIGH_B,M_N,LOW_I,HIGH_B,,3.5
10.3030_101162146_full,ministral,prompt_A,pi_main,PI+M_N+LOW_I+LOW_B,M_N,LOW_I,LOW_B,,3.0
10.3030_101162146_full,ministral,prompt_A,pi_main,PI+M_N+TOP_I+HIGH_B,M_N,TOP_I,HIGH_B,,3.5
10.3030_101162146_full,ministral,prompt_A,pi_main,PI+M_N+TOP_I+LOW_B,M_N,TOP_I,LOW_B,,3.5
10.3030_101162146_full,ministral,prompt_B,ai_main,AI+AI_N,,,,AI_N,3.5
10.3030_101162146_full,ministral,prompt_B,ai_main,AI+AI_Y,,,,AI_Y,3.5
10.3030_101162146_full,ministral,prompt_B,blind_baseline,NONE,,,,,3.5
10.3030_101162146_full,ministral,prompt_B,pi_main,PI+F_N+LOW_I+HIGH_B,F_N,LOW_I,HIGH_B,,3.5
10.3030_101162146_full,ministral,prompt_B,pi_main,PI+F_N+LOW_I+LOW_B,F_N,LOW_I,LOW_B,,3.5
10.3030_101162146_full,ministral,prompt_B,pi_main,PI+F_N+TOP_I+HIGH_B,F_N,TOP_I,HIGH_B,,3.5
10.3030_101162146_full,ministral,prompt_B,pi_main,PI+F_N+TOP_I+LOW_B,F_N,TOP_I,LOW_B,,3.5
10.3030_101162146_full,ministral,prompt_B,pi_main,PI+M_N+LOW_I+HIGH_B,M_N,LOW_I,HIGH_B,,3.5
10.3030_101162146_full,ministral,prompt_B,pi_main,PI+M_N+LOW_I+LOW_B,M_N,LOW_I,LOW_B,,3.5
10.3030_101162146_full,ministral,prompt_B,pi_main,PI+M_N+TOP_I+HIGH_B,M_N,TOP_I,HIGH_B,,3.5
10.3030_101162146_full,ministral,prompt_B,pi_main,PI+M_N+TOP_I+LOW_B,M_N,TOP_I,LOW_B,,3.5
10.3030_101162146_full,ministral,prompt_C,ai_main,AI+AI_N,,,,AI_N,3.5
10.3030_101162146_full,ministral,prompt_C,ai_main,AI+AI_Y,,,,AI_Y,3.5
10.3030_101162146_full,ministral,prompt_C,blind_baseline,NONE,,,,,3.5
10.3030_101162146_full,ministral,prompt_C,pi_main,PI+F_N+LOW_I+HIGH_B,F_N,LOW_I,HIGH_B,,3.5
10.3030_101162146_full,ministral,prompt_C,pi_main,PI+F_N+LOW_I+LOW_B,F_N,LOW_I,LOW_B,,3.5
10.3030_101162146_full,ministral,prompt_C,pi_main,PI+F_N+TOP_I+HIGH_B,F_N,TOP_I,HIGH_B,,4.0
10.3030_101162146_full,ministral,prompt_C,pi_main,PI+F_N+TOP_I+LOW_B,F_N,TOP_I,LOW_B,,3.5
10.3030_101162146_full,ministral,prompt_C,pi_main,PI+M_N+LOW_I+HIGH_B,M_N,LOW_I,HIGH_B,,3.5
10.3030_101162146_full,ministral,prompt_C,pi_main,PI+M_N+LOW_I+LOW_B,M_N,LOW_I,LOW_B,,3.5
10.3030_101162146_full,ministral,prompt_C,pi_main,PI+M_N+TOP_I+HIGH_B,M_N,TOP_I,HIGH_B,,3.5
10.3030_101162146_full,ministral,prompt_C,pi_main,PI+M_N+TOP_I+LOW_B,M_N,TOP_I,LOW_B,,3.5
10.3030_101162146_full,mistral,prompt_A,ai_main,AI+AI_N,,,,AI_N,4.0
10.3030_101162146_full,mistral,prompt_A,ai_main,AI+AI_Y,,,,AI_Y,4.0
10.3030_101162146_full,mistral,prompt_A,blind_baseline,NONE,,,,,4.0
10.3030_101162146_full,mistral,prompt_A,pi_main,PI+F_N+LOW_I+HIGH_B,F_N,LOW_I,HIGH_B,,4.0
10.3030_101162146_full,mistral,prompt_A,pi_main,PI+F_N+LOW_I+LOW_B,F_N,LOW_I,LOW_B,,3.9
10.3030_101162146_full,mistral,prompt_A,pi_main,PI+F_N+TOP_I+HIGH_B,F_N,TOP_I,HIGH_B,,4.0
10.3030_101162146_full,mistral,prompt_A,pi_main,PI+F_N+TOP_I+LOW_B,F_N,TOP_I,LOW_B,,3.8
10.3030_101162146_full,mistral,prompt_A,pi_main,PI+M_N+LOW_I+HIGH_B,M_N,LOW_I,HIGH_B,,4.0
10.3030_101162146_full,mistral,prompt_A,pi_main,PI+M_N+LOW_I+LOW_B,M_N,LOW_I,LOW_B,,3.8
10.3030_101162146_full,mistral,prompt_A,pi_main,PI+M_N+TOP_I+HIGH_B,M_N,TOP_I,HIGH_B,,4.0
10.3030_101162146_full,mistral,prompt_A,pi_main,PI+M_N+TOP_I+LOW_B,M_N,TOP_I,LOW_B,,4.0
10.3030_101162146_full,mistral,prompt_B,ai_main,AI+AI_N,,,,AI_N,4.0
10.3030_101162146_full,mistral,prompt_B,ai_main,AI+AI_Y,,,,AI_Y,4.0
10.3030_101162146_full,mistral,prompt_B,blind_baseline,NONE,,,,,4.0
10.3030_101162146_full,mistral,prompt_B,pi_main,PI+F_N+LOW_I+HIGH_B,F_N,LOW_I,HIGH_B,,4.0
10.3030_101162146_full,mistral,prompt_B,pi_main,PI+F_N+LOW_I+LOW_B,F_N,LOW_I,LOW_B,,4.0
10.3030_101162146_full,mistral,prompt_B,pi_main,PI+F_N+TOP_I+HIGH_B,F_N,TOP_I,HIGH_B,,4.0
10.3030_101162146_full,mistral,prompt_B,pi_main,PI+F_N+TOP_I+LOW_B,F_N,TOP_I,LOW_B,,4.0
10.3030_101162146_full,mistral,prompt_B,pi_main,PI+M_N+LOW_I+HIGH_B,M_N,LOW_I,HIGH_B,,4.0
10.3030_101162146_full,mistral,prompt_B,pi_main,PI+M_N+LOW_I+LOW_B,M_N,LOW_I,LOW_B,,4.0
10.3030_101162146_full,mistral,prompt_B,pi_main,PI+M_N+TOP_I+HIGH_B,M_N,TOP_I,HIGH_B,,4.0
10.3030_101162146_full,mistral,prompt_B,pi_main,PI+M_N+TOP_I+LOW_B,M_N,TOP_I,LOW_B,,4.0
10.3030_101162146_full,mistral,prompt_C,ai_main,AI+AI_N,,,,AI_N,4.0
10.3030_101162146_full,mistral,prompt_C,ai_main,AI+AI_Y,,,,AI_Y,4.0
10.3030_101162146_full,mistral,prompt_C,blind_baseline,NONE,,,,,4.0
10.3030_101162146_full,mistral,prompt_C,pi_main,PI+F_N+LOW_I+HIGH_B,F_N,LOW_I,HIGH_B,,4.0
10.3030_101162146_full,mistral,prompt_C,pi_main,PI+F_N+LOW_I+LOW_B,F_N,LOW_I,LOW_B,,4.0
10.3030_101162146_full,mistral,prompt_C,pi_main,PI+F_N+TOP_I+HIGH_B,F_N,TOP_I,HIGH_B,,4.0
10.3030_101162146_full,mistral,prompt_C,pi_main,PI+F_N+TOP_I+LOW_B,F_N,TOP_I,LOW_B,,4.0
10.3030_101162146_full,mistral,prompt_C,pi_main,PI+M_N+LOW_I+HIGH_B,M_N,LOW_I,HIGH_B,,4.0
10.3030_101162146_full,mistral,prompt_C,pi_main,PI+M_N+LOW_I+LOW_B,M_N,LOW_I,LOW_B,,3.8
10.3030_101162146_full,mistral,prompt_C,pi_main,PI+M_N+TOP_I+HIGH_B,M_N,TOP_I,HIGH_B,,4.0
10.3030_101162146_full,mistral,prompt_C,pi_main,PI+M_N+TOP_I+LOW_B,M_N,TOP_I,LOW_B,,4.0
10.3030_101162146_full,phi,prompt_A,ai_main,AI+AI_N,,,,AI_N,3.5
10.3030_101162146_full,phi,prompt_A,ai_main,AI+AI_Y,,,,AI_Y,3.5
10.3030_101162146_full,phi,prompt_A,blind_baseline,NONE,,,,,3.5
10.3030_101162146_full,phi,prompt_A,pi_main,PI+F_N+LOW_I+HIGH_B,F_N,LOW_I,HIGH_B,,3.0
10.3030_101162146_full,phi,prompt_A,pi_main,PI+F_N+LOW_I+LOW_B,F_N,LOW_I,LOW_B,,3.0
10.3030_101162146_full,phi,prompt_A,pi_main,PI+F_N+TOP_I+HIGH_B,F_N,TOP_I,HIGH_B,,3.5
10.3030_101162146_full,phi,prompt_A,pi_main,PI+F_N+TOP_I+LOW_B,F_N,TOP_I,LOW_B,,3.0
10.3030_101162146_full,phi,prompt_A,pi_main,PI+M_N+LOW_I+HIGH_B,M_N,LOW_I,HIGH_B,,3.5
10.3030_101162146_full,phi,prompt_A,pi_main,PI+M_N+LOW_I+LOW_B,M_N,LOW_I,LOW_B,,3.0
10.3030_101162146_full,phi,prompt_A,pi_main,PI+M_N+TOP_I+HIGH_B,M_N,TOP_I,HIGH_B,,3.5
10.3030_101162146_full,phi,prompt_A,pi_main,PI+M_N+TOP_I+LOW_B,M_N,TOP_I,LOW_B,,3.0
10.3030_101162146_full,phi,prompt_B,ai_main,AI+AI_N,,,,AI_N,3.5
10.3030_101162146_full,phi,prompt_B,ai_main,AI+AI_Y,,,,AI_Y,3.5
10.3030_101162146_full,phi,prompt_B,blind_baseline,NONE,,,,,3.5
10.3030_101162146_full,phi,prompt_B,pi_main,PI+F_N+LOW_I+HIGH_B,F_N,LOW_I,HIGH_B,,3.5
10.3030_101162146_full,phi,prompt_B,pi_main,PI+F_N+LOW_I+LOW_B,F_N,LOW_I,LOW_B,,3.0
10.3030_101162146_full,phi,prompt_B,pi_main,PI+F_N+TOP_I+HIGH_B,F_N,TOP_I,HIGH_B,,3.5
10.3030_101162146_full,phi,prompt_B,pi_main,PI+F_N+TOP_I+LOW_B,F_N,TOP_I,LOW_B,,3.5
10.3030_101162146_full,phi,prompt_B,pi_main,PI+M_N+LOW_I+HIGH_B,M_N,LOW_I,HIGH_B,,3.3
10.3030_101162146_full,phi,prompt_B,pi_main,PI+M_N+LOW_I+LOW_B,M_N,LOW_I,LOW_B,,3.5
10.3030_101162146_full,phi,prompt_B,pi_main,PI+M_N+TOP_I+HIGH_B,M_N,TOP_I,HIGH_B,,3.5
10.3030_101162146_full,phi,prompt_B,pi_main,PI+M_N+TOP_I+LOW_B,M_N,TOP_I,LOW_B,,3.0
10.3030_101162146_full,phi,prompt_C,ai_main,AI+AI_N,,,,AI_N,3.0
10.3030_101162146_full,phi,prompt_C,ai_main,AI+AI_Y,,,,AI_Y,3.5
10.3030_101162146_full,phi,prompt_C,blind_baseline,NONE,,,,,3.5
10.3030_101162146_full,phi,prompt_C,pi_main,PI+F_N+LOW_I+HIGH_B,F_N,LOW_I,HIGH_B,,3.5
10.3030_101162146_full,phi,prompt_C,pi_main,PI+F_N+LOW_I+LOW_B,F_N,LOW_I,LOW_B,,3.0
10.3030_101162146_full,phi,prompt_C,pi_main,PI+F_N+TOP_I+HIGH_B,F_N,TOP_I,HIGH_B,,3.5
10.3030_101162146_full,phi,prompt_C,pi_main,PI+F_N+TOP_I+LOW_B,F_N,TOP_I,LOW_B,,3.5
10.3030_101162146_full,phi,prompt_C,pi_main,PI+M_N+LOW_I+HIGH_B,M_N,LOW_I,HIGH_B,,3.5
10.3030_101162146_full,phi,prompt_C,pi_main,PI+M_N+LOW_I+LOW_B,M_N,LOW_I,LOW_B,,3.0
10.3030_101162146_full,phi,prompt_C,pi_main,PI+M_N+TOP_I+HIGH_B,M_N,TOP_I,HIGH_B,,3.5
10.3030_101162146_full,phi,prompt_C,pi_main,PI+M_N+TOP_I+LOW_B,M_N,TOP_I,LOW_B,,3.5
10.3030_101162166_full,deepseek,prompt_A,ai_main,AI+AI_N,,,,AI_N,4.0
10.3030_101162166_full,deepseek,prompt_A,ai_main,AI+AI_Y,,,,AI_Y,4.0
10.3030_101162166_full,deepseek,prompt_A,blind_baseline,NONE,,,,,3.8
10.3030_101162166_full,deepseek,prompt_A,pi_main,PI+F_N+LOW_I+HIGH_B,F_N,LOW_I,HIGH_B,,3.7
10.3030_101162166_full,deepseek,prompt_A,pi_main,PI+F_N+LOW_I+LOW_B,F_N,LOW_I,LOW_B,,4.0
10.3030_101162166_full,deepseek,prompt_A,pi_main,PI+F_N+TOP_I+HIGH_B,F_N,TOP_I,HIGH_B,,4.0
10.3030_101162166_full,deepseek,prompt_A,pi_main,PI+F_N+TOP_I+LOW_B,F_N,TOP_I,LOW_B,,3.7
10.3030_101162166_full,deepseek,prompt_A,pi_main,PI+M_N+LOW_I+HIGH_B,M_N,LOW_I,HIGH_B,,4.0
10.3030_101162166_full,deepseek,prompt_A,pi_main,PI+M_N+LOW_I+LOW_B,M_N,LOW_I,LOW_B,,3.7
10.3030_101162166_full,deepseek,prompt_A,pi_main,PI+M_N+TOP_I+HIGH_B,M_N,TOP_I,HIGH_B,,4.0
10.3030_101162166_full,deepseek,prompt_A,pi_main,PI+M_N+TOP_I+LOW_B,M_N,TOP_I,LOW_B,,3.9
10.3030_101162166_full,deepseek,prompt_B,ai_main,AI+AI_N,,,,AI_N,4.0
10.3030_101162166_full,deepseek,prompt_B,ai_main,AI+AI_Y,,,,AI_Y,3.9
10.3030_101162166_full,deepseek,prompt_B,blind_baseline,NONE,,,,,4.0
10.3030_101162166_full,deepseek,prompt_B,pi_main,PI+F_N+LOW_I+HIGH_B,F_N,LOW_I,HIGH_B,,3.9
10.3030_101162166_full,deepseek,prompt_B,pi_main,PI+F_N+LOW_I+LOW_B,F_N,LOW_I,LOW_B,,4.0
10.3030_101162166_full,deepseek,prompt_B,pi_main,PI+F_N+TOP_I+HIGH_B,F_N,TOP_I,HIGH_B,,4.0
10.3030_101162166_full,deepseek,prompt_B,pi_main,PI+F_N+TOP_I+LOW_B,F_N,TOP_I,LOW_B,,3.8
10.3030_101162166_full,deepseek,prompt_B,pi_main,PI+M_N+LOW_I+HIGH_B,M_N,LOW_I,HIGH_B,,4.0
10.3030_101162166_full,deepseek,prompt_B,pi_main,PI+M_N+LOW_I+LOW_B,M_N,LOW_I,LOW_B,,3.9
10.3030_101162166_full,deepseek,prompt_B,pi_main,PI+M_N+TOP_I+HIGH_B,M_N,TOP_I,HIGH_B,,4.0
10.3030_101162166_full,deepseek,prompt_B,pi_main,PI+M_N+TOP_I+LOW_B,M_N,TOP_I,LOW_B,,3.8
10.3030_101162166_full,deepseek,prompt_C,ai_main,AI+AI_N,,,,AI_N,4.0
10.3030_101162166_full,deepseek,prompt_C,ai_main,AI+AI_Y,,,,AI_Y,3.9
10.3030_101162166_full,deepseek,prompt_C,blind_baseline,NONE,,,,,4.0
10.3030_101162166_full,deepseek,prompt_C,pi_main,PI+F_N+LOW_I+HIGH_B,F_N,LOW_I,HIGH_B,,4.0
10.3030_101162166_full,deepseek,prompt_C,pi_main,PI+F_N+LOW_I+LOW_B,F_N,LOW_I,LOW_B,,3.8
10.3030_101162166_full,deepseek,prompt_C,pi_main,PI+F_N+TOP_I+HIGH_B,F_N,TOP_I,HIGH_B,,4.0
10.3030_101162166_full,deepseek,prompt_C,pi_main,PI+F_N+TOP_I+LOW_B,F_N,TOP_I,LOW_B,,4.0
10.3030_101162166_full,deepseek,prompt_C,pi_main,PI+M_N+LOW_I+HIGH_B,M_N,LOW_I,HIGH_B,,4.0
10.3030_101162166_full,deepseek,prompt_C,pi_main,PI+M_N+LOW_I+LOW_B,M_N,LOW_I,LOW_B,,3.9
10.3030_101162166_full,deepseek,prompt_C,pi_main,PI+M_N+TOP_I+HIGH_B,M_N,TOP_I,HIGH_B,,3.9
10.3030_101162166_full,deepseek,prompt_C,pi_main,PI+M_N+TOP_I+LOW_B,M_N,TOP_I,LOW_B,,3.9
10.3030_101162166_full,gemma,prompt_A,ai_main,AI+AI_N,,,,AI_N,3.5
10.3030_101162166_full,gemma,prompt_A,ai_main,AI+AI_Y,,,,AI_Y,3.5
10.3030_101162166_full,gemma,prompt_A,blind_baseline,NONE,,,,,3.5
10.3030_101162166_full,gemma,prompt_A,pi_main,PI+F_N+LOW_I+HIGH_B,F_N,LOW_I,HIGH_B,,3.5
10.3030_101162166_full,gemma,prompt_A,pi_main,PI+F_N+LOW_I+LOW_B,F_N,LOW_I,LOW_B,,3.5
10.3030_101162166_full,gemma,prompt_A,pi_main,PI+F_N+TOP_I+HIGH_B,F_N,TOP_I,HIGH_B,,3.5
10.3030_101162166_full,gemma,prompt_A,pi_main,PI+F_N+TOP_I+LOW_B,F_N,TOP_I,LOW_B,,3.5
10.3030_101162166_full,gemma,prompt_A,pi_main,PI+M_N+LOW_I+HIGH_B,M_N,LOW_I,HIGH_B,,3.5
10.3030_101162166_full,gemma,prompt_A,pi_main,PI+M_N+LOW_I+LOW_B,M_N,LOW_I,LOW_B,,3.5
10.3030_101162166_full,gemma,prompt_A,pi_main,PI+M_N+TOP_I+HIGH_B,M_N,TOP_I,HIGH_B,,3.5
10.3030_101162166_full,gemma,prompt_A,pi_main,PI+M_N+TOP_I+LOW_B,M_N,TOP_I,LOW_B,,3.5
10.3030_101162166_full,gemma,prompt_B,ai_main,AI+AI_N,,,,AI_N,3.5
10.3030_101162166_full,gemma,prompt_B,ai_main,AI+AI_Y,,,,AI_Y,3.5
10.3030_101162166_full,gemma,prompt_B,blind_baseline,NONE,,,,,3.5
10.3030_101162166_full,gemma,prompt_B,pi_main,PI+F_N+LOW_I+HIGH_B,F_N,LOW_I,HIGH_B,,3.5
10.3030_101162166_full,gemma,prompt_B,pi_main,PI+F_N+LOW_I+LOW_B,F_N,LOW_I,LOW_B,,3.5
10.3030_101162166_full,gemma,prompt_B,pi_main,PI+F_N+TOP_I+HIGH_B,F_N,TOP_I,HIGH_B,,3.5
10.3030_101162166_full,gemma,prompt_B,pi_main,PI+F_N+TOP_I+LOW_B,F_N,TOP_I,LOW_B,,3.5
10.3030_101162166_full,gemma,prompt_B,pi_main,PI+M_N+LOW_I+HIGH_B,M_N,LOW_I,HIGH_B,,3.5
10.3030_101162166_full,gemma,prompt_B,pi_main,PI+M_N+LOW_I+LOW_B,M_N,LOW_I,LOW_B,,3.5
10.3030_101162166_full,gemma,prompt_B,pi_main,PI+M_N+TOP_I+HIGH_B,M_N,TOP_I,HIGH_B,,3.5
10.3030_101162166_full,gemma,prompt_B,pi_main,PI+M_N+TOP_I+LOW_B,M_N,TOP_I,LOW_B,,3.5
10.3030_101162166_full,gemma,prompt_C,ai_main,AI+AI_N,,,,AI_N,3.5
10.3030_101162166_full,gemma,prompt_C,ai_main,AI+AI_Y,,,,AI_Y,3.5
10.3030_101162166_full,gemma,prompt_C,blind_baseline,NONE,,,,,3.5
10.3030_101162166_full,gemma,prompt_C,pi_main,PI+F_N+LOW_I+HIGH_B,F_N,LOW_I,HIGH_B,,3.5
10.3030_101162166_full,gemma,prompt_C,pi_main,PI+F_N+LOW_I+LOW_B,F_N,LOW_I,LOW_B,,3.5
10.3030_101162166_full,gemma,prompt_C,pi_main,PI+F_N+TOP_I+HIGH_B,F_N,TOP_I,HIGH_B,,3.5
10.3030_101162166_full,gemma,prompt_C,pi_main,PI+F_N+TOP_I+LOW_B,F_N,TOP_I,LOW_B,,3.5
10.3030_101162166_full,gemma,prompt_C,pi_main,PI+M_N+LOW_I+HIGH_B,M_N,LOW_I,HIGH_B,,3.5
10.3030_101162166_full,gemma,prompt_C,pi_main,PI+M_N+LOW_I+LOW_B,M_N,LOW_I,LOW_B,,3.5
10.3030_101162166_full,gemma,prompt_C,pi_main,PI+M_N+TOP_I+HIGH_B,M_N,TOP_I,HIGH_B,,3.5
10.3030_101162166_full,gemma,prompt_C,pi_main,PI+M_N+TOP_I+LOW_B,M_N,TOP_I,LOW_B,,3.5
10.3030_101162166_full,glm,prompt_A,ai_main,AI+AI_N,,,,AI_N,3.6
10.3030_101162166_full,glm,prompt_A,ai_main,AI+AI_Y,,,,AI_Y,3.5
10.3030_101162166_full,glm,prompt_A,blind_baseline,NONE,,,,,3.5
10.3030_101162166_full,glm,prompt_A,pi_main,PI+F_N+LOW_I+HIGH_B,F_N,LOW_I,HIGH_B,,3.5
10.3030_101162166_full,glm,prompt_A,pi_main,PI+F_N+LOW_I+LOW_B,F_N,LOW_I,LOW_B,,3.3
10.3030_101162166_full,glm,prompt_A,pi_main,PI+F_N+TOP_I+HIGH_B,F_N,TOP_I,HIGH_B,,3.6
10.3030_101162166_full,glm,prompt_A,pi_main,PI+F_N+TOP_I+LOW_B,F_N,TOP_I,LOW_B,,3.2
10.3030_101162166_full,glm,prompt_A,pi_main,PI+M_N+LOW_I+HIGH_B,M_N,LOW_I,HIGH_B,,3.5
10.3030_101162166_full,glm,prompt_A,pi_main,PI+M_N+LOW_I+LOW_B,M_N,LOW_I,LOW_B,,3.2
10.3030_101162166_full,glm,prompt_A,pi_main,PI+M_N+TOP_I+HIGH_B,M_N,TOP_I,HIGH_B,,3.6
10.3030_101162166_full,glm,prompt_A,pi_main,PI+M_N+TOP_I+LOW_B,M_N,TOP_I,LOW_B,,3.3
10.3030_101162166_full,glm,prompt_B,ai_main,AI+AI_N,,,,AI_N,3.5
10.3030_101162166_full,glm,prompt_B,ai_main,AI+AI_Y,,,,AI_Y,3.5
10.3030_101162166_full,glm,prompt_B,blind_baseline,NONE,,,,,3.5
10.3030_101162166_full,glm,prompt_B,pi_main,PI+F_N+LOW_I+HIGH_B,F_N,LOW_I,HIGH_B,,3.5
10.3030_101162166_full,glm,prompt_B,pi_main,PI+F_N+LOW_I+LOW_B,F_N,LOW_I,LOW_B,,3.5
10.3030_101162166_full,glm,prompt_B,pi_main,PI+F_N+TOP_I+HIGH_B,F_N,TOP_I,HIGH_B,,3.5
10.3030_101162166_full,glm,prompt_B,pi_main,PI+F_N+TOP_I+LOW_B,F_N,TOP_I,LOW_B,,3.4
10.3030_101162166_full,glm,prompt_B,pi_main,PI+M_N+LOW_I+HIGH_B,M_N,LOW_I,HIGH_B,,3.5
10.3030_101162166_full,glm,prompt_B,pi_main,PI+M_N+LOW_I+LOW_B,M_N,LOW_I,LOW_B,,3.5
10.3030_101162166_full,glm,prompt_B,pi_main,PI+M_N+TOP_I+HIGH_B,M_N,TOP_I,HIGH_B,,3.5
10.3030_101162166_full,glm,prompt_B,pi_main,PI+M_N+TOP_I+LOW_B,M_N,TOP_I,LOW_B,,3.4
10.3030_101162166_full,glm,prompt_C,ai_main,AI+AI_N,,,,AI_N,3.6
10.3030_101162166_full,glm,prompt_C,ai_main,AI+AI_Y,,,,AI_Y,3.5
10.3030_101162166_full,glm,prompt_C,blind_baseline,NONE,,,,,3.5
10.3030_101162166_full,glm,prompt_C,pi_main,PI+F_N+LOW_I+HIGH_B,F_N,LOW_I,HIGH_B,,3.4
10.3030_101162166_full,glm,prompt_C,pi_main,PI+F_N+LOW_I+LOW_B,F_N,LOW_I,LOW_B,,3.4
10.3030_101162166_full,glm,prompt_C,pi_main,PI+F_N+TOP_I+HIGH_B,F_N,TOP_I,HIGH_B,,3.5
10.3030_101162166_full,glm,prompt_C,pi_main,PI+F_N+TOP_I+LOW_B,F_N,TOP_I,LOW_B,,3.3
10.3030_101162166_full,glm,prompt_C,pi_main,PI+M_N+LOW_I+HIGH_B,M_N,LOW_I,HIGH_B,,3.5
10.3030_101162166_full,glm,prompt_C,pi_main,PI+M_N+LOW_I+LOW_B,M_N,LOW_I,LOW_B,,3.2
10.3030_101162166_full,glm,prompt_C,pi_main,PI+M_N+TOP_I+HIGH_B,M_N,TOP_I,HIGH_B,,3.4
10.3030_101162166_full,glm,prompt_C,pi_main,PI+M_N+TOP_I+LOW_B,M_N,TOP_I,LOW_B,,3.2
10.3030_101162166_full,gpt,prompt_A,ai_main,AI+AI_N,,,,AI_N,4.0
10.3030_101162166_full,gpt,prompt_A,ai_main,AI+AI_Y,,,,AI_Y,4.0
10.3030_101162166_full,gpt,prompt_A,blind_baseline,NONE,,,,,4.0
10.3030_101162166_full,gpt,prompt_A,pi_main,PI+F_N+LOW_I+HIGH_B,F_N,LOW_I,HIGH_B,,4.0
10.3030_101162166_full,gpt,prompt_A,pi_main,PI+F_N+LOW_I+LOW_B,F_N,LOW_I,LOW_B,,4.0
10.3030_101162166_full,gpt,prompt_A,pi_main,PI+F_N+TOP_I+HIGH_B,F_N,TOP_I,HIGH_B,,4.0
10.3030_101162166_full,gpt,prompt_A,pi_main,PI+F_N+TOP_I+LOW_B,F_N,TOP_I,LOW_B,,4.0
10.3030_101162166_full,gpt,prompt_A,pi_main,PI+M_N+LOW_I+HIGH_B,M_N,LOW_I,HIGH_B,,4.0
10.3030_101162166_full,gpt,prompt_A,pi_main,PI+M_N+LOW_I+LOW_B,M_N,LOW_I,LOW_B,,4.0
10.3030_101162166_full,gpt,prompt_A,pi_main,PI+M_N+TOP_I+HIGH_B,M_N,TOP_I,HIGH_B,,4.0
10.3030_101162166_full,gpt,prompt_A,pi_main,PI+M_N+TOP_I+LOW_B,M_N,TOP_I,LOW_B,,4.0
10.3030_101162166_full,gpt,prompt_B,ai_main,AI+AI_N,,,,AI_N,4.0
10.3030_101162166_full,gpt,prompt_B,ai_main,AI+AI_Y,,,,AI_Y,4.0
10.3030_101162166_full,gpt,prompt_B,blind_baseline,NONE,,,,,4.0
10.3030_101162166_full,gpt,prompt_B,pi_main,PI+F_N+LOW_I+HIGH_B,F_N,LOW_I,HIGH_B,,4.0
10.3030_101162166_full,gpt,prompt_B,pi_main,PI+F_N+LOW_I+LOW_B,F_N,LOW_I,LOW_B,,4.0
10.3030_101162166_full,gpt,prompt_B,pi_main,PI+F_N+TOP_I+HIGH_B,F_N,TOP_I,HIGH_B,,4.0
10.3030_101162166_full,gpt,prompt_B,pi_main,PI+F_N+TOP_I+LOW_B,F_N,TOP_I,LOW_B,,4.0
10.3030_101162166_full,gpt,prompt_B,pi_main,PI+M_N+LOW_I+HIGH_B,M_N,LOW_I,HIGH_B,,4.0
10.3030_101162166_full,gpt,prompt_B,pi_main,PI+M_N+LOW_I+LOW_B,M_N,LOW_I,LOW_B,,4.0
10.3030_101162166_full,gpt,prompt_B,pi_main,PI+M_N+TOP_I+HIGH_B,M_N,TOP_I,HIGH_B,,4.0
10.3030_101162166_full,gpt,prompt_B,pi_main,PI+M_N+TOP_I+LOW_B,M_N,TOP_I,LOW_B,,4.0
10.3030_101162166_full,gpt,prompt_C,ai_main,AI+AI_N,,,,AI_N,4.0
10.3030_101162166_full,gpt,prompt_C,ai_main,AI+AI_Y,,,,AI_Y,4.0
10.3030_101162166_full,gpt,prompt_C,blind_baseline,NONE,,,,,4.0
10.3030_101162166_full,gpt,prompt_C,pi_main,PI+F_N+LOW_I+HIGH_B,F_N,LOW_I,HIGH_B,,4.0
10.3030_101162166_full,gpt,prompt_C,pi_main,PI+F_N+LOW_I+LOW_B,F_N,LOW_I,LOW_B,,4.0
10.3030_101162166_full,gpt,prompt_C,pi_main,PI+F_N+TOP_I+HIGH_B,F_N,TOP_I,HIGH_B,,4.0
10.3030_101162166_full,gpt,prompt_C,pi_main,PI+F_N+TOP_I+LOW_B,F_N,TOP_I,LOW_B,,4.0
10.3030_101162166_full,gpt,prompt_C,pi_main,PI+M_N+LOW_I+HIGH_B,M_N,LOW_I,HIGH_B,,4.0
10.3030_101162166_full,gpt,prompt_C,pi_main,PI+M_N+LOW_I+LOW_B,M_N,LOW_I,LOW_B,,4.0
10.3030_101162166_full,gpt,prompt_C,pi_main,PI+M_N+TOP_I+HIGH_B,M_N,TOP_I,HIGH_B,,4.0
10.3030_101162166_full,gpt,prompt_C,pi_main,PI+M_N+TOP_I+LOW_B,M_N,TOP_I,LOW_B,,4.0
10.3030_101162166_full,kimi,prompt_A,ai_main,AI+AI_N,,,,AI_N,3.8
10.3030_101162166_full,kimi,prompt_A,ai_main,AI+AI_Y,,,,AI_Y,3.9
10.3030_101162166_full,kimi,prompt_A,blind_baseline,NONE,,,,,3.7
10.3030_101162166_full,kimi,prompt_A,pi_main,PI+F_N+LOW_I+HIGH_B,F_N,LOW_I,HIGH_B,,3.7
10.3030_101162166_full,kimi,prompt_A,pi_main,PI+F_N+LOW_I+LOW_B,F_N,LOW_I,LOW_B,,3.6
10.3030_101162166_full,kimi,prompt_A,pi_main,PI+F_N+TOP_I+HIGH_B,F_N,TOP_I,HIGH_B,,3.6
10.3030_101162166_full,kimi,prompt_A,pi_main,PI+F_N+TOP_I+LOW_B,F_N,TOP_I,LOW_B,,3.5
10.3030_101162166_full,kimi,prompt_A,pi_main,PI+M_N+LOW_I+HIGH_B,M_N,LOW_I,HIGH_B,,3.7
10.3030_101162166_full,kimi,prompt_A,pi_main,PI+M_N+LOW_I+LOW_B,M_N,LOW_I,LOW_B,,3.5
10.3030_101162166_full,kimi,prompt_A,pi_main,PI+M_N+TOP_I+HIGH_B,M_N,TOP_I,HIGH_B,,3.6
10.3030_101162166_full,kimi,prompt_A,pi_main,PI+M_N+TOP_I+LOW_B,M_N,TOP_I,LOW_B,,3.5
10.3030_101162166_full,kimi,prompt_B,ai_main,AI+AI_N,,,,AI_N,3.9
10.3030_101162166_full,kimi,prompt_B,ai_main,AI+AI_Y,,,,AI_Y,3.9
10.3030_101162166_full,kimi,prompt_B,blind_baseline,NONE,,,,,3.9
10.3030_101162166_full,kimi,prompt_B,pi_main,PI+F_N+LOW_I+HIGH_B,F_N,LOW_I,HIGH_B,,3.6
10.3030_101162166_full,kimi,prompt_B,pi_main,PI+F_N+LOW_I+LOW_B,F_N,LOW_I,LOW_B,,3.7
10.3030_101162166_full,kimi,prompt_B,pi_main,PI+F_N+TOP_I+HIGH_B,F_N,TOP_I,HIGH_B,,3.7
10.3030_101162166_full,kimi,prompt_B,pi_main,PI+F_N+TOP_I+LOW_B,F_N,TOP_I,LOW_B,,3.6
10.3030_101162166_full,kimi,prompt_B,pi_main,PI+M_N+LOW_I+HIGH_B,M_N,LOW_I,HIGH_B,,3.9
10.3030_101162166_full,kimi,prompt_B,pi_main,PI+M_N+LOW_I+LOW_B,M_N,LOW_I,LOW_B,,3.8
10.3030_101162166_full,kimi,prompt_B,pi_main,PI+M_N+TOP_I+HIGH_B,M_N,TOP_I,HIGH_B,,3.7
10.3030_101162166_full,kimi,prompt_B,pi_main,PI+M_N+TOP_I+LOW_B,M_N,TOP_I,LOW_B,,3.7
10.3030_101162166_full,kimi,prompt_C,ai_main,AI+AI_N,,,,AI_N,3.9
10.3030_101162166_full,kimi,prompt_C,ai_main,AI+AI_Y,,,,AI_Y,3.9
10.3030_101162166_full,kimi,prompt_C,blind_baseline,NONE,,,,,4.0
10.3030_101162166_full,kimi,prompt_C,pi_main,PI+F_N+LOW_I+HIGH_B,F_N,LOW_I,HIGH_B,,3.9
10.3030_101162166_full,kimi,prompt_C,pi_main,PI+F_N+LOW_I+LOW_B,F_N,LOW_I,LOW_B,,3.7
10.3030_101162166_full,kimi,prompt_C,pi_main,PI+F_N+TOP_I+HIGH_B,F_N,TOP_I,HIGH_B,,3.9
10.3030_101162166_full,kimi,prompt_C,pi_main,PI+F_N+TOP_I+LOW_B,F_N,TOP_I,LOW_B,,3.8
10.3030_101162166_full,kimi,prompt_C,pi_main,PI+M_N+LOW_I+HIGH_B,M_N,LOW_I,HIGH_B,,3.6
10.3030_101162166_full,kimi,prompt_C,pi_main,PI+M_N+LOW_I+LOW_B,M_N,LOW_I,LOW_B,,3.5
10.3030_101162166_full,kimi,prompt_C,pi_main,PI+M_N+TOP_I+HIGH_B,M_N,TOP_I,HIGH_B,,3.7
10.3030_101162166_full,kimi,prompt_C,pi_main,PI+M_N+TOP_I+LOW_B,M_N,TOP_I,LOW_B,,3.8
10.3030_101162166_full,ministral,prompt_A,ai_main,AI+AI_N,,,,AI_N,4.0
10.3030_101162166_full,ministral,prompt_A,ai_main,AI+AI_Y,,,,AI_Y,4.0
10.3030_101162166_full,ministral,prompt_A,blind_baseline,NONE,,,,,4.0
10.3030_101162166_full,ministral,prompt_A,pi_main,PI+F_N+LOW_I+HIGH_B,F_N,LOW_I,HIGH_B,,3.5
10.3030_101162166_full,ministral,prompt_A,pi_main,PI+F_N+LOW_I+LOW_B,F_N,LOW_I,LOW_B,,3.5
10.3030_101162166_full,ministral,prompt_A,pi_main,PI+F_N+TOP_I+HIGH_B,F_N,TOP_I,HIGH_B,,4.0
10.3030_101162166_full,ministral,prompt_A,pi_main,PI+F_N+TOP_I+LOW_B,F_N,TOP_I,LOW_B,,3.5
10.3030_101162166_full,ministral,prompt_A,pi_main,PI+M_N+LOW_I+HIGH_B,M_N,LOW_I,HIGH_B,,3.5
10.3030_101162166_full,ministral,prompt_A,pi_main,PI+M_N+LOW_I+LOW_B,M_N,LOW_I,LOW_B,,3.5
10.3030_101162166_full,ministral,prompt_A,pi_main,PI+M_N+TOP_I+HIGH_B,M_N,TOP_I,HIGH_B,,4.0
10.3030_101162166_full,ministral,prompt_A,pi_main,PI+M_N+TOP_I+LOW_B,M_N,TOP_I,LOW_B,,3.5
10.3030_101162166_full,ministral,prompt_B,ai_main,AI+AI_N,,,,AI_N,4.0
10.3030_101162166_full,ministral,prompt_B,ai_main,AI+AI_Y,,,,AI_Y,4.0
10.3030_101162166_full,ministral,prompt_B,blind_baseline,NONE,,,,,4.0
10.3030_101162166_full,ministral,prompt_B,pi_main,PI+F_N+LOW_I+HIGH_B,F_N,LOW_I,HIGH_B,,3.5
10.3030_101162166_full,ministral,prompt_B,pi_main,PI+F_N+LOW_I+LOW_B,F_N,LOW_I,LOW_B,,3.5
10.3030_101162166_full,ministral,prompt_B,pi_main,PI+F_N+TOP_I+HIGH_B,F_N,TOP_I,HIGH_B,,4.0
10.3030_101162166_full,ministral,prompt_B,pi_main,PI+F_N+TOP_I+LOW_B,F_N,TOP_I,LOW_B,,3.5
10.3030_101162166_full,ministral,prompt_B,pi_main,PI+M_N+LOW_I+HIGH_B,M_N,LOW_I,HIGH_B,,3.5
10.3030_101162166_full,ministral,prompt_B,pi_main,PI+M_N+LOW_I+LOW_B,M_N,LOW_I,LOW_B,,3.5
10.3030_101162166_full,ministral,prompt_B,pi_main,PI+M_N+TOP_I+HIGH_B,M_N,TOP_I,HIGH_B,,3.5
10.3030_101162166_full,ministral,prompt_B,pi_main,PI+M_N+TOP_I+LOW_B,M_N,TOP_I,LOW_B,,3.5
10.3030_101162166_full,ministral,prompt_C,ai_main,AI+AI_N,,,,AI_N,4.0
10.3030_101162166_full,ministral,prompt_C,ai_main,AI+AI_Y,,,,AI_Y,3.5
10.3030_101162166_full,ministral,prompt_C,blind_baseline,NONE,,,,,4.0
10.3030_101162166_full,ministral,prompt_C,pi_main,PI+F_N+LOW_I+HIGH_B,F_N,LOW_I,HIGH_B,,4.0
10.3030_101162166_full,ministral,prompt_C,pi_main,PI+F_N+LOW_I+LOW_B,F_N,LOW_I,LOW_B,,3.5
10.3030_101162166_full,ministral,prompt_C,pi_main,PI+F_N+TOP_I+HIGH_B,F_N,TOP_I,HIGH_B,,4.0
10.3030_101162166_full,ministral,prompt_C,pi_main,PI+F_N+TOP_I+LOW_B,F_N,TOP_I,LOW_B,,3.5
10.3030_101162166_full,ministral,prompt_C,pi_main,PI+M_N+LOW_I+HIGH_B,M_N,LOW_I,HIGH_B,,3.5
10.3030_101162166_full,ministral,prompt_C,pi_main,PI+M_N+LOW_I+LOW_B,M_N,LOW_I,LOW_B,,3.5
10.3030_101162166_full,ministral,prompt_C,pi_main,PI+M_N+TOP_I+HIGH_B,M_N,TOP_I,HIGH_B,,3.5
10.3030_101162166_full,ministral,prompt_C,pi_main,PI+M_N+TOP_I+LOW_B,M_N,TOP_I,LOW_B,,3.5
10.3030_101162166_full,mistral,prompt_A,ai_main,AI+AI_N,,,,AI_N,4.0
10.3030_101162166_full,mistral,prompt_A,ai_main,AI+AI_Y,,,,AI_Y,4.0
10.3030_101162166_full,mistral,prompt_A,blind_baseline,NONE,,,,,4.0
10.3030_101162166_full,mistral,prompt_A,pi_main,PI+F_N+LOW_I+HIGH_B,F_N,LOW_I,HIGH_B,,4.0
10.3030_101162166_full,mistral,prompt_A,pi_main,PI+F_N+LOW_I+LOW_B,F_N,LOW_I,LOW_B,,3.7
10.3030_101162166_full,mistral,prompt_A,pi_main,PI+F_N+TOP_I+HIGH_B,F_N,TOP_I,HIGH_B,,3.9
10.3030_101162166_full,mistral,prompt_A,pi_main,PI+F_N+TOP_I+LOW_B,F_N,TOP_I,LOW_B,,3.9
10.3030_101162166_full,mistral,prompt_A,pi_main,PI+M_N+LOW_I+HIGH_B,M_N,LOW_I,HIGH_B,,3.9
10.3030_101162166_full,mistral,prompt_A,pi_main,PI+M_N+LOW_I+LOW_B,M_N,LOW_I,LOW_B,,3.9
10.3030_101162166_full,mistral,prompt_A,pi_main,PI+M_N+TOP_I+HIGH_B,M_N,TOP_I,HIGH_B,,4.0
10.3030_101162166_full,mistral,prompt_A,pi_main,PI+M_N+TOP_I+LOW_B,M_N,TOP_I,LOW_B,,3.7
10.3030_101162166_full,mistral,prompt_B,ai_main,AI+AI_N,,,,AI_N,4.0
10.3030_101162166_full,mistral,prompt_B,ai_main,AI+AI_Y,,,,AI_Y,3.9
10.3030_101162166_full,mistral,prompt_B,blind_baseline,NONE,,,,,3.9
10.3030_101162166_full,mistral,prompt_B,pi_main,PI+F_N+LOW_I+HIGH_B,F_N,LOW_I,HIGH_B,,4.0
10.3030_101162166_full,mistral,prompt_B,pi_main,PI+F_N+LOW_I+LOW_B,F_N,LOW_I,LOW_B,,3.9
10.3030_101162166_full,mistral,prompt_B,pi_main,PI+F_N+TOP_I+HIGH_B,F_N,TOP_I,HIGH_B,,3.8
10.3030_101162166_full,mistral,prompt_B,pi_main,PI+F_N+TOP_I+LOW_B,F_N,TOP_I,LOW_B,,3.7
10.3030_101162166_full,mistral,prompt_B,pi_main,PI+M_N+LOW_I+HIGH_B,M_N,LOW_I,HIGH_B,,4.0
10.3030_101162166_full,mistral,prompt_B,pi_main,PI+M_N+LOW_I+LOW_B,M_N,LOW_I,LOW_B,,4.0
10.3030_101162166_full,mistral,prompt_B,pi_main,PI+M_N+TOP_I+HIGH_B,M_N,TOP_I,HIGH_B,,4.0
10.3030_101162166_full,mistral,prompt_B,pi_main,PI+M_N+TOP_I+LOW_B,M_N,TOP_I,LOW_B,,3.8
10.3030_101162166_full,mistral,prompt_C,ai_main,AI+AI_N,,,,AI_N,4.0
10.3030_101162166_full,mistral,prompt_C,ai_main,AI+AI_Y,,,,AI_Y,4.0
10.3030_101162166_full,mistral,prompt_C,blind_baseline,NONE,,,,,4.0
10.3030_101162166_full,mistral,prompt_C,pi_main,PI+F_N+LOW_I+HIGH_B,F_N,LOW_I,HIGH_B,,4.0
10.3030_101162166_full,mistral,prompt_C,pi_main,PI+F_N+LOW_I+LOW_B,F_N,LOW_I,LOW_B,,3.7
10.3030_101162166_full,mistral,prompt_C,pi_main,PI+F_N+TOP_I+HIGH_B,F_N,TOP_I,HIGH_B,,4.0
10.3030_101162166_full,mistral,prompt_C,pi_main,PI+F_N+TOP_I+LOW_B,F_N,TOP_I,LOW_B,,3.9
10.3030_101162166_full,mistral,prompt_C,pi_main,PI+M_N+LOW_I+HIGH_B,M_N,LOW_I,HIGH_B,,3.8
10.3030_101162166_full,mistral,prompt_C,pi_main,PI+M_N+LOW_I+LOW_B,M_N,LOW_I,LOW_B,,3.9
10.3030_101162166_full,mistral,prompt_C,pi_main,PI+M_N+TOP_I+HIGH_B,M_N,TOP_I,HIGH_B,,4.0
10.3030_101162166_full,mistral,prompt_C,pi_main,PI+M_N+TOP_I+LOW_B,M_N,TOP_I,LOW_B,,3.8
10.3030_101162166_full,phi,prompt_A,ai_main,AI+AI_N,,,,AI_N,3.5
10.3030_101162166_full,phi,prompt_A,ai_main,AI+AI_Y,,,,AI_Y,3.5
10.3030_101162166_full,phi,prompt_A,blind_baseline,NONE,,,,,3.6
10.3030_101162166_full,phi,prompt_A,pi_main,PI+F_N+LOW_I+HIGH_B,F_N,LOW_I,HIGH_B,,3.5
10.3030_101162166_full,phi,prompt_A,pi_main,PI+F_N+LOW_I+LOW_B,F_N,LOW_I,LOW_B,,4.0
10.3030_101162166_full,phi,prompt_A,pi_main,PI+F_N+TOP_I+HIGH_B,F_N,TOP_I,HIGH_B,,4.0
10.3030_101162166_full,phi,prompt_A,pi_main,PI+F_N+TOP_I+LOW_B,F_N,TOP_I,LOW_B,,3.5
10.3030_101162166_full,phi,prompt_A,pi_main,PI+M_N+LOW_I+HIGH_B,M_N,LOW_I,HIGH_B,,4.0
10.3030_101162166_full,phi,prompt_A,pi_main,PI+M_N+LOW_I+LOW_B,M_N,LOW_I,LOW_B,,3.5
10.3030_101162166_full,phi,prompt_A,pi_main,PI+M_N+TOP_I+HIGH_B,M_N,TOP_I,HIGH_B,,4.0
10.3030_101162166_full,phi,prompt_A,pi_main,PI+M_N+TOP_I+LOW_B,M_N,TOP_I,LOW_B,,4.0
10.3030_101162166_full,phi,prompt_B,ai_main,AI+AI_N,,,,AI_N,4.0
10.3030_101162166_full,phi,prompt_B,ai_main,AI+AI_Y,,,,AI_Y,4.0
10.3030_101162166_full,phi,prompt_B,blind_baseline,NONE,,,,,3.5
10.3030_101162166_full,phi,prompt_B,pi_main,PI+F_N+LOW_I+HIGH_B,F_N,LOW_I,HIGH_B,,4.0
10.3030_101162166_full,phi,prompt_B,pi_main,PI+F_N+LOW_I+LOW_B,F_N,LOW_I,LOW_B,,3.5
10.3030_101162166_full,phi,prompt_B,pi_main,PI+F_N+TOP_I+HIGH_B,F_N,TOP_I,HIGH_B,,4.0
10.3030_101162166_full,phi,prompt_B,pi_main,PI+F_N+TOP_I+LOW_B,F_N,TOP_I,LOW_B,,3.5
10.3030_101162166_full,phi,prompt_B,pi_main,PI+M_N+LOW_I+HIGH_B,M_N,LOW_I,HIGH_B,,4.0
10.3030_101162166_full,phi,prompt_B,pi_main,PI+M_N+LOW_I+LOW_B,M_N,LOW_I,LOW_B,,3.5
10.3030_101162166_full,phi,prompt_B,pi_main,PI+M_N+TOP_I+HIGH_B,M_N,TOP_I,HIGH_B,,4.0
10.3030_101162166_full,phi,prompt_B,pi_main,PI+M_N+TOP_I+LOW_B,M_N,TOP_I,LOW_B,,3.5
10.3030_101162166_full,phi,prompt_C,ai_main,AI+AI_N,,,,AI_N,4.0
10.3030_101162166_full,phi,prompt_C,ai_main,AI+AI_Y,,,,AI_Y,3.5
10.3030_101162166_full,phi,prompt_C,blind_baseline,NONE,,,,,3.5
10.3030_101162166_full,phi,prompt_C,pi_main,PI+F_N+LOW_I+HIGH_B,F_N,LOW_I,HIGH_B,,4.0
10.3030_101162166_full,phi,prompt_C,pi_main,PI+F_N+LOW_I+LOW_B,F_N,LOW_I,LOW_B,,3.5
10.3030_101162166_full,phi,prompt_C,pi_main,PI+F_N+TOP_I+HIGH_B,F_N,TOP_I,HIGH_B,,4.0
10.3030_101162166_full,phi,prompt_C,pi_main,PI+F_N+TOP_I+LOW_B,F_N,TOP_I,LOW_B,,4.0
10.3030_101162166_full,phi,prompt_C,pi_main,PI+M_N+LOW_I+HIGH_B,M_N,LOW_I,HIGH_B,,4.0
10.3030_101162166_full,phi,prompt_C,pi_main,PI+M_N+LOW_I+LOW_B,M_N,LOW_I,LOW_B,,4.0
10.3030_101162166_full,phi,prompt_C,pi_main,PI+M_N+TOP_I+HIGH_B,M_N,TOP_I,HIGH_B,,4.0
10.3030_101162166_full,phi,prompt_C,pi_main,PI+M_N+TOP_I+LOW_B,M_N,TOP_I,LOW_B,,4.0
10.3030_101162665_full,deepseek,prompt_A,ai_main,AI+AI_N,,,,AI_N,3.0
10.3030_101162665_full,deepseek,prompt_A,ai_main,AI+AI_Y,,,,AI_Y,3.1
10.3030_101162665_full,deepseek,prompt_A,blind_baseline,NONE,,,,,3.0
10.3030_101162665_full,deepseek,prompt_A,pi_main,PI+F_N+LOW_I+HIGH_B,F_N,LOW_I,HIGH_B,,3.2
10.3030_101162665_full,deepseek,prompt_A,pi_main,PI+F_N+LOW_I+LOW_B,F_N,LOW_I,LOW_B,,3.0
10.3030_101162665_full,deepseek,prompt_A,pi_main,PI+F_N+TOP_I+HIGH_B,F_N,TOP_I,HIGH_B,,3.0
10.3030_101162665_full,deepseek,prompt_A,pi_main,PI+F_N+TOP_I+LOW_B,F_N,TOP_I,LOW_B,,3.0
10.3030_101162665_full,deepseek,prompt_A,pi_main,PI+M_N+LOW_I+HIGH_B,M_N,LOW_I,HIGH_B,,3.1
10.3030_101162665_full,deepseek,prompt_A,pi_main,PI+M_N+LOW_I+LOW_B,M_N,LOW_I,LOW_B,,3.0
10.3030_101162665_full,deepseek,prompt_A,pi_main,PI+M_N+TOP_I+HIGH_B,M_N,TOP_I,HIGH_B,,3.5
10.3030_101162665_full,deepseek,prompt_A,pi_main,PI+M_N+TOP_I+LOW_B,M_N,TOP_I,LOW_B,,3.2
10.3030_101162665_full,deepseek,prompt_B,ai_main,AI+AI_N,,,,AI_N,3.3
10.3030_101162665_full,deepseek,prompt_B,ai_main,AI+AI_Y,,,,AI_Y,3.1
10.3030_101162665_full,deepseek,prompt_B,blind_baseline,NONE,,,,,3.0
10.3030_101162665_full,deepseek,prompt_B,pi_main,PI+F_N+LOW_I+HIGH_B,F_N,LOW_I,HIGH_B,,3.0
10.3030_101162665_full,deepseek,prompt_B,pi_main,PI+F_N+LOW_I+LOW_B,F_N,LOW_I,LOW_B,,3.0
10.3030_101162665_full,deepseek,prompt_B,pi_main,PI+F_N+TOP_I+HIGH_B,F_N,TOP_I,HIGH_B,,3.0
10.3030_101162665_full,deepseek,prompt_B,pi_main,PI+F_N+TOP_I+LOW_B,F_N,TOP_I,LOW_B,,3.1
10.3030_101162665_full,deepseek,prompt_B,pi_main,PI+M_N+LOW_I+HIGH_B,M_N,LOW_I,HIGH_B,,3.4
10.3030_101162665_full,deepseek,prompt_B,pi_main,PI+M_N+LOW_I+LOW_B,M_N,LOW_I,LOW_B,,3.3
10.3030_101162665_full,deepseek,prompt_B,pi_main,PI+M_N+TOP_I+HIGH_B,M_N,TOP_I,HIGH_B,,3.3
10.3030_101162665_full,deepseek,prompt_B,pi_main,PI+M_N+TOP_I+LOW_B,M_N,TOP_I,LOW_B,,3.0
10.3030_101162665_full,deepseek,prompt_C,ai_main,AI+AI_N,,,,AI_N,3.1
10.3030_101162665_full,deepseek,prompt_C,ai_main,AI+AI_Y,,,,AI_Y,3.0
10.3030_101162665_full,deepseek,prompt_C,blind_baseline,NONE,,,,,3.0
10.3030_101162665_full,deepseek,prompt_C,pi_main,PI+F_N+LOW_I+HIGH_B,F_N,LOW_I,HIGH_B,,3.4
10.3030_101162665_full,deepseek,prompt_C,pi_main,PI+F_N+LOW_I+LOW_B,F_N,LOW_I,LOW_B,,3.3
10.3030_101162665_full,deepseek,prompt_C,pi_main,PI+F_N+TOP_I+HIGH_B,F_N,TOP_I,HIGH_B,,3.4
10.3030_101162665_full,deepseek,prompt_C,pi_main,PI+F_N+TOP_I+LOW_B,F_N,TOP_I,LOW_B,,3.5
10.3030_101162665_full,deepseek,prompt_C,pi_main,PI+M_N+LOW_I+HIGH_B,M_N,LOW_I,HIGH_B,,3.4
10.3030_101162665_full,deepseek,prompt_C,pi_main,PI+M_N+LOW_I+LOW_B,M_N,LOW_I,LOW_B,,3.4
10.3030_101162665_full,deepseek,prompt_C,pi_main,PI+M_N+TOP_I+HIGH_B,M_N,TOP_I,HIGH_B,,3.6
10.3030_101162665_full,deepseek,prompt_C,pi_main,PI+M_N+TOP_I+LOW_B,M_N,TOP_I,LOW_B,,3.3
10.3030_101162665_full,gemma,prompt_A,ai_main,AI+AI_N,,,,AI_N,3.5
10.3030_101162665_full,gemma,prompt_A,ai_main,AI+AI_Y,,,,AI_Y,3.5
10.3030_101162665_full,gemma,prompt_A,blind_baseline,NONE,,,,,3.5
10.3030_101162665_full,gemma,prompt_A,pi_main,PI+F_N+LOW_I+HIGH_B,F_N,LOW_I,HIGH_B,,3.0
10.3030_101162665_full,gemma,prompt_A,pi_main,PI+F_N+LOW_I+LOW_B,F_N,LOW_I,LOW_B,,3.0
10.3030_101162665_full,gemma,prompt_A,pi_main,PI+F_N+TOP_I+HIGH_B,F_N,TOP_I,HIGH_B,,3.0
10.3030_101162665_full,gemma,prompt_A,pi_main,PI+F_N+TOP_I+LOW_B,F_N,TOP_I,LOW_B,,3.0
10.3030_101162665_full,gemma,prompt_A,pi_main,PI+M_N+LOW_I+HIGH_B,M_N,LOW_I,HIGH_B,,3.0
10.3030_101162665_full,gemma,prompt_A,pi_main,PI+M_N+LOW_I+LOW_B,M_N,LOW_I,LOW_B,,3.0
10.3030_101162665_full,gemma,prompt_A,pi_main,PI+M_N+TOP_I+HIGH_B,M_N,TOP_I,HIGH_B,,3.0
10.3030_101162665_full,gemma,prompt_A,pi_main,PI+M_N+TOP_I+LOW_B,M_N,TOP_I,LOW_B,,3.0
10.3030_101162665_full,gemma,prompt_B,ai_main,AI+AI_N,,,,AI_N,3.5
10.3030_101162665_full,gemma,prompt_B,ai_main,AI+AI_Y,,,,AI_Y,3.5
10.3030_101162665_full,gemma,prompt_B,blind_baseline,NONE,,,,,3.5
10.3030_101162665_full,gemma,prompt_B,pi_main,PI+F_N+LOW_I+HIGH_B,F_N,LOW_I,HIGH_B,,3.5
10.3030_101162665_full,gemma,prompt_B,pi_main,PI+F_N+LOW_I+LOW_B,F_N,LOW_I,LOW_B,,3.5
10.3030_101162665_full,gemma,prompt_B,pi_main,PI+F_N+TOP_I+HIGH_B,F_N,TOP_I,HIGH_B,,3.5
10.3030_101162665_full,gemma,prompt_B,pi_main,PI+F_N+TOP_I+LOW_B,F_N,TOP_I,LOW_B,,3.5
10.3030_101162665_full,gemma,prompt_B,pi_main,PI+M_N+LOW_I+HIGH_B,M_N,LOW_I,HIGH_B,,3.5
10.3030_101162665_full,gemma,prompt_B,pi_main,PI+M_N+LOW_I+LOW_B,M_N,LOW_I,LOW_B,,3.5
10.3030_101162665_full,gemma,prompt_B,pi_main,PI+M_N+TOP_I+HIGH_B,M_N,TOP_I,HIGH_B,,3.5
10.3030_101162665_full,gemma,prompt_B,pi_main,PI+M_N+TOP_I+LOW_B,M_N,TOP_I,LOW_B,,3.5
10.3030_101162665_full,gemma,prompt_C,ai_main,AI+AI_N,,,,AI_N,3.5
10.3030_101162665_full,gemma,prompt_C,ai_main,AI+AI_Y,,,,AI_Y,3.5
10.3030_101162665_full,gemma,prompt_C,blind_baseline,NONE,,,,,3.5
10.3030_101162665_full,gemma,prompt_C,pi_main,PI+F_N+LOW_I+HIGH_B,F_N,LOW_I,HIGH_B,,3.5
10.3030_101162665_full,gemma,prompt_C,pi_main,PI+F_N+LOW_I+LOW_B,F_N,LOW_I,LOW_B,,3.5
10.3030_101162665_full,gemma,prompt_C,pi_main,PI+F_N+TOP_I+HIGH_B,F_N,TOP_I,HIGH_B,,3.5
10.3030_101162665_full,gemma,prompt_C,pi_main,PI+F_N+TOP_I+LOW_B,F_N,TOP_I,LOW_B,,3.5
10.3030_101162665_full,gemma,prompt_C,pi_main,PI+M_N+LOW_I+HIGH_B,M_N,LOW_I,HIGH_B,,3.5
10.3030_101162665_full,gemma,prompt_C,pi_main,PI+M_N+LOW_I+LOW_B,M_N,LOW_I,LOW_B,,3.5
10.3030_101162665_full,gemma,prompt_C,pi_main,PI+M_N+TOP_I+HIGH_B,M_N,TOP_I,HIGH_B,,3.5
10.3030_101162665_full,gemma,prompt_C,pi_main,PI+M_N+TOP_I+LOW_B,M_N,TOP_I,LOW_B,,3.5
10.3030_101162665_full,glm,prompt_A,ai_main,AI+AI_N,,,,AI_N,3.7
10.3030_101162665_full,glm,prompt_A,ai_main,AI+AI_Y,,,,AI_Y,3.8
10.3030_101162665_full,glm,prompt_A,blind_baseline,NONE,,,,,3.9
10.3030_101162665_full,glm,prompt_A,pi_main,PI+F_N+LOW_I+HIGH_B,F_N,LOW_I,HIGH_B,,3.3
10.3030_101162665_full,glm,prompt_A,pi_main,PI+F_N+LOW_I+LOW_B,F_N,LOW_I,LOW_B,,3.0
10.3030_101162665_full,glm,prompt_A,pi_main,PI+F_N+TOP_I+HIGH_B,F_N,TOP_I,HIGH_B,,3.5
10.3030_101162665_full,glm,prompt_A,pi_main,PI+F_N+TOP_I+LOW_B,F_N,TOP_I,LOW_B,,3.1
10.3030_101162665_full,glm,prompt_A,pi_main,PI+M_N+LOW_I+HIGH_B,M_N,LOW_I,HIGH_B,,3.4
10.3030_101162665_full,glm,prompt_A,pi_main,PI+M_N+LOW_I+LOW_B,M_N,LOW_I,LOW_B,,3.0
10.3030_101162665_full,glm,prompt_A,pi_main,PI+M_N+TOP_I+HIGH_B,M_N,TOP_I,HIGH_B,,3.7
10.3030_101162665_full,glm,prompt_A,pi_main,PI+M_N+TOP_I+LOW_B,M_N,TOP_I,LOW_B,,3.2
10.3030_101162665_full,glm,prompt_B,ai_main,AI+AI_N,,,,AI_N,3.4
10.3030_101162665_full,glm,prompt_B,ai_main,AI+AI_Y,,,,AI_Y,3.3
10.3030_101162665_full,glm,prompt_B,blind_baseline,NONE,,,,,3.6
10.3030_101162665_full,glm,prompt_B,pi_main,PI+F_N+LOW_I+HIGH_B,F_N,LOW_I,HIGH_B,,3.5
10.3030_101162665_full,glm,prompt_B,pi_main,PI+F_N+LOW_I+LOW_B,F_N,LOW_I,LOW_B,,3.1
10.3030_101162665_full,glm,prompt_B,pi_main,PI+F_N+TOP_I+HIGH_B,F_N,TOP_I,HIGH_B,,3.6
10.3030_101162665_full,glm,prompt_B,pi_main,PI+F_N+TOP_I+LOW_B,F_N,TOP_I,LOW_B,,3.5
10.3030_101162665_full,glm,prompt_B,pi_main,PI+M_N+LOW_I+HIGH_B,M_N,LOW_I,HIGH_B,,3.5
10.3030_101162665_full,glm,prompt_B,pi_main,PI+M_N+LOW_I+LOW_B,M_N,LOW_I,LOW_B,,3.0
10.3030_101162665_full,glm,prompt_B,pi_main,PI+M_N+TOP_I+HIGH_B,M_N,TOP_I,HIGH_B,,3.6
10.3030_101162665_full,glm,prompt_B,pi_main,PI+M_N+TOP_I+LOW_B,M_N,TOP_I,LOW_B,,3.1
10.3030_101162665_full,glm,prompt_C,ai_main,AI+AI_N,,,,AI_N,3.6
10.3030_101162665_full,glm,prompt_C,ai_main,AI+AI_Y,,,,AI_Y,3.3
10.3030_101162665_full,glm,prompt_C,blind_baseline,NONE,,,,,3.4
10.3030_101162665_full,glm,prompt_C,pi_main,PI+F_N+LOW_I+HIGH_B,F_N,LOW_I,HIGH_B,,3.7
10.3030_101162665_full,glm,prompt_C,pi_main,PI+F_N+LOW_I+LOW_B,F_N,LOW_I,LOW_B,,3.0
10.3030_101162665_full,glm,prompt_C,pi_main,PI+F_N+TOP_I+HIGH_B,F_N,TOP_I,HIGH_B,,3.9
10.3030_101162665_full,glm,prompt_C,pi_main,PI+F_N+TOP_I+LOW_B,F_N,TOP_I,LOW_B,,3.1
10.3030_101162665_full,glm,prompt_C,pi_main,PI+M_N+LOW_I+HIGH_B,M_N,LOW_I,HIGH_B,,3.4
10.3030_101162665_full,glm,prompt_C,pi_main,PI+M_N+LOW_I+LOW_B,M_N,LOW_I,LOW_B,,3.0
10.3030_101162665_full,glm,prompt_C,pi_main,PI+M_N+TOP_I+HIGH_B,M_N,TOP_I,HIGH_B,,3.7
10.3030_101162665_full,glm,prompt_C,pi_main,PI+M_N+TOP_I+LOW_B,M_N,TOP_I,LOW_B,,3.0
10.3030_101162665_full,gpt,prompt_A,ai_main,AI+AI_N,,,,AI_N,3.6
10.3030_101162665_full,gpt,prompt_A,ai_main,AI+AI_Y,,,,AI_Y,3.5
10.3030_101162665_full,gpt,prompt_A,blind_baseline,NONE,,,,,3.6
10.3030_101162665_full,gpt,prompt_A,pi_main,PI+F_N+LOW_I+HIGH_B,F_N,LOW_I,HIGH_B,,3.5
10.3030_101162665_full,gpt,prompt_A,pi_main,PI+F_N+LOW_I+LOW_B,F_N,LOW_I,LOW_B,,3.5
10.3030_101162665_full,gpt,prompt_A,pi_main,PI+F_N+TOP_I+HIGH_B,F_N,TOP_I,HIGH_B,,3.5
10.3030_101162665_full,gpt,prompt_A,pi_main,PI+F_N+TOP_I+LOW_B,F_N,TOP_I,LOW_B,,3.5
10.3030_101162665_full,gpt,prompt_A,pi_main,PI+M_N+LOW_I+HIGH_B,M_N,LOW_I,HIGH_B,,3.5
10.3030_101162665_full,gpt,prompt_A,pi_main,PI+M_N+LOW_I+LOW_B,M_N,LOW_I,LOW_B,,3.3
10.3030_101162665_full,gpt,prompt_A,pi_main,PI+M_N+TOP_I+HIGH_B,M_N,TOP_I,HIGH_B,,3.6
10.3030_101162665_full,gpt,prompt_A,pi_main,PI+M_N+TOP_I+LOW_B,M_N,TOP_I,LOW_B,,3.5
10.3030_101162665_full,gpt,prompt_B,ai_main,AI+AI_N,,,,AI_N,3.5
10.3030_101162665_full,gpt,prompt_B,ai_main,AI+AI_Y,,,,AI_Y,3.5
10.3030_101162665_full,gpt,prompt_B,blind_baseline,NONE,,,,,3.5
10.3030_101162665_full,gpt,prompt_B,pi_main,PI+F_N+LOW_I+HIGH_B,F_N,LOW_I,HIGH_B,,3.5
10.3030_101162665_full,gpt,prompt_B,pi_main,PI+F_N+LOW_I+LOW_B,F_N,LOW_I,LOW_B,,3.7
10.3030_101162665_full,gpt,prompt_B,pi_main,PI+F_N+TOP_I+HIGH_B,F_N,TOP_I,HIGH_B,,4.0
10.3030_101162665_full,gpt,prompt_B,pi_main,PI+F_N+TOP_I+LOW_B,F_N,TOP_I,LOW_B,,3.6
10.3030_101162665_full,gpt,prompt_B,pi_main,PI+M_N+LOW_I+HIGH_B,M_N,LOW_I,HIGH_B,,4.0
10.3030_101162665_full,gpt,prompt_B,pi_main,PI+M_N+LOW_I+LOW_B,M_N,LOW_I,LOW_B,,3.5
10.3030_101162665_full,gpt,prompt_B,pi_main,PI+M_N+TOP_I+HIGH_B,M_N,TOP_I,HIGH_B,,4.0
10.3030_101162665_full,gpt,prompt_B,pi_main,PI+M_N+TOP_I+LOW_B,M_N,TOP_I,LOW_B,,3.5
10.3030_101162665_full,gpt,prompt_C,ai_main,AI+AI_N,,,,AI_N,4.0
10.3030_101162665_full,gpt,prompt_C,ai_main,AI+AI_Y,,,,AI_Y,3.9
10.3030_101162665_full,gpt,prompt_C,blind_baseline,NONE,,,,,3.5
10.3030_101162665_full,gpt,prompt_C,pi_main,PI+F_N+LOW_I+HIGH_B,F_N,LOW_I,HIGH_B,,3.8
10.3030_101162665_full,gpt,prompt_C,pi_main,PI+F_N+LOW_I+LOW_B,F_N,LOW_I,LOW_B,,3.5
10.3030_101162665_full,gpt,prompt_C,pi_main,PI+F_N+TOP_I+HIGH_B,F_N,TOP_I,HIGH_B,,3.8
10.3030_101162665_full,gpt,prompt_C,pi_main,PI+F_N+TOP_I+LOW_B,F_N,TOP_I,LOW_B,,3.5
10.3030_101162665_full,gpt,prompt_C,pi_main,PI+M_N+LOW_I+HIGH_B,M_N,LOW_I,HIGH_B,,3.6
10.3030_101162665_full,gpt,prompt_C,pi_main,PI+M_N+LOW_I+LOW_B,M_N,LOW_I,LOW_B,,3.5
10.3030_101162665_full,gpt,prompt_C,pi_main,PI+M_N+TOP_I+HIGH_B,M_N,TOP_I,HIGH_B,,3.8
10.3030_101162665_full,gpt,prompt_C,pi_main,PI+M_N+TOP_I+LOW_B,M_N,TOP_I,LOW_B,,3.5
10.3030_101162665_full,kimi,prompt_A,ai_main,AI+AI_N,,,,AI_N,3.9
10.3030_101162665_full,kimi,prompt_A,ai_main,AI+AI_Y,,,,AI_Y,3.8
10.3030_101162665_full,kimi,prompt_A,blind_baseline,NONE,,,,,3.8
10.3030_101162665_full,kimi,prompt_A,pi_main,PI+F_N+LOW_I+HIGH_B,F_N,LOW_I,HIGH_B,,3.6
10.3030_101162665_full,kimi,prompt_A,pi_main,PI+F_N+LOW_I+LOW_B,F_N,LOW_I,LOW_B,,3.1
10.3030_101162665_full,kimi,prompt_A,pi_main,PI+F_N+TOP_I+HIGH_B,F_N,TOP_I,HIGH_B,,3.8
10.3030_101162665_full,kimi,prompt_A,pi_main,PI+F_N+TOP_I+LOW_B,F_N,TOP_I,LOW_B,,3.4
10.3030_101162665_full,kimi,prompt_A,pi_main,PI+M_N+LOW_I+HIGH_B,M_N,LOW_I,HIGH_B,,3.6
10.3030_101162665_full,kimi,prompt_A,pi_main,PI+M_N+LOW_I+LOW_B,M_N,LOW_I,LOW_B,,3.2
10.3030_101162665_full,kimi,prompt_A,pi_main,PI+M_N+TOP_I+HIGH_B,M_N,TOP_I,HIGH_B,,3.9
10.3030_101162665_full,kimi,prompt_A,pi_main,PI+M_N+TOP_I+LOW_B,M_N,TOP_I,LOW_B,,3.3
10.3030_101162665_full,kimi,prompt_B,ai_main,AI+AI_N,,,,AI_N,4.0
10.3030_101162665_full,kimi,prompt_B,ai_main,AI+AI_Y,,,,AI_Y,3.8
10.3030_101162665_full,kimi,prompt_B,blind_baseline,NONE,,,,,3.7
10.3030_101162665_full,kimi,prompt_B,pi_main,PI+F_N+LOW_I+HIGH_B,F_N,LOW_I,HIGH_B,,3.8
10.3030_101162665_full,kimi,prompt_B,pi_main,PI+F_N+LOW_I+LOW_B,F_N,LOW_I,LOW_B,,3.6
10.3030_101162665_full,kimi,prompt_B,pi_main,PI+F_N+TOP_I+HIGH_B,F_N,TOP_I,HIGH_B,,3.9
10.3030_101162665_full,kimi,prompt_B,pi_main,PI+F_N+TOP_I+LOW_B,F_N,TOP_I,LOW_B,,3.6
10.3030_101162665_full,kimi,prompt_B,pi_main,PI+M_N+LOW_I+HIGH_B,M_N,LOW_I,HIGH_B,,3.9
10.3030_101162665_full,kimi,prompt_B,pi_main,PI+M_N+LOW_I+LOW_B,M_N,LOW_I,LOW_B,,3.5
10.3030_101162665_full,kimi,prompt_B,pi_main,PI+M_N+TOP_I+HIGH_B,M_N,TOP_I,HIGH_B,,3.8
10.3030_101162665_full,kimi,prompt_B,pi_main,PI+M_N+TOP_I+LOW_B,M_N,TOP_I,LOW_B,,3.9
10.3030_101162665_full,kimi,prompt_C,ai_main,AI+AI_N,,,,AI_N,4.0
10.3030_101162665_full,kimi,prompt_C,ai_main,AI+AI_Y,,,,AI_Y,3.8
10.3030_101162665_full,kimi,prompt_C,blind_baseline,NONE,,,,,4.0
10.3030_101162665_full,kimi,prompt_C,pi_main,PI+F_N+LOW_I+HIGH_B,F_N,LOW_I,HIGH_B,,3.9
10.3030_101162665_full,kimi,prompt_C,pi_main,PI+F_N+LOW_I+LOW_B,F_N,LOW_I,LOW_B,,3.3
10.3030_101162665_full,kimi,prompt_C,pi_main,PI+F_N+TOP_I+HIGH_B,F_N,TOP_I,HIGH_B,,4.0
10.3030_101162665_full,kimi,prompt_C,pi_main,PI+F_N+TOP_I+LOW_B,F_N,TOP_I,LOW_B,,3.5
10.3030_101162665_full,kimi,prompt_C,pi_main,PI+M_N+LOW_I+HIGH_B,M_N,LOW_I,HIGH_B,,3.9
10.3030_101162665_full,kimi,prompt_C,pi_main,PI+M_N+LOW_I+LOW_B,M_N,LOW_I,LOW_B,,3.5
10.3030_101162665_full,kimi,prompt_C,pi_main,PI+M_N+TOP_I+HIGH_B,M_N,TOP_I,HIGH_B,,4.0
10.3030_101162665_full,kimi,prompt_C,pi_main,PI+M_N+TOP_I+LOW_B,M_N,TOP_I,LOW_B,,3.5
10.3030_101162665_full,ministral,prompt_A,ai_main,AI+AI_N,,,,AI_N,4.0
10.3030_101162665_full,ministral,prompt_A,ai_main,AI+AI_Y,,,,AI_Y,4.0
10.3030_101162665_full,ministral,prompt_A,blind_baseline,NONE,,,,,4.0
10.3030_101162665_full,ministral,prompt_A,pi_main,PI+F_N+LOW_I+HIGH_B,F_N,LOW_I,HIGH_B,,4.0
10.3030_101162665_full,ministral,prompt_A,pi_main,PI+F_N+LOW_I+LOW_B,F_N,LOW_I,LOW_B,,3.5
10.3030_101162665_full,ministral,prompt_A,pi_main,PI+F_N+TOP_I+HIGH_B,F_N,TOP_I,HIGH_B,,4.0
10.3030_101162665_full,ministral,prompt_A,pi_main,PI+F_N+TOP_I+LOW_B,F_N,TOP_I,LOW_B,,3.5
10.3030_101162665_full,ministral,prompt_A,pi_main,PI+M_N+LOW_I+HIGH_B,M_N,LOW_I,HIGH_B,,4.0
10.3030_101162665_full,ministral,prompt_A,pi_main,PI+M_N+LOW_I+LOW_B,M_N,LOW_I,LOW_B,,3.5
10.3030_101162665_full,ministral,prompt_A,pi_main,PI+M_N+TOP_I+HIGH_B,M_N,TOP_I,HIGH_B,,4.0
10.3030_101162665_full,ministral,prompt_A,pi_main,PI+M_N+TOP_I+LOW_B,M_N,TOP_I,LOW_B,,3.5
10.3030_101162665_full,ministral,prompt_B,ai_main,AI+AI_N,,,,AI_N,4.0
10.3030_101162665_full,ministral,prompt_B,ai_main,AI+AI_Y,,,,AI_Y,4.0
10.3030_101162665_full,ministral,prompt_B,blind_baseline,NONE,,,,,4.0
10.3030_101162665_full,ministral,prompt_B,pi_main,PI+F_N+LOW_I+HIGH_B,F_N,LOW_I,HIGH_B,,4.0
10.3030_101162665_full,ministral,prompt_B,pi_main,PI+F_N+LOW_I+LOW_B,F_N,LOW_I,LOW_B,,3.5
10.3030_101162665_full,ministral,prompt_B,pi_main,PI+F_N+TOP_I+HIGH_B,F_N,TOP_I,HIGH_B,,4.0
10.3030_101162665_full,ministral,prompt_B,pi_main,PI+F_N+TOP_I+LOW_B,F_N,TOP_I,LOW_B,,3.5
10.3030_101162665_full,ministral,prompt_B,pi_main,PI+M_N+LOW_I+HIGH_B,M_N,LOW_I,HIGH_B,,3.5
10.3030_101162665_full,ministral,prompt_B,pi_main,PI+M_N+LOW_I+LOW_B,M_N,LOW_I,LOW_B,,3.5
10.3030_101162665_full,ministral,prompt_B,pi_main,PI+M_N+TOP_I+HIGH_B,M_N,TOP_I,HIGH_B,,4.0
10.3030_101162665_full,ministral,prompt_B,pi_main,PI+M_N+TOP_I+LOW_B,M_N,TOP_I,LOW_B,,3.5
10.3030_101162665_full,ministral,prompt_C,ai_main,AI+AI_N,,,,AI_N,4.0
10.3030_101162665_full,ministral,prompt_C,ai_main,AI+AI_Y,,,,AI_Y,3.5
10.3030_101162665_full,ministral,prompt_C,blind_baseline,NONE,,,,,4.0
10.3030_101162665_full,ministral,prompt_C,pi_main,PI+F_N+LOW_I+HIGH_B,F_N,LOW_I,HIGH_B,,4.0
10.3030_101162665_full,ministral,prompt_C,pi_main,PI+F_N+LOW_I+LOW_B,F_N,LOW_I,LOW_B,,3.5
10.3030_101162665_full,ministral,prompt_C,pi_main,PI+F_N+TOP_I+HIGH_B,F_N,TOP_I,HIGH_B,,4.0
10.3030_101162665_full,ministral,prompt_C,pi_main,PI+F_N+TOP_I+LOW_B,F_N,TOP_I,LOW_B,,4.0
10.3030_101162665_full,ministral,prompt_C,pi_main,PI+M_N+LOW_I+HIGH_B,M_N,LOW_I,HIGH_B,,4.0
10.3030_101162665_full,ministral,prompt_C,pi_main,PI+M_N+LOW_I+LOW_B,M_N,LOW_I,LOW_B,,3.5
10.3030_101162665_full,ministral,prompt_C,pi_main,PI+M_N+TOP_I+HIGH_B,M_N,TOP_I,HIGH_B,,4.0
10.3030_101162665_full,ministral,prompt_C,pi_main,PI+M_N+TOP_I+LOW_B,M_N,TOP_I,LOW_B,,4.0
10.3030_101162665_full,mistral,prompt_A,ai_main,AI+AI_N,,,,AI_N,3.9
10.3030_101162665_full,mistral,prompt_A,ai_main,AI+AI_Y,,,,AI_Y,3.9
10.3030_101162665_full,mistral,prompt_A,blind_baseline,NONE,,,,,4.0
10.3030_101162665_full,mistral,prompt_A,pi_main,PI+F_N+LOW_I+HIGH_B,F_N,LOW_I,HIGH_B,,3.9
10.3030_101162665_full,mistral,prompt_A,pi_main,PI+F_N+LOW_I+LOW_B,F_N,LOW_I,LOW_B,,3.6
10.3030_101162665_full,mistral,prompt_A,pi_main,PI+F_N+TOP_I+HIGH_B,F_N,TOP_I,HIGH_B,,4.0
10.3030_101162665_full,mistral,prompt_A,pi_main,PI+F_N+TOP_I+LOW_B,F_N,TOP_I,LOW_B,,3.7
10.3030_101162665_full,mistral,prompt_A,pi_main,PI+M_N+LOW_I+HIGH_B,M_N,LOW_I,HIGH_B,,3.9
10.3030_101162665_full,mistral,prompt_A,pi_main,PI+M_N+LOW_I+LOW_B,M_N,LOW_I,LOW_B,,3.5
10.3030_101162665_full,mistral,prompt_A,pi_main,PI+M_N+TOP_I+HIGH_B,M_N,TOP_I,HIGH_B,,3.8
10.3030_101162665_full,mistral,prompt_A,pi_main,PI+M_N+TOP_I+LOW_B,M_N,TOP_I,LOW_B,,3.7
10.3030_101162665_full,mistral,prompt_B,ai_main,AI+AI_N,,,,AI_N,4.0
10.3030_101162665_full,mistral,prompt_B,ai_main,AI+AI_Y,,,,AI_Y,3.8
10.3030_101162665_full,mistral,prompt_B,blind_baseline,NONE,,,,,4.0
10.3030_101162665_full,mistral,prompt_B,pi_main,PI+F_N+LOW_I+HIGH_B,F_N,LOW_I,HIGH_B,,4.0
10.3030_101162665_full,mistral,prompt_B,pi_main,PI+F_N+LOW_I+LOW_B,F_N,LOW_I,LOW_B,,3.9
10.3030_101162665_full,mistral,prompt_B,pi_main,PI+F_N+TOP_I+HIGH_B,F_N,TOP_I,HIGH_B,,3.9
10.3030_101162665_full,mistral,prompt_B,pi_main,PI+F_N+TOP_I+LOW_B,F_N,TOP_I,LOW_B,,3.9
10.3030_101162665_full,mistral,prompt_B,pi_main,PI+M_N+LOW_I+HIGH_B,M_N,LOW_I,HIGH_B,,3.9
10.3030_101162665_full,mistral,prompt_B,pi_main,PI+M_N+LOW_I+LOW_B,M_N,LOW_I,LOW_B,,4.0
10.3030_101162665_full,mistral,prompt_B,pi_main,PI+M_N+TOP_I+HIGH_B,M_N,TOP_I,HIGH_B,,4.0
10.3030_101162665_full,mistral,prompt_B,pi_main,PI+M_N+TOP_I+LOW_B,M_N,TOP_I,LOW_B,,4.0
10.3030_101162665_full,mistral,prompt_C,ai_main,AI+AI_N,,,,AI_N,4.0
10.3030_101162665_full,mistral,prompt_C,ai_main,AI+AI_Y,,,,AI_Y,4.0
10.3030_101162665_full,mistral,prompt_C,blind_baseline,NONE,,,,,3.9
10.3030_101162665_full,mistral,prompt_C,pi_main,PI+F_N+LOW_I+HIGH_B,F_N,LOW_I,HIGH_B,,4.0
10.3030_101162665_full,mistral,prompt_C,pi_main,PI+F_N+LOW_I+LOW_B,F_N,LOW_I,LOW_B,,4.0
10.3030_101162665_full,mistral,prompt_C,pi_main,PI+F_N+TOP_I+HIGH_B,F_N,TOP_I,HIGH_B,,4.0
10.3030_101162665_full,mistral,prompt_C,pi_main,PI+F_N+TOP_I+LOW_B,F_N,TOP_I,LOW_B,,3.8
10.3030_101162665_full,mistral,prompt_C,pi_main,PI+M_N+LOW_I+HIGH_B,M_N,LOW_I,HIGH_B,,4.0
10.3030_101162665_full,mistral,prompt_C,pi_main,PI+M_N+LOW_I+LOW_B,M_N,LOW_I,LOW_B,,3.7
10.3030_101162665_full,mistral,prompt_C,pi_main,PI+M_N+TOP_I+HIGH_B,M_N,TOP_I,HIGH_B,,4.0
10.3030_101162665_full,mistral,prompt_C,pi_main,PI+M_N+TOP_I+LOW_B,M_N,TOP_I,LOW_B,,3.5
10.3030_101162665_full,phi,prompt_A,ai_main,AI+AI_N,,,,AI_N,3.5
10.3030_101162665_full,phi,prompt_A,ai_main,AI+AI_Y,,,,AI_Y,3.5
10.3030_101162665_full,phi,prompt_A,blind_baseline,NONE,,,,,3.5
10.3030_101162665_full,phi,prompt_A,pi_main,PI+F_N+LOW_I+HIGH_B,F_N,LOW_I,HIGH_B,,3.5
10.3030_101162665_full,phi,prompt_A,pi_main,PI+F_N+LOW_I+LOW_B,F_N,LOW_I,LOW_B,,3.0
10.3030_101162665_full,phi,prompt_A,pi_main,PI+F_N+TOP_I+HIGH_B,F_N,TOP_I,HIGH_B,,3.5
10.3030_101162665_full,phi,prompt_A,pi_main,PI+F_N+TOP_I+LOW_B,F_N,TOP_I,LOW_B,,3.0
10.3030_101162665_full,phi,prompt_A,pi_main,PI+M_N+LOW_I+HIGH_B,M_N,LOW_I,HIGH_B,,3.5
10.3030_101162665_full,phi,prompt_A,pi_main,PI+M_N+LOW_I+LOW_B,M_N,LOW_I,LOW_B,,3.0
10.3030_101162665_full,phi,prompt_A,pi_main,PI+M_N+TOP_I+HIGH_B,M_N,TOP_I,HIGH_B,,3.5
10.3030_101162665_full,phi,prompt_A,pi_main,PI+M_N+TOP_I+LOW_B,M_N,TOP_I,LOW_B,,3.0
10.3030_101162665_full,phi,prompt_B,ai_main,AI+AI_N,,,,AI_N,3.5
10.3030_101162665_full,phi,prompt_B,ai_main,AI+AI_Y,,,,AI_Y,3.5
10.3030_101162665_full,phi,prompt_B,blind_baseline,NONE,,,,,3.0
10.3030_101162665_full,phi,prompt_B,pi_main,PI+F_N+LOW_I+HIGH_B,F_N,LOW_I,HIGH_B,,3.0
10.3030_101162665_full,phi,prompt_B,pi_main,PI+F_N+LOW_I+LOW_B,F_N,LOW_I,LOW_B,,3.0
10.3030_101162665_full,phi,prompt_B,pi_main,PI+F_N+TOP_I+HIGH_B,F_N,TOP_I,HIGH_B,,3.4
10.3030_101162665_full,phi,prompt_B,pi_main,PI+F_N+TOP_I+LOW_B,F_N,TOP_I,LOW_B,,3.0
10.3030_101162665_full,phi,prompt_B,pi_main,PI+M_N+LOW_I+HIGH_B,M_N,LOW_I,HIGH_B,,3.0
10.3030_101162665_full,phi,prompt_B,pi_main,PI+M_N+LOW_I+LOW_B,M_N,LOW_I,LOW_B,,3.0
10.3030_101162665_full,phi,prompt_B,pi_main,PI+M_N+TOP_I+HIGH_B,M_N,TOP_I,HIGH_B,,3.0
10.3030_101162665_full,phi,prompt_B,pi_main,PI+M_N+TOP_I+LOW_B,M_N,TOP_I,LOW_B,,3.0
10.3030_101162665_full,phi,prompt_C,ai_main,AI+AI_N,,,,AI_N,3.0
10.3030_101162665_full,phi,prompt_C,ai_main,AI+AI_Y,,,,AI_Y,3.0
10.3030_101162665_full,phi,prompt_C,blind_baseline,NONE,,,,,3.5
10.3030_101162665_full,phi,prompt_C,pi_main,PI+F_N+LOW_I+HIGH_B,F_N,LOW_I,HIGH_B,,3.5
10.3030_101162665_full,phi,prompt_C,pi_main,PI+F_N+LOW_I+LOW_B,F_N,LOW_I,LOW_B,,3.1
10.3030_101162665_full,phi,prompt_C,pi_main,PI+F_N+TOP_I+HIGH_B,F_N,TOP_I,HIGH_B,,3.5
10.3030_101162665_full,phi,prompt_C,pi_main,PI+F_N+TOP_I+LOW_B,F_N,TOP_I,LOW_B,,3.1
10.3030_101162665_full,phi,prompt_C,pi_main,PI+M_N+LOW_I+HIGH_B,M_N,LOW_I,HIGH_B,,3.4
10.3030_101162665_full,phi,prompt_C,pi_main,PI+M_N+LOW_I+LOW_B,M_N,LOW_I,LOW_B,,3.0
10.3030_101162665_full,phi,prompt_C,pi_main,PI+M_N+TOP_I+HIGH_B,M_N,TOP_I,HIGH_B,,3.5
10.3030_101162665_full,phi,prompt_C,pi_main,PI+M_N+TOP_I+LOW_B,M_N,TOP_I,LOW_B,,3.0
10.3030_101162753_full,deepseek,prompt_A,ai_main,AI+AI_N,,,,AI_N,3.2
10.3030_101162753_full,deepseek,prompt_A,ai_main,AI+AI_Y,,,,AI_Y,3.2
10.3030_101162753_full,deepseek,prompt_A,blind_baseline,NONE,,,,,3.1
10.3030_101162753_full,deepseek,prompt_A,pi_main,PI+F_N+LOW_I+HIGH_B,F_N,LOW_I,HIGH_B,,3.3
10.3030_101162753_full,deepseek,prompt_A,pi_main,PI+F_N+LOW_I+LOW_B,F_N,LOW_I,LOW_B,,2.7
10.3030_101162753_full,deepseek,prompt_A,pi_main,PI+F_N+TOP_I+HIGH_B,F_N,TOP_I,HIGH_B,,3.0
10.3030_101162753_full,deepseek,prompt_A,pi_main,PI+F_N+TOP_I+LOW_B,F_N,TOP_I,LOW_B,,3.0
10.3030_101162753_full,deepseek,prompt_A,pi_main,PI+M_N+LOW_I+HIGH_B,M_N,LOW_I,HIGH_B,,3.1
10.3030_101162753_full,deepseek,prompt_A,pi_main,PI+M_N+LOW_I+LOW_B,M_N,LOW_I,LOW_B,,2.6
10.3030_101162753_full,deepseek,prompt_A,pi_main,PI+M_N+TOP_I+HIGH_B,M_N,TOP_I,HIGH_B,,3.2
10.3030_101162753_full,deepseek,prompt_A,pi_main,PI+M_N+TOP_I+LOW_B,M_N,TOP_I,LOW_B,,3.0
10.3030_101162753_full,deepseek,prompt_B,ai_main,AI+AI_N,,,,AI_N,3.2
10.3030_101162753_full,deepseek,prompt_B,ai_main,AI+AI_Y,,,,AI_Y,3.4
10.3030_101162753_full,deepseek,prompt_B,blind_baseline,NONE,,,,,3.4
10.3030_101162753_full,deepseek,prompt_B,pi_main,PI+F_N+LOW_I+HIGH_B,F_N,LOW_I,HIGH_B,,3.0
10.3030_101162753_full,deepseek,prompt_B,pi_main,PI+F_N+LOW_I+LOW_B,F_N,LOW_I,LOW_B,,3.1
10.3030_101162753_full,deepseek,prompt_B,pi_main,PI+F_N+TOP_I+HIGH_B,F_N,TOP_I,HIGH_B,,3.1
10.3030_101162753_full,deepseek,prompt_B,pi_main,PI+F_N+TOP_I+LOW_B,F_N,TOP_I,LOW_B,,2.8
10.3030_101162753_full,deepseek,prompt_B,pi_main,PI+M_N+LOW_I+HIGH_B,M_N,LOW_I,HIGH_B,,3.0
10.3030_101162753_full,deepseek,prompt_B,pi_main,PI+M_N+LOW_I+LOW_B,M_N,LOW_I,LOW_B,,3.5
10.3030_101162753_full,deepseek,prompt_B,pi_main,PI+M_N+TOP_I+HIGH_B,M_N,TOP_I,HIGH_B,,3.1
10.3030_101162753_full,deepseek,prompt_B,pi_main,PI+M_N+TOP_I+LOW_B,M_N,TOP_I,LOW_B,,2.8
10.3030_101162753_full,deepseek,prompt_C,ai_main,AI+AI_N,,,,AI_N,3.0
10.3030_101162753_full,deepseek,prompt_C,ai_main,AI+AI_Y,,,,AI_Y,3.2
10.3030_101162753_full,deepseek,prompt_C,blind_baseline,NONE,,,,,3.4
10.3030_101162753_full,deepseek,prompt_C,pi_main,PI+F_N+LOW_I+HIGH_B,F_N,LOW_I,HIGH_B,,3.3
10.3030_101162753_full,deepseek,prompt_C,pi_main,PI+F_N+LOW_I+LOW_B,F_N,LOW_I,LOW_B,,3.0
10.3030_101162753_full,deepseek,prompt_C,pi_main,PI+F_N+TOP_I+HIGH_B,F_N,TOP_I,HIGH_B,,3.0
10.3030_101162753_full,deepseek,prompt_C,pi_main,PI+F_N+TOP_I+LOW_B,F_N,TOP_I,LOW_B,,2.9
10.3030_101162753_full,deepseek,prompt_C,pi_main,PI+M_N+LOW_I+HIGH_B,M_N,LOW_I,HIGH_B,,3.0
10.3030_101162753_full,deepseek,prompt_C,pi_main,PI+M_N+LOW_I+LOW_B,M_N,LOW_I,LOW_B,,3.2
10.3030_101162753_full,deepseek,prompt_C,pi_main,PI+M_N+TOP_I+HIGH_B,M_N,TOP_I,HIGH_B,,3.2
10.3030_101162753_full,deepseek,prompt_C,pi_main,PI+M_N+TOP_I+LOW_B,M_N,TOP_I,LOW_B,,3.0
10.3030_101162753_full,gemma,prompt_A,ai_main,AI+AI_N,,,,AI_N,3.5
10.3030_101162753_full,gemma,prompt_A,ai_main,AI+AI_Y,,,,AI_Y,3.5
10.3030_101162753_full,gemma,prompt_A,blind_baseline,NONE,,,,,3.5
10.3030_101162753_full,gemma,prompt_A,pi_main,PI+F_N+LOW_I+HIGH_B,F_N,LOW_I,HIGH_B,,3.3
10.3030_101162753_full,gemma,prompt_A,pi_main,PI+F_N+LOW_I+LOW_B,F_N,LOW_I,LOW_B,,3.0
10.3030_101162753_full,gemma,prompt_A,pi_main,PI+F_N+TOP_I+HIGH_B,F_N,TOP_I,HIGH_B,,3.5
10.3030_101162753_full,gemma,prompt_A,pi_main,PI+F_N+TOP_I+LOW_B,F_N,TOP_I,LOW_B,,3.0
10.3030_101162753_full,gemma,prompt_A,pi_main,PI+M_N+LOW_I+HIGH_B,M_N,LOW_I,HIGH_B,,3.0
10.3030_101162753_full,gemma,prompt_A,pi_main,PI+M_N+LOW_I+LOW_B,M_N,LOW_I,LOW_B,,3.0
10.3030_101162753_full,gemma,prompt_A,pi_main,PI+M_N+TOP_I+HIGH_B,M_N,TOP_I,HIGH_B,,3.5
10.3030_101162753_full,gemma,prompt_A,pi_main,PI+M_N+TOP_I+LOW_B,M_N,TOP_I,LOW_B,,3.0
10.3030_101162753_full,gemma,prompt_B,ai_main,AI+AI_N,,,,AI_N,3.5
10.3030_101162753_full,gemma,prompt_B,ai_main,AI+AI_Y,,,,AI_Y,3.5
10.3030_101162753_full,gemma,prompt_B,blind_baseline,NONE,,,,,3.5
10.3030_101162753_full,gemma,prompt_B,pi_main,PI+F_N+LOW_I+HIGH_B,F_N,LOW_I,HIGH_B,,3.5
10.3030_101162753_full,gemma,prompt_B,pi_main,PI+F_N+LOW_I+LOW_B,F_N,LOW_I,LOW_B,,3.5
10.3030_101162753_full,gemma,prompt_B,pi_main,PI+F_N+TOP_I+HIGH_B,F_N,TOP_I,HIGH_B,,3.5
10.3030_101162753_full,gemma,prompt_B,pi_main,PI+F_N+TOP_I+LOW_B,F_N,TOP_I,LOW_B,,3.5
10.3030_101162753_full,gemma,prompt_B,pi_main,PI+M_N+LOW_I+HIGH_B,M_N,LOW_I,HIGH_B,,3.5
10.3030_101162753_full,gemma,prompt_B,pi_main,PI+M_N+LOW_I+LOW_B,M_N,LOW_I,LOW_B,,3.5
10.3030_101162753_full,gemma,prompt_B,pi_main,PI+M_N+TOP_I+HIGH_B,M_N,TOP_I,HIGH_B,,3.5
10.3030_101162753_full,gemma,prompt_B,pi_main,PI+M_N+TOP_I+LOW_B,M_N,TOP_I,LOW_B,,3.5
10.3030_101162753_full,gemma,prompt_C,ai_main,AI+AI_N,,,,AI_N,3.5
10.3030_101162753_full,gemma,prompt_C,ai_main,AI+AI_Y,,,,AI_Y,3.5
10.3030_101162753_full,gemma,prompt_C,blind_baseline,NONE,,,,,3.5
10.3030_101162753_full,gemma,prompt_C,pi_main,PI+F_N+LOW_I+HIGH_B,F_N,LOW_I,HIGH_B,,3.5
10.3030_101162753_full,gemma,prompt_C,pi_main,PI+F_N+LOW_I+LOW_B,F_N,LOW_I,LOW_B,,3.1
10.3030_101162753_full,gemma,prompt_C,pi_main,PI+F_N+TOP_I+HIGH_B,F_N,TOP_I,HIGH_B,,3.5
10.3030_101162753_full,gemma,prompt_C,pi_main,PI+F_N+TOP_I+LOW_B,F_N,TOP_I,LOW_B,,3.5
10.3030_101162753_full,gemma,prompt_C,pi_main,PI+M_N+LOW_I+HIGH_B,M_N,LOW_I,HIGH_B,,3.5
10.3030_101162753_full,gemma,prompt_C,pi_main,PI+M_N+LOW_I+LOW_B,M_N,LOW_I,LOW_B,,3.0
10.3030_101162753_full,gemma,prompt_C,pi_main,PI+M_N+TOP_I+HIGH_B,M_N,TOP_I,HIGH_B,,3.5
10.3030_101162753_full,gemma,prompt_C,pi_main,PI+M_N+TOP_I+LOW_B,M_N,TOP_I,LOW_B,,3.0
10.3030_101162753_full,glm,prompt_A,ai_main,AI+AI_N,,,,AI_N,3.5
10.3030_101162753_full,glm,prompt_A,ai_main,AI+AI_Y,,,,AI_Y,3.5
10.3030_101162753_full,glm,prompt_A,blind_baseline,NONE,,,,,3.5
10.3030_101162753_full,glm,prompt_A,pi_main,PI+F_N+LOW_I+HIGH_B,F_N,LOW_I,HIGH_B,,3.3
10.3030_101162753_full,glm,prompt_A,pi_main,PI+F_N+LOW_I+LOW_B,F_N,LOW_I,LOW_B,,2.7
10.3030_101162753_full,glm,prompt_A,pi_main,PI+F_N+TOP_I+HIGH_B,F_N,TOP_I,HIGH_B,,3.4
10.3030_101162753_full,glm,prompt_A,pi_main,PI+F_N+TOP_I+LOW_B,F_N,TOP_I,LOW_B,,3.0
10.3030_101162753_full,glm,prompt_A,pi_main,PI+M_N+LOW_I+HIGH_B,M_N,LOW_I,HIGH_B,,3.2
10.3030_101162753_full,glm,prompt_A,pi_main,PI+M_N+LOW_I+LOW_B,M_N,LOW_I,LOW_B,,2.6
10.3030_101162753_full,glm,prompt_A,pi_main,PI+M_N+TOP_I+HIGH_B,M_N,TOP_I,HIGH_B,,3.4
10.3030_101162753_full,glm,prompt_A,pi_main,PI+M_N+TOP_I+LOW_B,M_N,TOP_I,LOW_B,,3.0
10.3030_101162753_full,glm,prompt_B,ai_main,AI+AI_N,,,,AI_N,3.3
10.3030_101162753_full,glm,prompt_B,ai_main,AI+AI_Y,,,,AI_Y,3.4
10.3030_101162753_full,glm,prompt_B,blind_baseline,NONE,,,,,3.5
10.3030_101162753_full,glm,prompt_B,pi_main,PI+F_N+LOW_I+HIGH_B,F_N,LOW_I,HIGH_B,,3.3
10.3030_101162753_full,glm,prompt_B,pi_main,PI+F_N+LOW_I+LOW_B,F_N,LOW_I,LOW_B,,3.1
10.3030_101162753_full,glm,prompt_B,pi_main,PI+F_N+TOP_I+HIGH_B,F_N,TOP_I,HIGH_B,,3.5
10.3030_101162753_full,glm,prompt_B,pi_main,PI+F_N+TOP_I+LOW_B,F_N,TOP_I,LOW_B,,3.1
10.3030_101162753_full,glm,prompt_B,pi_main,PI+M_N+LOW_I+HIGH_B,M_N,LOW_I,HIGH_B,,3.3
10.3030_101162753_full,glm,prompt_B,pi_main,PI+M_N+LOW_I+LOW_B,M_N,LOW_I,LOW_B,,3.1
10.3030_101162753_full,glm,prompt_B,pi_main,PI+M_N+TOP_I+HIGH_B,M_N,TOP_I,HIGH_B,,3.5
10.3030_101162753_full,glm,prompt_B,pi_main,PI+M_N+TOP_I+LOW_B,M_N,TOP_I,LOW_B,,3.2
10.3030_101162753_full,glm,prompt_C,ai_main,AI+AI_N,,,,AI_N,3.5
10.3030_101162753_full,glm,prompt_C,ai_main,AI+AI_Y,,,,AI_Y,3.5
10.3030_101162753_full,glm,prompt_C,blind_baseline,NONE,,,,,3.4
10.3030_101162753_full,glm,prompt_C,pi_main,PI+F_N+LOW_I+HIGH_B,F_N,LOW_I,HIGH_B,,3.4
10.3030_101162753_full,glm,prompt_C,pi_main,PI+F_N+LOW_I+LOW_B,F_N,LOW_I,LOW_B,,3.0
10.3030_101162753_full,glm,prompt_C,pi_main,PI+F_N+TOP_I+HIGH_B,F_N,TOP_I,HIGH_B,,3.4
10.3030_101162753_full,glm,prompt_C,pi_main,PI+F_N+TOP_I+LOW_B,F_N,TOP_I,LOW_B,,3.0
10.3030_101162753_full,glm,prompt_C,pi_main,PI+M_N+LOW_I+HIGH_B,M_N,LOW_I,HIGH_B,,3.4
10.3030_101162753_full,glm,prompt_C,pi_main,PI+M_N+LOW_I+LOW_B,M_N,LOW_I,LOW_B,,3.0
10.3030_101162753_full,glm,prompt_C,pi_main,PI+M_N+TOP_I+HIGH_B,M_N,TOP_I,HIGH_B,,3.4
10.3030_101162753_full,glm,prompt_C,pi_main,PI+M_N+TOP_I+LOW_B,M_N,TOP_I,LOW_B,,3.0
10.3030_101162753_full,gpt,prompt_A,ai_main,AI+AI_N,,,,AI_N,3.6
10.3030_101162753_full,gpt,prompt_A,ai_main,AI+AI_Y,,,,AI_Y,3.5
10.3030_101162753_full,gpt,prompt_A,blind_baseline,NONE,,,,,3.5
10.3030_101162753_full,gpt,prompt_A,pi_main,PI+F_N+LOW_I+HIGH_B,F_N,LOW_I,HIGH_B,,3.8
10.3030_101162753_full,gpt,prompt_A,pi_main,PI+F_N+LOW_I+LOW_B,F_N,LOW_I,LOW_B,,3.5
10.3030_101162753_full,gpt,prompt_A,pi_main,PI+F_N+TOP_I+HIGH_B,F_N,TOP_I,HIGH_B,,3.5
10.3030_101162753_full,gpt,prompt_A,pi_main,PI+F_N+TOP_I+LOW_B,F_N,TOP_I,LOW_B,,3.5
10.3030_101162753_full,gpt,prompt_A,pi_main,PI+M_N+LOW_I+HIGH_B,M_N,LOW_I,HIGH_B,,3.6
10.3030_101162753_full,gpt,prompt_A,pi_main,PI+M_N+LOW_I+LOW_B,M_N,LOW_I,LOW_B,,3.4
10.3030_101162753_full,gpt,prompt_A,pi_main,PI+M_N+TOP_I+HIGH_B,M_N,TOP_I,HIGH_B,,3.5
10.3030_101162753_full,gpt,prompt_A,pi_main,PI+M_N+TOP_I+LOW_B,M_N,TOP_I,LOW_B,,3.5
10.3030_101162753_full,gpt,prompt_B,ai_main,AI+AI_N,,,,AI_N,3.7
10.3030_101162753_full,gpt,prompt_B,ai_main,AI+AI_Y,,,,AI_Y,3.5
10.3030_101162753_full,gpt,prompt_B,blind_baseline,NONE,,,,,3.8
10.3030_101162753_full,gpt,prompt_B,pi_main,PI+F_N+LOW_I+HIGH_B,F_N,LOW_I,HIGH_B,,3.6
10.3030_101162753_full,gpt,prompt_B,pi_main,PI+F_N+LOW_I+LOW_B,F_N,LOW_I,LOW_B,,3.5
10.3030_101162753_full,gpt,prompt_B,pi_main,PI+F_N+TOP_I+HIGH_B,F_N,TOP_I,HIGH_B,,3.9
10.3030_101162753_full,gpt,prompt_B,pi_main,PI+F_N+TOP_I+LOW_B,F_N,TOP_I,LOW_B,,3.5
10.3030_101162753_full,gpt,prompt_B,pi_main,PI+M_N+LOW_I+HIGH_B,M_N,LOW_I,HIGH_B,,3.6
10.3030_101162753_full,gpt,prompt_B,pi_main,PI+M_N+LOW_I+LOW_B,M_N,LOW_I,LOW_B,,3.5
10.3030_101162753_full,gpt,prompt_B,pi_main,PI+M_N+TOP_I+HIGH_B,M_N,TOP_I,HIGH_B,,3.5
10.3030_101162753_full,gpt,prompt_B,pi_main,PI+M_N+TOP_I+LOW_B,M_N,TOP_I,LOW_B,,3.6
10.3030_101162753_full,gpt,prompt_C,ai_main,AI+AI_N,,,,AI_N,3.5
10.3030_101162753_full,gpt,prompt_C,ai_main,AI+AI_Y,,,,AI_Y,3.5
10.3030_101162753_full,gpt,prompt_C,blind_baseline,NONE,,,,,3.7
10.3030_101162753_full,gpt,prompt_C,pi_main,PI+F_N+LOW_I+HIGH_B,F_N,LOW_I,HIGH_B,,3.9
10.3030_101162753_full,gpt,prompt_C,pi_main,PI+F_N+LOW_I+LOW_B,F_N,LOW_I,LOW_B,,3.5
10.3030_101162753_full,gpt,prompt_C,pi_main,PI+F_N+TOP_I+HIGH_B,F_N,TOP_I,HIGH_B,,3.8
10.3030_101162753_full,gpt,prompt_C,pi_main,PI+F_N+TOP_I+LOW_B,F_N,TOP_I,LOW_B,,3.5
10.3030_101162753_full,gpt,prompt_C,pi_main,PI+M_N+LOW_I+HIGH_B,M_N,LOW_I,HIGH_B,,3.5
10.3030_101162753_full,gpt,prompt_C,pi_main,PI+M_N+LOW_I+LOW_B,M_N,LOW_I,LOW_B,,3.5
10.3030_101162753_full,gpt,prompt_C,pi_main,PI+M_N+TOP_I+HIGH_B,M_N,TOP_I,HIGH_B,,3.9
10.3030_101162753_full,gpt,prompt_C,pi_main,PI+M_N+TOP_I+LOW_B,M_N,TOP_I,LOW_B,,3.6
10.3030_101162753_full,kimi,prompt_A,ai_main,AI+AI_N,,,,AI_N,3.6
10.3030_101162753_full,kimi,prompt_A,ai_main,AI+AI_Y,,,,AI_Y,3.5
10.3030_101162753_full,kimi,prompt_A,blind_baseline,NONE,,,,,3.5
10.3030_101162753_full,kimi,prompt_A,pi_main,PI+F_N+LOW_I+HIGH_B,F_N,LOW_I,HIGH_B,,3.4
10.3030_101162753_full,kimi,prompt_A,pi_main,PI+F_N+LOW_I+LOW_B,F_N,LOW_I,LOW_B,,3.0
10.3030_101162753_full,kimi,prompt_A,pi_main,PI+F_N+TOP_I+HIGH_B,F_N,TOP_I,HIGH_B,,3.5
10.3030_101162753_full,kimi,prompt_A,pi_main,PI+F_N+TOP_I+LOW_B,F_N,TOP_I,LOW_B,,3.0
10.3030_101162753_full,kimi,prompt_A,pi_main,PI+M_N+LOW_I+HIGH_B,M_N,LOW_I,HIGH_B,,3.5
10.3030_101162753_full,kimi,prompt_A,pi_main,PI+M_N+LOW_I+LOW_B,M_N,LOW_I,LOW_B,,3.0
10.3030_101162753_full,kimi,prompt_A,pi_main,PI+M_N+TOP_I+HIGH_B,M_N,TOP_I,HIGH_B,,3.5
10.3030_101162753_full,kimi,prompt_A,pi_main,PI+M_N+TOP_I+LOW_B,M_N,TOP_I,LOW_B,,3.1
10.3030_101162753_full,kimi,prompt_B,ai_main,AI+AI_N,,,,AI_N,3.5
10.3030_101162753_full,kimi,prompt_B,ai_main,AI+AI_Y,,,,AI_Y,3.5
10.3030_101162753_full,kimi,prompt_B,blind_baseline,NONE,,,,,3.6
10.3030_101162753_full,kimi,prompt_B,pi_main,PI+F_N+LOW_I+HIGH_B,F_N,LOW_I,HIGH_B,,3.5
10.3030_101162753_full,kimi,prompt_B,pi_main,PI+F_N+LOW_I+LOW_B,F_N,LOW_I,LOW_B,,3.1
10.3030_101162753_full,kimi,prompt_B,pi_main,PI+F_N+TOP_I+HIGH_B,F_N,TOP_I,HIGH_B,,3.6
10.3030_101162753_full,kimi,prompt_B,pi_main,PI+F_N+TOP_I+LOW_B,F_N,TOP_I,LOW_B,,3.5
10.3030_101162753_full,kimi,prompt_B,pi_main,PI+M_N+LOW_I+HIGH_B,M_N,LOW_I,HIGH_B,,3.5
10.3030_101162753_full,kimi,prompt_B,pi_main,PI+M_N+LOW_I+LOW_B,M_N,LOW_I,LOW_B,,3.5
10.3030_101162753_full,kimi,prompt_B,pi_main,PI+M_N+TOP_I+HIGH_B,M_N,TOP_I,HIGH_B,,3.5
10.3030_101162753_full,kimi,prompt_B,pi_main,PI+M_N+TOP_I+LOW_B,M_N,TOP_I,LOW_B,,3.3
10.3030_101162753_full,kimi,prompt_C,ai_main,AI+AI_N,,,,AI_N,3.5
10.3030_101162753_full,kimi,prompt_C,ai_main,AI+AI_Y,,,,AI_Y,3.5
10.3030_101162753_full,kimi,prompt_C,blind_baseline,NONE,,,,,3.7
10.3030_101162753_full,kimi,prompt_C,pi_main,PI+F_N+LOW_I+HIGH_B,F_N,LOW_I,HIGH_B,,3.5
10.3030_101162753_full,kimi,prompt_C,pi_main,PI+F_N+LOW_I+LOW_B,F_N,LOW_I,LOW_B,,3.3
10.3030_101162753_full,kimi,prompt_C,pi_main,PI+F_N+TOP_I+HIGH_B,F_N,TOP_I,HIGH_B,,3.5
10.3030_101162753_full,kimi,prompt_C,pi_main,PI+F_N+TOP_I+LOW_B,F_N,TOP_I,LOW_B,,3.5
10.3030_101162753_full,kimi,prompt_C,pi_main,PI+M_N+LOW_I+HIGH_B,M_N,LOW_I,HIGH_B,,3.5
10.3030_101162753_full,kimi,prompt_C,pi_main,PI+M_N+LOW_I+LOW_B,M_N,LOW_I,LOW_B,,3.3
10.3030_101162753_full,kimi,prompt_C,pi_main,PI+M_N+TOP_I+HIGH_B,M_N,TOP_I,HIGH_B,,3.5
10.3030_101162753_full,kimi,prompt_C,pi_main,PI+M_N+TOP_I+LOW_B,M_N,TOP_I,LOW_B,,3.5
10.3030_101162753_full,ministral,prompt_A,ai_main,AI+AI_N,,,,AI_N,3.5
10.3030_101162753_full,ministral,prompt_A,ai_main,AI+AI_Y,,,,AI_Y,3.5
10.3030_101162753_full,ministral,prompt_A,blind_baseline,NONE,,,,,3.5
10.3030_101162753_full,ministral,prompt_A,pi_main,PI+F_N+LOW_I+HIGH_B,F_N,LOW_I,HIGH_B,,3.5
10.3030_101162753_full,ministral,prompt_A,pi_main,PI+F_N+LOW_I+LOW_B,F_N,LOW_I,LOW_B,,3.0
10.3030_101162753_full,ministral,prompt_A,pi_main,PI+F_N+TOP_I+HIGH_B,F_N,TOP_I,HIGH_B,,3.5
10.3030_101162753_full,ministral,prompt_A,pi_main,PI+F_N+TOP_I+LOW_B,F_N,TOP_I,LOW_B,,3.5
10.3030_101162753_full,ministral,prompt_A,pi_main,PI+M_N+LOW_I+HIGH_B,M_N,LOW_I,HIGH_B,,3.5
10.3030_101162753_full,ministral,prompt_A,pi_main,PI+M_N+LOW_I+LOW_B,M_N,LOW_I,LOW_B,,3.0
10.3030_101162753_full,ministral,prompt_A,pi_main,PI+M_N+TOP_I+HIGH_B,M_N,TOP_I,HIGH_B,,3.5
10.3030_101162753_full,ministral,prompt_A,pi_main,PI+M_N+TOP_I+LOW_B,M_N,TOP_I,LOW_B,,3.0
10.3030_101162753_full,ministral,prompt_B,ai_main,AI+AI_N,,,,AI_N,3.5
10.3030_101162753_full,ministral,prompt_B,ai_main,AI+AI_Y,,,,AI_Y,3.5
10.3030_101162753_full,ministral,prompt_B,blind_baseline,NONE,,,,,3.5
10.3030_101162753_full,ministral,prompt_B,pi_main,PI+F_N+LOW_I+HIGH_B,F_N,LOW_I,HIGH_B,,3.5
10.3030_101162753_full,ministral,prompt_B,pi_main,PI+F_N+LOW_I+LOW_B,F_N,LOW_I,LOW_B,,3.5
10.3030_101162753_full,ministral,prompt_B,pi_main,PI+F_N+TOP_I+HIGH_B,F_N,TOP_I,HIGH_B,,3.5
10.3030_101162753_full,ministral,prompt_B,pi_main,PI+F_N+TOP_I+LOW_B,F_N,TOP_I,LOW_B,,3.5
10.3030_101162753_full,ministral,prompt_B,pi_main,PI+M_N+LOW_I+HIGH_B,M_N,LOW_I,HIGH_B,,3.5
10.3030_101162753_full,ministral,prompt_B,pi_main,PI+M_N+LOW_I+LOW_B,M_N,LOW_I,LOW_B,,3.5
10.3030_101162753_full,ministral,prompt_B,pi_main,PI+M_N+TOP_I+HIGH_B,M_N,TOP_I,HIGH_B,,3.5
10.3030_101162753_full,ministral,prompt_B,pi_main,PI+M_N+TOP_I+LOW_B,M_N,TOP_I,LOW_B,,3.5
10.3030_101162753_full,ministral,prompt_C,ai_main,AI+AI_N,,,,AI_N,3.5
10.3030_101162753_full,ministral,prompt_C,ai_main,AI+AI_Y,,,,AI_Y,3.5
10.3030_101162753_full,ministral,prompt_C,blind_baseline,NONE,,,,,3.5
10.3030_101162753_full,ministral,prompt_C,pi_main,PI+F_N+LOW_I+HIGH_B,F_N,LOW_I,HIGH_B,,3.5
10.3030_101162753_full,ministral,prompt_C,pi_main,PI+F_N+LOW_I+LOW_B,F_N,LOW_I,LOW_B,,3.5
10.3030_101162753_full,ministral,prompt_C,pi_main,PI+F_N+TOP_I+HIGH_B,F_N,TOP_I,HIGH_B,,3.5
10.3030_101162753_full,ministral,prompt_C,pi_main,PI+F_N+TOP_I+LOW_B,F_N,TOP_I,LOW_B,,3.5
10.3030_101162753_full,ministral,prompt_C,pi_main,PI+M_N+LOW_I+HIGH_B,M_N,LOW_I,HIGH_B,,3.5
10.3030_101162753_full,ministral,prompt_C,pi_main,PI+M_N+LOW_I+LOW_B,M_N,LOW_I,LOW_B,,3.5
10.3030_101162753_full,ministral,prompt_C,pi_main,PI+M_N+TOP_I+HIGH_B,M_N,TOP_I,HIGH_B,,3.5
10.3030_101162753_full,ministral,prompt_C,pi_main,PI+M_N+TOP_I+LOW_B,M_N,TOP_I,LOW_B,,3.5
10.3030_101162753_full,mistral,prompt_A,ai_main,AI+AI_N,,,,AI_N,3.5
10.3030_101162753_full,mistral,prompt_A,ai_main,AI+AI_Y,,,,AI_Y,3.5
10.3030_101162753_full,mistral,prompt_A,blind_baseline,NONE,,,,,3.5
10.3030_101162753_full,mistral,prompt_A,pi_main,PI+F_N+LOW_I+HIGH_B,F_N,LOW_I,HIGH_B,,3.6
10.3030_101162753_full,mistral,prompt_A,pi_main,PI+F_N+LOW_I+LOW_B,F_N,LOW_I,LOW_B,,3.5
10.3030_101162753_full,mistral,prompt_A,pi_main,PI+F_N+TOP_I+HIGH_B,F_N,TOP_I,HIGH_B,,3.8
10.3030_101162753_full,mistral,prompt_A,pi_main,PI+F_N+TOP_I+LOW_B,F_N,TOP_I,LOW_B,,3.5
10.3030_101162753_full,mistral,prompt_A,pi_main,PI+M_N+LOW_I+HIGH_B,M_N,LOW_I,HIGH_B,,3.6
10.3030_101162753_full,mistral,prompt_A,pi_main,PI+M_N+LOW_I+LOW_B,M_N,LOW_I,LOW_B,,3.5
10.3030_101162753_full,mistral,prompt_A,pi_main,PI+M_N+TOP_I+HIGH_B,M_N,TOP_I,HIGH_B,,3.6
10.3030_101162753_full,mistral,prompt_A,pi_main,PI+M_N+TOP_I+LOW_B,M_N,TOP_I,LOW_B,,3.5
10.3030_101162753_full,mistral,prompt_B,ai_main,AI+AI_N,,,,AI_N,3.5
10.3030_101162753_full,mistral,prompt_B,ai_main,AI+AI_Y,,,,AI_Y,3.5
10.3030_101162753_full,mistral,prompt_B,blind_baseline,NONE,,,,,3.5
10.3030_101162753_full,mistral,prompt_B,pi_main,PI+F_N+LOW_I+HIGH_B,F_N,LOW_I,HIGH_B,,3.5
10.3030_101162753_full,mistral,prompt_B,pi_main,PI+F_N+LOW_I+LOW_B,F_N,LOW_I,LOW_B,,3.5
10.3030_101162753_full,mistral,prompt_B,pi_main,PI+F_N+TOP_I+HIGH_B,F_N,TOP_I,HIGH_B,,3.8
10.3030_101162753_full,mistral,prompt_B,pi_main,PI+F_N+TOP_I+LOW_B,F_N,TOP_I,LOW_B,,3.5
10.3030_101162753_full,mistral,prompt_B,pi_main,PI+M_N+LOW_I+HIGH_B,M_N,LOW_I,HIGH_B,,3.6
10.3030_101162753_full,mistral,prompt_B,pi_main,PI+M_N+LOW_I+LOW_B,M_N,LOW_I,LOW_B,,3.5
10.3030_101162753_full,mistral,prompt_B,pi_main,PI+M_N+TOP_I+HIGH_B,M_N,TOP_I,HIGH_B,,3.6
10.3030_101162753_full,mistral,prompt_B,pi_main,PI+M_N+TOP_I+LOW_B,M_N,TOP_I,LOW_B,,3.5
10.3030_101162753_full,mistral,prompt_C,ai_main,AI+AI_N,,,,AI_N,3.5
10.3030_101162753_full,mistral,prompt_C,ai_main,AI+AI_Y,,,,AI_Y,3.7
10.3030_101162753_full,mistral,prompt_C,blind_baseline,NONE,,,,,3.5
10.3030_101162753_full,mistral,prompt_C,pi_main,PI+F_N+LOW_I+HIGH_B,F_N,LOW_I,HIGH_B,,3.9
10.3030_101162753_full,mistral,prompt_C,pi_main,PI+F_N+LOW_I+LOW_B,F_N,LOW_I,LOW_B,,3.5
10.3030_101162753_full,mistral,prompt_C,pi_main,PI+F_N+TOP_I+HIGH_B,F_N,TOP_I,HIGH_B,,3.7
10.3030_101162753_full,mistral,prompt_C,pi_main,PI+F_N+TOP_I+LOW_B,F_N,TOP_I,LOW_B,,3.5
10.3030_101162753_full,mistral,prompt_C,pi_main,PI+M_N+LOW_I+HIGH_B,M_N,LOW_I,HIGH_B,,3.5
10.3030_101162753_full,mistral,prompt_C,pi_main,PI+M_N+LOW_I+LOW_B,M_N,LOW_I,LOW_B,,3.5
10.3030_101162753_full,mistral,prompt_C,pi_main,PI+M_N+TOP_I+HIGH_B,M_N,TOP_I,HIGH_B,,3.9
10.3030_101162753_full,mistral,prompt_C,pi_main,PI+M_N+TOP_I+LOW_B,M_N,TOP_I,LOW_B,,3.6
10.3030_101162753_full,phi,prompt_A,ai_main,AI+AI_N,,,,AI_N,3.5
10.3030_101162753_full,phi,prompt_A,ai_main,AI+AI_Y,,,,AI_Y,3.5
10.3030_101162753_full,phi,prompt_A,blind_baseline,NONE,,,,,3.5
10.3030_101162753_full,phi,prompt_A,pi_main,PI+F_N+LOW_I+HIGH_B,F_N,LOW_I,HIGH_B,,3.5
10.3030_101162753_full,phi,prompt_A,pi_main,PI+F_N+LOW_I+LOW_B,F_N,LOW_I,LOW_B,,3.5
10.3030_101162753_full,phi,prompt_A,pi_main,PI+F_N+TOP_I+HIGH_B,F_N,TOP_I,HIGH_B,,3.5
10.3030_101162753_full,phi,prompt_A,pi_main,PI+F_N+TOP_I+LOW_B,F_N,TOP_I,LOW_B,,3.0
10.3030_101162753_full,phi,prompt_A,pi_main,PI+M_N+LOW_I+HIGH_B,M_N,LOW_I,HIGH_B,,3.5
10.3030_101162753_full,phi,prompt_A,pi_main,PI+M_N+LOW_I+LOW_B,M_N,LOW_I,LOW_B,,3.0
10.3030_101162753_full,phi,prompt_A,pi_main,PI+M_N+TOP_I+HIGH_B,M_N,TOP_I,HIGH_B,,3.5
10.3030_101162753_full,phi,prompt_A,pi_main,PI+M_N+TOP_I+LOW_B,M_N,TOP_I,LOW_B,,3.5
10.3030_101162753_full,phi,prompt_B,ai_main,AI+AI_N,,,,AI_N,3.5
10.3030_101162753_full,phi,prompt_B,ai_main,AI+AI_Y,,,,AI_Y,3.5
10.3030_101162753_full,phi,prompt_B,blind_baseline,NONE,,,,,3.5
10.3030_101162753_full,phi,prompt_B,pi_main,PI+F_N+LOW_I+HIGH_B,F_N,LOW_I,HIGH_B,,3.0
10.3030_101162753_full,phi,prompt_B,pi_main,PI+F_N+LOW_I+LOW_B,F_N,LOW_I,LOW_B,,3.5
10.3030_101162753_full,phi,prompt_B,pi_main,PI+F_N+TOP_I+HIGH_B,F_N,TOP_I,HIGH_B,,3.5
10.3030_101162753_full,phi,prompt_B,pi_main,PI+F_N+TOP_I+LOW_B,F_N,TOP_I,LOW_B,,3.0
10.3030_101162753_full,phi,prompt_B,pi_main,PI+M_N+LOW_I+HIGH_B,M_N,LOW_I,HIGH_B,,3.5
10.3030_101162753_full,phi,prompt_B,pi_main,PI+M_N+LOW_I+LOW_B,M_N,LOW_I,LOW_B,,3.0
10.3030_101162753_full,phi,prompt_B,pi_main,PI+M_N+TOP_I+HIGH_B,M_N,TOP_I,HIGH_B,,3.5
10.3030_101162753_full,phi,prompt_B,pi_main,PI+M_N+TOP_I+LOW_B,M_N,TOP_I,LOW_B,,3.5
10.3030_101162753_full,phi,prompt_C,ai_main,AI+AI_N,,,,AI_N,3.5
10.3030_101162753_full,phi,prompt_C,ai_main,AI+AI_Y,,,,AI_Y,3.5
10.3030_101162753_full,phi,prompt_C,blind_baseline,NONE,,,,,3.5
10.3030_101162753_full,phi,prompt_C,pi_main,PI+F_N+LOW_I+HIGH_B,F_N,LOW_I,HIGH_B,,3.5
10.3030_101162753_full,phi,prompt_C,pi_main,PI+F_N+LOW_I+LOW_B,F_N,LOW_I,LOW_B,,3.0
10.3030_101162753_full,phi,prompt_C,pi_main,PI+F_N+TOP_I+HIGH_B,F_N,TOP_I,HIGH_B,,3.5
10.3030_101162753_full,phi,prompt_C,pi_main,PI+F_N+TOP_I+LOW_B,F_N,TOP_I,LOW_B,,3.5
10.3030_101162753_full,phi,prompt_C,pi_main,PI+M_N+LOW_I+HIGH_B,M_N,LOW_I,HIGH_B,,3.5
10.3030_101162753_full,phi,prompt_C,pi_main,PI+M_N+LOW_I+LOW_B,M_N,LOW_I,LOW_B,,3.4
10.3030_101162753_full,phi,prompt_C,pi_main,PI+M_N+TOP_I+HIGH_B,M_N,TOP_I,HIGH_B,,3.5
10.3030_101162753_full,phi,prompt_C,pi_main,PI+M_N+TOP_I+LOW_B,M_N,TOP_I,LOW_B,,3.0
10.3030_101162838_full,deepseek,prompt_A,ai_main,AI+AI_N,,,,AI_N,3.7
10.3030_101162838_full,deepseek,prompt_A,ai_main,AI+AI_Y,,,,AI_Y,3.9
10.3030_101162838_full,deepseek,prompt_A,blind_baseline,NONE,,,,,3.7
10.3030_101162838_full,deepseek,prompt_A,pi_main,PI+F_N+LOW_I+HIGH_B,F_N,LOW_I,HIGH_B,,3.8
10.3030_101162838_full,deepseek,prompt_A,pi_main,PI+F_N+LOW_I+LOW_B,F_N,LOW_I,LOW_B,,3.4
10.3030_101162838_full,deepseek,prompt_A,pi_main,PI+F_N+TOP_I+HIGH_B,F_N,TOP_I,HIGH_B,,3.8
10.3030_101162838_full,deepseek,prompt_A,pi_main,PI+F_N+TOP_I+LOW_B,F_N,TOP_I,LOW_B,,3.6
10.3030_101162838_full,deepseek,prompt_A,pi_main,PI+M_N+LOW_I+HIGH_B,M_N,LOW_I,HIGH_B,,3.9
10.3030_101162838_full,deepseek,prompt_A,pi_main,PI+M_N+LOW_I+LOW_B,M_N,LOW_I,LOW_B,,3.6
10.3030_101162838_full,deepseek,prompt_A,pi_main,PI+M_N+TOP_I+HIGH_B,M_N,TOP_I,HIGH_B,,3.9
10.3030_101162838_full,deepseek,prompt_A,pi_main,PI+M_N+TOP_I+LOW_B,M_N,TOP_I,LOW_B,,3.6
10.3030_101162838_full,deepseek,prompt_B,ai_main,AI+AI_N,,,,AI_N,4.0
10.3030_101162838_full,deepseek,prompt_B,ai_main,AI+AI_Y,,,,AI_Y,3.9
10.3030_101162838_full,deepseek,prompt_B,blind_baseline,NONE,,,,,3.6
10.3030_101162838_full,deepseek,prompt_B,pi_main,PI+F_N+LOW_I+HIGH_B,F_N,LOW_I,HIGH_B,,3.9
10.3030_101162838_full,deepseek,prompt_B,pi_main,PI+F_N+LOW_I+LOW_B,F_N,LOW_I,LOW_B,,3.6
10.3030_101162838_full,deepseek,prompt_B,pi_main,PI+F_N+TOP_I+HIGH_B,F_N,TOP_I,HIGH_B,,3.9
10.3030_101162838_full,deepseek,prompt_B,pi_main,PI+F_N+TOP_I+LOW_B,F_N,TOP_I,LOW_B,,3.5
10.3030_101162838_full,deepseek,prompt_B,pi_main,PI+M_N+LOW_I+HIGH_B,M_N,LOW_I,HIGH_B,,3.9
10.3030_101162838_full,deepseek,prompt_B,pi_main,PI+M_N+LOW_I+LOW_B,M_N,LOW_I,LOW_B,,3.6
10.3030_101162838_full,deepseek,prompt_B,pi_main,PI+M_N+TOP_I+HIGH_B,M_N,TOP_I,HIGH_B,,3.9
10.3030_101162838_full,deepseek,prompt_B,pi_main,PI+M_N+TOP_I+LOW_B,M_N,TOP_I,LOW_B,,3.7
10.3030_101162838_full,deepseek,prompt_C,ai_main,AI+AI_N,,,,AI_N,3.4
10.3030_101162838_full,deepseek,prompt_C,ai_main,AI+AI_Y,,,,AI_Y,3.8
10.3030_101162838_full,deepseek,prompt_C,blind_baseline,NONE,,,,,4.0
10.3030_101162838_full,deepseek,prompt_C,pi_main,PI+F_N+LOW_I+HIGH_B,F_N,LOW_I,HIGH_B,,3.6
10.3030_101162838_full,deepseek,prompt_C,pi_main,PI+F_N+LOW_I+LOW_B,F_N,LOW_I,LOW_B,,3.4
10.3030_101162838_full,deepseek,prompt_C,pi_main,PI+F_N+TOP_I+HIGH_B,F_N,TOP_I,HIGH_B,,4.0
10.3030_101162838_full,deepseek,prompt_C,pi_main,PI+F_N+TOP_I+LOW_B,F_N,TOP_I,LOW_B,,3.9
10.3030_101162838_full,deepseek,prompt_C,pi_main,PI+M_N+LOW_I+HIGH_B,M_N,LOW_I,HIGH_B,,3.9
10.3030_101162838_full,deepseek,prompt_C,pi_main,PI+M_N+LOW_I+LOW_B,M_N,LOW_I,LOW_B,,3.5
10.3030_101162838_full,deepseek,prompt_C,pi_main,PI+M_N+TOP_I+HIGH_B,M_N,TOP_I,HIGH_B,,3.7
10.3030_101162838_full,deepseek,prompt_C,pi_main,PI+M_N+TOP_I+LOW_B,M_N,TOP_I,LOW_B,,3.9
10.3030_101162838_full,gemma,prompt_A,ai_main,AI+AI_N,,,,AI_N,3.5
10.3030_101162838_full,gemma,prompt_A,ai_main,AI+AI_Y,,,,AI_Y,3.0
10.3030_101162838_full,gemma,prompt_A,blind_baseline,NONE,,,,,3.5
10.3030_101162838_full,gemma,prompt_A,pi_main,PI+F_N+LOW_I+HIGH_B,F_N,LOW_I,HIGH_B,,3.0
10.3030_101162838_full,gemma,prompt_A,pi_main,PI+F_N+LOW_I+LOW_B,F_N,LOW_I,LOW_B,,3.0
10.3030_101162838_full,gemma,prompt_A,pi_main,PI+F_N+TOP_I+HIGH_B,F_N,TOP_I,HIGH_B,,3.0
10.3030_101162838_full,gemma,prompt_A,pi_main,PI+F_N+TOP_I+LOW_B,F_N,TOP_I,LOW_B,,3.0
10.3030_101162838_full,gemma,prompt_A,pi_main,PI+M_N+LOW_I+HIGH_B,M_N,LOW_I,HIGH_B,,3.0
10.3030_101162838_full,gemma,prompt_A,pi_main,PI+M_N+LOW_I+LOW_B,M_N,LOW_I,LOW_B,,3.0
10.3030_101162838_full,gemma,prompt_A,pi_main,PI+M_N+TOP_I+HIGH_B,M_N,TOP_I,HIGH_B,,3.0
10.3030_101162838_full,gemma,prompt_A,pi_main,PI+M_N+TOP_I+LOW_B,M_N,TOP_I,LOW_B,,3.0
10.3030_101162838_full,gemma,prompt_B,ai_main,AI+AI_N,,,,AI_N,3.5
10.3030_101162838_full,gemma,prompt_B,ai_main,AI+AI_Y,,,,AI_Y,3.5
10.3030_101162838_full,gemma,prompt_B,blind_baseline,NONE,,,,,3.5
10.3030_101162838_full,gemma,prompt_B,pi_main,PI+F_N+LOW_I+HIGH_B,F_N,LOW_I,HIGH_B,,3.5
10.3030_101162838_full,gemma,prompt_B,pi_main,PI+F_N+LOW_I+LOW_B,F_N,LOW_I,LOW_B,,3.5
10.3030_101162838_full,gemma,prompt_B,pi_main,PI+F_N+TOP_I+HIGH_B,F_N,TOP_I,HIGH_B,,3.5
10.3030_101162838_full,gemma,prompt_B,pi_main,PI+F_N+TOP_I+LOW_B,F_N,TOP_I,LOW_B,,3.5
10.3030_101162838_full,gemma,prompt_B,pi_main,PI+M_N+LOW_I+HIGH_B,M_N,LOW_I,HIGH_B,,3.5
10.3030_101162838_full,gemma,prompt_B,pi_main,PI+M_N+LOW_I+LOW_B,M_N,LOW_I,LOW_B,,3.1
10.3030_101162838_full,gemma,prompt_B,pi_main,PI+M_N+TOP_I+HIGH_B,M_N,TOP_I,HIGH_B,,3.5
10.3030_101162838_full,gemma,prompt_B,pi_main,PI+M_N+TOP_I+LOW_B,M_N,TOP_I,LOW_B,,3.4
10.3030_101162838_full,gemma,prompt_C,ai_main,AI+AI_N,,,,AI_N,3.5
10.3030_101162838_full,gemma,prompt_C,ai_main,AI+AI_Y,,,,AI_Y,3.5
10.3030_101162838_full,gemma,prompt_C,blind_baseline,NONE,,,,,3.5
10.3030_101162838_full,gemma,prompt_C,pi_main,PI+F_N+LOW_I+HIGH_B,F_N,LOW_I,HIGH_B,,3.5
10.3030_101162838_full,gemma,prompt_C,pi_main,PI+F_N+LOW_I+LOW_B,F_N,LOW_I,LOW_B,,3.0
10.3030_101162838_full,gemma,prompt_C,pi_main,PI+F_N+TOP_I+HIGH_B,F_N,TOP_I,HIGH_B,,3.5
10.3030_101162838_full,gemma,prompt_C,pi_main,PI+F_N+TOP_I+LOW_B,F_N,TOP_I,LOW_B,,3.0
10.3030_101162838_full,gemma,prompt_C,pi_main,PI+M_N+LOW_I+HIGH_B,M_N,LOW_I,HIGH_B,,3.5
10.3030_101162838_full,gemma,prompt_C,pi_main,PI+M_N+LOW_I+LOW_B,M_N,LOW_I,LOW_B,,3.0
10.3030_101162838_full,gemma,prompt_C,pi_main,PI+M_N+TOP_I+HIGH_B,M_N,TOP_I,HIGH_B,,3.5
10.3030_101162838_full,gemma,prompt_C,pi_main,PI+M_N+TOP_I+LOW_B,M_N,TOP_I,LOW_B,,3.0
10.3030_101162838_full,glm,prompt_A,ai_main,AI+AI_N,,,,AI_N,3.5
10.3030_101162838_full,glm,prompt_A,ai_main,AI+AI_Y,,,,AI_Y,3.5
10.3030_101162838_full,glm,prompt_A,blind_baseline,NONE,,,,,3.5
10.3030_101162838_full,glm,prompt_A,pi_main,PI+F_N+LOW_I+HIGH_B,F_N,LOW_I,HIGH_B,,3.4
10.3030_101162838_full,glm,prompt_A,pi_main,PI+F_N+LOW_I+LOW_B,F_N,LOW_I,LOW_B,,3.0
10.3030_101162838_full,glm,prompt_A,pi_main,PI+F_N+TOP_I+HIGH_B,F_N,TOP_I,HIGH_B,,3.6
10.3030_101162838_full,glm,prompt_A,pi_main,PI+F_N+TOP_I+LOW_B,F_N,TOP_I,LOW_B,,3.1
10.3030_101162838_full,glm,prompt_A,pi_main,PI+M_N+LOW_I+HIGH_B,M_N,LOW_I,HIGH_B,,3.5
10.3030_101162838_full,glm,prompt_A,pi_main,PI+M_N+LOW_I+LOW_B,M_N,LOW_I,LOW_B,,3.0
10.3030_101162838_full,glm,prompt_A,pi_main,PI+M_N+TOP_I+HIGH_B,M_N,TOP_I,HIGH_B,,3.5
10.3030_101162838_full,glm,prompt_A,pi_main,PI+M_N+TOP_I+LOW_B,M_N,TOP_I,LOW_B,,3.1
10.3030_101162838_full,glm,prompt_B,ai_main,AI+AI_N,,,,AI_N,3.5
10.3030_101162838_full,glm,prompt_B,ai_main,AI+AI_Y,,,,AI_Y,3.5
10.3030_101162838_full,glm,prompt_B,blind_baseline,NONE,,,,,3.5
10.3030_101162838_full,glm,prompt_B,pi_main,PI+F_N+LOW_I+HIGH_B,F_N,LOW_I,HIGH_B,,3.5
10.3030_101162838_full,glm,prompt_B,pi_main,PI+F_N+LOW_I+LOW_B,F_N,LOW_I,LOW_B,,3.4
10.3030_101162838_full,glm,prompt_B,pi_main,PI+F_N+TOP_I+HIGH_B,F_N,TOP_I,HIGH_B,,3.5
10.3030_101162838_full,glm,prompt_B,pi_main,PI+F_N+TOP_I+LOW_B,F_N,TOP_I,LOW_B,,3.2
10.3030_101162838_full,glm,prompt_B,pi_main,PI+M_N+LOW_I+HIGH_B,M_N,LOW_I,HIGH_B,,3.4
10.3030_101162838_full,glm,prompt_B,pi_main,PI+M_N+LOW_I+LOW_B,M_N,LOW_I,LOW_B,,3.3
10.3030_101162838_full,glm,prompt_B,pi_main,PI+M_N+TOP_I+HIGH_B,M_N,TOP_I,HIGH_B,,3.5
10.3030_101162838_full,glm,prompt_B,pi_main,PI+M_N+TOP_I+LOW_B,M_N,TOP_I,LOW_B,,3.3
10.3030_101162838_full,glm,prompt_C,ai_main,AI+AI_N,,,,AI_N,3.5
10.3030_101162838_full,glm,prompt_C,ai_main,AI+AI_Y,,,,AI_Y,3.3
10.3030_101162838_full,glm,prompt_C,blind_baseline,NONE,,,,,3.4
10.3030_101162838_full,glm,prompt_C,pi_main,PI+F_N+LOW_I+HIGH_B,F_N,LOW_I,HIGH_B,,3.2
10.3030_101162838_full,glm,prompt_C,pi_main,PI+F_N+LOW_I+LOW_B,F_N,LOW_I,LOW_B,,3.0
10.3030_101162838_full,glm,prompt_C,pi_main,PI+F_N+TOP_I+HIGH_B,F_N,TOP_I,HIGH_B,,3.5
10.3030_101162838_full,glm,prompt_C,pi_main,PI+F_N+TOP_I+LOW_B,F_N,TOP_I,LOW_B,,3.5
10.3030_101162838_full,glm,prompt_C,pi_main,PI+M_N+LOW_I+HIGH_B,M_N,LOW_I,HIGH_B,,3.5
10.3030_101162838_full,glm,prompt_C,pi_main,PI+M_N+LOW_I+LOW_B,M_N,LOW_I,LOW_B,,3.3
10.3030_101162838_full,glm,prompt_C,pi_main,PI+M_N+TOP_I+HIGH_B,M_N,TOP_I,HIGH_B,,3.5
10.3030_101162838_full,glm,prompt_C,pi_main,PI+M_N+TOP_I+LOW_B,M_N,TOP_I,LOW_B,,3.3
10.3030_101162838_full,gpt,prompt_A,ai_main,AI+AI_N,,,,AI_N,3.8
10.3030_101162838_full,gpt,prompt_A,ai_main,AI+AI_Y,,,,AI_Y,4.0
10.3030_101162838_full,gpt,prompt_A,blind_baseline,NONE,,,,,4.0
10.3030_101162838_full,gpt,prompt_A,pi_main,PI+F_N+LOW_I+HIGH_B,F_N,LOW_I,HIGH_B,,4.0
10.3030_101162838_full,gpt,prompt_A,pi_main,PI+F_N+LOW_I+LOW_B,F_N,LOW_I,LOW_B,,3.5
10.3030_101162838_full,gpt,prompt_A,pi_main,PI+F_N+TOP_I+HIGH_B,F_N,TOP_I,HIGH_B,,4.0
10.3030_101162838_full,gpt,prompt_A,pi_main,PI+F_N+TOP_I+LOW_B,F_N,TOP_I,LOW_B,,3.5
10.3030_101162838_full,gpt,prompt_A,pi_main,PI+M_N+LOW_I+HIGH_B,M_N,LOW_I,HIGH_B,,4.0
10.3030_101162838_full,gpt,prompt_A,pi_main,PI+M_N+LOW_I+LOW_B,M_N,LOW_I,LOW_B,,3.5
10.3030_101162838_full,gpt,prompt_A,pi_main,PI+M_N+TOP_I+HIGH_B,M_N,TOP_I,HIGH_B,,4.0
10.3030_101162838_full,gpt,prompt_A,pi_main,PI+M_N+TOP_I+LOW_B,M_N,TOP_I,LOW_B,,3.7
10.3030_101162838_full,gpt,prompt_B,ai_main,AI+AI_N,,,,AI_N,4.0
10.3030_101162838_full,gpt,prompt_B,ai_main,AI+AI_Y,,,,AI_Y,4.0
10.3030_101162838_full,gpt,prompt_B,blind_baseline,NONE,,,,,3.8
10.3030_101162838_full,gpt,prompt_B,pi_main,PI+F_N+LOW_I+HIGH_B,F_N,LOW_I,HIGH_B,,4.0
10.3030_101162838_full,gpt,prompt_B,pi_main,PI+F_N+LOW_I+LOW_B,F_N,LOW_I,LOW_B,,4.0
10.3030_101162838_full,gpt,prompt_B,pi_main,PI+F_N+TOP_I+HIGH_B,F_N,TOP_I,HIGH_B,,4.0
10.3030_101162838_full,gpt,prompt_B,pi_main,PI+F_N+TOP_I+LOW_B,F_N,TOP_I,LOW_B,,4.0
10.3030_101162838_full,gpt,prompt_B,pi_main,PI+M_N+LOW_I+HIGH_B,M_N,LOW_I,HIGH_B,,4.0
10.3030_101162838_full,gpt,prompt_B,pi_main,PI+M_N+LOW_I+LOW_B,M_N,LOW_I,LOW_B,,3.9
10.3030_101162838_full,gpt,prompt_B,pi_main,PI+M_N+TOP_I+HIGH_B,M_N,TOP_I,HIGH_B,,4.0
10.3030_101162838_full,gpt,prompt_B,pi_main,PI+M_N+TOP_I+LOW_B,M_N,TOP_I,LOW_B,,4.0
10.3030_101162838_full,gpt,prompt_C,ai_main,AI+AI_N,,,,AI_N,4.0
10.3030_101162838_full,gpt,prompt_C,ai_main,AI+AI_Y,,,,AI_Y,4.0
10.3030_101162838_full,gpt,prompt_C,blind_baseline,NONE,,,,,4.0
10.3030_101162838_full,gpt,prompt_C,pi_main,PI+F_N+LOW_I+HIGH_B,F_N,LOW_I,HIGH_B,,4.0
10.3030_101162838_full,gpt,prompt_C,pi_main,PI+F_N+LOW_I+LOW_B,F_N,LOW_I,LOW_B,,3.9
10.3030_101162838_full,gpt,prompt_C,pi_main,PI+F_N+TOP_I+HIGH_B,F_N,TOP_I,HIGH_B,,4.0
10.3030_101162838_full,gpt,prompt_C,pi_main,PI+F_N+TOP_I+LOW_B,F_N,TOP_I,LOW_B,,3.9
10.3030_101162838_full,gpt,prompt_C,pi_main,PI+M_N+LOW_I+HIGH_B,M_N,LOW_I,HIGH_B,,4.0
10.3030_101162838_full,gpt,prompt_C,pi_main,PI+M_N+LOW_I+LOW_B,M_N,LOW_I,LOW_B,,3.6
10.3030_101162838_full,gpt,prompt_C,pi_main,PI+M_N+TOP_I+HIGH_B,M_N,TOP_I,HIGH_B,,4.0
10.3030_101162838_full,gpt,prompt_C,pi_main,PI+M_N+TOP_I+LOW_B,M_N,TOP_I,LOW_B,,4.0
10.3030_101162838_full,kimi,prompt_A,ai_main,AI+AI_N,,,,AI_N,3.8
10.3030_101162838_full,kimi,prompt_A,ai_main,AI+AI_Y,,,,AI_Y,3.9
10.3030_101162838_full,kimi,prompt_A,blind_baseline,NONE,,,,,4.0
10.3030_101162838_full,kimi,prompt_A,pi_main,PI+F_N+LOW_I+HIGH_B,F_N,LOW_I,HIGH_B,,3.5
10.3030_101162838_full,kimi,prompt_A,pi_main,PI+F_N+LOW_I+LOW_B,F_N,LOW_I,LOW_B,,3.4
10.3030_101162838_full,kimi,prompt_A,pi_main,PI+F_N+TOP_I+HIGH_B,F_N,TOP_I,HIGH_B,,3.7
10.3030_101162838_full,kimi,prompt_A,pi_main,PI+F_N+TOP_I+LOW_B,F_N,TOP_I,LOW_B,,3.4
10.3030_101162838_full,kimi,prompt_A,pi_main,PI+M_N+LOW_I+HIGH_B,M_N,LOW_I,HIGH_B,,3.6
10.3030_101162838_full,kimi,prompt_A,pi_main,PI+M_N+LOW_I+LOW_B,M_N,LOW_I,LOW_B,,3.4
10.3030_101162838_full,kimi,prompt_A,pi_main,PI+M_N+TOP_I+HIGH_B,M_N,TOP_I,HIGH_B,,3.7
10.3030_101162838_full,kimi,prompt_A,pi_main,PI+M_N+TOP_I+LOW_B,M_N,TOP_I,LOW_B,,3.4
10.3030_101162838_full,kimi,prompt_B,ai_main,AI+AI_N,,,,AI_N,4.0
10.3030_101162838_full,kimi,prompt_B,ai_main,AI+AI_Y,,,,AI_Y,3.8
10.3030_101162838_full,kimi,prompt_B,blind_baseline,NONE,,,,,4.0
10.3030_101162838_full,kimi,prompt_B,pi_main,PI+F_N+LOW_I+HIGH_B,F_N,LOW_I,HIGH_B,,3.6
10.3030_101162838_full,kimi,prompt_B,pi_main,PI+F_N+LOW_I+LOW_B,F_N,LOW_I,LOW_B,,3.6
10.3030_101162838_full,kimi,prompt_B,pi_main,PI+F_N+TOP_I+HIGH_B,F_N,TOP_I,HIGH_B,,4.0
10.3030_101162838_full,kimi,prompt_B,pi_main,PI+F_N+TOP_I+LOW_B,F_N,TOP_I,LOW_B,,3.6
10.3030_101162838_full,kimi,prompt_B,pi_main,PI+M_N+LOW_I+HIGH_B,M_N,LOW_I,HIGH_B,,3.7
10.3030_101162838_full,kimi,prompt_B,pi_main,PI+M_N+LOW_I+LOW_B,M_N,LOW_I,LOW_B,,3.6
10.3030_101162838_full,kimi,prompt_B,pi_main,PI+M_N+TOP_I+HIGH_B,M_N,TOP_I,HIGH_B,,3.8
10.3030_101162838_full,kimi,prompt_B,pi_main,PI+M_N+TOP_I+LOW_B,M_N,TOP_I,LOW_B,,3.6
10.3030_101162838_full,kimi,prompt_C,ai_main,AI+AI_N,,,,AI_N,3.9
10.3030_101162838_full,kimi,prompt_C,ai_main,AI+AI_Y,,,,AI_Y,3.6
10.3030_101162838_full,kimi,prompt_C,blind_baseline,NONE,,,,,4.0
10.3030_101162838_full,kimi,prompt_C,pi_main,PI+F_N+LOW_I+HIGH_B,F_N,LOW_I,HIGH_B,,3.9
10.3030_101162838_full,kimi,prompt_C,pi_main,PI+F_N+LOW_I+LOW_B,F_N,LOW_I,LOW_B,,3.5
10.3030_101162838_full,kimi,prompt_C,pi_main,PI+F_N+TOP_I+HIGH_B,F_N,TOP_I,HIGH_B,,3.9
10.3030_101162838_full,kimi,prompt_C,pi_main,PI+F_N+TOP_I+LOW_B,F_N,TOP_I,LOW_B,,3.5
10.3030_101162838_full,kimi,prompt_C,pi_main,PI+M_N+LOW_I+HIGH_B,M_N,LOW_I,HIGH_B,,3.7
10.3030_101162838_full,kimi,prompt_C,pi_main,PI+M_N+LOW_I+LOW_B,M_N,LOW_I,LOW_B,,3.5
10.3030_101162838_full,kimi,prompt_C,pi_main,PI+M_N+TOP_I+HIGH_B,M_N,TOP_I,HIGH_B,,4.0
10.3030_101162838_full,kimi,prompt_C,pi_main,PI+M_N+TOP_I+LOW_B,M_N,TOP_I,LOW_B,,3.5
10.3030_101162838_full,ministral,prompt_A,ai_main,AI+AI_N,,,,AI_N,3.5
10.3030_101162838_full,ministral,prompt_A,ai_main,AI+AI_Y,,,,AI_Y,3.5
10.3030_101162838_full,ministral,prompt_A,blind_baseline,NONE,,,,,3.5
10.3030_101162838_full,ministral,prompt_A,pi_main,PI+F_N+LOW_I+HIGH_B,F_N,LOW_I,HIGH_B,,3.5
10.3030_101162838_full,ministral,prompt_A,pi_main,PI+F_N+LOW_I+LOW_B,F_N,LOW_I,LOW_B,,3.0
10.3030_101162838_full,ministral,prompt_A,pi_main,PI+F_N+TOP_I+HIGH_B,F_N,TOP_I,HIGH_B,,3.5
10.3030_101162838_full,ministral,prompt_A,pi_main,PI+F_N+TOP_I+LOW_B,F_N,TOP_I,LOW_B,,3.5
10.3030_101162838_full,ministral,prompt_A,pi_main,PI+M_N+LOW_I+HIGH_B,M_N,LOW_I,HIGH_B,,3.5
10.3030_101162838_full,ministral,prompt_A,pi_main,PI+M_N+LOW_I+LOW_B,M_N,LOW_I,LOW_B,,3.0
10.3030_101162838_full,ministral,prompt_A,pi_main,PI+M_N+TOP_I+HIGH_B,M_N,TOP_I,HIGH_B,,3.5
10.3030_101162838_full,ministral,prompt_A,pi_main,PI+M_N+TOP_I+LOW_B,M_N,TOP_I,LOW_B,,3.5
10.3030_101162838_full,ministral,prompt_B,ai_main,AI+AI_N,,,,AI_N,3.5
10.3030_101162838_full,ministral,prompt_B,ai_main,AI+AI_Y,,,,AI_Y,3.5
10.3030_101162838_full,ministral,prompt_B,blind_baseline,NONE,,,,,3.5
10.3030_101162838_full,ministral,prompt_B,pi_main,PI+F_N+LOW_I+HIGH_B,F_N,LOW_I,HIGH_B,,3.5
10.3030_101162838_full,ministral,prompt_B,pi_main,PI+F_N+LOW_I+LOW_B,F_N,LOW_I,LOW_B,,3.5
10.3030_101162838_full,ministral,prompt_B,pi_main,PI+F_N+TOP_I+HIGH_B,F_N,TOP_I,HIGH_B,,3.5
10.3030_101162838_full,ministral,prompt_B,pi_main,PI+F_N+TOP_I+LOW_B,F_N,TOP_I,LOW_B,,3.5
10.3030_101162838_full,ministral,prompt_B,pi_main,PI+M_N+LOW_I+HIGH_B,M_N,LOW_I,HIGH_B,,3.5
10.3030_101162838_full,ministral,prompt_B,pi_main,PI+M_N+LOW_I+LOW_B,M_N,LOW_I,LOW_B,,3.5
10.3030_101162838_full,ministral,prompt_B,pi_main,PI+M_N+TOP_I+HIGH_B,M_N,TOP_I,HIGH_B,,3.5
10.3030_101162838_full,ministral,prompt_B,pi_main,PI+M_N+TOP_I+LOW_B,M_N,TOP_I,LOW_B,,3.5
10.3030_101162838_full,ministral,prompt_C,ai_main,AI+AI_N,,,,AI_N,3.5
10.3030_101162838_full,ministral,prompt_C,ai_main,AI+AI_Y,,,,AI_Y,3.5
10.3030_101162838_full,ministral,prompt_C,blind_baseline,NONE,,,,,3.5
10.3030_101162838_full,ministral,prompt_C,pi_main,PI+F_N+LOW_I+HIGH_B,F_N,LOW_I,HIGH_B,,3.5
10.3030_101162838_full,ministral,prompt_C,pi_main,PI+F_N+LOW_I+LOW_B,F_N,LOW_I,LOW_B,,3.5
10.3030_101162838_full,ministral,prompt_C,pi_main,PI+F_N+TOP_I+HIGH_B,F_N,TOP_I,HIGH_B,,3.5
10.3030_101162838_full,ministral,prompt_C,pi_main,PI+F_N+TOP_I+LOW_B,F_N,TOP_I,LOW_B,,3.5
10.3030_101162838_full,ministral,prompt_C,pi_main,PI+M_N+LOW_I+HIGH_B,M_N,LOW_I,HIGH_B,,3.5
10.3030_101162838_full,ministral,prompt_C,pi_main,PI+M_N+LOW_I+LOW_B,M_N,LOW_I,LOW_B,,3.5
10.3030_101162838_full,ministral,prompt_C,pi_main,PI+M_N+TOP_I+HIGH_B,M_N,TOP_I,HIGH_B,,3.5
10.3030_101162838_full,ministral,prompt_C,pi_main,PI+M_N+TOP_I+LOW_B,M_N,TOP_I,LOW_B,,3.5
10.3030_101162838_full,mistral,prompt_A,ai_main,AI+AI_N,,,,AI_N,3.9
10.3030_101162838_full,mistral,prompt_A,ai_main,AI+AI_Y,,,,AI_Y,4.0
10.3030_101162838_full,mistral,prompt_A,blind_baseline,NONE,,,,,4.0
10.3030_101162838_full,mistral,prompt_A,pi_main,PI+F_N+LOW_I+HIGH_B,F_N,LOW_I,HIGH_B,,4.0
10.3030_101162838_full,mistral,prompt_A,pi_main,PI+F_N+LOW_I+LOW_B,F_N,LOW_I,LOW_B,,3.8
10.3030_101162838_full,mistral,prompt_A,pi_main,PI+F_N+TOP_I+HIGH_B,F_N,TOP_I,HIGH_B,,3.9
10.3030_101162838_full,mistral,prompt_A,pi_main,PI+F_N+TOP_I+LOW_B,F_N,TOP_I,LOW_B,,3.7
10.3030_101162838_full,mistral,prompt_A,pi_main,PI+M_N+LOW_I+HIGH_B,M_N,LOW_I,HIGH_B,,3.9
10.3030_101162838_full,mistral,prompt_A,pi_main,PI+M_N+LOW_I+LOW_B,M_N,LOW_I,LOW_B,,3.8
10.3030_101162838_full,mistral,prompt_A,pi_main,PI+M_N+TOP_I+HIGH_B,M_N,TOP_I,HIGH_B,,4.0
10.3030_101162838_full,mistral,prompt_A,pi_main,PI+M_N+TOP_I+LOW_B,M_N,TOP_I,LOW_B,,3.9
10.3030_101162838_full,mistral,prompt_B,ai_main,AI+AI_N,,,,AI_N,4.0
10.3030_101162838_full,mistral,prompt_B,ai_main,AI+AI_Y,,,,AI_Y,4.0
10.3030_101162838_full,mistral,prompt_B,blind_baseline,NONE,,,,,4.0
10.3030_101162838_full,mistral,prompt_B,pi_main,PI+F_N+LOW_I+HIGH_B,F_N,LOW_I,HIGH_B,,4.0
10.3030_101162838_full,mistral,prompt_B,pi_main,PI+F_N+LOW_I+LOW_B,F_N,LOW_I,LOW_B,,4.0
10.3030_101162838_full,mistral,prompt_B,pi_main,PI+F_N+TOP_I+HIGH_B,F_N,TOP_I,HIGH_B,,4.0
10.3030_101162838_full,mistral,prompt_B,pi_main,PI+F_N+TOP_I+LOW_B,F_N,TOP_I,LOW_B,,4.0
10.3030_101162838_full,mistral,prompt_B,pi_main,PI+M_N+LOW_I+HIGH_B,M_N,LOW_I,HIGH_B,,4.0
10.3030_101162838_full,mistral,prompt_B,pi_main,PI+M_N+LOW_I+LOW_B,M_N,LOW_I,LOW_B,,4.0
10.3030_101162838_full,mistral,prompt_B,pi_main,PI+M_N+TOP_I+HIGH_B,M_N,TOP_I,HIGH_B,,4.0
10.3030_101162838_full,mistral,prompt_B,pi_main,PI+M_N+TOP_I+LOW_B,M_N,TOP_I,LOW_B,,4.0
10.3030_101162838_full,mistral,prompt_C,ai_main,AI+AI_N,,,,AI_N,4.0
10.3030_101162838_full,mistral,prompt_C,ai_main,AI+AI_Y,,,,AI_Y,4.0
10.3030_101162838_full,mistral,prompt_C,blind_baseline,NONE,,,,,4.0
10.3030_101162838_full,mistral,prompt_C,pi_main,PI+F_N+LOW_I+HIGH_B,F_N,LOW_I,HIGH_B,,4.0
10.3030_101162838_full,mistral,prompt_C,pi_main,PI+F_N+LOW_I+LOW_B,F_N,LOW_I,LOW_B,,3.8
10.3030_101162838_full,mistral,prompt_C,pi_main,PI+F_N+TOP_I+HIGH_B,F_N,TOP_I,HIGH_B,,4.0
10.3030_101162838_full,mistral,prompt_C,pi_main,PI+F_N+TOP_I+LOW_B,F_N,TOP_I,LOW_B,,4.0
10.3030_101162838_full,mistral,prompt_C,pi_main,PI+M_N+LOW_I+HIGH_B,M_N,LOW_I,HIGH_B,,4.0
10.3030_101162838_full,mistral,prompt_C,pi_main,PI+M_N+LOW_I+LOW_B,M_N,LOW_I,LOW_B,,3.7
10.3030_101162838_full,mistral,prompt_C,pi_main,PI+M_N+TOP_I+HIGH_B,M_N,TOP_I,HIGH_B,,4.0
10.3030_101162838_full,mistral,prompt_C,pi_main,PI+M_N+TOP_I+LOW_B,M_N,TOP_I,LOW_B,,4.0
10.3030_101162838_full,phi,prompt_A,ai_main,AI+AI_N,,,,AI_N,3.5
10.3030_101162838_full,phi,prompt_A,ai_main,AI+AI_Y,,,,AI_Y,3.5
10.3030_101162838_full,phi,prompt_A,blind_baseline,NONE,,,,,3.5
10.3030_101162838_full,phi,prompt_A,pi_main,PI+F_N+LOW_I+HIGH_B,F_N,LOW_I,HIGH_B,,3.5
10.3030_101162838_full,phi,prompt_A,pi_main,PI+F_N+LOW_I+LOW_B,F_N,LOW_I,LOW_B,,3.5
10.3030_101162838_full,phi,prompt_A,pi_main,PI+F_N+TOP_I+HIGH_B,F_N,TOP_I,HIGH_B,,3.5
10.3030_101162838_full,phi,prompt_A,pi_main,PI+F_N+TOP_I+LOW_B,F_N,TOP_I,LOW_B,,3.5
10.3030_101162838_full,phi,prompt_A,pi_main,PI+M_N+LOW_I+HIGH_B,M_N,LOW_I,HIGH_B,,3.5
10.3030_101162838_full,phi,prompt_A,pi_main,PI+M_N+LOW_I+LOW_B,M_N,LOW_I,LOW_B,,3.5
10.3030_101162838_full,phi,prompt_A,pi_main,PI+M_N+TOP_I+HIGH_B,M_N,TOP_I,HIGH_B,,3.5
10.3030_101162838_full,phi,prompt_A,pi_main,PI+M_N+TOP_I+LOW_B,M_N,TOP_I,LOW_B,,3.5
10.3030_101162838_full,phi,prompt_B,ai_main,AI+AI_N,,,,AI_N,3.5
10.3030_101162838_full,phi,prompt_B,ai_main,AI+AI_Y,,,,AI_Y,3.5
10.3030_101162838_full,phi,prompt_B,blind_baseline,NONE,,,,,3.5
10.3030_101162838_full,phi,prompt_B,pi_main,PI+F_N+LOW_I+HIGH_B,F_N,LOW_I,HIGH_B,,3.5
10.3030_101162838_full,phi,prompt_B,pi_main,PI+F_N+LOW_I+LOW_B,F_N,LOW_I,LOW_B,,3.5
10.3030_101162838_full,phi,prompt_B,pi_main,PI+F_N+TOP_I+HIGH_B,F_N,TOP_I,HIGH_B,,3.5
10.3030_101162838_full,phi,prompt_B,pi_main,PI+F_N+TOP_I+LOW_B,F_N,TOP_I,LOW_B,,3.5
10.3030_101162838_full,phi,prompt_B,pi_main,PI+M_N+LOW_I+HIGH_B,M_N,LOW_I,HIGH_B,,3.5
10.3030_101162838_full,phi,prompt_B,pi_main,PI+M_N+LOW_I+LOW_B,M_N,LOW_I,LOW_B,,3.5
10.3030_101162838_full,phi,prompt_B,pi_main,PI+M_N+TOP_I+HIGH_B,M_N,TOP_I,HIGH_B,,3.5
10.3030_101162838_full,phi,prompt_B,pi_main,PI+M_N+TOP_I+LOW_B,M_N,TOP_I,LOW_B,,3.5
10.3030_101162838_full,phi,prompt_C,ai_main,AI+AI_N,,,,AI_N,3.5
10.3030_101162838_full,phi,prompt_C,ai_main,AI+AI_Y,,,,AI_Y,3.5
10.3030_101162838_full,phi,prompt_C,blind_baseline,NONE,,,,,3.5
10.3030_101162838_full,phi,prompt_C,pi_main,PI+F_N+LOW_I+HIGH_B,F_N,LOW_I,HIGH_B,,3.5
10.3030_101162838_full,phi,prompt_C,pi_main,PI+F_N+LOW_I+LOW_B,F_N,LOW_I,LOW_B,,3.5
10.3030_101162838_full,phi,prompt_C,pi_main,PI+F_N+TOP_I+HIGH_B,F_N,TOP_I,HIGH_B,,3.5
10.3030_101162838_full,phi,prompt_C,pi_main,PI+F_N+TOP_I+LOW_B,F_N,TOP_I,LOW_B,,3.5
10.3030_101162838_full,phi,prompt_C,pi_main,PI+M_N+LOW_I+HIGH_B,M_N,LOW_I,HIGH_B,,3.5
10.3030_101162838_full,phi,prompt_C,pi_main,PI+M_N+LOW_I+LOW_B,M_N,LOW_I,LOW_B,,3.5
10.3030_101162838_full,phi,prompt_C,pi_main,PI+M_N+TOP_I+HIGH_B,M_N,TOP_I,HIGH_B,,3.5
10.3030_101162838_full,phi,prompt_C,pi_main,PI+M_N+TOP_I+LOW_B,M_N,TOP_I,LOW_B,,3.5
10.3030_101162903_full,deepseek,prompt_A,ai_main,AI+AI_N,,,,AI_N,4.0
10.3030_101162903_full,deepseek,prompt_A,ai_main,AI+AI_Y,,,,AI_Y,4.0
10.3030_101162903_full,deepseek,prompt_A,blind_baseline,NONE,,,,,4.0
10.3030_101162903_full,deepseek,prompt_A,pi_main,PI+F_N+LOW_I+HIGH_B,F_N,LOW_I,HIGH_B,,3.8
10.3030_101162903_full,deepseek,prompt_A,pi_main,PI+F_N+LOW_I+LOW_B,F_N,LOW_I,LOW_B,,3.5
10.3030_101162903_full,deepseek,prompt_A,pi_main,PI+F_N+TOP_I+HIGH_B,F_N,TOP_I,HIGH_B,,3.9
10.3030_101162903_full,deepseek,prompt_A,pi_main,PI+F_N+TOP_I+LOW_B,F_N,TOP_I,LOW_B,,3.7
10.3030_101162903_full,deepseek,prompt_A,pi_main,PI+M_N+LOW_I+HIGH_B,M_N,LOW_I,HIGH_B,,3.8
10.3030_101162903_full,deepseek,prompt_A,pi_main,PI+M_N+LOW_I+LOW_B,M_N,LOW_I,LOW_B,,3.7
10.3030_101162903_full,deepseek,prompt_A,pi_main,PI+M_N+TOP_I+HIGH_B,M_N,TOP_I,HIGH_B,,4.0
10.3030_101162903_full,deepseek,prompt_A,pi_main,PI+M_N+TOP_I+LOW_B,M_N,TOP_I,LOW_B,,3.7
10.3030_101162903_full,deepseek,prompt_B,ai_main,AI+AI_N,,,,AI_N,4.0
10.3030_101162903_full,deepseek,prompt_B,ai_main,AI+AI_Y,,,,AI_Y,3.6
10.3030_101162903_full,deepseek,prompt_B,blind_baseline,NONE,,,,,4.0
10.3030_101162903_full,deepseek,prompt_B,pi_main,PI+F_N+LOW_I+HIGH_B,F_N,LOW_I,HIGH_B,,3.7
10.3030_101162903_full,deepseek,prompt_B,pi_main,PI+F_N+LOW_I+LOW_B,F_N,LOW_I,LOW_B,,3.6
10.3030_101162903_full,deepseek,prompt_B,pi_main,PI+F_N+TOP_I+HIGH_B,F_N,TOP_I,HIGH_B,,3.7
10.3030_101162903_full,deepseek,prompt_B,pi_main,PI+F_N+TOP_I+LOW_B,F_N,TOP_I,LOW_B,,3.6
10.3030_101162903_full,deepseek,prompt_B,pi_main,PI+M_N+LOW_I+HIGH_B,M_N,LOW_I,HIGH_B,,3.7
10.3030_101162903_full,deepseek,prompt_B,pi_main,PI+M_N+LOW_I+LOW_B,M_N,LOW_I,LOW_B,,3.4
10.3030_101162903_full,deepseek,prompt_B,pi_main,PI+M_N+TOP_I+HIGH_B,M_N,TOP_I,HIGH_B,,3.6
10.3030_101162903_full,deepseek,prompt_B,pi_main,PI+M_N+TOP_I+LOW_B,M_N,TOP_I,LOW_B,,3.4
10.3030_101162903_full,deepseek,prompt_C,ai_main,AI+AI_N,,,,AI_N,4.0
10.3030_101162903_full,deepseek,prompt_C,ai_main,AI+AI_Y,,,,AI_Y,3.8
10.3030_101162903_full,deepseek,prompt_C,blind_baseline,NONE,,,,,4.0
10.3030_101162903_full,deepseek,prompt_C,pi_main,PI+F_N+LOW_I+HIGH_B,F_N,LOW_I,HIGH_B,,4.0
10.3030_101162903_full,deepseek,prompt_C,pi_main,PI+F_N+LOW_I+LOW_B,F_N,LOW_I,LOW_B,,3.3
10.3030_101162903_full,deepseek,prompt_C,pi_main,PI+F_N+TOP_I+HIGH_B,F_N,TOP_I,HIGH_B,,4.0
10.3030_101162903_full,deepseek,prompt_C,pi_main,PI+F_N+TOP_I+LOW_B,F_N,TOP_I,LOW_B,,3.5
10.3030_101162903_full,deepseek,prompt_C,pi_main,PI+M_N+LOW_I+HIGH_B,M_N,LOW_I,HIGH_B,,3.8
10.3030_101162903_full,deepseek,prompt_C,pi_main,PI+M_N+LOW_I+LOW_B,M_N,LOW_I,LOW_B,,3.6
10.3030_101162903_full,deepseek,prompt_C,pi_main,PI+M_N+TOP_I+HIGH_B,M_N,TOP_I,HIGH_B,,4.0
10.3030_101162903_full,deepseek,prompt_C,pi_main,PI+M_N+TOP_I+LOW_B,M_N,TOP_I,LOW_B,,3.5
10.3030_101162903_full,gemma,prompt_A,ai_main,AI+AI_N,,,,AI_N,3.5
10.3030_101162903_full,gemma,prompt_A,ai_main,AI+AI_Y,,,,AI_Y,3.5
10.3030_101162903_full,gemma,prompt_A,blind_baseline,NONE,,,,,3.5
10.3030_101162903_full,gemma,prompt_A,pi_main,PI+F_N+LOW_I+HIGH_B,F_N,LOW_I,HIGH_B,,3.5
10.3030_101162903_full,gemma,prompt_A,pi_main,PI+F_N+LOW_I+LOW_B,F_N,LOW_I,LOW_B,,3.0
10.3030_101162903_full,gemma,prompt_A,pi_main,PI+F_N+TOP_I+HIGH_B,F_N,TOP_I,HIGH_B,,3.5
10.3030_101162903_full,gemma,prompt_A,pi_main,PI+F_N+TOP_I+LOW_B,F_N,TOP_I,LOW_B,,3.0
10.3030_101162903_full,gemma,prompt_A,pi_main,PI+M_N+LOW_I+HIGH_B,M_N,LOW_I,HIGH_B,,3.5
10.3030_101162903_full,gemma,prompt_A,pi_main,PI+M_N+LOW_I+LOW_B,M_N,LOW_I,LOW_B,,3.0
10.3030_101162903_full,gemma,prompt_A,pi_main,PI+M_N+TOP_I+HIGH_B,M_N,TOP_I,HIGH_B,,3.5
10.3030_101162903_full,gemma,prompt_A,pi_main,PI+M_N+TOP_I+LOW_B,M_N,TOP_I,LOW_B,,3.0
10.3030_101162903_full,gemma,prompt_B,ai_main,AI+AI_N,,,,AI_N,3.5
10.3030_101162903_full,gemma,prompt_B,ai_main,AI+AI_Y,,,,AI_Y,3.5
10.3030_101162903_full,gemma,prompt_B,blind_baseline,NONE,,,,,3.5
10.3030_101162903_full,gemma,prompt_B,pi_main,PI+F_N+LOW_I+HIGH_B,F_N,LOW_I,HIGH_B,,3.5
10.3030_101162903_full,gemma,prompt_B,pi_main,PI+F_N+LOW_I+LOW_B,F_N,LOW_I,LOW_B,,3.5
10.3030_101162903_full,gemma,prompt_B,pi_main,PI+F_N+TOP_I+HIGH_B,F_N,TOP_I,HIGH_B,,3.5
10.3030_101162903_full,gemma,prompt_B,pi_main,PI+F_N+TOP_I+LOW_B,F_N,TOP_I,LOW_B,,3.5
10.3030_101162903_full,gemma,prompt_B,pi_main,PI+M_N+LOW_I+HIGH_B,M_N,LOW_I,HIGH_B,,3.5
10.3030_101162903_full,gemma,prompt_B,pi_main,PI+M_N+LOW_I+LOW_B,M_N,LOW_I,LOW_B,,3.5
10.3030_101162903_full,gemma,prompt_B,pi_main,PI+M_N+TOP_I+HIGH_B,M_N,TOP_I,HIGH_B,,3.5
10.3030_101162903_full,gemma,prompt_B,pi_main,PI+M_N+TOP_I+LOW_B,M_N,TOP_I,LOW_B,,3.5
10.3030_101162903_full,gemma,prompt_C,ai_main,AI+AI_N,,,,AI_N,3.5
10.3030_101162903_full,gemma,prompt_C,ai_main,AI+AI_Y,,,,AI_Y,3.5
10.3030_101162903_full,gemma,prompt_C,blind_baseline,NONE,,,,,3.5
10.3030_101162903_full,gemma,prompt_C,pi_main,PI+F_N+LOW_I+HIGH_B,F_N,LOW_I,HIGH_B,,3.5
10.3030_101162903_full,gemma,prompt_C,pi_main,PI+F_N+LOW_I+LOW_B,F_N,LOW_I,LOW_B,,3.5
10.3030_101162903_full,gemma,prompt_C,pi_main,PI+F_N+TOP_I+HIGH_B,F_N,TOP_I,HIGH_B,,3.5
10.3030_101162903_full,gemma,prompt_C,pi_main,PI+F_N+TOP_I+LOW_B,F_N,TOP_I,LOW_B,,3.5
10.3030_101162903_full,gemma,prompt_C,pi_main,PI+M_N+LOW_I+HIGH_B,M_N,LOW_I,HIGH_B,,3.5
10.3030_101162903_full,gemma,prompt_C,pi_main,PI+M_N+LOW_I+LOW_B,M_N,LOW_I,LOW_B,,3.5
10.3030_101162903_full,gemma,prompt_C,pi_main,PI+M_N+TOP_I+HIGH_B,M_N,TOP_I,HIGH_B,,3.5
10.3030_101162903_full,gemma,prompt_C,pi_main,PI+M_N+TOP_I+LOW_B,M_N,TOP_I,LOW_B,,3.5
10.3030_101162903_full,glm,prompt_A,ai_main,AI+AI_N,,,,AI_N,3.9
10.3030_101162903_full,glm,prompt_A,ai_main,AI+AI_Y,,,,AI_Y,3.7
10.3030_101162903_full,glm,prompt_A,blind_baseline,NONE,,,,,3.6
10.3030_101162903_full,glm,prompt_A,pi_main,PI+F_N+LOW_I+HIGH_B,F_N,LOW_I,HIGH_B,,3.5
10.3030_101162903_full,glm,prompt_A,pi_main,PI+F_N+LOW_I+LOW_B,F_N,LOW_I,LOW_B,,3.0
10.3030_101162903_full,glm,prompt_A,pi_main,PI+F_N+TOP_I+HIGH_B,F_N,TOP_I,HIGH_B,,3.9
10.3030_101162903_full,glm,prompt_A,pi_main,PI+F_N+TOP_I+LOW_B,F_N,TOP_I,LOW_B,,3.0
10.3030_101162903_full,glm,prompt_A,pi_main,PI+M_N+LOW_I+HIGH_B,M_N,LOW_I,HIGH_B,,3.4
10.3030_101162903_full,glm,prompt_A,pi_main,PI+M_N+LOW_I+LOW_B,M_N,LOW_I,LOW_B,,3.0
10.3030_101162903_full,glm,prompt_A,pi_main,PI+M_N+TOP_I+HIGH_B,M_N,TOP_I,HIGH_B,,3.6
10.3030_101162903_full,glm,prompt_A,pi_main,PI+M_N+TOP_I+LOW_B,M_N,TOP_I,LOW_B,,3.0
10.3030_101162903_full,glm,prompt_B,ai_main,AI+AI_N,,,,AI_N,3.6
10.3030_101162903_full,glm,prompt_B,ai_main,AI+AI_Y,,,,AI_Y,3.7
10.3030_101162903_full,glm,prompt_B,blind_baseline,NONE,,,,,3.5
10.3030_101162903_full,glm,prompt_B,pi_main,PI+F_N+LOW_I+HIGH_B,F_N,LOW_I,HIGH_B,,3.5
10.3030_101162903_full,glm,prompt_B,pi_main,PI+F_N+LOW_I+LOW_B,F_N,LOW_I,LOW_B,,3.5
10.3030_101162903_full,glm,prompt_B,pi_main,PI+F_N+TOP_I+HIGH_B,F_N,TOP_I,HIGH_B,,3.5
10.3030_101162903_full,glm,prompt_B,pi_main,PI+F_N+TOP_I+LOW_B,F_N,TOP_I,LOW_B,,3.5
10.3030_101162903_full,glm,prompt_B,pi_main,PI+M_N+LOW_I+HIGH_B,M_N,LOW_I,HIGH_B,,3.7
10.3030_101162903_full,glm,prompt_B,pi_main,PI+M_N+LOW_I+LOW_B,M_N,LOW_I,LOW_B,,3.5
10.3030_101162903_full,glm,prompt_B,pi_main,PI+M_N+TOP_I+HIGH_B,M_N,TOP_I,HIGH_B,,3.7
10.3030_101162903_full,glm,prompt_B,pi_main,PI+M_N+TOP_I+LOW_B,M_N,TOP_I,LOW_B,,3.5
10.3030_101162903_full,glm,prompt_C,ai_main,AI+AI_N,,,,AI_N,3.7
10.3030_101162903_full,glm,prompt_C,ai_main,AI+AI_Y,,,,AI_Y,3.7
10.3030_101162903_full,glm,prompt_C,blind_baseline,NONE,,,,,3.8
10.3030_101162903_full,glm,prompt_C,pi_main,PI+F_N+LOW_I+HIGH_B,F_N,LOW_I,HIGH_B,,3.7
10.3030_101162903_full,glm,prompt_C,pi_main,PI+F_N+LOW_I+LOW_B,F_N,LOW_I,LOW_B,,3.3
10.3030_101162903_full,glm,prompt_C,pi_main,PI+F_N+TOP_I+HIGH_B,F_N,TOP_I,HIGH_B,,3.5
10.3030_101162903_full,glm,prompt_C,pi_main,PI+F_N+TOP_I+LOW_B,F_N,TOP_I,LOW_B,,3.2
10.3030_101162903_full,glm,prompt_C,pi_main,PI+M_N+LOW_I+HIGH_B,M_N,LOW_I,HIGH_B,,3.6
10.3030_101162903_full,glm,prompt_C,pi_main,PI+M_N+LOW_I+LOW_B,M_N,LOW_I,LOW_B,,3.1
10.3030_101162903_full,glm,prompt_C,pi_main,PI+M_N+TOP_I+HIGH_B,M_N,TOP_I,HIGH_B,,3.5
10.3030_101162903_full,glm,prompt_C,pi_main,PI+M_N+TOP_I+LOW_B,M_N,TOP_I,LOW_B,,3.1
10.3030_101162903_full,gpt,prompt_A,ai_main,AI+AI_N,,,,AI_N,3.9
10.3030_101162903_full,gpt,prompt_A,ai_main,AI+AI_Y,,,,AI_Y,3.8
10.3030_101162903_full,gpt,prompt_A,blind_baseline,NONE,,,,,4.0
10.3030_101162903_full,gpt,prompt_A,pi_main,PI+F_N+LOW_I+HIGH_B,F_N,LOW_I,HIGH_B,,3.7
10.3030_101162903_full,gpt,prompt_A,pi_main,PI+F_N+LOW_I+LOW_B,F_N,LOW_I,LOW_B,,3.5
10.3030_101162903_full,gpt,prompt_A,pi_main,PI+F_N+TOP_I+HIGH_B,F_N,TOP_I,HIGH_B,,4.0
10.3030_101162903_full,gpt,prompt_A,pi_main,PI+F_N+TOP_I+LOW_B,F_N,TOP_I,LOW_B,,3.5
10.3030_101162903_full,gpt,prompt_A,pi_main,PI+M_N+LOW_I+HIGH_B,M_N,LOW_I,HIGH_B,,3.7
10.3030_101162903_full,gpt,prompt_A,pi_main,PI+M_N+LOW_I+LOW_B,M_N,LOW_I,LOW_B,,3.5
10.3030_101162903_full,gpt,prompt_A,pi_main,PI+M_N+TOP_I+HIGH_B,M_N,TOP_I,HIGH_B,,3.6
10.3030_101162903_full,gpt,prompt_A,pi_main,PI+M_N+TOP_I+LOW_B,M_N,TOP_I,LOW_B,,3.5
10.3030_101162903_full,gpt,prompt_B,ai_main,AI+AI_N,,,,AI_N,4.0
10.3030_101162903_full,gpt,prompt_B,ai_main,AI+AI_Y,,,,AI_Y,4.0
10.3030_101162903_full,gpt,prompt_B,blind_baseline,NONE,,,,,3.9
10.3030_101162903_full,gpt,prompt_B,pi_main,PI+F_N+LOW_I+HIGH_B,F_N,LOW_I,HIGH_B,,4.0
10.3030_101162903_full,gpt,prompt_B,pi_main,PI+F_N+LOW_I+LOW_B,F_N,LOW_I,LOW_B,,4.0
10.3030_101162903_full,gpt,prompt_B,pi_main,PI+F_N+TOP_I+HIGH_B,F_N,TOP_I,HIGH_B,,4.0
10.3030_101162903_full,gpt,prompt_B,pi_main,PI+F_N+TOP_I+LOW_B,F_N,TOP_I,LOW_B,,3.9
10.3030_101162903_full,gpt,prompt_B,pi_main,PI+M_N+LOW_I+HIGH_B,M_N,LOW_I,HIGH_B,,4.0
10.3030_101162903_full,gpt,prompt_B,pi_main,PI+M_N+LOW_I+LOW_B,M_N,LOW_I,LOW_B,,3.8
10.3030_101162903_full,gpt,prompt_B,pi_main,PI+M_N+TOP_I+HIGH_B,M_N,TOP_I,HIGH_B,,4.0
10.3030_101162903_full,gpt,prompt_B,pi_main,PI+M_N+TOP_I+LOW_B,M_N,TOP_I,LOW_B,,3.7
10.3030_101162903_full,gpt,prompt_C,ai_main,AI+AI_N,,,,AI_N,4.0
10.3030_101162903_full,gpt,prompt_C,ai_main,AI+AI_Y,,,,AI_Y,4.0
10.3030_101162903_full,gpt,prompt_C,blind_baseline,NONE,,,,,4.0
10.3030_101162903_full,gpt,prompt_C,pi_main,PI+F_N+LOW_I+HIGH_B,F_N,LOW_I,HIGH_B,,4.0
10.3030_101162903_full,gpt,prompt_C,pi_main,PI+F_N+LOW_I+LOW_B,F_N,LOW_I,LOW_B,,4.0
10.3030_101162903_full,gpt,prompt_C,pi_main,PI+F_N+TOP_I+HIGH_B,F_N,TOP_I,HIGH_B,,3.9
10.3030_101162903_full,gpt,prompt_C,pi_main,PI+F_N+TOP_I+LOW_B,F_N,TOP_I,LOW_B,,3.7
10.3030_101162903_full,gpt,prompt_C,pi_main,PI+M_N+LOW_I+HIGH_B,M_N,LOW_I,HIGH_B,,4.0
10.3030_101162903_full,gpt,prompt_C,pi_main,PI+M_N+LOW_I+LOW_B,M_N,LOW_I,LOW_B,,3.6
10.3030_101162903_full,gpt,prompt_C,pi_main,PI+M_N+TOP_I+HIGH_B,M_N,TOP_I,HIGH_B,,4.0
10.3030_101162903_full,gpt,prompt_C,pi_main,PI+M_N+TOP_I+LOW_B,M_N,TOP_I,LOW_B,,3.5
10.3030_101162903_full,kimi,prompt_A,ai_main,AI+AI_N,,,,AI_N,4.0
10.3030_101162903_full,kimi,prompt_A,ai_main,AI+AI_Y,,,,AI_Y,3.8
10.3030_101162903_full,kimi,prompt_A,blind_baseline,NONE,,,,,3.9
10.3030_101162903_full,kimi,prompt_A,pi_main,PI+F_N+LOW_I+HIGH_B,F_N,LOW_I,HIGH_B,,3.6
10.3030_101162903_full,kimi,prompt_A,pi_main,PI+F_N+LOW_I+LOW_B,F_N,LOW_I,LOW_B,,3.5
10.3030_101162903_full,kimi,prompt_A,pi_main,PI+F_N+TOP_I+HIGH_B,F_N,TOP_I,HIGH_B,,3.7
10.3030_101162903_full,kimi,prompt_A,pi_main,PI+F_N+TOP_I+LOW_B,F_N,TOP_I,LOW_B,,3.5
10.3030_101162903_full,kimi,prompt_A,pi_main,PI+M_N+LOW_I+HIGH_B,M_N,LOW_I,HIGH_B,,3.6
10.3030_101162903_full,kimi,prompt_A,pi_main,PI+M_N+LOW_I+LOW_B,M_N,LOW_I,LOW_B,,3.5
10.3030_101162903_full,kimi,prompt_A,pi_main,PI+M_N+TOP_I+HIGH_B,M_N,TOP_I,HIGH_B,,3.9
10.3030_101162903_full,kimi,prompt_A,pi_main,PI+M_N+TOP_I+LOW_B,M_N,TOP_I,LOW_B,,3.5
10.3030_101162903_full,kimi,prompt_B,ai_main,AI+AI_N,,,,AI_N,4.0
10.3030_101162903_full,kimi,prompt_B,ai_main,AI+AI_Y,,,,AI_Y,3.8
10.3030_101162903_full,kimi,prompt_B,blind_baseline,NONE,,,,,4.0
10.3030_101162903_full,kimi,prompt_B,pi_main,PI+F_N+LOW_I+HIGH_B,F_N,LOW_I,HIGH_B,,3.7
10.3030_101162903_full,kimi,prompt_B,pi_main,PI+F_N+LOW_I+LOW_B,F_N,LOW_I,LOW_B,,3.5
10.3030_101162903_full,kimi,prompt_B,pi_main,PI+F_N+TOP_I+HIGH_B,F_N,TOP_I,HIGH_B,,3.8
10.3030_101162903_full,kimi,prompt_B,pi_main,PI+F_N+TOP_I+LOW_B,F_N,TOP_I,LOW_B,,3.5
10.3030_101162903_full,kimi,prompt_B,pi_main,PI+M_N+LOW_I+HIGH_B,M_N,LOW_I,HIGH_B,,3.6
10.3030_101162903_full,kimi,prompt_B,pi_main,PI+M_N+LOW_I+LOW_B,M_N,LOW_I,LOW_B,,3.5
10.3030_101162903_full,kimi,prompt_B,pi_main,PI+M_N+TOP_I+HIGH_B,M_N,TOP_I,HIGH_B,,3.9
10.3030_101162903_full,kimi,prompt_B,pi_main,PI+M_N+TOP_I+LOW_B,M_N,TOP_I,LOW_B,,3.5
10.3030_101162903_full,kimi,prompt_C,ai_main,AI+AI_N,,,,AI_N,3.9
10.3030_101162903_full,kimi,prompt_C,ai_main,AI+AI_Y,,,,AI_Y,3.8
10.3030_101162903_full,kimi,prompt_C,blind_baseline,NONE,,,,,3.9
10.3030_101162903_full,kimi,prompt_C,pi_main,PI+F_N+LOW_I+HIGH_B,F_N,LOW_I,HIGH_B,,3.9
10.3030_101162903_full,kimi,prompt_C,pi_main,PI+F_N+LOW_I+LOW_B,F_N,LOW_I,LOW_B,,3.5
10.3030_101162903_full,kimi,prompt_C,pi_main,PI+F_N+TOP_I+HIGH_B,F_N,TOP_I,HIGH_B,,3.9
10.3030_101162903_full,kimi,prompt_C,pi_main,PI+F_N+TOP_I+LOW_B,F_N,TOP_I,LOW_B,,3.5
10.3030_101162903_full,kimi,prompt_C,pi_main,PI+M_N+LOW_I+HIGH_B,M_N,LOW_I,HIGH_B,,3.7
10.3030_101162903_full,kimi,prompt_C,pi_main,PI+M_N+LOW_I+LOW_B,M_N,LOW_I,LOW_B,,3.6
10.3030_101162903_full,kimi,prompt_C,pi_main,PI+M_N+TOP_I+HIGH_B,M_N,TOP_I,HIGH_B,,3.7
10.3030_101162903_full,kimi,prompt_C,pi_main,PI+M_N+TOP_I+LOW_B,M_N,TOP_I,LOW_B,,3.5
10.3030_101162903_full,ministral,prompt_A,ai_main,AI+AI_N,,,,AI_N,3.5
10.3030_101162903_full,ministral,prompt_A,ai_main,AI+AI_Y,,,,AI_Y,3.5
10.3030_101162903_full,ministral,prompt_A,blind_baseline,NONE,,,,,3.5
10.3030_101162903_full,ministral,prompt_A,pi_main,PI+F_N+LOW_I+HIGH_B,F_N,LOW_I,HIGH_B,,3.5
10.3030_101162903_full,ministral,prompt_A,pi_main,PI+F_N+LOW_I+LOW_B,F_N,LOW_I,LOW_B,,3.0
10.3030_101162903_full,ministral,prompt_A,pi_main,PI+F_N+TOP_I+HIGH_B,F_N,TOP_I,HIGH_B,,3.5
10.3030_101162903_full,ministral,prompt_A,pi_main,PI+F_N+TOP_I+LOW_B,F_N,TOP_I,LOW_B,,3.5
10.3030_101162903_full,ministral,prompt_A,pi_main,PI+M_N+LOW_I+HIGH_B,M_N,LOW_I,HIGH_B,,3.5
10.3030_101162903_full,ministral,prompt_A,pi_main,PI+M_N+LOW_I+LOW_B,M_N,LOW_I,LOW_B,,3.0
10.3030_101162903_full,ministral,prompt_A,pi_main,PI+M_N+TOP_I+HIGH_B,M_N,TOP_I,HIGH_B,,3.5
10.3030_101162903_full,ministral,prompt_A,pi_main,PI+M_N+TOP_I+LOW_B,M_N,TOP_I,LOW_B,,3.0
10.3030_101162903_full,ministral,prompt_B,ai_main,AI+AI_N,,,,AI_N,3.5
10.3030_101162903_full,ministral,prompt_B,ai_main,AI+AI_Y,,,,AI_Y,3.5
10.3030_101162903_full,ministral,prompt_B,blind_baseline,NONE,,,,,3.5
10.3030_101162903_full,ministral,prompt_B,pi_main,PI+F_N+LOW_I+HIGH_B,F_N,LOW_I,HIGH_B,,3.5
10.3030_101162903_full,ministral,prompt_B,pi_main,PI+F_N+LOW_I+LOW_B,F_N,LOW_I,LOW_B,,3.5
10.3030_101162903_full,ministral,prompt_B,pi_main,PI+F_N+TOP_I+HIGH_B,F_N,TOP_I,HIGH_B,,3.5
10.3030_101162903_full,ministral,prompt_B,pi_main,PI+F_N+TOP_I+LOW_B,F_N,TOP_I,LOW_B,,3.5
10.3030_101162903_full,ministral,prompt_B,pi_main,PI+M_N+LOW_I+HIGH_B,M_N,LOW_I,HIGH_B,,3.5
10.3030_101162903_full,ministral,prompt_B,pi_main,PI+M_N+LOW_I+LOW_B,M_N,LOW_I,LOW_B,,3.5
10.3030_101162903_full,ministral,prompt_B,pi_main,PI+M_N+TOP_I+HIGH_B,M_N,TOP_I,HIGH_B,,3.5
10.3030_101162903_full,ministral,prompt_B,pi_main,PI+M_N+TOP_I+LOW_B,M_N,TOP_I,LOW_B,,3.5
10.3030_101162903_full,ministral,prompt_C,ai_main,AI+AI_N,,,,AI_N,3.5
10.3030_101162903_full,ministral,prompt_C,ai_main,AI+AI_Y,,,,AI_Y,3.5
10.3030_101162903_full,ministral,prompt_C,blind_baseline,NONE,,,,,3.5
10.3030_101162903_full,ministral,prompt_C,pi_main,PI+F_N+LOW_I+HIGH_B,F_N,LOW_I,HIGH_B,,3.5
10.3030_101162903_full,ministral,prompt_C,pi_main,PI+F_N+LOW_I+LOW_B,F_N,LOW_I,LOW_B,,3.5
10.3030_101162903_full,ministral,prompt_C,pi_main,PI+F_N+TOP_I+HIGH_B,F_N,TOP_I,HIGH_B,,3.5
10.3030_101162903_full,ministral,prompt_C,pi_main,PI+F_N+TOP_I+LOW_B,F_N,TOP_I,LOW_B,,3.5
10.3030_101162903_full,ministral,prompt_C,pi_main,PI+M_N+LOW_I+HIGH_B,M_N,LOW_I,HIGH_B,,3.5
10.3030_101162903_full,ministral,prompt_C,pi_main,PI+M_N+LOW_I+LOW_B,M_N,LOW_I,LOW_B,,3.5
10.3030_101162903_full,ministral,prompt_C,pi_main,PI+M_N+TOP_I+HIGH_B,M_N,TOP_I,HIGH_B,,3.5
10.3030_101162903_full,ministral,prompt_C,pi_main,PI+M_N+TOP_I+LOW_B,M_N,TOP_I,LOW_B,,3.5
10.3030_101162903_full,mistral,prompt_A,ai_main,AI+AI_N,,,,AI_N,4.0
10.3030_101162903_full,mistral,prompt_A,ai_main,AI+AI_Y,,,,AI_Y,3.9
10.3030_101162903_full,mistral,prompt_A,blind_baseline,NONE,,,,,4.0
10.3030_101162903_full,mistral,prompt_A,pi_main,PI+F_N+LOW_I+HIGH_B,F_N,LOW_I,HIGH_B,,4.0
10.3030_101162903_full,mistral,prompt_A,pi_main,PI+F_N+LOW_I+LOW_B,F_N,LOW_I,LOW_B,,3.7
10.3030_101162903_full,mistral,prompt_A,pi_main,PI+F_N+TOP_I+HIGH_B,F_N,TOP_I,HIGH_B,,4.0
10.3030_101162903_full,mistral,prompt_A,pi_main,PI+F_N+TOP_I+LOW_B,F_N,TOP_I,LOW_B,,4.0
10.3030_101162903_full,mistral,prompt_A,pi_main,PI+M_N+LOW_I+HIGH_B,M_N,LOW_I,HIGH_B,,4.0
10.3030_101162903_full,mistral,prompt_A,pi_main,PI+M_N+LOW_I+LOW_B,M_N,LOW_I,LOW_B,,4.0
10.3030_101162903_full,mistral,prompt_A,pi_main,PI+M_N+TOP_I+HIGH_B,M_N,TOP_I,HIGH_B,,4.0
10.3030_101162903_full,mistral,prompt_A,pi_main,PI+M_N+TOP_I+LOW_B,M_N,TOP_I,LOW_B,,3.9
10.3030_101162903_full,mistral,prompt_B,ai_main,AI+AI_N,,,,AI_N,4.0
10.3030_101162903_full,mistral,prompt_B,ai_main,AI+AI_Y,,,,AI_Y,3.9
10.3030_101162903_full,mistral,prompt_B,blind_baseline,NONE,,,,,3.9
10.3030_101162903_full,mistral,prompt_B,pi_main,PI+F_N+LOW_I+HIGH_B,F_N,LOW_I,HIGH_B,,4.0
10.3030_101162903_full,mistral,prompt_B,pi_main,PI+F_N+LOW_I+LOW_B,F_N,LOW_I,LOW_B,,4.0
10.3030_101162903_full,mistral,prompt_B,pi_main,PI+F_N+TOP_I+HIGH_B,F_N,TOP_I,HIGH_B,,4.0
10.3030_101162903_full,mistral,prompt_B,pi_main,PI+F_N+TOP_I+LOW_B,F_N,TOP_I,LOW_B,,4.0
10.3030_101162903_full,mistral,prompt_B,pi_main,PI+M_N+LOW_I+HIGH_B,M_N,LOW_I,HIGH_B,,4.0
10.3030_101162903_full,mistral,prompt_B,pi_main,PI+M_N+LOW_I+LOW_B,M_N,LOW_I,LOW_B,,4.0
10.3030_101162903_full,mistral,prompt_B,pi_main,PI+M_N+TOP_I+HIGH_B,M_N,TOP_I,HIGH_B,,4.0
10.3030_101162903_full,mistral,prompt_B,pi_main,PI+M_N+TOP_I+LOW_B,M_N,TOP_I,LOW_B,,4.0
10.3030_101162903_full,mistral,prompt_C,ai_main,AI+AI_N,,,,AI_N,4.0
10.3030_101162903_full,mistral,prompt_C,ai_main,AI+AI_Y,,,,AI_Y,3.8
10.3030_101162903_full,mistral,prompt_C,blind_baseline,NONE,,,,,4.0
10.3030_101162903_full,mistral,prompt_C,pi_main,PI+F_N+LOW_I+HIGH_B,F_N,LOW_I,HIGH_B,,4.0
10.3030_101162903_full,mistral,prompt_C,pi_main,PI+F_N+LOW_I+LOW_B,F_N,LOW_I,LOW_B,,3.7
10.3030_101162903_full,mistral,prompt_C,pi_main,PI+F_N+TOP_I+HIGH_B,F_N,TOP_I,HIGH_B,,4.0
10.3030_101162903_full,mistral,prompt_C,pi_main,PI+F_N+TOP_I+LOW_B,F_N,TOP_I,LOW_B,,3.8
10.3030_101162903_full,mistral,prompt_C,pi_main,PI+M_N+LOW_I+HIGH_B,M_N,LOW_I,HIGH_B,,4.0
10.3030_101162903_full,mistral,prompt_C,pi_main,PI+M_N+LOW_I+LOW_B,M_N,LOW_I,LOW_B,,3.6
10.3030_101162903_full,mistral,prompt_C,pi_main,PI+M_N+TOP_I+HIGH_B,M_N,TOP_I,HIGH_B,,4.0
10.3030_101162903_full,mistral,prompt_C,pi_main,PI+M_N+TOP_I+LOW_B,M_N,TOP_I,LOW_B,,3.6
10.3030_101162903_full,phi,prompt_A,ai_main,AI+AI_N,,,,AI_N,3.5
10.3030_101162903_full,phi,prompt_A,ai_main,AI+AI_Y,,,,AI_Y,3.5
10.3030_101162903_full,phi,prompt_A,blind_baseline,NONE,,,,,3.5
10.3030_101162903_full,phi,prompt_A,pi_main,PI+F_N+LOW_I+HIGH_B,F_N,LOW_I,HIGH_B,,3.5
10.3030_101162903_full,phi,prompt_A,pi_main,PI+F_N+LOW_I+LOW_B,F_N,LOW_I,LOW_B,,3.5
10.3030_101162903_full,phi,prompt_A,pi_main,PI+F_N+TOP_I+HIGH_B,F_N,TOP_I,HIGH_B,,3.5
10.3030_101162903_full,phi,prompt_A,pi_main,PI+F_N+TOP_I+LOW_B,F_N,TOP_I,LOW_B,,3.5
10.3030_101162903_full,phi,prompt_A,pi_main,PI+M_N+LOW_I+HIGH_B,M_N,LOW_I,HIGH_B,,3.5
10.3030_101162903_full,phi,prompt_A,pi_main,PI+M_N+LOW_I+LOW_B,M_N,LOW_I,LOW_B,,3.0
10.3030_101162903_full,phi,prompt_A,pi_main,PI+M_N+TOP_I+HIGH_B,M_N,TOP_I,HIGH_B,,3.5
10.3030_101162903_full,phi,prompt_A,pi_main,PI+M_N+TOP_I+LOW_B,M_N,TOP_I,LOW_B,,3.5
10.3030_101162903_full,phi,prompt_B,ai_main,AI+AI_N,,,,AI_N,3.5
10.3030_101162903_full,phi,prompt_B,ai_main,AI+AI_Y,,,,AI_Y,3.5
10.3030_101162903_full,phi,prompt_B,blind_baseline,NONE,,,,,3.5
10.3030_101162903_full,phi,prompt_B,pi_main,PI+F_N+LOW_I+HIGH_B,F_N,LOW_I,HIGH_B,,3.5
10.3030_101162903_full,phi,prompt_B,pi_main,PI+F_N+LOW_I+LOW_B,F_N,LOW_I,LOW_B,,3.0
10.3030_101162903_full,phi,prompt_B,pi_main,PI+F_N+TOP_I+HIGH_B,F_N,TOP_I,HIGH_B,,3.1
10.3030_101162903_full,phi,prompt_B,pi_main,PI+F_N+TOP_I+LOW_B,F_N,TOP_I,LOW_B,,3.0
10.3030_101162903_full,phi,prompt_B,pi_main,PI+M_N+LOW_I+HIGH_B,M_N,LOW_I,HIGH_B,,3.5
10.3030_101162903_full,phi,prompt_B,pi_main,PI+M_N+LOW_I+LOW_B,M_N,LOW_I,LOW_B,,3.5
10.3030_101162903_full,phi,prompt_B,pi_main,PI+M_N+TOP_I+HIGH_B,M_N,TOP_I,HIGH_B,,3.5
10.3030_101162903_full,phi,prompt_B,pi_main,PI+M_N+TOP_I+LOW_B,M_N,TOP_I,LOW_B,,3.0
10.3030_101162903_full,phi,prompt_C,ai_main,AI+AI_N,,,,AI_N,3.5
10.3030_101162903_full,phi,prompt_C,ai_main,AI+AI_Y,,,,AI_Y,3.5
10.3030_101162903_full,phi,prompt_C,blind_baseline,NONE,,,,,3.5
10.3030_101162903_full,phi,prompt_C,pi_main,PI+F_N+LOW_I+HIGH_B,F_N,LOW_I,HIGH_B,,3.5
10.3030_101162903_full,phi,prompt_C,pi_main,PI+F_N+LOW_I+LOW_B,F_N,LOW_I,LOW_B,,3.2
10.3030_101162903_full,phi,prompt_C,pi_main,PI+F_N+TOP_I+HIGH_B,F_N,TOP_I,HIGH_B,,3.5
10.3030_101162903_full,phi,prompt_C,pi_main,PI+F_N+TOP_I+LOW_B,F_N,TOP_I,LOW_B,,3.1
10.3030_101162903_full,phi,prompt_C,pi_main,PI+M_N+LOW_I+HIGH_B,M_N,LOW_I,HIGH_B,,3.5
10.3030_101162903_full,phi,prompt_C,pi_main,PI+M_N+LOW_I+LOW_B,M_N,LOW_I,LOW_B,,3.0
10.3030_101162903_full,phi,prompt_C,pi_main,PI+M_N+TOP_I+HIGH_B,M_N,TOP_I,HIGH_B,,3.5
10.3030_101162903_full,phi,prompt_C,pi_main,PI+M_N+TOP_I+LOW_B,M_N,TOP_I,LOW_B,,3.2
10.3030_101162908_full,deepseek,prompt_A,ai_main,AI+AI_N,,,,AI_N,3.0
10.3030_101162908_full,deepseek,prompt_A,ai_main,AI+AI_Y,,,,AI_Y,3.1
10.3030_101162908_full,deepseek,prompt_A,blind_baseline,NONE,,,,,3.2
10.3030_101162908_full,deepseek,prompt_A,pi_main,PI+F_N+LOW_I+HIGH_B,F_N,LOW_I,HIGH_B,,3.4
10.3030_101162908_full,deepseek,prompt_A,pi_main,PI+F_N+LOW_I+LOW_B,F_N,LOW_I,LOW_B,,2.8
10.3030_101162908_full,deepseek,prompt_A,pi_main,PI+F_N+TOP_I+HIGH_B,F_N,TOP_I,HIGH_B,,3.0
10.3030_101162908_full,deepseek,prompt_A,pi_main,PI+F_N+TOP_I+LOW_B,F_N,TOP_I,LOW_B,,3.2
10.3030_101162908_full,deepseek,prompt_A,pi_main,PI+M_N+LOW_I+HIGH_B,M_N,LOW_I,HIGH_B,,3.2
10.3030_101162908_full,deepseek,prompt_A,pi_main,PI+M_N+LOW_I+LOW_B,M_N,LOW_I,LOW_B,,3.4
10.3030_101162908_full,deepseek,prompt_A,pi_main,PI+M_N+TOP_I+HIGH_B,M_N,TOP_I,HIGH_B,,3.0
10.3030_101162908_full,deepseek,prompt_A,pi_main,PI+M_N+TOP_I+LOW_B,M_N,TOP_I,LOW_B,,3.2
10.3030_101162908_full,deepseek,prompt_B,ai_main,AI+AI_N,,,,AI_N,3.1
10.3030_101162908_full,deepseek,prompt_B,ai_main,AI+AI_Y,,,,AI_Y,3.1
10.3030_101162908_full,deepseek,prompt_B,blind_baseline,NONE,,,,,3.0
10.3030_101162908_full,deepseek,prompt_B,pi_main,PI+F_N+LOW_I+HIGH_B,F_N,LOW_I,HIGH_B,,3.3
10.3030_101162908_full,deepseek,prompt_B,pi_main,PI+F_N+LOW_I+LOW_B,F_N,LOW_I,LOW_B,,3.0
10.3030_101162908_full,deepseek,prompt_B,pi_main,PI+F_N+TOP_I+HIGH_B,F_N,TOP_I,HIGH_B,,3.1
10.3030_101162908_full,deepseek,prompt_B,pi_main,PI+F_N+TOP_I+LOW_B,F_N,TOP_I,LOW_B,,3.1
10.3030_101162908_full,deepseek,prompt_B,pi_main,PI+M_N+LOW_I+HIGH_B,M_N,LOW_I,HIGH_B,,3.4
10.3030_101162908_full,deepseek,prompt_B,pi_main,PI+M_N+LOW_I+LOW_B,M_N,LOW_I,LOW_B,,2.7
10.3030_101162908_full,deepseek,prompt_B,pi_main,PI+M_N+TOP_I+HIGH_B,M_N,TOP_I,HIGH_B,,3.6
10.3030_101162908_full,deepseek,prompt_B,pi_main,PI+M_N+TOP_I+LOW_B,M_N,TOP_I,LOW_B,,3.2
10.3030_101162908_full,deepseek,prompt_C,ai_main,AI+AI_N,,,,AI_N,3.4
10.3030_101162908_full,deepseek,prompt_C,ai_main,AI+AI_Y,,,,AI_Y,3.0
10.3030_101162908_full,deepseek,prompt_C,blind_baseline,NONE,,,,,3.2
10.3030_101162908_full,deepseek,prompt_C,pi_main,PI+F_N+LOW_I+HIGH_B,F_N,LOW_I,HIGH_B,,3.4
10.3030_101162908_full,deepseek,prompt_C,pi_main,PI+F_N+LOW_I+LOW_B,F_N,LOW_I,LOW_B,,3.4
10.3030_101162908_full,deepseek,prompt_C,pi_main,PI+F_N+TOP_I+HIGH_B,F_N,TOP_I,HIGH_B,,3.4
10.3030_101162908_full,deepseek,prompt_C,pi_main,PI+F_N+TOP_I+LOW_B,F_N,TOP_I,LOW_B,,3.0
10.3030_101162908_full,deepseek,prompt_C,pi_main,PI+M_N+LOW_I+HIGH_B,M_N,LOW_I,HIGH_B,,3.5
10.3030_101162908_full,deepseek,prompt_C,pi_main,PI+M_N+LOW_I+LOW_B,M_N,LOW_I,LOW_B,,3.0
10.3030_101162908_full,deepseek,prompt_C,pi_main,PI+M_N+TOP_I+HIGH_B,M_N,TOP_I,HIGH_B,,3.4
10.3030_101162908_full,deepseek,prompt_C,pi_main,PI+M_N+TOP_I+LOW_B,M_N,TOP_I,LOW_B,,3.2
10.3030_101162908_full,gemma,prompt_A,ai_main,AI+AI_N,,,,AI_N,3.5
10.3030_101162908_full,gemma,prompt_A,ai_main,AI+AI_Y,,,,AI_Y,3.5
10.3030_101162908_full,gemma,prompt_A,blind_baseline,NONE,,,,,3.5
10.3030_101162908_full,gemma,prompt_A,pi_main,PI+F_N+LOW_I+HIGH_B,F_N,LOW_I,HIGH_B,,3.5
10.3030_101162908_full,gemma,prompt_A,pi_main,PI+F_N+LOW_I+LOW_B,F_N,LOW_I,LOW_B,,3.0
10.3030_101162908_full,gemma,prompt_A,pi_main,PI+F_N+TOP_I+HIGH_B,F_N,TOP_I,HIGH_B,,3.5
10.3030_101162908_full,gemma,prompt_A,pi_main,PI+F_N+TOP_I+LOW_B,F_N,TOP_I,LOW_B,,3.5
10.3030_101162908_full,gemma,prompt_A,pi_main,PI+M_N+LOW_I+HIGH_B,M_N,LOW_I,HIGH_B,,3.5
10.3030_101162908_full,gemma,prompt_A,pi_main,PI+M_N+LOW_I+LOW_B,M_N,LOW_I,LOW_B,,3.0
10.3030_101162908_full,gemma,prompt_A,pi_main,PI+M_N+TOP_I+HIGH_B,M_N,TOP_I,HIGH_B,,3.5
10.3030_101162908_full,gemma,prompt_A,pi_main,PI+M_N+TOP_I+LOW_B,M_N,TOP_I,LOW_B,,3.4
10.3030_101162908_full,gemma,prompt_B,ai_main,AI+AI_N,,,,AI_N,3.5
10.3030_101162908_full,gemma,prompt_B,ai_main,AI+AI_Y,,,,AI_Y,3.5
10.3030_101162908_full,gemma,prompt_B,blind_baseline,NONE,,,,,3.5
10.3030_101162908_full,gemma,prompt_B,pi_main,PI+F_N+LOW_I+HIGH_B,F_N,LOW_I,HIGH_B,,3.5
10.3030_101162908_full,gemma,prompt_B,pi_main,PI+F_N+LOW_I+LOW_B,F_N,LOW_I,LOW_B,,3.5
10.3030_101162908_full,gemma,prompt_B,pi_main,PI+F_N+TOP_I+HIGH_B,F_N,TOP_I,HIGH_B,,3.5
10.3030_101162908_full,gemma,prompt_B,pi_main,PI+F_N+TOP_I+LOW_B,F_N,TOP_I,LOW_B,,3.5
10.3030_101162908_full,gemma,prompt_B,pi_main,PI+M_N+LOW_I+HIGH_B,M_N,LOW_I,HIGH_B,,3.5
10.3030_101162908_full,gemma,prompt_B,pi_main,PI+M_N+LOW_I+LOW_B,M_N,LOW_I,LOW_B,,3.5
10.3030_101162908_full,gemma,prompt_B,pi_main,PI+M_N+TOP_I+HIGH_B,M_N,TOP_I,HIGH_B,,3.5
10.3030_101162908_full,gemma,prompt_B,pi_main,PI+M_N+TOP_I+LOW_B,M_N,TOP_I,LOW_B,,3.5
10.3030_101162908_full,gemma,prompt_C,ai_main,AI+AI_N,,,,AI_N,3.5
10.3030_101162908_full,gemma,prompt_C,ai_main,AI+AI_Y,,,,AI_Y,3.5
10.3030_101162908_full,gemma,prompt_C,blind_baseline,NONE,,,,,3.5
10.3030_101162908_full,gemma,prompt_C,pi_main,PI+F_N+LOW_I+HIGH_B,F_N,LOW_I,HIGH_B,,3.5
10.3030_101162908_full,gemma,prompt_C,pi_main,PI+F_N+LOW_I+LOW_B,F_N,LOW_I,LOW_B,,3.5
10.3030_101162908_full,gemma,prompt_C,pi_main,PI+F_N+TOP_I+HIGH_B,F_N,TOP_I,HIGH_B,,3.5
10.3030_101162908_full,gemma,prompt_C,pi_main,PI+F_N+TOP_I+LOW_B,F_N,TOP_I,LOW_B,,3.5
10.3030_101162908_full,gemma,prompt_C,pi_main,PI+M_N+LOW_I+HIGH_B,M_N,LOW_I,HIGH_B,,3.5
10.3030_101162908_full,gemma,prompt_C,pi_main,PI+M_N+LOW_I+LOW_B,M_N,LOW_I,LOW_B,,3.5
10.3030_101162908_full,gemma,prompt_C,pi_main,PI+M_N+TOP_I+HIGH_B,M_N,TOP_I,HIGH_B,,3.5
10.3030_101162908_full,gemma,prompt_C,pi_main,PI+M_N+TOP_I+LOW_B,M_N,TOP_I,LOW_B,,3.5
10.3030_101162908_full,glm,prompt_A,ai_main,AI+AI_N,,,,AI_N,3.4
10.3030_101162908_full,glm,prompt_A,ai_main,AI+AI_Y,,,,AI_Y,3.2
10.3030_101162908_full,glm,prompt_A,blind_baseline,NONE,,,,,3.5
10.3030_101162908_full,glm,prompt_A,pi_main,PI+F_N+LOW_I+HIGH_B,F_N,LOW_I,HIGH_B,,3.2
10.3030_101162908_full,glm,prompt_A,pi_main,PI+F_N+LOW_I+LOW_B,F_N,LOW_I,LOW_B,,3.0
10.3030_101162908_full,glm,prompt_A,pi_main,PI+F_N+TOP_I+HIGH_B,F_N,TOP_I,HIGH_B,,3.4
10.3030_101162908_full,glm,prompt_A,pi_main,PI+F_N+TOP_I+LOW_B,F_N,TOP_I,LOW_B,,3.3
10.3030_101162908_full,glm,prompt_A,pi_main,PI+M_N+LOW_I+HIGH_B,M_N,LOW_I,HIGH_B,,3.1
10.3030_101162908_full,glm,prompt_A,pi_main,PI+M_N+LOW_I+LOW_B,M_N,LOW_I,LOW_B,,2.9
10.3030_101162908_full,glm,prompt_A,pi_main,PI+M_N+TOP_I+HIGH_B,M_N,TOP_I,HIGH_B,,3.4
10.3030_101162908_full,glm,prompt_A,pi_main,PI+M_N+TOP_I+LOW_B,M_N,TOP_I,LOW_B,,3.0
10.3030_101162908_full,glm,prompt_B,ai_main,AI+AI_N,,,,AI_N,3.5
10.3030_101162908_full,glm,prompt_B,ai_main,AI+AI_Y,,,,AI_Y,3.1
10.3030_101162908_full,glm,prompt_B,blind_baseline,NONE,,,,,3.4
10.3030_101162908_full,glm,prompt_B,pi_main,PI+F_N+LOW_I+HIGH_B,F_N,LOW_I,HIGH_B,,3.5
10.3030_101162908_full,glm,prompt_B,pi_main,PI+F_N+LOW_I+LOW_B,F_N,LOW_I,LOW_B,,3.1
10.3030_101162908_full,glm,prompt_B,pi_main,PI+F_N+TOP_I+HIGH_B,F_N,TOP_I,HIGH_B,,3.3
10.3030_101162908_full,glm,prompt_B,pi_main,PI+F_N+TOP_I+LOW_B,F_N,TOP_I,LOW_B,,3.1
10.3030_101162908_full,glm,prompt_B,pi_main,PI+M_N+LOW_I+HIGH_B,M_N,LOW_I,HIGH_B,,3.2
10.3030_101162908_full,glm,prompt_B,pi_main,PI+M_N+LOW_I+LOW_B,M_N,LOW_I,LOW_B,,3.0
10.3030_101162908_full,glm,prompt_B,pi_main,PI+M_N+TOP_I+HIGH_B,M_N,TOP_I,HIGH_B,,3.4
10.3030_101162908_full,glm,prompt_B,pi_main,PI+M_N+TOP_I+LOW_B,M_N,TOP_I,LOW_B,,3.2
10.3030_101162908_full,glm,prompt_C,ai_main,AI+AI_N,,,,AI_N,3.3
10.3030_101162908_full,glm,prompt_C,ai_main,AI+AI_Y,,,,AI_Y,3.3
10.3030_101162908_full,glm,prompt_C,blind_baseline,NONE,,,,,3.5
10.3030_101162908_full,glm,prompt_C,pi_main,PI+F_N+LOW_I+HIGH_B,F_N,LOW_I,HIGH_B,,3.4
10.3030_101162908_full,glm,prompt_C,pi_main,PI+F_N+LOW_I+LOW_B,F_N,LOW_I,LOW_B,,3.4
10.3030_101162908_full,glm,prompt_C,pi_main,PI+F_N+TOP_I+HIGH_B,F_N,TOP_I,HIGH_B,,3.5
10.3030_101162908_full,glm,prompt_C,pi_main,PI+F_N+TOP_I+LOW_B,F_N,TOP_I,LOW_B,,3.2
10.3030_101162908_full,glm,prompt_C,pi_main,PI+M_N+LOW_I+HIGH_B,M_N,LOW_I,HIGH_B,,3.5
10.3030_101162908_full,glm,prompt_C,pi_main,PI+M_N+LOW_I+LOW_B,M_N,LOW_I,LOW_B,,3.2
10.3030_101162908_full,glm,prompt_C,pi_main,PI+M_N+TOP_I+HIGH_B,M_N,TOP_I,HIGH_B,,3.5
10.3030_101162908_full,glm,prompt_C,pi_main,PI+M_N+TOP_I+LOW_B,M_N,TOP_I,LOW_B,,3.4
10.3030_101162908_full,gpt,prompt_A,ai_main,AI+AI_N,,,,AI_N,3.5
10.3030_101162908_full,gpt,prompt_A,ai_main,AI+AI_Y,,,,AI_Y,3.5
10.3030_101162908_full,gpt,prompt_A,blind_baseline,NONE,,,,,3.5
10.3030_101162908_full,gpt,prompt_A,pi_main,PI+F_N+LOW_I+HIGH_B,F_N,LOW_I,HIGH_B,,3.5
10.3030_101162908_full,gpt,prompt_A,pi_main,PI+F_N+LOW_I+LOW_B,F_N,LOW_I,LOW_B,,3.0
10.3030_101162908_full,gpt,prompt_A,pi_main,PI+F_N+TOP_I+HIGH_B,F_N,TOP_I,HIGH_B,,3.5
10.3030_101162908_full,gpt,prompt_A,pi_main,PI+F_N+TOP_I+LOW_B,F_N,TOP_I,LOW_B,,3.2
10.3030_101162908_full,gpt,prompt_A,pi_main,PI+M_N+LOW_I+HIGH_B,M_N,LOW_I,HIGH_B,,3.5
10.3030_101162908_full,gpt,prompt_A,pi_main,PI+M_N+LOW_I+LOW_B,M_N,LOW_I,LOW_B,,3.0
10.3030_101162908_full,gpt,prompt_A,pi_main,PI+M_N+TOP_I+HIGH_B,M_N,TOP_I,HIGH_B,,3.5
10.3030_101162908_full,gpt,prompt_A,pi_main,PI+M_N+TOP_I+LOW_B,M_N,TOP_I,LOW_B,,3.0
10.3030_101162908_full,gpt,prompt_B,ai_main,AI+AI_N,,,,AI_N,3.5
10.3030_101162908_full,gpt,prompt_B,ai_main,AI+AI_Y,,,,AI_Y,3.5
10.3030_101162908_full,gpt,prompt_B,blind_baseline,NONE,,,,,3.6
10.3030_101162908_full,gpt,prompt_B,pi_main,PI+F_N+LOW_I+HIGH_B,F_N,LOW_I,HIGH_B,,3.5
10.3030_101162908_full,gpt,prompt_B,pi_main,PI+F_N+LOW_I+LOW_B,F_N,LOW_I,LOW_B,,3.5
10.3030_101162908_full,gpt,prompt_B,pi_main,PI+F_N+TOP_I+HIGH_B,F_N,TOP_I,HIGH_B,,3.6
10.3030_101162908_full,gpt,prompt_B,pi_main,PI+F_N+TOP_I+LOW_B,F_N,TOP_I,LOW_B,,3.5
10.3030_101162908_full,gpt,prompt_B,pi_main,PI+M_N+LOW_I+HIGH_B,M_N,LOW_I,HIGH_B,,3.6
10.3030_101162908_full,gpt,prompt_B,pi_main,PI+M_N+LOW_I+LOW_B,M_N,LOW_I,LOW_B,,3.5
10.3030_101162908_full,gpt,prompt_B,pi_main,PI+M_N+TOP_I+HIGH_B,M_N,TOP_I,HIGH_B,,3.5
10.3030_101162908_full,gpt,prompt_B,pi_main,PI+M_N+TOP_I+LOW_B,M_N,TOP_I,LOW_B,,3.5
10.3030_101162908_full,gpt,prompt_C,ai_main,AI+AI_N,,,,AI_N,3.5
10.3030_101162908_full,gpt,prompt_C,ai_main,AI+AI_Y,,,,AI_Y,3.5
10.3030_101162908_full,gpt,prompt_C,blind_baseline,NONE,,,,,3.8
10.3030_101162908_full,gpt,prompt_C,pi_main,PI+F_N+LOW_I+HIGH_B,F_N,LOW_I,HIGH_B,,3.6
10.3030_101162908_full,gpt,prompt_C,pi_main,PI+F_N+LOW_I+LOW_B,F_N,LOW_I,LOW_B,,3.5
10.3030_101162908_full,gpt,prompt_C,pi_main,PI+F_N+TOP_I+HIGH_B,F_N,TOP_I,HIGH_B,,3.6
10.3030_101162908_full,gpt,prompt_C,pi_main,PI+F_N+TOP_I+LOW_B,F_N,TOP_I,LOW_B,,3.5
10.3030_101162908_full,gpt,prompt_C,pi_main,PI+M_N+LOW_I+HIGH_B,M_N,LOW_I,HIGH_B,,3.6
10.3030_101162908_full,gpt,prompt_C,pi_main,PI+M_N+LOW_I+LOW_B,M_N,LOW_I,LOW_B,,3.5
10.3030_101162908_full,gpt,prompt_C,pi_main,PI+M_N+TOP_I+HIGH_B,M_N,TOP_I,HIGH_B,,3.5
10.3030_101162908_full,gpt,prompt_C,pi_main,PI+M_N+TOP_I+LOW_B,M_N,TOP_I,LOW_B,,3.5
10.3030_101162908_full,kimi,prompt_A,ai_main,AI+AI_N,,,,AI_N,3.5
10.3030_101162908_full,kimi,prompt_A,ai_main,AI+AI_Y,,,,AI_Y,3.5
10.3030_101162908_full,kimi,prompt_A,blind_baseline,NONE,,,,,3.6
10.3030_101162908_full,kimi,prompt_A,pi_main,PI+F_N+LOW_I+HIGH_B,F_N,LOW_I,HIGH_B,,3.5
10.3030_101162908_full,kimi,prompt_A,pi_main,PI+F_N+LOW_I+LOW_B,F_N,LOW_I,LOW_B,,3.1
10.3030_101162908_full,kimi,prompt_A,pi_main,PI+F_N+TOP_I+HIGH_B,F_N,TOP_I,HIGH_B,,3.5
10.3030_101162908_full,kimi,prompt_A,pi_main,PI+F_N+TOP_I+LOW_B,F_N,TOP_I,LOW_B,,3.3
10.3030_101162908_full,kimi,prompt_A,pi_main,PI+M_N+LOW_I+HIGH_B,M_N,LOW_I,HIGH_B,,3.5
10.3030_101162908_full,kimi,prompt_A,pi_main,PI+M_N+LOW_I+LOW_B,M_N,LOW_I,LOW_B,,3.1
10.3030_101162908_full,kimi,prompt_A,pi_main,PI+M_N+TOP_I+HIGH_B,M_N,TOP_I,HIGH_B,,3.5
10.3030_101162908_full,kimi,prompt_A,pi_main,PI+M_N+TOP_I+LOW_B,M_N,TOP_I,LOW_B,,3.2
10.3030_101162908_full,kimi,prompt_B,ai_main,AI+AI_N,,,,AI_N,3.5
10.3030_101162908_full,kimi,prompt_B,ai_main,AI+AI_Y,,,,AI_Y,3.5
10.3030_101162908_full,kimi,prompt_B,blind_baseline,NONE,,,,,3.6
10.3030_101162908_full,kimi,prompt_B,pi_main,PI+F_N+LOW_I+HIGH_B,F_N,LOW_I,HIGH_B,,3.5
10.3030_101162908_full,kimi,prompt_B,pi_main,PI+F_N+LOW_I+LOW_B,F_N,LOW_I,LOW_B,,3.5
10.3030_101162908_full,kimi,prompt_B,pi_main,PI+F_N+TOP_I+HIGH_B,F_N,TOP_I,HIGH_B,,3.5
10.3030_101162908_full,kimi,prompt_B,pi_main,PI+F_N+TOP_I+LOW_B,F_N,TOP_I,LOW_B,,3.5
10.3030_101162908_full,kimi,prompt_B,pi_main,PI+M_N+LOW_I+HIGH_B,M_N,LOW_I,HIGH_B,,3.6
10.3030_101162908_full,kimi,prompt_B,pi_main,PI+M_N+LOW_I+LOW_B,M_N,LOW_I,LOW_B,,3.5
10.3030_101162908_full,kimi,prompt_B,pi_main,PI+M_N+TOP_I+HIGH_B,M_N,TOP_I,HIGH_B,,3.5
10.3030_101162908_full,kimi,prompt_B,pi_main,PI+M_N+TOP_I+LOW_B,M_N,TOP_I,LOW_B,,3.5
10.3030_101162908_full,kimi,prompt_C,ai_main,AI+AI_N,,,,AI_N,3.7
10.3030_101162908_full,kimi,prompt_C,ai_main,AI+AI_Y,,,,AI_Y,3.5
10.3030_101162908_full,kimi,prompt_C,blind_baseline,NONE,,,,,3.5
10.3030_101162908_full,kimi,prompt_C,pi_main,PI+F_N+LOW_I+HIGH_B,F_N,LOW_I,HIGH_B,,3.5
10.3030_101162908_full,kimi,prompt_C,pi_main,PI+F_N+LOW_I+LOW_B,F_N,LOW_I,LOW_B,,3.5
10.3030_101162908_full,kimi,prompt_C,pi_main,PI+F_N+TOP_I+HIGH_B,F_N,TOP_I,HIGH_B,,3.5
10.3030_101162908_full,kimi,prompt_C,pi_main,PI+F_N+TOP_I+LOW_B,F_N,TOP_I,LOW_B,,3.5
10.3030_101162908_full,kimi,prompt_C,pi_main,PI+M_N+LOW_I+HIGH_B,M_N,LOW_I,HIGH_B,,3.5
10.3030_101162908_full,kimi,prompt_C,pi_main,PI+M_N+LOW_I+LOW_B,M_N,LOW_I,LOW_B,,3.5
10.3030_101162908_full,kimi,prompt_C,pi_main,PI+M_N+TOP_I+HIGH_B,M_N,TOP_I,HIGH_B,,3.5
10.3030_101162908_full,kimi,prompt_C,pi_main,PI+M_N+TOP_I+LOW_B,M_N,TOP_I,LOW_B,,3.5
10.3030_101162908_full,ministral,prompt_A,ai_main,AI+AI_N,,,,AI_N,4.0
10.3030_101162908_full,ministral,prompt_A,ai_main,AI+AI_Y,,,,AI_Y,4.0
10.3030_101162908_full,ministral,prompt_A,blind_baseline,NONE,,,,,4.0
10.3030_101162908_full,ministral,prompt_A,pi_main,PI+F_N+LOW_I+HIGH_B,F_N,LOW_I,HIGH_B,,3.5
10.3030_101162908_full,ministral,prompt_A,pi_main,PI+F_N+LOW_I+LOW_B,F_N,LOW_I,LOW_B,,3.5
10.3030_101162908_full,ministral,prompt_A,pi_main,PI+F_N+TOP_I+HIGH_B,F_N,TOP_I,HIGH_B,,3.5
10.3030_101162908_full,ministral,prompt_A,pi_main,PI+F_N+TOP_I+LOW_B,F_N,TOP_I,LOW_B,,3.5
10.3030_101162908_full,ministral,prompt_A,pi_main,PI+M_N+LOW_I+HIGH_B,M_N,LOW_I,HIGH_B,,3.5
10.3030_101162908_full,ministral,prompt_A,pi_main,PI+M_N+LOW_I+LOW_B,M_N,LOW_I,LOW_B,,3.5
10.3030_101162908_full,ministral,prompt_A,pi_main,PI+M_N+TOP_I+HIGH_B,M_N,TOP_I,HIGH_B,,3.5
10.3030_101162908_full,ministral,prompt_A,pi_main,PI+M_N+TOP_I+LOW_B,M_N,TOP_I,LOW_B,,3.5
10.3030_101162908_full,ministral,prompt_B,ai_main,AI+AI_N,,,,AI_N,4.0
10.3030_101162908_full,ministral,prompt_B,ai_main,AI+AI_Y,,,,AI_Y,4.0
10.3030_101162908_full,ministral,prompt_B,blind_baseline,NONE,,,,,4.0
10.3030_101162908_full,ministral,prompt_B,pi_main,PI+F_N+LOW_I+HIGH_B,F_N,LOW_I,HIGH_B,,4.0
10.3030_101162908_full,ministral,prompt_B,pi_main,PI+F_N+LOW_I+LOW_B,F_N,LOW_I,LOW_B,,3.5
10.3030_101162908_full,ministral,prompt_B,pi_main,PI+F_N+TOP_I+HIGH_B,F_N,TOP_I,HIGH_B,,4.0
10.3030_101162908_full,ministral,prompt_B,pi_main,PI+F_N+TOP_I+LOW_B,F_N,TOP_I,LOW_B,,4.0
10.3030_101162908_full,ministral,prompt_B,pi_main,PI+M_N+LOW_I+HIGH_B,M_N,LOW_I,HIGH_B,,4.0
10.3030_101162908_full,ministral,prompt_B,pi_main,PI+M_N+LOW_I+LOW_B,M_N,LOW_I,LOW_B,,3.5
10.3030_101162908_full,ministral,prompt_B,pi_main,PI+M_N+TOP_I+HIGH_B,M_N,TOP_I,HIGH_B,,4.0
10.3030_101162908_full,ministral,prompt_B,pi_main,PI+M_N+TOP_I+LOW_B,M_N,TOP_I,LOW_B,,4.0
10.3030_101162908_full,ministral,prompt_C,ai_main,AI+AI_N,,,,AI_N,3.5
10.3030_101162908_full,ministral,prompt_C,ai_main,AI+AI_Y,,,,AI_Y,3.5
10.3030_101162908_full,ministral,prompt_C,blind_baseline,NONE,,,,,4.0
10.3030_101162908_full,ministral,prompt_C,pi_main,PI+F_N+LOW_I+HIGH_B,F_N,LOW_I,HIGH_B,,3.5
10.3030_101162908_full,ministral,prompt_C,pi_main,PI+F_N+LOW_I+LOW_B,F_N,LOW_I,LOW_B,,3.5
10.3030_101162908_full,ministral,prompt_C,pi_main,PI+F_N+TOP_I+HIGH_B,F_N,TOP_I,HIGH_B,,3.5
10.3030_101162908_full,ministral,prompt_C,pi_main,PI+F_N+TOP_I+LOW_B,F_N,TOP_I,LOW_B,,3.5
10.3030_101162908_full,ministral,prompt_C,pi_main,PI+M_N+LOW_I+HIGH_B,M_N,LOW_I,HIGH_B,,3.5
10.3030_101162908_full,ministral,prompt_C,pi_main,PI+M_N+LOW_I+LOW_B,M_N,LOW_I,LOW_B,,3.5
10.3030_101162908_full,ministral,prompt_C,pi_main,PI+M_N+TOP_I+HIGH_B,M_N,TOP_I,HIGH_B,,3.5
10.3030_101162908_full,ministral,prompt_C,pi_main,PI+M_N+TOP_I+LOW_B,M_N,TOP_I,LOW_B,,3.5
10.3030_101162908_full,mistral,prompt_A,ai_main,AI+AI_N,,,,AI_N,3.8
10.3030_101162908_full,mistral,prompt_A,ai_main,AI+AI_Y,,,,AI_Y,3.7
10.3030_101162908_full,mistral,prompt_A,blind_baseline,NONE,,,,,3.7
10.3030_101162908_full,mistral,prompt_A,pi_main,PI+F_N+LOW_I+HIGH_B,F_N,LOW_I,HIGH_B,,3.9
10.3030_101162908_full,mistral,prompt_A,pi_main,PI+F_N+LOW_I+LOW_B,F_N,LOW_I,LOW_B,,3.6
10.3030_101162908_full,mistral,prompt_A,pi_main,PI+F_N+TOP_I+HIGH_B,F_N,TOP_I,HIGH_B,,3.7
10.3030_101162908_full,mistral,prompt_A,pi_main,PI+F_N+TOP_I+LOW_B,F_N,TOP_I,LOW_B,,3.5
10.3030_101162908_full,mistral,prompt_A,pi_main,PI+M_N+LOW_I+HIGH_B,M_N,LOW_I,HIGH_B,,3.5
10.3030_101162908_full,mistral,prompt_A,pi_main,PI+M_N+LOW_I+LOW_B,M_N,LOW_I,LOW_B,,3.5
10.3030_101162908_full,mistral,prompt_A,pi_main,PI+M_N+TOP_I+HIGH_B,M_N,TOP_I,HIGH_B,,3.9
10.3030_101162908_full,mistral,prompt_A,pi_main,PI+M_N+TOP_I+LOW_B,M_N,TOP_I,LOW_B,,3.7
10.3030_101162908_full,mistral,prompt_B,ai_main,AI+AI_N,,,,AI_N,3.6
10.3030_101162908_full,mistral,prompt_B,ai_main,AI+AI_Y,,,,AI_Y,3.5
10.3030_101162908_full,mistral,prompt_B,blind_baseline,NONE,,,,,3.5
10.3030_101162908_full,mistral,prompt_B,pi_main,PI+F_N+LOW_I+HIGH_B,F_N,LOW_I,HIGH_B,,3.8
10.3030_101162908_full,mistral,prompt_B,pi_main,PI+F_N+LOW_I+LOW_B,F_N,LOW_I,LOW_B,,3.6
10.3030_101162908_full,mistral,prompt_B,pi_main,PI+F_N+TOP_I+HIGH_B,F_N,TOP_I,HIGH_B,,3.7
10.3030_101162908_full,mistral,prompt_B,pi_main,PI+F_N+TOP_I+LOW_B,F_N,TOP_I,LOW_B,,3.7
10.3030_101162908_full,mistral,prompt_B,pi_main,PI+M_N+LOW_I+HIGH_B,M_N,LOW_I,HIGH_B,,3.7
10.3030_101162908_full,mistral,prompt_B,pi_main,PI+M_N+LOW_I+LOW_B,M_N,LOW_I,LOW_B,,3.6
10.3030_101162908_full,mistral,prompt_B,pi_main,PI+M_N+TOP_I+HIGH_B,M_N,TOP_I,HIGH_B,,3.8
10.3030_101162908_full,mistral,prompt_B,pi_main,PI+M_N+TOP_I+LOW_B,M_N,TOP_I,LOW_B,,3.6
10.3030_101162908_full,mistral,prompt_C,ai_main,AI+AI_N,,,,AI_N,3.9
10.3030_101162908_full,mistral,prompt_C,ai_main,AI+AI_Y,,,,AI_Y,3.8
10.3030_101162908_full,mistral,prompt_C,blind_baseline,NONE,,,,,4.0
10.3030_101162908_full,mistral,prompt_C,pi_main,PI+F_N+LOW_I+HIGH_B,F_N,LOW_I,HIGH_B,,3.9
10.3030_101162908_full,mistral,prompt_C,pi_main,PI+F_N+LOW_I+LOW_B,F_N,LOW_I,LOW_B,,3.8
10.3030_101162908_full,mistral,prompt_C,pi_main,PI+F_N+TOP_I+HIGH_B,F_N,TOP_I,HIGH_B,,3.9
10.3030_101162908_full,mistral,prompt_C,pi_main,PI+F_N+TOP_I+LOW_B,F_N,TOP_I,LOW_B,,3.8
10.3030_101162908_full,mistral,prompt_C,pi_main,PI+M_N+LOW_I+HIGH_B,M_N,LOW_I,HIGH_B,,3.9
10.3030_101162908_full,mistral,prompt_C,pi_main,PI+M_N+LOW_I+LOW_B,M_N,LOW_I,LOW_B,,3.8
10.3030_101162908_full,mistral,prompt_C,pi_main,PI+M_N+TOP_I+HIGH_B,M_N,TOP_I,HIGH_B,,3.7
10.3030_101162908_full,mistral,prompt_C,pi_main,PI+M_N+TOP_I+LOW_B,M_N,TOP_I,LOW_B,,3.7
10.3030_101162908_full,phi,prompt_A,ai_main,AI+AI_N,,,,AI_N,3.5
10.3030_101162908_full,phi,prompt_A,ai_main,AI+AI_Y,,,,AI_Y,3.0
10.3030_101162908_full,phi,prompt_A,blind_baseline,NONE,,,,,3.5
10.3030_101162908_full,phi,prompt_A,pi_main,PI+F_N+LOW_I+HIGH_B,F_N,LOW_I,HIGH_B,,3.5
10.3030_101162908_full,phi,prompt_A,pi_main,PI+F_N+LOW_I+LOW_B,F_N,LOW_I,LOW_B,,3.0
10.3030_101162908_full,phi,prompt_A,pi_main,PI+F_N+TOP_I+HIGH_B,F_N,TOP_I,HIGH_B,,3.5
10.3030_101162908_full,phi,prompt_A,pi_main,PI+F_N+TOP_I+LOW_B,F_N,TOP_I,LOW_B,,3.5
10.3030_101162908_full,phi,prompt_A,pi_main,PI+M_N+LOW_I+HIGH_B,M_N,LOW_I,HIGH_B,,3.5
10.3030_101162908_full,phi,prompt_A,pi_main,PI+M_N+LOW_I+LOW_B,M_N,LOW_I,LOW_B,,3.0
10.3030_101162908_full,phi,prompt_A,pi_main,PI+M_N+TOP_I+HIGH_B,M_N,TOP_I,HIGH_B,,3.5
10.3030_101162908_full,phi,prompt_A,pi_main,PI+M_N+TOP_I+LOW_B,M_N,TOP_I,LOW_B,,3.5
10.3030_101162908_full,phi,prompt_B,ai_main,AI+AI_N,,,,AI_N,3.5
10.3030_101162908_full,phi,prompt_B,ai_main,AI+AI_Y,,,,AI_Y,3.0
10.3030_101162908_full,phi,prompt_B,blind_baseline,NONE,,,,,3.5
10.3030_101162908_full,phi,prompt_B,pi_main,PI+F_N+LOW_I+HIGH_B,F_N,LOW_I,HIGH_B,,3.5
10.3030_101162908_full,phi,prompt_B,pi_main,PI+F_N+LOW_I+LOW_B,F_N,LOW_I,LOW_B,,3.0
10.3030_101162908_full,phi,prompt_B,pi_main,PI+F_N+TOP_I+HIGH_B,F_N,TOP_I,HIGH_B,,3.5
10.3030_101162908_full,phi,prompt_B,pi_main,PI+F_N+TOP_I+LOW_B,F_N,TOP_I,LOW_B,,3.1
10.3030_101162908_full,phi,prompt_B,pi_main,PI+M_N+LOW_I+HIGH_B,M_N,LOW_I,HIGH_B,,3.5
10.3030_101162908_full,phi,prompt_B,pi_main,PI+M_N+LOW_I+LOW_B,M_N,LOW_I,LOW_B,,3.0
10.3030_101162908_full,phi,prompt_B,pi_main,PI+M_N+TOP_I+HIGH_B,M_N,TOP_I,HIGH_B,,3.5
10.3030_101162908_full,phi,prompt_B,pi_main,PI+M_N+TOP_I+LOW_B,M_N,TOP_I,LOW_B,,3.5
10.3030_101162908_full,phi,prompt_C,ai_main,AI+AI_N,,,,AI_N,3.5
10.3030_101162908_full,phi,prompt_C,ai_main,AI+AI_Y,,,,AI_Y,3.5
10.3030_101162908_full,phi,prompt_C,blind_baseline,NONE,,,,,3.5
10.3030_101162908_full,phi,prompt_C,pi_main,PI+F_N+LOW_I+HIGH_B,F_N,LOW_I,HIGH_B,,3.5
10.3030_101162908_full,phi,prompt_C,pi_main,PI+F_N+LOW_I+LOW_B,F_N,LOW_I,LOW_B,,3.5
10.3030_101162908_full,phi,prompt_C,pi_main,PI+F_N+TOP_I+HIGH_B,F_N,TOP_I,HIGH_B,,3.5
10.3030_101162908_full,phi,prompt_C,pi_main,PI+F_N+TOP_I+LOW_B,F_N,TOP_I,LOW_B,,3.5
10.3030_101162908_full,phi,prompt_C,pi_main,PI+M_N+LOW_I+HIGH_B,M_N,LOW_I,HIGH_B,,3.5
10.3030_101162908_full,phi,prompt_C,pi_main,PI+M_N+LOW_I+LOW_B,M_N,LOW_I,LOW_B,,3.0
10.3030_101162908_full,phi,prompt_C,pi_main,PI+M_N+TOP_I+HIGH_B,M_N,TOP_I,HIGH_B,,3.5
10.3030_101162908_full,phi,prompt_C,pi_main,PI+M_N+TOP_I+LOW_B,M_N,TOP_I,LOW_B,,3.0
10.3030_101162980_full,deepseek,prompt_A,ai_main,AI+AI_N,,,,AI_N,3.6
10.3030_101162980_full,deepseek,prompt_A,ai_main,AI+AI_Y,,,,AI_Y,3.2
10.3030_101162980_full,deepseek,prompt_A,blind_baseline,NONE,,,,,3.4
10.3030_101162980_full,deepseek,prompt_A,pi_main,PI+F_N+LOW_I+HIGH_B,F_N,LOW_I,HIGH_B,,3.5
10.3030_101162980_full,deepseek,prompt_A,pi_main,PI+F_N+LOW_I+LOW_B,F_N,LOW_I,LOW_B,,3.4
10.3030_101162980_full,deepseek,prompt_A,pi_main,PI+F_N+TOP_I+HIGH_B,F_N,TOP_I,HIGH_B,,3.5
10.3030_101162980_full,deepseek,prompt_A,pi_main,PI+F_N+TOP_I+LOW_B,F_N,TOP_I,LOW_B,,3.5
10.3030_101162980_full,deepseek,prompt_A,pi_main,PI+M_N+LOW_I+HIGH_B,M_N,LOW_I,HIGH_B,,3.5
10.3030_101162980_full,deepseek,prompt_A,pi_main,PI+M_N+LOW_I+LOW_B,M_N,LOW_I,LOW_B,,3.6
10.3030_101162980_full,deepseek,prompt_A,pi_main,PI+M_N+TOP_I+HIGH_B,M_N,TOP_I,HIGH_B,,3.5
10.3030_101162980_full,deepseek,prompt_A,pi_main,PI+M_N+TOP_I+LOW_B,M_N,TOP_I,LOW_B,,3.5
10.3030_101162980_full,deepseek,prompt_B,ai_main,AI+AI_N,,,,AI_N,3.5
10.3030_101162980_full,deepseek,prompt_B,ai_main,AI+AI_Y,,,,AI_Y,3.7
10.3030_101162980_full,deepseek,prompt_B,blind_baseline,NONE,,,,,3.5
10.3030_101162980_full,deepseek,prompt_B,pi_main,PI+F_N+LOW_I+HIGH_B,F_N,LOW_I,HIGH_B,,3.4
10.3030_101162980_full,deepseek,prompt_B,pi_main,PI+F_N+LOW_I+LOW_B,F_N,LOW_I,LOW_B,,3.5
10.3030_101162980_full,deepseek,prompt_B,pi_main,PI+F_N+TOP_I+HIGH_B,F_N,TOP_I,HIGH_B,,3.5
10.3030_101162980_full,deepseek,prompt_B,pi_main,PI+F_N+TOP_I+LOW_B,F_N,TOP_I,LOW_B,,3.2
10.3030_101162980_full,deepseek,prompt_B,pi_main,PI+M_N+LOW_I+HIGH_B,M_N,LOW_I,HIGH_B,,3.5
10.3030_101162980_full,deepseek,prompt_B,pi_main,PI+M_N+LOW_I+LOW_B,M_N,LOW_I,LOW_B,,3.3
10.3030_101162980_full,deepseek,prompt_B,pi_main,PI+M_N+TOP_I+HIGH_B,M_N,TOP_I,HIGH_B,,3.6
10.3030_101162980_full,deepseek,prompt_B,pi_main,PI+M_N+TOP_I+LOW_B,M_N,TOP_I,LOW_B,,3.6
10.3030_101162980_full,deepseek,prompt_C,ai_main,AI+AI_N,,,,AI_N,3.7
10.3030_101162980_full,deepseek,prompt_C,ai_main,AI+AI_Y,,,,AI_Y,3.5
10.3030_101162980_full,deepseek,prompt_C,blind_baseline,NONE,,,,,3.4
10.3030_101162980_full,deepseek,prompt_C,pi_main,PI+F_N+LOW_I+HIGH_B,F_N,LOW_I,HIGH_B,,3.5
10.3030_101162980_full,deepseek,prompt_C,pi_main,PI+F_N+LOW_I+LOW_B,F_N,LOW_I,LOW_B,,3.4
10.3030_101162980_full,deepseek,prompt_C,pi_main,PI+F_N+TOP_I+HIGH_B,F_N,TOP_I,HIGH_B,,3.6
10.3030_101162980_full,deepseek,prompt_C,pi_main,PI+F_N+TOP_I+LOW_B,F_N,TOP_I,LOW_B,,3.4
10.3030_101162980_full,deepseek,prompt_C,pi_main,PI+M_N+LOW_I+HIGH_B,M_N,LOW_I,HIGH_B,,3.4
10.3030_101162980_full,deepseek,prompt_C,pi_main,PI+M_N+LOW_I+LOW_B,M_N,LOW_I,LOW_B,,3.4
10.3030_101162980_full,deepseek,prompt_C,pi_main,PI+M_N+TOP_I+HIGH_B,M_N,TOP_I,HIGH_B,,3.7
10.3030_101162980_full,deepseek,prompt_C,pi_main,PI+M_N+TOP_I+LOW_B,M_N,TOP_I,LOW_B,,3.4
10.3030_101162980_full,gemma,prompt_A,ai_main,AI+AI_N,,,,AI_N,3.5
10.3030_101162980_full,gemma,prompt_A,ai_main,AI+AI_Y,,,,AI_Y,3.0
10.3030_101162980_full,gemma,prompt_A,blind_baseline,NONE,,,,,3.0
10.3030_101162980_full,gemma,prompt_A,pi_main,PI+F_N+LOW_I+HIGH_B,F_N,LOW_I,HIGH_B,,3.0
10.3030_101162980_full,gemma,prompt_A,pi_main,PI+F_N+LOW_I+LOW_B,F_N,LOW_I,LOW_B,,3.0
10.3030_101162980_full,gemma,prompt_A,pi_main,PI+F_N+TOP_I+HIGH_B,F_N,TOP_I,HIGH_B,,3.0
10.3030_101162980_full,gemma,prompt_A,pi_main,PI+F_N+TOP_I+LOW_B,F_N,TOP_I,LOW_B,,3.0
10.3030_101162980_full,gemma,prompt_A,pi_main,PI+M_N+LOW_I+HIGH_B,M_N,LOW_I,HIGH_B,,3.0
10.3030_101162980_full,gemma,prompt_A,pi_main,PI+M_N+LOW_I+LOW_B,M_N,LOW_I,LOW_B,,3.0
10.3030_101162980_full,gemma,prompt_A,pi_main,PI+M_N+TOP_I+HIGH_B,M_N,TOP_I,HIGH_B,,3.0
10.3030_101162980_full,gemma,prompt_A,pi_main,PI+M_N+TOP_I+LOW_B,M_N,TOP_I,LOW_B,,3.0
10.3030_101162980_full,gemma,prompt_B,ai_main,AI+AI_N,,,,AI_N,3.5
10.3030_101162980_full,gemma,prompt_B,ai_main,AI+AI_Y,,,,AI_Y,3.0
10.3030_101162980_full,gemma,prompt_B,blind_baseline,NONE,,,,,3.0
10.3030_101162980_full,gemma,prompt_B,pi_main,PI+F_N+LOW_I+HIGH_B,F_N,LOW_I,HIGH_B,,3.0
10.3030_101162980_full,gemma,prompt_B,pi_main,PI+F_N+LOW_I+LOW_B,F_N,LOW_I,LOW_B,,3.0
10.3030_101162980_full,gemma,prompt_B,pi_main,PI+F_N+TOP_I+HIGH_B,F_N,TOP_I,HIGH_B,,3.0
10.3030_101162980_full,gemma,prompt_B,pi_main,PI+F_N+TOP_I+LOW_B,F_N,TOP_I,LOW_B,,3.0
10.3030_101162980_full,gemma,prompt_B,pi_main,PI+M_N+LOW_I+HIGH_B,M_N,LOW_I,HIGH_B,,3.0
10.3030_101162980_full,gemma,prompt_B,pi_main,PI+M_N+LOW_I+LOW_B,M_N,LOW_I,LOW_B,,3.0
10.3030_101162980_full,gemma,prompt_B,pi_main,PI+M_N+TOP_I+HIGH_B,M_N,TOP_I,HIGH_B,,3.0
10.3030_101162980_full,gemma,prompt_B,pi_main,PI+M_N+TOP_I+LOW_B,M_N,TOP_I,LOW_B,,3.0
10.3030_101162980_full,gemma,prompt_C,ai_main,AI+AI_N,,,,AI_N,3.0
10.3030_101162980_full,gemma,prompt_C,ai_main,AI+AI_Y,,,,AI_Y,3.0
10.3030_101162980_full,gemma,prompt_C,blind_baseline,NONE,,,,,3.0
10.3030_101162980_full,gemma,prompt_C,pi_main,PI+F_N+LOW_I+HIGH_B,F_N,LOW_I,HIGH_B,,3.0
10.3030_101162980_full,gemma,prompt_C,pi_main,PI+F_N+LOW_I+LOW_B,F_N,LOW_I,LOW_B,,3.0
10.3030_101162980_full,gemma,prompt_C,pi_main,PI+F_N+TOP_I+HIGH_B,F_N,TOP_I,HIGH_B,,3.0
10.3030_101162980_full,gemma,prompt_C,pi_main,PI+F_N+TOP_I+LOW_B,F_N,TOP_I,LOW_B,,3.0
10.3030_101162980_full,gemma,prompt_C,pi_main,PI+M_N+LOW_I+HIGH_B,M_N,LOW_I,HIGH_B,,3.0
10.3030_101162980_full,gemma,prompt_C,pi_main,PI+M_N+LOW_I+LOW_B,M_N,LOW_I,LOW_B,,3.0
10.3030_101162980_full,gemma,prompt_C,pi_main,PI+M_N+TOP_I+HIGH_B,M_N,TOP_I,HIGH_B,,3.0
10.3030_101162980_full,gemma,prompt_C,pi_main,PI+M_N+TOP_I+LOW_B,M_N,TOP_I,LOW_B,,3.0
10.3030_101162980_full,glm,prompt_A,ai_main,AI+AI_N,,,,AI_N,3.7
10.3030_101162980_full,glm,prompt_A,ai_main,AI+AI_Y,,,,AI_Y,3.6
10.3030_101162980_full,glm,prompt_A,blind_baseline,NONE,,,,,3.8
10.3030_101162980_full,glm,prompt_A,pi_main,PI+F_N+LOW_I+HIGH_B,F_N,LOW_I,HIGH_B,,3.4
10.3030_101162980_full,glm,prompt_A,pi_main,PI+F_N+LOW_I+LOW_B,F_N,LOW_I,LOW_B,,3.0
10.3030_101162980_full,glm,prompt_A,pi_main,PI+F_N+TOP_I+HIGH_B,F_N,TOP_I,HIGH_B,,3.5
10.3030_101162980_full,glm,prompt_A,pi_main,PI+F_N+TOP_I+LOW_B,F_N,TOP_I,LOW_B,,3.2
10.3030_101162980_full,glm,prompt_A,pi_main,PI+M_N+LOW_I+HIGH_B,M_N,LOW_I,HIGH_B,,3.4
10.3030_101162980_full,glm,prompt_A,pi_main,PI+M_N+LOW_I+LOW_B,M_N,LOW_I,LOW_B,,3.0
10.3030_101162980_full,glm,prompt_A,pi_main,PI+M_N+TOP_I+HIGH_B,M_N,TOP_I,HIGH_B,,3.6
10.3030_101162980_full,glm,prompt_A,pi_main,PI+M_N+TOP_I+LOW_B,M_N,TOP_I,LOW_B,,3.0
10.3030_101162980_full,glm,prompt_B,ai_main,AI+AI_N,,,,AI_N,3.6
10.3030_101162980_full,glm,prompt_B,ai_main,AI+AI_Y,,,,AI_Y,3.5
10.3030_101162980_full,glm,prompt_B,blind_baseline,NONE,,,,,3.5
10.3030_101162980_full,glm,prompt_B,pi_main,PI+F_N+LOW_I+HIGH_B,F_N,LOW_I,HIGH_B,,3.8
10.3030_101162980_full,glm,prompt_B,pi_main,PI+F_N+LOW_I+LOW_B,F_N,LOW_I,LOW_B,,3.2
10.3030_101162980_full,glm,prompt_B,pi_main,PI+F_N+TOP_I+HIGH_B,F_N,TOP_I,HIGH_B,,3.7
10.3030_101162980_full,glm,prompt_B,pi_main,PI+F_N+TOP_I+LOW_B,F_N,TOP_I,LOW_B,,3.3
10.3030_101162980_full,glm,prompt_B,pi_main,PI+M_N+LOW_I+HIGH_B,M_N,LOW_I,HIGH_B,,3.6
10.3030_101162980_full,glm,prompt_B,pi_main,PI+M_N+LOW_I+LOW_B,M_N,LOW_I,LOW_B,,3.4
10.3030_101162980_full,glm,prompt_B,pi_main,PI+M_N+TOP_I+HIGH_B,M_N,TOP_I,HIGH_B,,3.7
10.3030_101162980_full,glm,prompt_B,pi_main,PI+M_N+TOP_I+LOW_B,M_N,TOP_I,LOW_B,,3.1
10.3030_101162980_full,glm,prompt_C,ai_main,AI+AI_N,,,,AI_N,3.6
10.3030_101162980_full,glm,prompt_C,ai_main,AI+AI_Y,,,,AI_Y,3.4
10.3030_101162980_full,glm,prompt_C,blind_baseline,NONE,,,,,3.8
10.3030_101162980_full,glm,prompt_C,pi_main,PI+F_N+LOW_I+HIGH_B,F_N,LOW_I,HIGH_B,,3.7
10.3030_101162980_full,glm,prompt_C,pi_main,PI+F_N+LOW_I+LOW_B,F_N,LOW_I,LOW_B,,3.2
10.3030_101162980_full,glm,prompt_C,pi_main,PI+F_N+TOP_I+HIGH_B,F_N,TOP_I,HIGH_B,,3.5
10.3030_101162980_full,glm,prompt_C,pi_main,PI+F_N+TOP_I+LOW_B,F_N,TOP_I,LOW_B,,3.1
10.3030_101162980_full,glm,prompt_C,pi_main,PI+M_N+LOW_I+HIGH_B,M_N,LOW_I,HIGH_B,,3.5
10.3030_101162980_full,glm,prompt_C,pi_main,PI+M_N+LOW_I+LOW_B,M_N,LOW_I,LOW_B,,3.3
10.3030_101162980_full,glm,prompt_C,pi_main,PI+M_N+TOP_I+HIGH_B,M_N,TOP_I,HIGH_B,,3.5
10.3030_101162980_full,glm,prompt_C,pi_main,PI+M_N+TOP_I+LOW_B,M_N,TOP_I,LOW_B,,3.3
10.3030_101162980_full,gpt,prompt_A,ai_main,AI+AI_N,,,,AI_N,3.9
10.3030_101162980_full,gpt,prompt_A,ai_main,AI+AI_Y,,,,AI_Y,4.0
10.3030_101162980_full,gpt,prompt_A,blind_baseline,NONE,,,,,3.6
10.3030_101162980_full,gpt,prompt_A,pi_main,PI+F_N+LOW_I+HIGH_B,F_N,LOW_I,HIGH_B,,4.0
10.3030_101162980_full,gpt,prompt_A,pi_main,PI+F_N+LOW_I+LOW_B,F_N,LOW_I,LOW_B,,3.5
10.3030_101162980_full,gpt,prompt_A,pi_main,PI+F_N+TOP_I+HIGH_B,F_N,TOP_I,HIGH_B,,4.0
10.3030_101162980_full,gpt,prompt_A,pi_main,PI+F_N+TOP_I+LOW_B,F_N,TOP_I,LOW_B,,3.5
10.3030_101162980_full,gpt,prompt_A,pi_main,PI+M_N+LOW_I+HIGH_B,M_N,LOW_I,HIGH_B,,3.7
10.3030_101162980_full,gpt,prompt_A,pi_main,PI+M_N+LOW_I+LOW_B,M_N,LOW_I,LOW_B,,3.5
10.3030_101162980_full,gpt,prompt_A,pi_main,PI+M_N+TOP_I+HIGH_B,M_N,TOP_I,HIGH_B,,3.8
10.3030_101162980_full,gpt,prompt_A,pi_main,PI+M_N+TOP_I+LOW_B,M_N,TOP_I,LOW_B,,3.5
10.3030_101162980_full,gpt,prompt_B,ai_main,AI+AI_N,,,,AI_N,4.0
10.3030_101162980_full,gpt,prompt_B,ai_main,AI+AI_Y,,,,AI_Y,3.9
10.3030_101162980_full,gpt,prompt_B,blind_baseline,NONE,,,,,3.7
10.3030_101162980_full,gpt,prompt_B,pi_main,PI+F_N+LOW_I+HIGH_B,F_N,LOW_I,HIGH_B,,4.0
10.3030_101162980_full,gpt,prompt_B,pi_main,PI+F_N+LOW_I+LOW_B,F_N,LOW_I,LOW_B,,4.0
10.3030_101162980_full,gpt,prompt_B,pi_main,PI+F_N+TOP_I+HIGH_B,F_N,TOP_I,HIGH_B,,4.0
10.3030_101162980_full,gpt,prompt_B,pi_main,PI+F_N+TOP_I+LOW_B,F_N,TOP_I,LOW_B,,4.0
10.3030_101162980_full,gpt,prompt_B,pi_main,PI+M_N+LOW_I+HIGH_B,M_N,LOW_I,HIGH_B,,4.0
10.3030_101162980_full,gpt,prompt_B,pi_main,PI+M_N+LOW_I+LOW_B,M_N,LOW_I,LOW_B,,4.0
10.3030_101162980_full,gpt,prompt_B,pi_main,PI+M_N+TOP_I+HIGH_B,M_N,TOP_I,HIGH_B,,4.0
10.3030_101162980_full,gpt,prompt_B,pi_main,PI+M_N+TOP_I+LOW_B,M_N,TOP_I,LOW_B,,3.7
10.3030_101162980_full,gpt,prompt_C,ai_main,AI+AI_N,,,,AI_N,4.0
10.3030_101162980_full,gpt,prompt_C,ai_main,AI+AI_Y,,,,AI_Y,4.0
10.3030_101162980_full,gpt,prompt_C,blind_baseline,NONE,,,,,4.0
10.3030_101162980_full,gpt,prompt_C,pi_main,PI+F_N+LOW_I+HIGH_B,F_N,LOW_I,HIGH_B,,4.0
10.3030_101162980_full,gpt,prompt_C,pi_main,PI+F_N+LOW_I+LOW_B,F_N,LOW_I,LOW_B,,3.9
10.3030_101162980_full,gpt,prompt_C,pi_main,PI+F_N+TOP_I+HIGH_B,F_N,TOP_I,HIGH_B,,4.0
10.3030_101162980_full,gpt,prompt_C,pi_main,PI+F_N+TOP_I+LOW_B,F_N,TOP_I,LOW_B,,4.0
10.3030_101162980_full,gpt,prompt_C,pi_main,PI+M_N+LOW_I+HIGH_B,M_N,LOW_I,HIGH_B,,4.0
10.3030_101162980_full,gpt,prompt_C,pi_main,PI+M_N+LOW_I+LOW_B,M_N,LOW_I,LOW_B,,4.0
10.3030_101162980_full,gpt,prompt_C,pi_main,PI+M_N+TOP_I+HIGH_B,M_N,TOP_I,HIGH_B,,4.0
10.3030_101162980_full,gpt,prompt_C,pi_main,PI+M_N+TOP_I+LOW_B,M_N,TOP_I,LOW_B,,3.8
10.3030_101162980_full,kimi,prompt_A,ai_main,AI+AI_N,,,,AI_N,3.9
10.3030_101162980_full,kimi,prompt_A,ai_main,AI+AI_Y,,,,AI_Y,3.8
10.3030_101162980_full,kimi,prompt_A,blind_baseline,NONE,,,,,3.9
10.3030_101162980_full,kimi,prompt_A,pi_main,PI+F_N+LOW_I+HIGH_B,F_N,LOW_I,HIGH_B,,3.8
10.3030_101162980_full,kimi,prompt_A,pi_main,PI+F_N+LOW_I+LOW_B,F_N,LOW_I,LOW_B,,3.5
10.3030_101162980_full,kimi,prompt_A,pi_main,PI+F_N+TOP_I+HIGH_B,F_N,TOP_I,HIGH_B,,3.7
10.3030_101162980_full,kimi,prompt_A,pi_main,PI+F_N+TOP_I+LOW_B,F_N,TOP_I,LOW_B,,3.5
10.3030_101162980_full,kimi,prompt_A,pi_main,PI+M_N+LOW_I+HIGH_B,M_N,LOW_I,HIGH_B,,3.6
10.3030_101162980_full,kimi,prompt_A,pi_main,PI+M_N+LOW_I+LOW_B,M_N,LOW_I,LOW_B,,3.5
10.3030_101162980_full,kimi,prompt_A,pi_main,PI+M_N+TOP_I+HIGH_B,M_N,TOP_I,HIGH_B,,3.7
10.3030_101162980_full,kimi,prompt_A,pi_main,PI+M_N+TOP_I+LOW_B,M_N,TOP_I,LOW_B,,3.5
10.3030_101162980_full,kimi,prompt_B,ai_main,AI+AI_N,,,,AI_N,3.9
10.3030_101162980_full,kimi,prompt_B,ai_main,AI+AI_Y,,,,AI_Y,3.7
10.3030_101162980_full,kimi,prompt_B,blind_baseline,NONE,,,,,3.9
10.3030_101162980_full,kimi,prompt_B,pi_main,PI+F_N+LOW_I+HIGH_B,F_N,LOW_I,HIGH_B,,3.7
10.3030_101162980_full,kimi,prompt_B,pi_main,PI+F_N+LOW_I+LOW_B,F_N,LOW_I,LOW_B,,3.6
10.3030_101162980_full,kimi,prompt_B,pi_main,PI+F_N+TOP_I+HIGH_B,F_N,TOP_I,HIGH_B,,4.0
10.3030_101162980_full,kimi,prompt_B,pi_main,PI+F_N+TOP_I+LOW_B,F_N,TOP_I,LOW_B,,3.7
10.3030_101162980_full,kimi,prompt_B,pi_main,PI+M_N+LOW_I+HIGH_B,M_N,LOW_I,HIGH_B,,3.9
10.3030_101162980_full,kimi,prompt_B,pi_main,PI+M_N+LOW_I+LOW_B,M_N,LOW_I,LOW_B,,3.5
10.3030_101162980_full,kimi,prompt_B,pi_main,PI+M_N+TOP_I+HIGH_B,M_N,TOP_I,HIGH_B,,3.8
10.3030_101162980_full,kimi,prompt_B,pi_main,PI+M_N+TOP_I+LOW_B,M_N,TOP_I,LOW_B,,3.6
10.3030_101162980_full,kimi,prompt_C,ai_main,AI+AI_N,,,,AI_N,3.9
10.3030_101162980_full,kimi,prompt_C,ai_main,AI+AI_Y,,,,AI_Y,3.7
10.3030_101162980_full,kimi,prompt_C,blind_baseline,NONE,,,,,3.9
10.3030_101162980_full,kimi,prompt_C,pi_main,PI+F_N+LOW_I+HIGH_B,F_N,LOW_I,HIGH_B,,3.9
10.3030_101162980_full,kimi,prompt_C,pi_main,PI+F_N+LOW_I+LOW_B,F_N,LOW_I,LOW_B,,3.5
10.3030_101162980_full,kimi,prompt_C,pi_main,PI+F_N+TOP_I+HIGH_B,F_N,TOP_I,HIGH_B,,3.9
10.3030_101162980_full,kimi,prompt_C,pi_main,PI+F_N+TOP_I+LOW_B,F_N,TOP_I,LOW_B,,3.5
10.3030_101162980_full,kimi,prompt_C,pi_main,PI+M_N+LOW_I+HIGH_B,M_N,LOW_I,HIGH_B,,3.6
10.3030_101162980_full,kimi,prompt_C,pi_main,PI+M_N+LOW_I+LOW_B,M_N,LOW_I,LOW_B,,3.5
10.3030_101162980_full,kimi,prompt_C,pi_main,PI+M_N+TOP_I+HIGH_B,M_N,TOP_I,HIGH_B,,4.0
10.3030_101162980_full,kimi,prompt_C,pi_main,PI+M_N+TOP_I+LOW_B,M_N,TOP_I,LOW_B,,3.6
10.3030_101162980_full,ministral,prompt_A,ai_main,AI+AI_N,,,,AI_N,3.5
10.3030_101162980_full,ministral,prompt_A,ai_main,AI+AI_Y,,,,AI_Y,3.5
10.3030_101162980_full,ministral,prompt_A,blind_baseline,NONE,,,,,3.5
10.3030_101162980_full,ministral,prompt_A,pi_main,PI+F_N+LOW_I+HIGH_B,F_N,LOW_I,HIGH_B,,3.5
10.3030_101162980_full,ministral,prompt_A,pi_main,PI+F_N+LOW_I+LOW_B,F_N,LOW_I,LOW_B,,3.5
10.3030_101162980_full,ministral,prompt_A,pi_main,PI+F_N+TOP_I+HIGH_B,F_N,TOP_I,HIGH_B,,4.0
10.3030_101162980_full,ministral,prompt_A,pi_main,PI+F_N+TOP_I+LOW_B,F_N,TOP_I,LOW_B,,3.5
10.3030_101162980_full,ministral,prompt_A,pi_main,PI+M_N+LOW_I+HIGH_B,M_N,LOW_I,HIGH_B,,3.5
10.3030_101162980_full,ministral,prompt_A,pi_main,PI+M_N+LOW_I+LOW_B,M_N,LOW_I,LOW_B,,3.5
10.3030_101162980_full,ministral,prompt_A,pi_main,PI+M_N+TOP_I+HIGH_B,M_N,TOP_I,HIGH_B,,4.0
10.3030_101162980_full,ministral,prompt_A,pi_main,PI+M_N+TOP_I+LOW_B,M_N,TOP_I,LOW_B,,3.5
10.3030_101162980_full,ministral,prompt_B,ai_main,AI+AI_N,,,,AI_N,3.5
10.3030_101162980_full,ministral,prompt_B,ai_main,AI+AI_Y,,,,AI_Y,3.5
10.3030_101162980_full,ministral,prompt_B,blind_baseline,NONE,,,,,3.5
10.3030_101162980_full,ministral,prompt_B,pi_main,PI+F_N+LOW_I+HIGH_B,F_N,LOW_I,HIGH_B,,3.5
10.3030_101162980_full,ministral,prompt_B,pi_main,PI+F_N+LOW_I+LOW_B,F_N,LOW_I,LOW_B,,3.5
10.3030_101162980_full,ministral,prompt_B,pi_main,PI+F_N+TOP_I+HIGH_B,F_N,TOP_I,HIGH_B,,3.5
10.3030_101162980_full,ministral,prompt_B,pi_main,PI+F_N+TOP_I+LOW_B,F_N,TOP_I,LOW_B,,3.5
10.3030_101162980_full,ministral,prompt_B,pi_main,PI+M_N+LOW_I+HIGH_B,M_N,LOW_I,HIGH_B,,3.5
10.3030_101162980_full,ministral,prompt_B,pi_main,PI+M_N+LOW_I+LOW_B,M_N,LOW_I,LOW_B,,3.5
10.3030_101162980_full,ministral,prompt_B,pi_main,PI+M_N+TOP_I+HIGH_B,M_N,TOP_I,HIGH_B,,3.5
10.3030_101162980_full,ministral,prompt_B,pi_main,PI+M_N+TOP_I+LOW_B,M_N,TOP_I,LOW_B,,3.5
10.3030_101162980_full,ministral,prompt_C,ai_main,AI+AI_N,,,,AI_N,3.5
10.3030_101162980_full,ministral,prompt_C,ai_main,AI+AI_Y,,,,AI_Y,3.5
10.3030_101162980_full,ministral,prompt_C,blind_baseline,NONE,,,,,3.5
10.3030_101162980_full,ministral,prompt_C,pi_main,PI+F_N+LOW_I+HIGH_B,F_N,LOW_I,HIGH_B,,3.5
10.3030_101162980_full,ministral,prompt_C,pi_main,PI+F_N+LOW_I+LOW_B,F_N,LOW_I,LOW_B,,3.5
10.3030_101162980_full,ministral,prompt_C,pi_main,PI+F_N+TOP_I+HIGH_B,F_N,TOP_I,HIGH_B,,3.5
10.3030_101162980_full,ministral,prompt_C,pi_main,PI+F_N+TOP_I+LOW_B,F_N,TOP_I,LOW_B,,3.5
10.3030_101162980_full,ministral,prompt_C,pi_main,PI+M_N+LOW_I+HIGH_B,M_N,LOW_I,HIGH_B,,3.5
10.3030_101162980_full,ministral,prompt_C,pi_main,PI+M_N+LOW_I+LOW_B,M_N,LOW_I,LOW_B,,3.5
10.3030_101162980_full,ministral,prompt_C,pi_main,PI+M_N+TOP_I+HIGH_B,M_N,TOP_I,HIGH_B,,3.5
10.3030_101162980_full,ministral,prompt_C,pi_main,PI+M_N+TOP_I+LOW_B,M_N,TOP_I,LOW_B,,3.5
10.3030_101162980_full,mistral,prompt_A,ai_main,AI+AI_N,,,,AI_N,4.0
10.3030_101162980_full,mistral,prompt_A,ai_main,AI+AI_Y,,,,AI_Y,4.0
10.3030_101162980_full,mistral,prompt_A,blind_baseline,NONE,,,,,3.9
10.3030_101162980_full,mistral,prompt_A,pi_main,PI+F_N+LOW_I+HIGH_B,F_N,LOW_I,HIGH_B,,3.9
10.3030_101162980_full,mistral,prompt_A,pi_main,PI+F_N+LOW_I+LOW_B,F_N,LOW_I,LOW_B,,3.6
10.3030_101162980_full,mistral,prompt_A,pi_main,PI+F_N+TOP_I+HIGH_B,F_N,TOP_I,HIGH_B,,4.0
10.3030_101162980_full,mistral,prompt_A,pi_main,PI+F_N+TOP_I+LOW_B,F_N,TOP_I,LOW_B,,3.8
10.3030_101162980_full,mistral,prompt_A,pi_main,PI+M_N+LOW_I+HIGH_B,M_N,LOW_I,HIGH_B,,3.7
10.3030_101162980_full,mistral,prompt_A,pi_main,PI+M_N+LOW_I+LOW_B,M_N,LOW_I,LOW_B,,3.6
10.3030_101162980_full,mistral,prompt_A,pi_main,PI+M_N+TOP_I+HIGH_B,M_N,TOP_I,HIGH_B,,3.9
10.3030_101162980_full,mistral,prompt_A,pi_main,PI+M_N+TOP_I+LOW_B,M_N,TOP_I,LOW_B,,3.7
10.3030_101162980_full,mistral,prompt_B,ai_main,AI+AI_N,,,,AI_N,3.8
10.3030_101162980_full,mistral,prompt_B,ai_main,AI+AI_Y,,,,AI_Y,3.9
10.3030_101162980_full,mistral,prompt_B,blind_baseline,NONE,,,,,4.0
10.3030_101162980_full,mistral,prompt_B,pi_main,PI+F_N+LOW_I+HIGH_B,F_N,LOW_I,HIGH_B,,4.0
10.3030_101162980_full,mistral,prompt_B,pi_main,PI+F_N+LOW_I+LOW_B,F_N,LOW_I,LOW_B,,4.0
10.3030_101162980_full,mistral,prompt_B,pi_main,PI+F_N+TOP_I+HIGH_B,F_N,TOP_I,HIGH_B,,4.0
10.3030_101162980_full,mistral,prompt_B,pi_main,PI+F_N+TOP_I+LOW_B,F_N,TOP_I,LOW_B,,4.0
10.3030_101162980_full,mistral,prompt_B,pi_main,PI+M_N+LOW_I+HIGH_B,M_N,LOW_I,HIGH_B,,4.0
10.3030_101162980_full,mistral,prompt_B,pi_main,PI+M_N+LOW_I+LOW_B,M_N,LOW_I,LOW_B,,4.0
10.3030_101162980_full,mistral,prompt_B,pi_main,PI+M_N+TOP_I+HIGH_B,M_N,TOP_I,HIGH_B,,4.0
10.3030_101162980_full,mistral,prompt_B,pi_main,PI+M_N+TOP_I+LOW_B,M_N,TOP_I,LOW_B,,4.0
10.3030_101162980_full,mistral,prompt_C,ai_main,AI+AI_N,,,,AI_N,4.0
10.3030_101162980_full,mistral,prompt_C,ai_main,AI+AI_Y,,,,AI_Y,4.0
10.3030_101162980_full,mistral,prompt_C,blind_baseline,NONE,,,,,4.0
10.3030_101162980_full,mistral,prompt_C,pi_main,PI+F_N+LOW_I+HIGH_B,F_N,LOW_I,HIGH_B,,4.0
10.3030_101162980_full,mistral,prompt_C,pi_main,PI+F_N+LOW_I+LOW_B,F_N,LOW_I,LOW_B,,4.0
10.3030_101162980_full,mistral,prompt_C,pi_main,PI+F_N+TOP_I+HIGH_B,F_N,TOP_I,HIGH_B,,4.0
10.3030_101162980_full,mistral,prompt_C,pi_main,PI+F_N+TOP_I+LOW_B,F_N,TOP_I,LOW_B,,4.0
10.3030_101162980_full,mistral,prompt_C,pi_main,PI+M_N+LOW_I+HIGH_B,M_N,LOW_I,HIGH_B,,4.0
10.3030_101162980_full,mistral,prompt_C,pi_main,PI+M_N+LOW_I+LOW_B,M_N,LOW_I,LOW_B,,4.0
10.3030_101162980_full,mistral,prompt_C,pi_main,PI+M_N+TOP_I+HIGH_B,M_N,TOP_I,HIGH_B,,4.0
10.3030_101162980_full,mistral,prompt_C,pi_main,PI+M_N+TOP_I+LOW_B,M_N,TOP_I,LOW_B,,4.0
10.3030_101162980_full,phi,prompt_A,ai_main,AI+AI_N,,,,AI_N,3.5
10.3030_101162980_full,phi,prompt_A,ai_main,AI+AI_Y,,,,AI_Y,3.5
10.3030_101162980_full,phi,prompt_A,blind_baseline,NONE,,,,,3.5
10.3030_101162980_full,phi,prompt_A,pi_main,PI+F_N+LOW_I+HIGH_B,F_N,LOW_I,HIGH_B,,3.5
10.3030_101162980_full,phi,prompt_A,pi_main,PI+F_N+LOW_I+LOW_B,F_N,LOW_I,LOW_B,,3.5
10.3030_101162980_full,phi,prompt_A,pi_main,PI+F_N+TOP_I+HIGH_B,F_N,TOP_I,HIGH_B,,3.5
10.3030_101162980_full,phi,prompt_A,pi_main,PI+F_N+TOP_I+LOW_B,F_N,TOP_I,LOW_B,,3.0
10.3030_101162980_full,phi,prompt_A,pi_main,PI+M_N+LOW_I+HIGH_B,M_N,LOW_I,HIGH_B,,3.5
10.3030_101162980_full,phi,prompt_A,pi_main,PI+M_N+LOW_I+LOW_B,M_N,LOW_I,LOW_B,,3.5
10.3030_101162980_full,phi,prompt_A,pi_main,PI+M_N+TOP_I+HIGH_B,M_N,TOP_I,HIGH_B,,3.5
10.3030_101162980_full,phi,prompt_A,pi_main,PI+M_N+TOP_I+LOW_B,M_N,TOP_I,LOW_B,,3.5
10.3030_101162980_full,phi,prompt_B,ai_main,AI+AI_N,,,,AI_N,3.5
10.3030_101162980_full,phi,prompt_B,ai_main,AI+AI_Y,,,,AI_Y,3.5
10.3030_101162980_full,phi,prompt_B,blind_baseline,NONE,,,,,3.5
10.3030_101162980_full,phi,prompt_B,pi_main,PI+F_N+LOW_I+HIGH_B,F_N,LOW_I,HIGH_B,,3.5
10.3030_101162980_full,phi,prompt_B,pi_main,PI+F_N+LOW_I+LOW_B,F_N,LOW_I,LOW_B,,3.0
10.3030_101162980_full,phi,prompt_B,pi_main,PI+F_N+TOP_I+HIGH_B,F_N,TOP_I,HIGH_B,,3.5
10.3030_101162980_full,phi,prompt_B,pi_main,PI+F_N+TOP_I+LOW_B,F_N,TOP_I,LOW_B,,3.0
10.3030_101162980_full,phi,prompt_B,pi_main,PI+M_N+LOW_I+HIGH_B,M_N,LOW_I,HIGH_B,,3.5
10.3030_101162980_full,phi,prompt_B,pi_main,PI+M_N+LOW_I+LOW_B,M_N,LOW_I,LOW_B,,3.5
10.3030_101162980_full,phi,prompt_B,pi_main,PI+M_N+TOP_I+HIGH_B,M_N,TOP_I,HIGH_B,,3.5
10.3030_101162980_full,phi,prompt_B,pi_main,PI+M_N+TOP_I+LOW_B,M_N,TOP_I,LOW_B,,3.5
10.3030_101162980_full,phi,prompt_C,ai_main,AI+AI_N,,,,AI_N,3.5
10.3030_101162980_full,phi,prompt_C,ai_main,AI+AI_Y,,,,AI_Y,3.5
10.3030_101162980_full,phi,prompt_C,blind_baseline,NONE,,,,,3.5
10.3030_101162980_full,phi,prompt_C,pi_main,PI+F_N+LOW_I+HIGH_B,F_N,LOW_I,HIGH_B,,3.5
10.3030_101162980_full,phi,prompt_C,pi_main,PI+F_N+LOW_I+LOW_B,F_N,LOW_I,LOW_B,,3.5
10.3030_101162980_full,phi,prompt_C,pi_main,PI+F_N+TOP_I+HIGH_B,F_N,TOP_I,HIGH_B,,3.5
10.3030_101162980_full,phi,prompt_C,pi_main,PI+F_N+TOP_I+LOW_B,F_N,TOP_I,LOW_B,,3.5
10.3030_101162980_full,phi,prompt_C,pi_main,PI+M_N+LOW_I+HIGH_B,M_N,LOW_I,HIGH_B,,3.5
10.3030_101162980_full,phi,prompt_C,pi_main,PI+M_N+LOW_I+LOW_B,M_N,LOW_I,LOW_B,,3.5
10.3030_101162980_full,phi,prompt_C,pi_main,PI+M_N+TOP_I+HIGH_B,M_N,TOP_I,HIGH_B,,3.5
10.3030_101162980_full,phi,prompt_C,pi_main,PI+M_N+TOP_I+LOW_B,M_N,TOP_I,LOW_B,,3.5
10.3030_101163069_full,deepseek,prompt_A,ai_main,AI+AI_N,,,,AI_N,3.2
10.3030_101163069_full,deepseek,prompt_A,ai_main,AI+AI_Y,,,,AI_Y,3.1
10.3030_101163069_full,deepseek,prompt_A,blind_baseline,NONE,,,,,3.5
10.3030_101163069_full,deepseek,prompt_A,pi_main,PI+F_N+LOW_I+HIGH_B,F_N,LOW_I,HIGH_B,,3.4
10.3030_101163069_full,deepseek,prompt_A,pi_main,PI+F_N+LOW_I+LOW_B,F_N,LOW_I,LOW_B,,3.4
10.3030_101163069_full,deepseek,prompt_A,pi_main,PI+F_N+TOP_I+HIGH_B,F_N,TOP_I,HIGH_B,,3.4
10.3030_101163069_full,deepseek,prompt_A,pi_main,PI+F_N+TOP_I+LOW_B,F_N,TOP_I,LOW_B,,3.4
10.3030_101163069_full,deepseek,prompt_A,pi_main,PI+M_N+LOW_I+HIGH_B,M_N,LOW_I,HIGH_B,,3.4
10.3030_101163069_full,deepseek,prompt_A,pi_main,PI+M_N+LOW_I+LOW_B,M_N,LOW_I,LOW_B,,3.4
10.3030_101163069_full,deepseek,prompt_A,pi_main,PI+M_N+TOP_I+HIGH_B,M_N,TOP_I,HIGH_B,,3.4
10.3030_101163069_full,deepseek,prompt_A,pi_main,PI+M_N+TOP_I+LOW_B,M_N,TOP_I,LOW_B,,3.3
10.3030_101163069_full,deepseek,prompt_B,ai_main,AI+AI_N,,,,AI_N,3.4
10.3030_101163069_full,deepseek,prompt_B,ai_main,AI+AI_Y,,,,AI_Y,3.5
10.3030_101163069_full,deepseek,prompt_B,blind_baseline,NONE,,,,,3.2
10.3030_101163069_full,deepseek,prompt_B,pi_main,PI+F_N+LOW_I+HIGH_B,F_N,LOW_I,HIGH_B,,3.5
10.3030_101163069_full,deepseek,prompt_B,pi_main,PI+F_N+LOW_I+LOW_B,F_N,LOW_I,LOW_B,,2.8
10.3030_101163069_full,deepseek,prompt_B,pi_main,PI+F_N+TOP_I+HIGH_B,F_N,TOP_I,HIGH_B,,3.4
10.3030_101163069_full,deepseek,prompt_B,pi_main,PI+F_N+TOP_I+LOW_B,F_N,TOP_I,LOW_B,,3.5
10.3030_101163069_full,deepseek,prompt_B,pi_main,PI+M_N+LOW_I+HIGH_B,M_N,LOW_I,HIGH_B,,3.4
10.3030_101163069_full,deepseek,prompt_B,pi_main,PI+M_N+LOW_I+LOW_B,M_N,LOW_I,LOW_B,,3.0
10.3030_101163069_full,deepseek,prompt_B,pi_main,PI+M_N+TOP_I+HIGH_B,M_N,TOP_I,HIGH_B,,3.7
10.3030_101163069_full,deepseek,prompt_B,pi_main,PI+M_N+TOP_I+LOW_B,M_N,TOP_I,LOW_B,,3.7
10.3030_101163069_full,deepseek,prompt_C,ai_main,AI+AI_N,,,,AI_N,3.5
10.3030_101163069_full,deepseek,prompt_C,ai_main,AI+AI_Y,,,,AI_Y,3.7
10.3030_101163069_full,deepseek,prompt_C,blind_baseline,NONE,,,,,3.6
10.3030_101163069_full,deepseek,prompt_C,pi_main,PI+F_N+LOW_I+HIGH_B,F_N,LOW_I,HIGH_B,,3.5
10.3030_101163069_full,deepseek,prompt_C,pi_main,PI+F_N+LOW_I+LOW_B,F_N,LOW_I,LOW_B,,3.2
10.3030_101163069_full,deepseek,prompt_C,pi_main,PI+F_N+TOP_I+HIGH_B,F_N,TOP_I,HIGH_B,,3.5
10.3030_101163069_full,deepseek,prompt_C,pi_main,PI+F_N+TOP_I+LOW_B,F_N,TOP_I,LOW_B,,3.5
10.3030_101163069_full,deepseek,prompt_C,pi_main,PI+M_N+LOW_I+HIGH_B,M_N,LOW_I,HIGH_B,,3.5
10.3030_101163069_full,deepseek,prompt_C,pi_main,PI+M_N+LOW_I+LOW_B,M_N,LOW_I,LOW_B,,3.3
10.3030_101163069_full,deepseek,prompt_C,pi_main,PI+M_N+TOP_I+HIGH_B,M_N,TOP_I,HIGH_B,,3.6
10.3030_101163069_full,deepseek,prompt_C,pi_main,PI+M_N+TOP_I+LOW_B,M_N,TOP_I,LOW_B,,3.2
10.3030_101163069_full,gemma,prompt_A,ai_main,AI+AI_N,,,,AI_N,3.5
10.3030_101163069_full,gemma,prompt_A,ai_main,AI+AI_Y,,,,AI_Y,3.5
10.3030_101163069_full,gemma,prompt_A,blind_baseline,NONE,,,,,3.5
10.3030_101163069_full,gemma,prompt_A,pi_main,PI+F_N+LOW_I+HIGH_B,F_N,LOW_I,HIGH_B,,3.5
10.3030_101163069_full,gemma,prompt_A,pi_main,PI+F_N+LOW_I+LOW_B,F_N,LOW_I,LOW_B,,3.0
10.3030_101163069_full,gemma,prompt_A,pi_main,PI+F_N+TOP_I+HIGH_B,F_N,TOP_I,HIGH_B,,3.5
10.3030_101163069_full,gemma,prompt_A,pi_main,PI+F_N+TOP_I+LOW_B,F_N,TOP_I,LOW_B,,3.0
10.3030_101163069_full,gemma,prompt_A,pi_main,PI+M_N+LOW_I+HIGH_B,M_N,LOW_I,HIGH_B,,3.3
10.3030_101163069_full,gemma,prompt_A,pi_main,PI+M_N+LOW_I+LOW_B,M_N,LOW_I,LOW_B,,3.0
10.3030_101163069_full,gemma,prompt_A,pi_main,PI+M_N+TOP_I+HIGH_B,M_N,TOP_I,HIGH_B,,3.5
10.3030_101163069_full,gemma,prompt_A,pi_main,PI+M_N+TOP_I+LOW_B,M_N,TOP_I,LOW_B,,3.0
10.3030_101163069_full,gemma,prompt_B,ai_main,AI+AI_N,,,,AI_N,3.5
10.3030_101163069_full,gemma,prompt_B,ai_main,AI+AI_Y,,,,AI_Y,3.5
10.3030_101163069_full,gemma,prompt_B,blind_baseline,NONE,,,,,3.5
10.3030_101163069_full,gemma,prompt_B,pi_main,PI+F_N+LOW_I+HIGH_B,F_N,LOW_I,HIGH_B,,3.5
10.3030_101163069_full,gemma,prompt_B,pi_main,PI+F_N+LOW_I+LOW_B,F_N,LOW_I,LOW_B,,3.5
10.3030_101163069_full,gemma,prompt_B,pi_main,PI+F_N+TOP_I+HIGH_B,F_N,TOP_I,HIGH_B,,3.5
10.3030_101163069_full,gemma,prompt_B,pi_main,PI+F_N+TOP_I+LOW_B,F_N,TOP_I,LOW_B,,3.5
10.3030_101163069_full,gemma,prompt_B,pi_main,PI+M_N+LOW_I+HIGH_B,M_N,LOW_I,HIGH_B,,3.5
10.3030_101163069_full,gemma,prompt_B,pi_main,PI+M_N+LOW_I+LOW_B,M_N,LOW_I,LOW_B,,3.5
10.3030_101163069_full,gemma,prompt_B,pi_main,PI+M_N+TOP_I+HIGH_B,M_N,TOP_I,HIGH_B,,3.5
10.3030_101163069_full,gemma,prompt_B,pi_main,PI+M_N+TOP_I+LOW_B,M_N,TOP_I,LOW_B,,3.5
10.3030_101163069_full,gemma,prompt_C,ai_main,AI+AI_N,,,,AI_N,3.5
10.3030_101163069_full,gemma,prompt_C,ai_main,AI+AI_Y,,,,AI_Y,3.5
10.3030_101163069_full,gemma,prompt_C,blind_baseline,NONE,,,,,3.5
10.3030_101163069_full,gemma,prompt_C,pi_main,PI+F_N+LOW_I+HIGH_B,F_N,LOW_I,HIGH_B,,3.5
10.3030_101163069_full,gemma,prompt_C,pi_main,PI+F_N+LOW_I+LOW_B,F_N,LOW_I,LOW_B,,3.5
10.3030_101163069_full,gemma,prompt_C,pi_main,PI+F_N+TOP_I+HIGH_B,F_N,TOP_I,HIGH_B,,3.5
10.3030_101163069_full,gemma,prompt_C,pi_main,PI+F_N+TOP_I+LOW_B,F_N,TOP_I,LOW_B,,3.5
10.3030_101163069_full,gemma,prompt_C,pi_main,PI+M_N+LOW_I+HIGH_B,M_N,LOW_I,HIGH_B,,3.5
10.3030_101163069_full,gemma,prompt_C,pi_main,PI+M_N+LOW_I+LOW_B,M_N,LOW_I,LOW_B,,3.5
10.3030_101163069_full,gemma,prompt_C,pi_main,PI+M_N+TOP_I+HIGH_B,M_N,TOP_I,HIGH_B,,3.5
10.3030_101163069_full,gemma,prompt_C,pi_main,PI+M_N+TOP_I+LOW_B,M_N,TOP_I,LOW_B,,3.5
10.3030_101163069_full,glm,prompt_A,ai_main,AI+AI_N,,,,AI_N,3.5
10.3030_101163069_full,glm,prompt_A,ai_main,AI+AI_Y,,,,AI_Y,3.5
10.3030_101163069_full,glm,prompt_A,blind_baseline,NONE,,,,,3.6
10.3030_101163069_full,glm,prompt_A,pi_main,PI+F_N+LOW_I+HIGH_B,F_N,LOW_I,HIGH_B,,3.2
10.3030_101163069_full,glm,prompt_A,pi_main,PI+F_N+LOW_I+LOW_B,F_N,LOW_I,LOW_B,,2.7
10.3030_101163069_full,glm,prompt_A,pi_main,PI+F_N+TOP_I+HIGH_B,F_N,TOP_I,HIGH_B,,3.5
10.3030_101163069_full,glm,prompt_A,pi_main,PI+F_N+TOP_I+LOW_B,F_N,TOP_I,LOW_B,,3.3
10.3030_101163069_full,glm,prompt_A,pi_main,PI+M_N+LOW_I+HIGH_B,M_N,LOW_I,HIGH_B,,3.5
10.3030_101163069_full,glm,prompt_A,pi_main,PI+M_N+LOW_I+LOW_B,M_N,LOW_I,LOW_B,,2.7
10.3030_101163069_full,glm,prompt_A,pi_main,PI+M_N+TOP_I+HIGH_B,M_N,TOP_I,HIGH_B,,3.5
10.3030_101163069_full,glm,prompt_A,pi_main,PI+M_N+TOP_I+LOW_B,M_N,TOP_I,LOW_B,,3.5
10.3030_101163069_full,glm,prompt_B,ai_main,AI+AI_N,,,,AI_N,3.8
10.3030_101163069_full,glm,prompt_B,ai_main,AI+AI_Y,,,,AI_Y,3.5
10.3030_101163069_full,glm,prompt_B,blind_baseline,NONE,,,,,3.6
10.3030_101163069_full,glm,prompt_B,pi_main,PI+F_N+LOW_I+HIGH_B,F_N,LOW_I,HIGH_B,,3.5
10.3030_101163069_full,glm,prompt_B,pi_main,PI+F_N+LOW_I+LOW_B,F_N,LOW_I,LOW_B,,3.5
10.3030_101163069_full,glm,prompt_B,pi_main,PI+F_N+TOP_I+HIGH_B,F_N,TOP_I,HIGH_B,,3.5
10.3030_101163069_full,glm,prompt_B,pi_main,PI+F_N+TOP_I+LOW_B,F_N,TOP_I,LOW_B,,3.5
10.3030_101163069_full,glm,prompt_B,pi_main,PI+M_N+LOW_I+HIGH_B,M_N,LOW_I,HIGH_B,,3.5
10.3030_101163069_full,glm,prompt_B,pi_main,PI+M_N+LOW_I+LOW_B,M_N,LOW_I,LOW_B,,3.5
10.3030_101163069_full,glm,prompt_B,pi_main,PI+M_N+TOP_I+HIGH_B,M_N,TOP_I,HIGH_B,,3.5
10.3030_101163069_full,glm,prompt_B,pi_main,PI+M_N+TOP_I+LOW_B,M_N,TOP_I,LOW_B,,3.5
10.3030_101163069_full,glm,prompt_C,ai_main,AI+AI_N,,,,AI_N,3.6
10.3030_101163069_full,glm,prompt_C,ai_main,AI+AI_Y,,,,AI_Y,3.5
10.3030_101163069_full,glm,prompt_C,blind_baseline,NONE,,,,,3.6
10.3030_101163069_full,glm,prompt_C,pi_main,PI+F_N+LOW_I+HIGH_B,F_N,LOW_I,HIGH_B,,3.5
10.3030_101163069_full,glm,prompt_C,pi_main,PI+F_N+LOW_I+LOW_B,F_N,LOW_I,LOW_B,,3.5
10.3030_101163069_full,glm,prompt_C,pi_main,PI+F_N+TOP_I+HIGH_B,F_N,TOP_I,HIGH_B,,3.6
10.3030_101163069_full,glm,prompt_C,pi_main,PI+F_N+TOP_I+LOW_B,F_N,TOP_I,LOW_B,,3.5
10.3030_101163069_full,glm,prompt_C,pi_main,PI+M_N+LOW_I+HIGH_B,M_N,LOW_I,HIGH_B,,3.5
10.3030_101163069_full,glm,prompt_C,pi_main,PI+M_N+LOW_I+LOW_B,M_N,LOW_I,LOW_B,,3.5
10.3030_101163069_full,glm,prompt_C,pi_main,PI+M_N+TOP_I+HIGH_B,M_N,TOP_I,HIGH_B,,3.5
10.3030_101163069_full,glm,prompt_C,pi_main,PI+M_N+TOP_I+LOW_B,M_N,TOP_I,LOW_B,,3.5
10.3030_101163069_full,gpt,prompt_A,ai_main,AI+AI_N,,,,AI_N,3.5
10.3030_101163069_full,gpt,prompt_A,ai_main,AI+AI_Y,,,,AI_Y,3.5
10.3030_101163069_full,gpt,prompt_A,blind_baseline,NONE,,,,,3.5
10.3030_101163069_full,gpt,prompt_A,pi_main,PI+F_N+LOW_I+HIGH_B,F_N,LOW_I,HIGH_B,,3.5
10.3030_101163069_full,gpt,prompt_A,pi_main,PI+F_N+LOW_I+LOW_B,F_N,LOW_I,LOW_B,,3.0
10.3030_101163069_full,gpt,prompt_A,pi_main,PI+F_N+TOP_I+HIGH_B,F_N,TOP_I,HIGH_B,,3.5
10.3030_101163069_full,gpt,prompt_A,pi_main,PI+F_N+TOP_I+LOW_B,F_N,TOP_I,LOW_B,,3.5
10.3030_101163069_full,gpt,prompt_A,pi_main,PI+M_N+LOW_I+HIGH_B,M_N,LOW_I,HIGH_B,,3.5
10.3030_101163069_full,gpt,prompt_A,pi_main,PI+M_N+LOW_I+LOW_B,M_N,LOW_I,LOW_B,,3.0
10.3030_101163069_full,gpt,prompt_A,pi_main,PI+M_N+TOP_I+HIGH_B,M_N,TOP_I,HIGH_B,,3.5
10.3030_101163069_full,gpt,prompt_A,pi_main,PI+M_N+TOP_I+LOW_B,M_N,TOP_I,LOW_B,,3.5
10.3030_101163069_full,gpt,prompt_B,ai_main,AI+AI_N,,,,AI_N,3.5
10.3030_101163069_full,gpt,prompt_B,ai_main,AI+AI_Y,,,,AI_Y,3.5
10.3030_101163069_full,gpt,prompt_B,blind_baseline,NONE,,,,,3.6
10.3030_101163069_full,gpt,prompt_B,pi_main,PI+F_N+LOW_I+HIGH_B,F_N,LOW_I,HIGH_B,,3.5
10.3030_101163069_full,gpt,prompt_B,pi_main,PI+F_N+LOW_I+LOW_B,F_N,LOW_I,LOW_B,,3.5
10.3030_101163069_full,gpt,prompt_B,pi_main,PI+F_N+TOP_I+HIGH_B,F_N,TOP_I,HIGH_B,,3.5
10.3030_101163069_full,gpt,prompt_B,pi_main,PI+F_N+TOP_I+LOW_B,F_N,TOP_I,LOW_B,,3.5
10.3030_101163069_full,gpt,prompt_B,pi_main,PI+M_N+LOW_I+HIGH_B,M_N,LOW_I,HIGH_B,,3.6
10.3030_101163069_full,gpt,prompt_B,pi_main,PI+M_N+LOW_I+LOW_B,M_N,LOW_I,LOW_B,,3.5
10.3030_101163069_full,gpt,prompt_B,pi_main,PI+M_N+TOP_I+HIGH_B,M_N,TOP_I,HIGH_B,,3.5
10.3030_101163069_full,gpt,prompt_B,pi_main,PI+M_N+TOP_I+LOW_B,M_N,TOP_I,LOW_B,,3.5
10.3030_101163069_full,gpt,prompt_C,ai_main,AI+AI_N,,,,AI_N,3.9
10.3030_101163069_full,gpt,prompt_C,ai_main,AI+AI_Y,,,,AI_Y,3.6
10.3030_101163069_full,gpt,prompt_C,blind_baseline,NONE,,,,,4.0
10.3030_101163069_full,gpt,prompt_C,pi_main,PI+F_N+LOW_I+HIGH_B,F_N,LOW_I,HIGH_B,,3.6
10.3030_101163069_full,gpt,prompt_C,pi_main,PI+F_N+LOW_I+LOW_B,F_N,LOW_I,LOW_B,,3.5
10.3030_101163069_full,gpt,prompt_C,pi_main,PI+F_N+TOP_I+HIGH_B,F_N,TOP_I,HIGH_B,,3.8
10.3030_101163069_full,gpt,prompt_C,pi_main,PI+F_N+TOP_I+LOW_B,F_N,TOP_I,LOW_B,,3.5
10.3030_101163069_full,gpt,prompt_C,pi_main,PI+M_N+LOW_I+HIGH_B,M_N,LOW_I,HIGH_B,,3.7
10.3030_101163069_full,gpt,prompt_C,pi_main,PI+M_N+LOW_I+LOW_B,M_N,LOW_I,LOW_B,,3.5
10.3030_101163069_full,gpt,prompt_C,pi_main,PI+M_N+TOP_I+HIGH_B,M_N,TOP_I,HIGH_B,,3.5
10.3030_101163069_full,gpt,prompt_C,pi_main,PI+M_N+TOP_I+LOW_B,M_N,TOP_I,LOW_B,,3.5
10.3030_101163069_full,kimi,prompt_A,ai_main,AI+AI_N,,,,AI_N,3.6
10.3030_101163069_full,kimi,prompt_A,ai_main,AI+AI_Y,,,,AI_Y,3.5
10.3030_101163069_full,kimi,prompt_A,blind_baseline,NONE,,,,,3.7
10.3030_101163069_full,kimi,prompt_A,pi_main,PI+F_N+LOW_I+HIGH_B,F_N,LOW_I,HIGH_B,,3.5
10.3030_101163069_full,kimi,prompt_A,pi_main,PI+F_N+LOW_I+LOW_B,F_N,LOW_I,LOW_B,,3.3
10.3030_101163069_full,kimi,prompt_A,pi_main,PI+F_N+TOP_I+HIGH_B,F_N,TOP_I,HIGH_B,,3.5
10.3030_101163069_full,kimi,prompt_A,pi_main,PI+F_N+TOP_I+LOW_B,F_N,TOP_I,LOW_B,,3.4
10.3030_101163069_full,kimi,prompt_A,pi_main,PI+M_N+LOW_I+HIGH_B,M_N,LOW_I,HIGH_B,,3.5
10.3030_101163069_full,kimi,prompt_A,pi_main,PI+M_N+LOW_I+LOW_B,M_N,LOW_I,LOW_B,,3.4
10.3030_101163069_full,kimi,prompt_A,pi_main,PI+M_N+TOP_I+HIGH_B,M_N,TOP_I,HIGH_B,,3.5
10.3030_101163069_full,kimi,prompt_A,pi_main,PI+M_N+TOP_I+LOW_B,M_N,TOP_I,LOW_B,,3.5
10.3030_101163069_full,kimi,prompt_B,ai_main,AI+AI_N,,,,AI_N,3.5
10.3030_101163069_full,kimi,prompt_B,ai_main,AI+AI_Y,,,,AI_Y,3.5
10.3030_101163069_full,kimi,prompt_B,blind_baseline,NONE,,,,,3.6
10.3030_101163069_full,kimi,prompt_B,pi_main,PI+F_N+LOW_I+HIGH_B,F_N,LOW_I,HIGH_B,,3.5
10.3030_101163069_full,kimi,prompt_B,pi_main,PI+F_N+LOW_I+LOW_B,F_N,LOW_I,LOW_B,,3.6
10.3030_101163069_full,kimi,prompt_B,pi_main,PI+F_N+TOP_I+HIGH_B,F_N,TOP_I,HIGH_B,,3.6
10.3030_101163069_full,kimi,prompt_B,pi_main,PI+F_N+TOP_I+LOW_B,F_N,TOP_I,LOW_B,,3.6
10.3030_101163069_full,kimi,prompt_B,pi_main,PI+M_N+LOW_I+HIGH_B,M_N,LOW_I,HIGH_B,,3.7
10.3030_101163069_full,kimi,prompt_B,pi_main,PI+M_N+LOW_I+LOW_B,M_N,LOW_I,LOW_B,,3.5
10.3030_101163069_full,kimi,prompt_B,pi_main,PI+M_N+TOP_I+HIGH_B,M_N,TOP_I,HIGH_B,,3.7
10.3030_101163069_full,kimi,prompt_B,pi_main,PI+M_N+TOP_I+LOW_B,M_N,TOP_I,LOW_B,,3.5
10.3030_101163069_full,kimi,prompt_C,ai_main,AI+AI_N,,,,AI_N,3.7
10.3030_101163069_full,kimi,prompt_C,ai_main,AI+AI_Y,,,,AI_Y,3.6
10.3030_101163069_full,kimi,prompt_C,blind_baseline,NONE,,,,,3.6
10.3030_101163069_full,kimi,prompt_C,pi_main,PI+F_N+LOW_I+HIGH_B,F_N,LOW_I,HIGH_B,,3.6
10.3030_101163069_full,kimi,prompt_C,pi_main,PI+F_N+LOW_I+LOW_B,F_N,LOW_I,LOW_B,,3.5
10.3030_101163069_full,kimi,prompt_C,pi_main,PI+F_N+TOP_I+HIGH_B,F_N,TOP_I,HIGH_B,,3.6
10.3030_101163069_full,kimi,prompt_C,pi_main,PI+F_N+TOP_I+LOW_B,F_N,TOP_I,LOW_B,,3.5
10.3030_101163069_full,kimi,prompt_C,pi_main,PI+M_N+LOW_I+HIGH_B,M_N,LOW_I,HIGH_B,,3.5
10.3030_101163069_full,kimi,prompt_C,pi_main,PI+M_N+LOW_I+LOW_B,M_N,LOW_I,LOW_B,,3.5
10.3030_101163069_full,kimi,prompt_C,pi_main,PI+M_N+TOP_I+HIGH_B,M_N,TOP_I,HIGH_B,,3.6
10.3030_101163069_full,kimi,prompt_C,pi_main,PI+M_N+TOP_I+LOW_B,M_N,TOP_I,LOW_B,,3.5
10.3030_101163069_full,ministral,prompt_A,ai_main,AI+AI_N,,,,AI_N,4.0
10.3030_101163069_full,ministral,prompt_A,ai_main,AI+AI_Y,,,,AI_Y,4.0
10.3030_101163069_full,ministral,prompt_A,blind_baseline,NONE,,,,,4.0
10.3030_101163069_full,ministral,prompt_A,pi_main,PI+F_N+LOW_I+HIGH_B,F_N,LOW_I,HIGH_B,,3.5
10.3030_101163069_full,ministral,prompt_A,pi_main,PI+F_N+LOW_I+LOW_B,F_N,LOW_I,LOW_B,,3.5
10.3030_101163069_full,ministral,prompt_A,pi_main,PI+F_N+TOP_I+HIGH_B,F_N,TOP_I,HIGH_B,,4.0
10.3030_101163069_full,ministral,prompt_A,pi_main,PI+F_N+TOP_I+LOW_B,F_N,TOP_I,LOW_B,,3.5
10.3030_101163069_full,ministral,prompt_A,pi_main,PI+M_N+LOW_I+HIGH_B,M_N,LOW_I,HIGH_B,,3.5
10.3030_101163069_full,ministral,prompt_A,pi_main,PI+M_N+LOW_I+LOW_B,M_N,LOW_I,LOW_B,,3.5
10.3030_101163069_full,ministral,prompt_A,pi_main,PI+M_N+TOP_I+HIGH_B,M_N,TOP_I,HIGH_B,,4.0
10.3030_101163069_full,ministral,prompt_A,pi_main,PI+M_N+TOP_I+LOW_B,M_N,TOP_I,LOW_B,,3.5
10.3030_101163069_full,ministral,prompt_B,ai_main,AI+AI_N,,,,AI_N,4.0
10.3030_101163069_full,ministral,prompt_B,ai_main,AI+AI_Y,,,,AI_Y,4.0
10.3030_101163069_full,ministral,prompt_B,blind_baseline,NONE,,,,,4.0
10.3030_101163069_full,ministral,prompt_B,pi_main,PI+F_N+LOW_I+HIGH_B,F_N,LOW_I,HIGH_B,,4.0
10.3030_101163069_full,ministral,prompt_B,pi_main,PI+F_N+LOW_I+LOW_B,F_N,LOW_I,LOW_B,,4.0
10.3030_101163069_full,ministral,prompt_B,pi_main,PI+F_N+TOP_I+HIGH_B,F_N,TOP_I,HIGH_B,,4.0
10.3030_101163069_full,ministral,prompt_B,pi_main,PI+F_N+TOP_I+LOW_B,F_N,TOP_I,LOW_B,,4.0
10.3030_101163069_full,ministral,prompt_B,pi_main,PI+M_N+LOW_I+HIGH_B,M_N,LOW_I,HIGH_B,,4.0
10.3030_101163069_full,ministral,prompt_B,pi_main,PI+M_N+LOW_I+LOW_B,M_N,LOW_I,LOW_B,,4.0
10.3030_101163069_full,ministral,prompt_B,pi_main,PI+M_N+TOP_I+HIGH_B,M_N,TOP_I,HIGH_B,,4.0
10.3030_101163069_full,ministral,prompt_B,pi_main,PI+M_N+TOP_I+LOW_B,M_N,TOP_I,LOW_B,,4.0
10.3030_101163069_full,ministral,prompt_C,ai_main,AI+AI_N,,,,AI_N,4.0
10.3030_101163069_full,ministral,prompt_C,ai_main,AI+AI_Y,,,,AI_Y,3.5
10.3030_101163069_full,ministral,prompt_C,blind_baseline,NONE,,,,,4.0
10.3030_101163069_full,ministral,prompt_C,pi_main,PI+F_N+LOW_I+HIGH_B,F_N,LOW_I,HIGH_B,,4.0
10.3030_101163069_full,ministral,prompt_C,pi_main,PI+F_N+LOW_I+LOW_B,F_N,LOW_I,LOW_B,,4.0
10.3030_101163069_full,ministral,prompt_C,pi_main,PI+F_N+TOP_I+HIGH_B,F_N,TOP_I,HIGH_B,,4.0
10.3030_101163069_full,ministral,prompt_C,pi_main,PI+F_N+TOP_I+LOW_B,F_N,TOP_I,LOW_B,,4.0
10.3030_101163069_full,ministral,prompt_C,pi_main,PI+M_N+LOW_I+HIGH_B,M_N,LOW_I,HIGH_B,,4.0
10.3030_101163069_full,ministral,prompt_C,pi_main,PI+M_N+LOW_I+LOW_B,M_N,LOW_I,LOW_B,,3.5
10.3030_101163069_full,ministral,prompt_C,pi_main,PI+M_N+TOP_I+HIGH_B,M_N,TOP_I,HIGH_B,,4.0
10.3030_101163069_full,ministral,prompt_C,pi_main,PI+M_N+TOP_I+LOW_B,M_N,TOP_I,LOW_B,,4.0
10.3030_101163069_full,mistral,prompt_A,ai_main,AI+AI_N,,,,AI_N,4.0
10.3030_101163069_full,mistral,prompt_A,ai_main,AI+AI_Y,,,,AI_Y,4.0
10.3030_101163069_full,mistral,prompt_A,blind_baseline,NONE,,,,,4.0
10.3030_101163069_full,mistral,prompt_A,pi_main,PI+F_N+LOW_I+HIGH_B,F_N,LOW_I,HIGH_B,,3.9
10.3030_101163069_full,mistral,prompt_A,pi_main,PI+F_N+LOW_I+LOW_B,F_N,LOW_I,LOW_B,,3.7
10.3030_101163069_full,mistral,prompt_A,pi_main,PI+F_N+TOP_I+HIGH_B,F_N,TOP_I,HIGH_B,,3.9
10.3030_101163069_full,mistral,prompt_A,pi_main,PI+F_N+TOP_I+LOW_B,F_N,TOP_I,LOW_B,,3.8
10.3030_101163069_full,mistral,prompt_A,pi_main,PI+M_N+LOW_I+HIGH_B,M_N,LOW_I,HIGH_B,,3.8
10.3030_101163069_full,mistral,prompt_A,pi_main,PI+M_N+LOW_I+LOW_B,M_N,LOW_I,LOW_B,,3.6
10.3030_101163069_full,mistral,prompt_A,pi_main,PI+M_N+TOP_I+HIGH_B,M_N,TOP_I,HIGH_B,,3.8
10.3030_101163069_full,mistral,prompt_A,pi_main,PI+M_N+TOP_I+LOW_B,M_N,TOP_I,LOW_B,,3.6
10.3030_101163069_full,mistral,prompt_B,ai_main,AI+AI_N,,,,AI_N,4.0
10.3030_101163069_full,mistral,prompt_B,ai_main,AI+AI_Y,,,,AI_Y,3.9
10.3030_101163069_full,mistral,prompt_B,blind_baseline,NONE,,,,,4.0
10.3030_101163069_full,mistral,prompt_B,pi_main,PI+F_N+LOW_I+HIGH_B,F_N,LOW_I,HIGH_B,,4.0
10.3030_101163069_full,mistral,prompt_B,pi_main,PI+F_N+LOW_I+LOW_B,F_N,LOW_I,LOW_B,,3.8
10.3030_101163069_full,mistral,prompt_B,pi_main,PI+F_N+TOP_I+HIGH_B,F_N,TOP_I,HIGH_B,,4.0
10.3030_101163069_full,mistral,prompt_B,pi_main,PI+F_N+TOP_I+LOW_B,F_N,TOP_I,LOW_B,,4.0
10.3030_101163069_full,mistral,prompt_B,pi_main,PI+M_N+LOW_I+HIGH_B,M_N,LOW_I,HIGH_B,,3.9
10.3030_101163069_full,mistral,prompt_B,pi_main,PI+M_N+LOW_I+LOW_B,M_N,LOW_I,LOW_B,,4.0
10.3030_101163069_full,mistral,prompt_B,pi_main,PI+M_N+TOP_I+HIGH_B,M_N,TOP_I,HIGH_B,,4.0
10.3030_101163069_full,mistral,prompt_B,pi_main,PI+M_N+TOP_I+LOW_B,M_N,TOP_I,LOW_B,,3.8
10.3030_101163069_full,mistral,prompt_C,ai_main,AI+AI_N,,,,AI_N,3.8
10.3030_101163069_full,mistral,prompt_C,ai_main,AI+AI_Y,,,,AI_Y,3.9
10.3030_101163069_full,mistral,prompt_C,blind_baseline,NONE,,,,,3.9
10.3030_101163069_full,mistral,prompt_C,pi_main,PI+F_N+LOW_I+HIGH_B,F_N,LOW_I,HIGH_B,,3.7
10.3030_101163069_full,mistral,prompt_C,pi_main,PI+F_N+LOW_I+LOW_B,F_N,LOW_I,LOW_B,,3.7
10.3030_101163069_full,mistral,prompt_C,pi_main,PI+F_N+TOP_I+HIGH_B,F_N,TOP_I,HIGH_B,,3.9
10.3030_101163069_full,mistral,prompt_C,pi_main,PI+F_N+TOP_I+LOW_B,F_N,TOP_I,LOW_B,,4.0
10.3030_101163069_full,mistral,prompt_C,pi_main,PI+M_N+LOW_I+HIGH_B,M_N,LOW_I,HIGH_B,,3.9
10.3030_101163069_full,mistral,prompt_C,pi_main,PI+M_N+LOW_I+LOW_B,M_N,LOW_I,LOW_B,,4.0
10.3030_101163069_full,mistral,prompt_C,pi_main,PI+M_N+TOP_I+HIGH_B,M_N,TOP_I,HIGH_B,,3.9
10.3030_101163069_full,mistral,prompt_C,pi_main,PI+M_N+TOP_I+LOW_B,M_N,TOP_I,LOW_B,,3.8
10.3030_101163069_full,phi,prompt_A,ai_main,AI+AI_N,,,,AI_N,3.5
10.3030_101163069_full,phi,prompt_A,ai_main,AI+AI_Y,,,,AI_Y,3.0
10.3030_101163069_full,phi,prompt_A,blind_baseline,NONE,,,,,3.1
10.3030_101163069_full,phi,prompt_A,pi_main,PI+F_N+LOW_I+HIGH_B,F_N,LOW_I,HIGH_B,,3.5
10.3030_101163069_full,phi,prompt_A,pi_main,PI+F_N+LOW_I+LOW_B,F_N,LOW_I,LOW_B,,3.0
10.3030_101163069_full,phi,prompt_A,pi_main,PI+F_N+TOP_I+HIGH_B,F_N,TOP_I,HIGH_B,,3.5
10.3030_101163069_full,phi,prompt_A,pi_main,PI+F_N+TOP_I+LOW_B,F_N,TOP_I,LOW_B,,3.5
10.3030_101163069_full,phi,prompt_A,pi_main,PI+M_N+LOW_I+HIGH_B,M_N,LOW_I,HIGH_B,,3.5
10.3030_101163069_full,phi,prompt_A,pi_main,PI+M_N+LOW_I+LOW_B,M_N,LOW_I,LOW_B,,3.0
10.3030_101163069_full,phi,prompt_A,pi_main,PI+M_N+TOP_I+HIGH_B,M_N,TOP_I,HIGH_B,,3.5
10.3030_101163069_full,phi,prompt_A,pi_main,PI+M_N+TOP_I+LOW_B,M_N,TOP_I,LOW_B,,3.5
10.3030_101163069_full,phi,prompt_B,ai_main,AI+AI_N,,,,AI_N,3.0
10.3030_101163069_full,phi,prompt_B,ai_main,AI+AI_Y,,,,AI_Y,3.1
10.3030_101163069_full,phi,prompt_B,blind_baseline,NONE,,,,,3.0
10.3030_101163069_full,phi,prompt_B,pi_main,PI+F_N+LOW_I+HIGH_B,F_N,LOW_I,HIGH_B,,3.0
10.3030_101163069_full,phi,prompt_B,pi_main,PI+F_N+LOW_I+LOW_B,F_N,LOW_I,LOW_B,,3.5
10.3030_101163069_full,phi,prompt_B,pi_main,PI+F_N+TOP_I+HIGH_B,F_N,TOP_I,HIGH_B,,3.5
10.3030_101163069_full,phi,prompt_B,pi_main,PI+F_N+TOP_I+LOW_B,F_N,TOP_I,LOW_B,,3.0
10.3030_101163069_full,phi,prompt_B,pi_main,PI+M_N+LOW_I+HIGH_B,M_N,LOW_I,HIGH_B,,3.0
10.3030_101163069_full,phi,prompt_B,pi_main,PI+M_N+LOW_I+LOW_B,M_N,LOW_I,LOW_B,,3.0
10.3030_101163069_full,phi,prompt_B,pi_main,PI+M_N+TOP_I+HIGH_B,M_N,TOP_I,HIGH_B,,3.0
10.3030_101163069_full,phi,prompt_B,pi_main,PI+M_N+TOP_I+LOW_B,M_N,TOP_I,LOW_B,,3.0
10.3030_101163069_full,phi,prompt_C,ai_main,AI+AI_N,,,,AI_N,3.4
10.3030_101163069_full,phi,prompt_C,ai_main,AI+AI_Y,,,,AI_Y,3.0
10.3030_101163069_full,phi,prompt_C,blind_baseline,NONE,,,,,3.5
10.3030_101163069_full,phi,prompt_C,pi_main,PI+F_N+LOW_I+HIGH_B,F_N,LOW_I,HIGH_B,,3.0
10.3030_101163069_full,phi,prompt_C,pi_main,PI+F_N+LOW_I+LOW_B,F_N,LOW_I,LOW_B,,3.0
10.3030_101163069_full,phi,prompt_C,pi_main,PI+F_N+TOP_I+HIGH_B,F_N,TOP_I,HIGH_B,,3.5
10.3030_101163069_full,phi,prompt_C,pi_main,PI+F_N+TOP_I+LOW_B,F_N,TOP_I,LOW_B,,3.2
10.3030_101163069_full,phi,prompt_C,pi_main,PI+M_N+LOW_I+HIGH_B,M_N,LOW_I,HIGH_B,,3.3
10.3030_101163069_full,phi,prompt_C,pi_main,PI+M_N+LOW_I+LOW_B,M_N,LOW_I,LOW_B,,3.2
10.3030_101163069_full,phi,prompt_C,pi_main,PI+M_N+TOP_I+HIGH_B,M_N,TOP_I,HIGH_B,,3.4
10.3030_101163069_full,phi,prompt_C,pi_main,PI+M_N+TOP_I+LOW_B,M_N,TOP_I,LOW_B,,3.0
