contrast_label,contrast_group,model,prompt_template,question_id,blind_mean,target_mean,mean_effect,sd_effect,se_effect,ci95,n_texts
Female (name),PI_NAME,deepseek,prompt_A,q01,3.9599999999999995,3.9200000000000004,-0.04000000000000001,0.08983603297404008,0.014204324007597842,0.027840475054891768,40
Female (name),PI_NAME,deepseek,prompt_A,q02,3.9850000000000003,3.9612499999999997,-0.02375,0.06932596731088392,0.010961397884838577,0.02148433985428361,40
Female (name),PI_NAME,deepseek,prompt_A,q03,3.0025,2.8481249999999996,-0.15437499999999998,0.15378634654810996,0.024315756406400033,0.04765888255654406,40
Female (name),PI_NAME,deepseek,prompt_A,q04,3.5174999999999996,3.4299999999999997,-0.0875,0.12403473458920845,0.0196116135138184,0.03843876248708406,40
Female (name),PI_NAME,deepseek,prompt_A,q05,2.0375,1.934375,-0.10312499999999998,0.4575641856334027,0.07234725011608233,0.14180061022752136,40
Female (name),PI_NAME,deepseek,prompt_A,q06,3.4274999999999998,3.3200000000000003,-0.10749999999999997,0.1832925362532633,0.028981094633464866,0.056802945481591136,40
Female (name),PI_NAME,deepseek,prompt_B,q01,3.9225000000000003,3.88125,-0.04124999999999999,0.18130138528895,0.028666266022841332,0.05618588140476901,40
Female (name),PI_NAME,deepseek,prompt_B,q02,3.9775,3.9349999999999996,-0.0425,0.0786912173772124,0.012442173938170625,0.024386660918814425,40
Female (name),PI_NAME,deepseek,prompt_B,q03,2.9725,2.87375,-0.09875000000000002,0.21512891185972358,0.034014867601516806,0.06666914049897293,40
Female (name),PI_NAME,deepseek,prompt_B,q04,3.53,3.4375,-0.09249999999999999,0.21372760041577962,0.03379330080781069,0.06623486958330896,40
Female (name),PI_NAME,deepseek,prompt_B,q05,2.1925,2.0837499999999998,-0.10875000000000001,0.4482355007164918,0.07087225552050748,0.13890962082019465,40
Female (name),PI_NAME,deepseek,prompt_B,q06,3.4450000000000003,3.3706249999999995,-0.07437499999999997,0.22256427334419773,0.03519050147739826,0.06897338289570058,40
Female (name),PI_NAME,deepseek,prompt_C,q01,3.9450000000000003,3.899375,-0.04562500000000001,0.09505185831550467,0.015029018405430519,0.029456876074643815,40
Female (name),PI_NAME,deepseek,prompt_C,q02,3.975,3.961875,-0.013125000000000012,0.06956538613935775,0.010999253325473902,0.02155853651792885,40
Female (name),PI_NAME,deepseek,prompt_C,q03,2.9825,2.884375,-0.09812500000000003,0.1227864912598183,0.01941424891406917,0.038051927871575575,40
Female (name),PI_NAME,deepseek,prompt_C,q04,3.535,3.4918750000000003,-0.043125,0.14477961811150356,0.022891667600085847,0.04486766849616826,40
Female (name),PI_NAME,deepseek,prompt_C,q05,2.19,2.18375,-0.0062500000000000056,0.5302923117464894,0.08384657653974846,0.16433929001790698,40
Female (name),PI_NAME,deepseek,prompt_C,q06,3.47,3.4443749999999995,-0.025625,0.21606085176789122,0.034162220239127704,0.0669579516686903,40
Female (name),PI_NAME,gemma,prompt_A,q01,3.6375,3.50625,-0.13125,0.21917312557510094,0.03465431393577103,0.06792245531411122,40
Female (name),PI_NAME,gemma,prompt_A,q02,3.465,3.25625,-0.20875,0.2162878838907735,0.034198117169644264,0.06702830965250275,40
Female (name),PI_NAME,gemma,prompt_A,q03,2.8875,2.676875,-0.210625,0.1979775547366094,0.03130299992791712,0.06135387985871756,40
Female (name),PI_NAME,gemma,prompt_A,q04,3.3850000000000002,3.1399999999999997,-0.24500000000000002,0.2092569270979136,0.03308642528986076,0.06484939356812709,40
Female (name),PI_NAME,gemma,prompt_A,q05,2.9225000000000003,2.4775,-0.445,0.2782845804070137,0.04400065558952152,0.08624128495546218,40
Female (name),PI_NAME,gemma,prompt_A,q06,3.45,3.2175,-0.2325,0.18442565036572464,0.029160255705677766,0.05715410118312842,40
Female (name),PI_NAME,gemma,prompt_B,q01,3.6375,3.541875,-0.095625,0.1688846803484859,0.02670301259053473,0.05233790467744807,40
Female (name),PI_NAME,gemma,prompt_B,q02,3.4575000000000005,3.4599999999999995,0.002499999999999991,0.14139869074213435,0.022357096045545442,0.04381990824926907,40
Female (name),PI_NAME,gemma,prompt_B,q03,2.8899999999999997,2.865625,-0.024375000000000004,0.1451665157937336,0.022952841494950197,0.04498756933010239,40
Female (name),PI_NAME,gemma,prompt_B,q04,3.3825000000000003,3.3375,-0.045000000000000005,0.1329160135825126,0.021015867021530823,0.04119109936220041,40
Female (name),PI_NAME,gemma,prompt_B,q05,2.9225000000000003,2.9,-0.02250000000000001,0.16357386788974043,0.025863299410752997,0.05069206684507587,40
Female (name),PI_NAME,gemma,prompt_B,q06,3.4549999999999996,3.435,-0.020000000000000007,0.1302364713186689,0.020592194189509323,0.040360700611438274,40
Female (name),PI_NAME,gemma,prompt_C,q01,3.6375,3.510625,-0.12687500000000002,0.21253864656116372,0.03360531069713955,0.06586640896639351,40
Female (name),PI_NAME,gemma,prompt_C,q02,3.4825000000000004,3.455624999999999,-0.026875,0.16997242423405037,0.026874999999999996,0.05267499999999999,40
Female (name),PI_NAME,gemma,prompt_C,q03,2.8924999999999996,2.8443750000000003,-0.048124999999999994,0.15835568330785427,0.025038231984256313,0.049074934689142376,40
Female (name),PI_NAME,gemma,prompt_C,q04,3.3900000000000006,3.3206249999999997,-0.069375,0.16684165493219258,0.026379981908879704,0.05170476454140422,40
Female (name),PI_NAME,gemma,prompt_C,q05,2.9325,2.8362499999999997,-0.09625,0.22054347207959493,0.034870984742663584,0.06834713009562063,40
Female (name),PI_NAME,gemma,prompt_C,q06,3.4575000000000005,3.3950000000000005,-0.0625,0.13809602753342623,0.021834899141347557,0.04279640231704121,40
Female (name),PI_NAME,glm,prompt_A,q01,3.7825,3.675625,-0.10687500000000001,0.1408522024986402,0.022270688667348132,0.04365054978800234,40
Female (name),PI_NAME,glm,prompt_A,q02,3.7525000000000004,3.6231250000000004,-0.129375,0.13946871490014323,0.022051940071055785,0.04322180253926934,40
Female (name),PI_NAME,glm,prompt_A,q03,3.1075000000000004,2.864375,-0.24312499999999998,0.1616211441327193,0.025554546675087598,0.05008691148317169,40
Female (name),PI_NAME,glm,prompt_A,q04,3.59,3.3743750000000006,-0.215625,0.1830727314484601,0.02894634044227352,0.0567348272668561,40
Female (name),PI_NAME,glm,prompt_A,q05,2.8625,2.4681249999999997,-0.394375,0.25542118936055197,0.04038563605242554,0.07915584666275405,40
Female (name),PI_NAME,glm,prompt_A,q06,3.5875,3.315,-0.27249999999999996,0.17401738787273896,0.027514564907540912,0.05392854721878019,40
Female (name),PI_NAME,glm,prompt_B,q01,3.7225,3.6950000000000003,-0.02749999999999999,0.09570922844875723,0.015132957749772845,0.029660597189554775,40
Female (name),PI_NAME,glm,prompt_B,q02,3.6950000000000003,3.6412500000000003,-0.053749999999999985,0.10764822815839108,0.01702067935309944,0.0333605315320749,40
Female (name),PI_NAME,glm,prompt_B,q03,3.06,2.995,-0.06500000000000002,0.10974913118048721,0.01735286128774718,0.034011608123984474,40
Female (name),PI_NAME,glm,prompt_B,q04,3.53,3.459375,-0.07062500000000001,0.09738364194231347,0.015397705769000713,0.0301795033072414,40
Female (name),PI_NAME,glm,prompt_B,q05,2.785,2.6606250000000005,-0.12437499999999999,0.16741698095719115,0.026470948940688025,0.05188305992374853,40
Female (name),PI_NAME,glm,prompt_B,q06,3.5275,3.4418750000000005,-0.085625,0.102514461143732,0.016208959515951152,0.03176956065126426,40
Female (name),PI_NAME,glm,prompt_C,q01,3.775,3.694375,-0.08062499999999996,0.12766235264184694,0.02018519029019251,0.039562972968777324,40
Female (name),PI_NAME,glm,prompt_C,q02,3.7375,3.674375,-0.06312499999999996,0.11050401721436565,0.017472219249792524,0.034245549729593344,40
Female (name),PI_NAME,glm,prompt_C,q03,3.0925,2.9799999999999995,-0.11249999999999998,0.12036269973367779,0.019031013824268188,0.03730078709556565,40
Female (name),PI_NAME,glm,prompt_C,q04,3.5799999999999996,3.451875,-0.128125,0.1445802390121849,0.022860142996501853,0.04480588027314363,40
Female (name),PI_NAME,glm,prompt_C,q05,2.8075,2.490625,-0.316875,0.2129153181250886,0.033664867700730565,0.0659831406934319,40
Female (name),PI_NAME,glm,prompt_C,q06,3.5775000000000006,3.3931250000000004,-0.184375,0.12856300211499616,0.020327595475621622,0.03984208713221838,40
Female (name),PI_NAME,gpt,prompt_A,q01,4.0,4.0,0.0,0.0,0.0,0.0,40
Female (name),PI_NAME,gpt,prompt_A,q02,4.0,3.988125,-0.011875,0.034431044057242795,0.005444026071924606,0.010670291100972227,40
Female (name),PI_NAME,gpt,prompt_A,q03,3.5,3.46375,-0.03625,0.062004445663607716,0.00980376366765754,0.019215376788608778,40
Female (name),PI_NAME,gpt,prompt_A,q04,3.8525000000000005,3.793125,-0.059375,0.1457394386374497,0.023043428550434376,0.04516511995885138,40
Female (name),PI_NAME,gpt,prompt_A,q05,3.35,3.1568750000000003,-0.193125,0.2133364007191339,0.033731446704742325,0.06611363554129496,40
Female (name),PI_NAME,gpt,prompt_A,q06,3.6525,3.56875,-0.08375000000000002,0.1511229334867512,0.02389463382521326,0.04683348229741799,40
Female (name),PI_NAME,gpt,prompt_B,q01,4.0,4.0,0.0,0.0,0.0,0.0,40
Female (name),PI_NAME,gpt,prompt_B,q02,4.0,4.0,0.0,0.0,0.0,0.0,40
Female (name),PI_NAME,gpt,prompt_B,q03,3.5,3.5,0.0,0.0,0.0,0.0,40
Female (name),PI_NAME,gpt,prompt_B,q04,3.88,3.8599999999999994,-0.02000000000000001,0.14121723581881812,0.02232840550302892,0.04376367478593668,40
Female (name),PI_NAME,gpt,prompt_B,q05,3.3775,3.3525,-0.025000000000000022,0.15275252316519464,0.02415229457698239,0.04733849737088548,40
Female (name),PI_NAME,gpt,prompt_B,q06,3.6475,3.6918750000000005,0.044374999999999984,0.13838439357317495,0.02188049381561999,0.04288576787861518,40
Female (name),PI_NAME,gpt,prompt_C,q01,4.0,4.0,0.0,0.0,0.0,0.0,40
Female (name),PI_NAME,gpt,prompt_C,q02,4.0,4.0,0.0,0.0,0.0,0.0,40
Female (name),PI_NAME,gpt,prompt_C,q03,3.5,3.5,0.0,0.0,0.0,0.0,40
Female (name),PI_NAME,gpt,prompt_C,q04,3.9025,3.8237499999999995,-0.07875000000000001,0.1396596136766377,0.022082123817868882,0.043280962683023005,40
Female (name),PI_NAME,gpt,prompt_C,q05,3.4125,3.2637500000000004,-0.14875,0.1655362304444063,0.02617357617414154,0.051300209301317415,40
Female (name),PI_NAME,gpt,prompt_C,q06,3.715,3.6375,-0.07750000000000003,0.1618007638408644,0.025582947044607257,0.05014257620743022,40
Female (name),PI_NAME,kimi,prompt_A,q01,3.995,3.9331249999999995,-0.061875,0.09756449214855334,0.015426300697352173,0.03023554936681026,40
Female (name),PI_NAME,kimi,prompt_A,q02,4.0,3.9743749999999998,-0.025625,0.0783416866795378,0.012386908282330652,0.024278340233368077,40
Female (name),PI_NAME,kimi,prompt_A,q03,3.3225000000000002,3.05625,-0.26625,0.17454611469135067,0.027598163957882296,0.0540924013574493,40
Female (name),PI_NAME,kimi,prompt_A,q04,3.535,3.4450000000000003,-0.09,0.10974913118048725,0.017352861287747188,0.03401160812398449,40
Female (name),PI_NAME,kimi,prompt_A,q05,3.075,2.6662500000000002,-0.40875000000000006,0.182885525355659,0.028916740560017907,0.05667681149763509,40
Female (name),PI_NAME,kimi,prompt_A,q06,3.7474999999999996,3.4899999999999998,-0.25749999999999995,0.17126976771553504,0.027080128015453196,0.05307705091028826,40
Female (name),PI_NAME,kimi,prompt_B,q01,3.995,3.96,-0.03500000000000001,0.07442084075352508,0.011766968108291042,0.023063257492250442,40
Female (name),PI_NAME,kimi,prompt_B,q02,4.0,3.9799999999999995,-0.020000000000000004,0.058067158289302145,0.009181223872386065,0.017995198789876685,40
Female (name),PI_NAME,kimi,prompt_B,q03,3.3474999999999993,3.229375,-0.11812499999999997,0.10636588702717106,0.016817923417500834,0.032963129898301635,40
Female (name),PI_NAME,kimi,prompt_B,q04,3.5475000000000003,3.5068749999999995,-0.04062500000000002,0.0813916418250324,0.012869148533386313,0.02522353112543717,40
Female (name),PI_NAME,kimi,prompt_B,q05,3.1125,2.9387499999999998,-0.17375000000000004,0.13179602538655064,0.020838781338943683,0.04084401142432962,40
Female (name),PI_NAME,kimi,prompt_B,q06,3.78,3.6325000000000003,-0.1475,0.1250384556231217,0.019770315743947654,0.0387498188581374,40
Female (name),PI_NAME,kimi,prompt_C,q01,3.9900000000000007,3.965625,-0.024375000000000008,0.04475270368569353,0.007076023754870186,0.013869006559545564,40
Female (name),PI_NAME,kimi,prompt_C,q02,3.9975,3.9862500000000005,-0.011250000000000001,0.029390169296587096,0.004646993789758199,0.00910810782792607,40
Female (name),PI_NAME,kimi,prompt_C,q03,3.3375,3.2162499999999996,-0.12125,0.11429129450662458,0.018071040368501195,0.035419239122262344,40
Female (name),PI_NAME,kimi,prompt_C,q04,3.5450000000000004,3.50625,-0.038750000000000014,0.06122415729021869,0.00968038924307468,0.01897356291642637,40
Female (name),PI_NAME,kimi,prompt_C,q05,3.085,2.8581250000000002,-0.226875,0.10475666247706314,0.016563482675250794,0.032464426043491555,40
Female (name),PI_NAME,kimi,prompt_C,q06,3.775,3.638125,-0.136875,0.1219483260679261,0.019281723360976596,0.03779217778751413,40
Female (name),PI_NAME,ministral,prompt_A,q01,3.775,3.628125,-0.146875,0.18537794899706644,0.02931082734006282,0.05744922158652312,40
Female (name),PI_NAME,ministral,prompt_A,q02,3.9875,3.903125,-0.084375,0.142627304808452,0.02255135698628969,0.044200659693127795,40
Female (name),PI_NAME,ministral,prompt_A,q03,3.275,3.103125,-0.171875,0.17606703086885506,0.027838641920437838,0.05456373816405816,40
Female (name),PI_NAME,ministral,prompt_A,q04,3.4875,3.475,-0.0125,0.0379777262656375,0.006004805767690768,0.011769419304673906,40
Female (name),PI_NAME,ministral,prompt_A,q05,2.975,2.734375,-0.240625,0.13979007842347405,0.022102752105586886,0.0433213941269503,40
Female (name),PI_NAME,ministral,prompt_A,q06,3.6625,3.534375,-0.128125,0.19913172904592705,0.031485490909631896,0.061711562182878515,40
Female (name),PI_NAME,ministral,prompt_B,q01,3.7125,3.671875,-0.040625,0.13689406113619015,0.021644851567034922,0.042423909071388446,40
Female (name),PI_NAME,ministral,prompt_B,q02,3.975,3.975,0.0,0.05661385170722979,0.00895143592549291,0.017544814413966103,40
Female (name),PI_NAME,ministral,prompt_B,q03,3.2125,3.171875,-0.040625,0.13689406113619015,0.021644851567034922,0.042423909071388446,40
Female (name),PI_NAME,ministral,prompt_B,q04,3.4875,3.496875,0.009375,0.05929270612815711,0.009375,0.018375,40
Female (name),PI_NAME,ministral,prompt_B,q05,2.975,2.934375,-0.040625,0.11803512895179413,0.01866299256996762,0.03657946543713654,40
Female (name),PI_NAME,ministral,prompt_B,q06,3.6375,3.590625,-0.046875,0.16429604104348985,0.025977485012296755,0.05091587062410164,40
Female (name),PI_NAME,ministral,prompt_C,q01,3.775,3.684375,-0.090625,0.1767483634276679,0.027946370056931798,0.05477488531158632,40
Female (name),PI_NAME,ministral,prompt_C,q02,3.975,3.9875,0.0125,0.07905694150420949,0.012499999999999999,0.024499999999999997,40
Female (name),PI_NAME,ministral,prompt_C,q03,3.275,3.184375,-0.090625,0.1767483634276679,0.027946370056931798,0.05477488531158632,40
Female (name),PI_NAME,ministral,prompt_C,q04,3.5,3.503125,0.003125,0.11493971385257934,0.01817356446910788,0.035620186359451446,40
Female (name),PI_NAME,ministral,prompt_C,q05,2.9875,2.884375,-0.103125,0.15732005389960416,0.024874484597160178,0.04875398981043395,40
Female (name),PI_NAME,ministral,prompt_C,q06,3.675,3.578125,-0.096875,0.19710952148878672,0.031165751820523464,0.061084873568225985,40
Female (name),PI_NAME,mistral,prompt_A,q01,4.0,3.9993749999999997,-0.0006250000000000006,0.003952847075210477,0.0006250000000000004,0.0012250000000000008,40
Female (name),PI_NAME,mistral,prompt_A,q02,4.0,4.0,0.0,0.0,0.0,0.0,40
Female (name),PI_NAME,mistral,prompt_A,q03,3.3474999999999993,3.2287499999999993,-0.11875,0.15666291593982676,0.024770581962667543,0.04855034064682838,40
Female (name),PI_NAME,mistral,prompt_A,q04,3.789999999999999,3.7012500000000004,-0.08875,0.14175525133853517,0.022413473225970176,0.043930407522901546,40
Female (name),PI_NAME,mistral,prompt_A,q05,3.1275,3.019375,-0.10812499999999999,0.138256949099707,0.02186034307505201,0.04284627242710194,40
Female (name),PI_NAME,mistral,prompt_A,q06,3.85,3.734375,-0.115625,0.15614419494616064,0.024688564972161004,0.04838958734543557,40
Female (name),PI_NAME,mistral,prompt_B,q01,4.0,4.0,0.0,0.0,0.0,0.0,40
Female (name),PI_NAME,mistral,prompt_B,q02,4.0,4.0,0.0,0.0,0.0,0.0,40
Female (name),PI_NAME,mistral,prompt_B,q03,3.2775,3.37375,0.09624999999999997,0.106299950551162,0.01680749794524715,0.03294269597268441,40
Female (name),PI_NAME,mistral,prompt_B,q04,3.745,3.815625,0.070625,0.09144276267782946,0.014458370280008946,0.028338405748817536,40
Female (name),PI_NAME,mistral,prompt_B,q05,3.1075,3.146875,0.03937500000000001,0.07593171274243717,0.012005857945186585,0.023531481572565707,40
Female (name),PI_NAME,mistral,prompt_B,q06,3.7825,3.875,0.09249999999999999,0.10774495050337328,0.017035972498638256,0.03339050609733098,40
Female (name),PI_NAME,mistral,prompt_C,q01,4.0,3.9981250000000004,-0.0018749999999999988,0.011858541225631415,0.0018749999999999986,0.0036749999999999973,40
Female (name),PI_NAME,mistral,prompt_C,q02,4.0,4.0,0.0,0.0,0.0,0.0,40
Female (name),PI_NAME,mistral,prompt_C,q03,3.3824999999999994,3.3287500000000003,-0.053749999999999985,0.11101946006363257,0.017553717920159043,0.03440528712351172,40
Female (name),PI_NAME,mistral,prompt_C,q04,3.8299999999999996,3.7806249999999997,-0.04937499999999999,0.10276427781516195,0.016248458999911182,0.03184697963982592,40
Female (name),PI_NAME,mistral,prompt_C,q05,3.1550000000000002,3.064375,-0.09062499999999998,0.1252801348158884,0.019808528579558334,0.03882471601593433,40
Female (name),PI_NAME,mistral,prompt_C,q06,3.8849999999999993,3.8337499999999998,-0.05125,0.11049857871228884,0.01747135934711141,0.034243864320338366,40
Female (name),PI_NAME,phi,prompt_A,q01,3.08,3.034375,-0.045625000000000006,0.2319018014436725,0.036666894302906435,0.07186711283369661,40
Female (name),PI_NAME,phi,prompt_A,q02,3.815,3.700625,-0.11437499999999998,0.16230387572982682,0.025662496018958807,0.05029849219715926,40
Female (name),PI_NAME,phi,prompt_A,q03,3.0125,2.815,-0.19749999999999998,0.3284481772337991,0.05193221666947337,0.1017871446721678,40
Female (name),PI_NAME,phi,prompt_A,q04,3.19,3.165625,-0.024375000000000004,0.22364173358297865,0.03536086289953909,0.06930729128309661,40
Female (name),PI_NAME,phi,prompt_A,q05,2.93,2.92875,-0.001250000000000004,0.20167169944980964,0.03188709549291623,0.062498707166115816,40
Female (name),PI_NAME,phi,prompt_A,q06,3.4425,3.4,-0.0425,0.20601530936391038,0.03257388052270856,0.06384480582450879,40
Female (name),PI_NAME,phi,prompt_B,q01,3.0524999999999998,3.055,0.0024999999999999966,0.1446481141359158,0.02287087499587462,0.044826914991914255,40
Female (name),PI_NAME,phi,prompt_B,q02,3.8,3.7337499999999997,-0.06625,0.20905388214770287,0.0330543210643577,0.06478646928614108,40
Female (name),PI_NAME,phi,prompt_B,q03,2.9575,2.913125,-0.044375,0.308973045666961,0.04885292799534076,0.09575173887086788,40
Female (name),PI_NAME,phi,prompt_B,q04,3.1525,3.195625,0.043125,0.2103863585686935,0.033265004085297686,0.06519940800718346,40
Female (name),PI_NAME,phi,prompt_B,q05,2.915,2.88,-0.03500000000000001,0.15809361069818648,0.02499679466631159,0.04899371754597071,40
Female (name),PI_NAME,phi,prompt_B,q06,3.415,3.3706249999999995,-0.044375000000000005,0.1728797844509151,0.027334694013192676,0.05357600026585765,40
Female (name),PI_NAME,phi,prompt_C,q01,3.1375,3.058125,-0.079375,0.22665965534027968,0.035838038227201545,0.07024255492531503,40
Female (name),PI_NAME,phi,prompt_C,q02,3.8625,3.76875,-0.09375,0.14651397938028354,0.02316589419483206,0.04540515262187084,40
Female (name),PI_NAME,phi,prompt_C,q03,3.0,2.935625,-0.064375,0.3405730229691703,0.053849323109570975,0.10554467329475911,40
Female (name),PI_NAME,phi,prompt_C,q04,3.2625,3.2337500000000006,-0.028749999999999998,0.22017985072814147,0.03481349115884051,0.0682344426713274,40
Female (name),PI_NAME,phi,prompt_C,q05,2.9825,2.873125,-0.109375,0.19788039478691577,0.03128763759099815,0.06132376967835638,40
Female (name),PI_NAME,phi,prompt_C,q06,3.4875,3.384375,-0.103125,0.1870132571058355,0.02956939225505545,0.05795600881990868,40
Higher (profile),PI_BIB,deepseek,prompt_A,q01,3.9599999999999995,3.94125,-0.018750000000000006,0.07941089184482027,0.012555964462746122,0.024609690346982398,40
Higher (profile),PI_BIB,deepseek,prompt_A,q02,3.9850000000000003,3.978125,-0.006874999999999995,0.050315510938731836,0.00795558081007547,0.015592938387747921,40
Higher (profile),PI_BIB,deepseek,prompt_A,q03,3.0025,2.9587499999999998,-0.04374999999999998,0.14530582249614793,0.022974867818598026,0.04503074092445213,40
Higher (profile),PI_BIB,deepseek,prompt_A,q04,3.5174999999999996,3.511875,-0.005625000000000008,0.11895478294131505,0.01880840263327496,0.03686446916121892,40
Higher (profile),PI_BIB,deepseek,prompt_A,q05,2.0375,2.05625,0.018749999999999996,0.43244793669147963,0.06837602246926877,0.1340170040397668,40
Higher (profile),PI_BIB,deepseek,prompt_A,q06,3.4274999999999998,3.425625,-0.001874999999999985,0.18234472671008164,0.028831232786239978,0.05650921626103036,40
Higher (profile),PI_BIB,deepseek,prompt_B,q01,3.9225000000000003,3.9087500000000004,-0.01374999999999999,0.17217965423746598,0.027223993706532723,0.05335902766480414,40
Higher (profile),PI_BIB,deepseek,prompt_B,q02,3.9775,3.9606250000000003,-0.016875,0.0636465349430463,0.010063400779876072,0.019724265528557102,40
Higher (profile),PI_BIB,deepseek,prompt_B,q03,2.9725,2.9431249999999998,-0.029375000000000005,0.21683086726755485,0.03428397037975619,0.06719658194432213,40
Higher (profile),PI_BIB,deepseek,prompt_B,q04,3.53,3.5,-0.03,0.21927912197319038,0.03467107343785786,0.0679553039382014,40
Higher (profile),PI_BIB,deepseek,prompt_B,q05,2.1925,2.128125,-0.06437499999999999,0.4650574647426063,0.07353204157250437,0.14412280148210857,40
Higher (profile),PI_BIB,deepseek,prompt_B,q06,3.4450000000000003,3.4237499999999996,-0.02124999999999999,0.2357849683123402,0.037280876894881125,0.073070518713967,40
Higher (profile),PI_BIB,deepseek,prompt_C,q01,3.9450000000000003,3.915625,-0.029375000000000012,0.09437505306502161,0.014922006099236159,0.02924713195450287,40
Higher (profile),PI_BIB,deepseek,prompt_C,q02,3.975,3.975,-1.1102230246251566e-17,0.07048367696104339,0.01114444785302161,0.021843117791922356,40
Higher (profile),PI_BIB,deepseek,prompt_C,q03,2.9825,2.9587499999999998,-0.023750000000000014,0.12872027911875522,0.020352463153393896,0.03989082778065203,40
Higher (profile),PI_BIB,deepseek,prompt_C,q04,3.535,3.540625,0.00562500000000001,0.14930259885762545,0.023606813648627496,0.046269354751309895,40
Higher (profile),PI_BIB,deepseek,prompt_C,q05,2.19,2.290625,0.10062499999999996,0.5000797212086314,0.07906954653406431,0.15497631120676605,40
Higher (profile),PI_BIB,deepseek,prompt_C,q06,3.47,3.525,0.05500000000000001,0.19490300020055998,0.030816870171701198,0.06040106553653435,40
Higher (profile),PI_BIB,gemma,prompt_A,q01,3.6375,3.5125,-0.125,0.2192645048267573,0.034668762264076815,0.06795077403759056,40
Higher (profile),PI_BIB,gemma,prompt_A,q02,3.465,3.30375,-0.16125,0.22403282154230245,0.03542269933538561,0.0694284906973558,40
Higher (profile),PI_BIB,gemma,prompt_A,q03,2.8875,2.74375,-0.14375,0.21421816700953042,0.03387086619682285,0.06638689774577278,40
Higher (profile),PI_BIB,gemma,prompt_A,q04,3.3850000000000002,3.18,-0.205,0.22738761664859458,0.035953139016339106,0.07046815247202465,40
Higher (profile),PI_BIB,gemma,prompt_A,q05,2.9225000000000003,2.665625,-0.256875,0.30518949031708154,0.04825469536739404,0.09457920292009231,40
Higher (profile),PI_BIB,gemma,prompt_A,q06,3.45,3.3106250000000004,-0.139375,0.21504974826948584,0.03400235073887143,0.066644607448188,40
Higher (profile),PI_BIB,gemma,prompt_B,q01,3.6375,3.548125,-0.08937500000000001,0.1647538470816543,0.026049870502655635,0.05105774618520505,40
Higher (profile),PI_BIB,gemma,prompt_B,q02,3.4575000000000005,3.4768749999999997,0.019374999999999993,0.16007685453860707,0.025310373050873018,0.04960833117971111,40
Higher (profile),PI_BIB,gemma,prompt_B,q03,2.8899999999999997,2.886875,-0.0031250000000000054,0.16253081561858054,0.025698378365979158,0.05036882159731915,40
Higher (profile),PI_BIB,gemma,prompt_B,q04,3.3825000000000003,3.35625,-0.026250000000000006,0.1435526795112923,0.022697671573793533,0.04448743628463532,40
Higher (profile),PI_BIB,gemma,prompt_B,q05,2.9225000000000003,2.935,0.012499999999999992,0.20931818498186575,0.03309611101175732,0.06486837758304435,40
Higher (profile),PI_BIB,gemma,prompt_B,q06,3.4549999999999996,3.45,-0.0050000000000000044,0.15034149162012497,0.023771077017335638,0.04659131095397785,40
Higher (profile),PI_BIB,gemma,prompt_C,q01,3.6375,3.5149999999999997,-0.12250000000000001,0.21021966533202285,0.03323864757037645,0.06514774923793784,40
Higher (profile),PI_BIB,gemma,prompt_C,q02,3.4825000000000004,3.5056250000000007,0.023125,0.18243259204710552,0.028845125515858664,0.05653644601108298,40
Higher (profile),PI_BIB,gemma,prompt_C,q03,2.8924999999999996,2.9006250000000002,0.008125000000000004,0.15683033254166176,0.024797052851663746,0.048602223589260946,40
Higher (profile),PI_BIB,gemma,prompt_C,q04,3.3900000000000006,3.3743750000000006,-0.015625000000000007,0.1666686698597565,0.026352630567374344,0.051651155912053714,40
Higher (profile),PI_BIB,gemma,prompt_C,q05,2.9325,2.953125,0.020625000000000008,0.19363985703043995,0.030617149700277957,0.06000961341254479,40
Higher (profile),PI_BIB,gemma,prompt_C,q06,3.4575000000000005,3.4637499999999997,0.0062500000000000056,0.12019615378461733,0.01900468059756292,0.03724917397122332,40
Higher (profile),PI_BIB,glm,prompt_A,q01,3.7825,3.74375,-0.03875000000000001,0.125569216789499,0.019854236452913645,0.03891430344771074,40
Higher (profile),PI_BIB,glm,prompt_A,q02,3.7525000000000004,3.7024999999999997,-0.05,0.1259578684139447,0.019915687670392285,0.039034747833968875,40
Higher (profile),PI_BIB,glm,prompt_A,q03,3.1075000000000004,3.04375,-0.06374999999999997,0.14455391151170324,0.02285598025317079,0.04479772129621475,40
Higher (profile),PI_BIB,glm,prompt_A,q04,3.59,3.5368749999999998,-0.05312499999999999,0.1686282799380691,0.026662472126038776,0.052258445367036,40
Higher (profile),PI_BIB,glm,prompt_A,q05,2.8625,2.7268749999999997,-0.13562499999999997,0.23141755883783222,0.03659032882417891,0.07171704449539067,40
Higher (profile),PI_BIB,glm,prompt_A,q06,3.5875,3.5087500000000005,-0.07874999999999999,0.15938081311670985,0.025200319238922145,0.0493926257082874,40
Higher (profile),PI_BIB,glm,prompt_B,q01,3.7225,3.7506249999999994,0.028125000000000004,0.11139953217689362,0.01761381259780996,0.03452307269170752,40
Higher (profile),PI_BIB,glm,prompt_B,q02,3.6950000000000003,3.705625,0.010625,0.11860399256046167,0.018752937804036227,0.03675575809591101,40
Higher (profile),PI_BIB,glm,prompt_B,q03,3.06,3.0725000000000002,0.012499999999999992,0.11280230039480121,0.017835609727704132,0.0349577950663001,40
Higher (profile),PI_BIB,glm,prompt_B,q04,3.53,3.5412499999999993,0.011249999999999987,0.10299209578832635,0.016284480184267314,0.03191758116116394,40
Higher (profile),PI_BIB,glm,prompt_B,q05,2.785,2.7887499999999994,0.0037500000000000367,0.1769171543044356,0.027973058237873938,0.05482719414623292,40
Higher (profile),PI_BIB,glm,prompt_B,q06,3.5275,3.53125,0.003749999999999987,0.10942009143779953,0.01730083553636674,0.03390963765127881,40
Higher (profile),PI_BIB,glm,prompt_C,q01,3.775,3.7418750000000003,-0.03312499999999996,0.10732581296316897,0.016969701034641953,0.033260614027898226,40
Higher (profile),PI_BIB,glm,prompt_C,q02,3.7375,3.7206249999999996,-0.016874999999999966,0.09257490037524847,0.014637376967448077,0.02868925885619823,40
Higher (profile),PI_BIB,glm,prompt_C,q03,3.0925,3.074375,-0.018124999999999985,0.09057995122598907,0.014321947811054331,0.02807101770966649,40
Higher (profile),PI_BIB,glm,prompt_C,q04,3.5799999999999996,3.553125,-0.02687499999999999,0.11200210334563435,0.01770908746508848,0.03470981143157342,40
Higher (profile),PI_BIB,glm,prompt_C,q05,2.8075,2.66875,-0.13875,0.1693643848977549,0.026778860539516457,0.05248656665745226,40
Higher (profile),PI_BIB,glm,prompt_C,q06,3.5775000000000006,3.5293750000000004,-0.04812499999999999,0.10642613605640971,0.016827449625461243,0.03298180126590403,40
Higher (profile),PI_BIB,gpt,prompt_A,q01,4.0,4.0,0.0,0.0,0.0,0.0,40
Higher (profile),PI_BIB,gpt,prompt_A,q02,4.0,4.0,0.0,0.0,0.0,0.0,40
Higher (profile),PI_BIB,gpt,prompt_A,q03,3.5,3.4975,-0.0024999999999999996,0.015811388300841892,0.002499999999999999,0.004899999999999998,40
Higher (profile),PI_BIB,gpt,prompt_A,q04,3.8525000000000005,3.8412499999999996,-0.011250000000000001,0.14902998321625047,0.023563709331000868,0.0461848702887617,40
Higher (profile),PI_BIB,gpt,prompt_A,q05,3.35,3.30625,-0.04375,0.17611822224042634,0.0278467359869735,0.05457960253446806,40
Higher (profile),PI_BIB,gpt,prompt_A,q06,3.6525,3.641875,-0.010625000000000013,0.13526890360334587,0.02138789159901653,0.041920267534072395,40
Higher (profile),PI_BIB,gpt,prompt_B,q01,4.0,4.0,0.0,0.0,0.0,0.0,40
Higher (profile),PI_BIB,gpt,prompt_B,q02,4.0,4.0,0.0,0.0,0.0,0.0,40
Higher (profile),PI_BIB,gpt,prompt_B,q03,3.5,3.5,0.0,0.0,0.0,0.0,40
Higher (profile),PI_BIB,gpt,prompt_B,q04,3.88,3.87625,-0.0037500000000000033,0.13640884060379588,0.02156813146454265,0.0422735376705036,40
Higher (profile),PI_BIB,gpt,prompt_B,q05,3.3775,3.3887500000000004,0.011249999999999987,0.1566833733590756,0.024773816564661304,0.048556680466736155,40
Higher (profile),PI_BIB,gpt,prompt_B,q06,3.6475,3.736875,0.08937499999999998,0.16101515894553656,0.02545873200409655,0.049899114728029235,40
Higher (profile),PI_BIB,gpt,prompt_C,q01,4.0,4.0,0.0,0.0,0.0,0.0,40
Higher (profile),PI_BIB,gpt,prompt_C,q02,4.0,4.0,0.0,0.0,0.0,0.0,40
Higher (profile),PI_BIB,gpt,prompt_C,q03,3.5,3.5,0.0,0.0,0.0,0.0,40
Higher (profile),PI_BIB,gpt,prompt_C,q04,3.9025,3.84375,-0.058750000000000004,0.12123165999282276,0.019168408505021602,0.03757008066984234,40
Higher (profile),PI_BIB,gpt,prompt_C,q05,3.4125,3.3237499999999995,-0.08875,0.13155261207437022,0.020800294314978894,0.04076857685735863,40
Higher (profile),PI_BIB,gpt,prompt_C,q06,3.715,3.6737499999999996,-0.041250000000000016,0.16246794555644917,0.025688437736330585,0.050349337963207945,40
Higher (profile),PI_BIB,kimi,prompt_A,q01,3.995,3.98125,-0.013749999999999995,0.04835432788945603,0.007645490542864181,0.014985161464013795,40
Higher (profile),PI_BIB,kimi,prompt_A,q02,4.0,3.989375,-0.010625,0.049642148913176073,0.007849112925544435,0.015384261334067091,40
Higher (profile),PI_BIB,kimi,prompt_A,q03,3.3225000000000002,3.2206249999999996,-0.10187499999999998,0.1459262524491263,0.023072966407598167,0.045223014158892405,40
Higher (profile),PI_BIB,kimi,prompt_A,q04,3.535,3.5112499999999995,-0.02375,0.07423757774010377,0.011737991681627175,0.02300646369598926,40
Higher (profile),PI_BIB,kimi,prompt_A,q05,3.075,2.903125,-0.17187500000000003,0.17386882581343785,0.027491075183477084,0.053882507359615084,40
Higher (profile),PI_BIB,kimi,prompt_A,q06,3.7474999999999996,3.6150000000000007,-0.13249999999999998,0.1568111717631865,0.024794023266577564,0.048596285602492025,40
Higher (profile),PI_BIB,kimi,prompt_B,q01,3.995,3.984375,-0.010625,0.034847423846217786,0.005509861497165668,0.010799328534444708,40
Higher (profile),PI_BIB,kimi,prompt_B,q02,4.0,3.99375,-0.00625,0.028165035607455396,0.004453283144965157,0.008728434964131707,40
Higher (profile),PI_BIB,kimi,prompt_B,q03,3.3474999999999993,3.31,-0.03749999999999999,0.08529736822224367,0.013486698100017867,0.02643392827603502,40
Higher (profile),PI_BIB,kimi,prompt_B,q04,3.5475000000000003,3.5356250000000005,-0.011875000000000021,0.05370488565847381,0.008491488007984445,0.016643316495649513,40
Higher (profile),PI_BIB,kimi,prompt_B,q05,3.1125,3.02625,-0.08625000000000003,0.11035345311944075,0.0174484129761023,0.034198889433160504,40
Higher (profile),PI_BIB,kimi,prompt_B,q06,3.78,3.7225,-0.057499999999999996,0.10067082687956516,0.015917455343596364,0.031198212473448873,40
Higher (profile),PI_BIB,kimi,prompt_C,q01,3.9900000000000007,3.9850000000000003,-0.0050000000000000044,0.019774368283857813,0.0031266021533992846,0.006128140220662597,40
Higher (profile),PI_BIB,kimi,prompt_C,q02,3.9975,3.9981250000000004,0.0006250000000000006,0.008929029292289517,0.0014118034928998107,0.002767134846083629,40
Higher (profile),PI_BIB,kimi,prompt_C,q03,3.3375,3.2943749999999996,-0.04312499999999999,0.10860235335316701,0.017171539792521624,0.03365621799334238,40
Higher (profile),PI_BIB,kimi,prompt_C,q04,3.5450000000000004,3.5231249999999994,-0.021875000000000006,0.06409815689977927,0.010134808481106981,0.019864224622969683,40
Higher (profile),PI_BIB,kimi,prompt_C,q05,3.085,2.9799999999999995,-0.10499999999999998,0.12276201701060803,0.019410379195492815,0.03804434322316592,40
Higher (profile),PI_BIB,kimi,prompt_C,q06,3.775,3.7262499999999994,-0.04875,0.10830127730856483,0.017123935490028757,0.03356291356045636,40
Higher (profile),PI_BIB,ministral,prompt_A,q01,3.775,3.721875,-0.053125,0.16719667330453247,0.026436115242269694,0.0518147858748486,40
Higher (profile),PI_BIB,ministral,prompt_A,q02,3.9875,3.953125,-0.034375,0.08486178430776387,0.01341782623592346,0.026298939422409982,40
Higher (profile),PI_BIB,ministral,prompt_A,q03,3.275,3.221875,-0.053125,0.16719667330453247,0.026436115242269694,0.0518147858748486,40
Higher (profile),PI_BIB,ministral,prompt_A,q04,3.4875,3.4875,0.0,0.0,0.0,0.0,40
Higher (profile),PI_BIB,ministral,prompt_A,q05,2.975,2.9375,-0.0375,0.1303348744088837,0.020607753084203213,0.0403911960450383,40
Higher (profile),PI_BIB,ministral,prompt_A,q06,3.6625,3.59375,-0.06875,0.1876601879830833,0.02967168100809514,0.05815649477586648,40
Higher (profile),PI_BIB,ministral,prompt_B,q01,3.7125,3.725,0.0125,0.10127393670836667,0.016012815380508715,0.03138511814579708,40
Higher (profile),PI_BIB,ministral,prompt_B,q02,3.975,3.984375,0.009375,0.05929270612815711,0.009375,0.018375,40
Higher (profile),PI_BIB,ministral,prompt_B,q03,3.2125,3.225,0.0125,0.10127393670836667,0.016012815380508715,0.03138511814579708,40
Higher (profile),PI_BIB,ministral,prompt_B,q04,3.4875,3.5,0.0125,0.07905694150420949,0.012499999999999999,0.024499999999999997,40
Higher (profile),PI_BIB,ministral,prompt_B,q05,2.975,2.99375,0.01875,0.10028005655956596,0.015855669130936847,0.03107711149663622,40
Higher (profile),PI_BIB,ministral,prompt_B,q06,3.6375,3.634375,-0.003125,0.16134326958700707,0.025510610851675837,0.05000079726928464,40
Higher (profile),PI_BIB,ministral,prompt_C,q01,3.775,3.765625,-0.009375,0.15604152759228337,0.024672331838181273,0.048357770402835294,40
Higher (profile),PI_BIB,ministral,prompt_C,q02,3.975,3.9875,0.0125,0.07905694150420949,0.012499999999999999,0.024499999999999997,40
Higher (profile),PI_BIB,ministral,prompt_C,q03,3.275,3.26875,-0.00625,0.16000300477947763,0.025298696378697826,0.049585444902247734,40
Higher (profile),PI_BIB,ministral,prompt_C,q04,3.5,3.503125,0.003125,0.11493971385257934,0.01817356446910788,0.035620186359451446,40
Higher (profile),PI_BIB,ministral,prompt_C,q05,2.9875,2.990625,0.003125,0.12171155213486073,0.019244286115024455,0.03771880078544793,40
Higher (profile),PI_BIB,ministral,prompt_C,q06,3.675,3.60625,-0.06875,0.19188254286518683,0.030339293933944085,0.05946501611053041,40
Higher (profile),PI_BIB,mistral,prompt_A,q01,4.0,4.0,0.0,0.0,0.0,0.0,40
Higher (profile),PI_BIB,mistral,prompt_A,q02,4.0,4.0,0.0,0.0,0.0,0.0,40
Higher (profile),PI_BIB,mistral,prompt_A,q03,3.3474999999999993,3.3037499999999995,-0.043750000000000004,0.16159759296252543,0.025550822908118852,0.050079612899912945,40
Higher (profile),PI_BIB,mistral,prompt_A,q04,3.789999999999999,3.7568749999999995,-0.033125,0.14021360764644336,0.022169717955598103,0.04345264719297228,40
Higher (profile),PI_BIB,mistral,prompt_A,q05,3.1275,3.0949999999999998,-0.03249999999999999,0.11125738235373475,0.01759133673730135,0.03447902000511065,40
Higher (profile),PI_BIB,mistral,prompt_A,q06,3.85,3.8068750000000002,-0.043125000000000004,0.1640813099717676,0.025943533048744187,0.05084932477553861,40
Higher (profile),PI_BIB,mistral,prompt_B,q01,4.0,4.0,0.0,0.0,0.0,0.0,40
Higher (profile),PI_BIB,mistral,prompt_B,q02,4.0,4.0,0.0,0.0,0.0,0.0,40
Higher (profile),PI_BIB,mistral,prompt_B,q03,3.2775,3.4174999999999995,0.13999999999999999,0.11558102940783295,0.01827496536178273,0.03581893210909415,40
Higher (profile),PI_BIB,mistral,prompt_B,q04,3.745,3.8456249999999996,0.10062499999999999,0.10039784641167636,0.01587429334183301,0.0311136149499927,40
Higher (profile),PI_BIB,mistral,prompt_B,q05,3.1075,3.1799999999999997,0.0725,0.09916316520429007,0.01567907310185564,0.030730983279637053,40
Higher (profile),PI_BIB,mistral,prompt_B,q06,3.7825,3.9174999999999995,0.13499999999999995,0.11980218738639162,0.01894238904056461,0.03712708251950664,40
Higher (profile),PI_BIB,mistral,prompt_C,q01,4.0,4.0,0.0,0.0,0.0,0.0,40
Higher (profile),PI_BIB,mistral,prompt_C,q02,4.0,4.0,0.0,0.0,0.0,0.0,40
Higher (profile),PI_BIB,mistral,prompt_C,q03,3.3824999999999994,3.3887500000000004,0.006249999999999997,0.10708102611502261,0.01693099683557214,0.03318475379772139,40
Higher (profile),PI_BIB,mistral,prompt_C,q04,3.8299999999999996,3.8325000000000005,0.002499999999999994,0.0980253760970819,0.015499172848070276,0.03037837878221774,40
Higher (profile),PI_BIB,mistral,prompt_C,q05,3.1550000000000002,3.119375,-0.035625,0.1094695104490228,0.01730864936812569,0.03392495276152635,40
Higher (profile),PI_BIB,mistral,prompt_C,q06,3.8849999999999993,3.8931250000000004,0.008124999999999993,0.10521460060033104,0.01663588905009827,0.03260634253819261,40
Higher (profile),PI_BIB,phi,prompt_A,q01,3.08,3.05375,-0.026250000000000006,0.22488957404206295,0.035558163799899914,0.06969400104780384,40
Higher (profile),PI_BIB,phi,prompt_A,q02,3.815,3.7631249999999996,-0.051875000000000004,0.12865022895532058,0.02034138725004787,0.03986911901009382,40
Higher (profile),PI_BIB,phi,prompt_A,q03,3.0125,2.90625,-0.10625,0.2922475899749284,0.04620840125078822,0.09056846645154491,40
Higher (profile),PI_BIB,phi,prompt_A,q04,3.19,3.2337500000000006,0.04375,0.21082484527354783,0.03333433492084977,0.06533529644486555,40
Higher (profile),PI_BIB,phi,prompt_A,q05,2.93,3.0056249999999998,0.075625,0.16393474115932338,0.025920358484680703,0.050803902629974175,40
Higher (profile),PI_BIB,phi,prompt_A,q06,3.4425,3.4775,0.03499999999999999,0.1851714382361965,0.02927817512177865,0.05738522323868615,40
Higher (profile),PI_BIB,phi,prompt_B,q01,3.0524999999999998,3.09875,0.04625,0.2060425335726234,0.03257818504806001,0.06385324269419762,40
Higher (profile),PI_BIB,phi,prompt_B,q02,3.8,3.791875,-0.008125000000000002,0.20957737540596144,0.03313709261614969,0.06494870152765339,40
Higher (profile),PI_BIB,phi,prompt_B,q03,2.9575,2.9868750000000004,0.029375000000000005,0.29126643785460904,0.04605326747922259,0.09026440425927627,40
Higher (profile),PI_BIB,phi,prompt_B,q04,3.1525,3.2574999999999994,0.10500000000000001,0.22675243475355822,0.03585270794049826,0.07027130756337659,40
Higher (profile),PI_BIB,phi,prompt_B,q05,2.915,2.94375,0.028749999999999998,0.1366436034323391,0.02160525072694966,0.04234629142482133,40
Higher (profile),PI_BIB,phi,prompt_B,q06,3.415,3.430625,0.015624999999999995,0.1447464073332994,0.022886416514986258,0.044857376369373064,40
Higher (profile),PI_BIB,phi,prompt_C,q01,3.1375,3.084375,-0.053125,0.21327629696277514,0.03372194346644105,0.06609500919422445,40
Higher (profile),PI_BIB,phi,prompt_C,q02,3.8625,3.8425,-0.02,0.1293722516120806,0.02045554905592825,0.04009287614961937,40
Higher (profile),PI_BIB,phi,prompt_C,q03,3.0,3.0837499999999998,0.08374999999999999,0.3316407347161638,0.05243700432973763,0.10277652848628575,40
Higher (profile),PI_BIB,phi,prompt_C,q04,3.2625,3.3125,0.05,0.2110717462174463,0.033373373387808,0.06541181184010368,40
Higher (profile),PI_BIB,phi,prompt_C,q05,2.9825,2.971875,-0.010624999999999999,0.1591128751901682,0.025157954532951422,0.04930959088458479,40
Higher (profile),PI_BIB,phi,prompt_C,q06,3.4875,3.4631249999999993,-0.024375000000000004,0.17718304131097065,0.028015098664918678,0.054909593383240606,40
Low-tier (inst.),PI_INST,deepseek,prompt_A,q01,3.9599999999999995,3.91125,-0.04875,0.09127831489039863,0.014432368801786114,0.028287442851500783,40
Low-tier (inst.),PI_INST,deepseek,prompt_A,q02,3.9850000000000003,3.96375,-0.021249999999999998,0.06639769458463032,0.010498397313582972,0.020576858734622623,40
Low-tier (inst.),PI_INST,deepseek,prompt_A,q03,3.0025,2.86875,-0.13374999999999998,0.1498450053923241,0.023692575651997838,0.04643744827791576,40
Low-tier (inst.),PI_INST,deepseek,prompt_A,q04,3.5174999999999996,3.4450000000000003,-0.07250000000000001,0.12491022417145883,0.019750040571201426,0.038710079519554796,40
Low-tier (inst.),PI_INST,deepseek,prompt_A,q05,2.0375,1.935625,-0.10187499999999998,0.47303532624085787,0.0747934522320963,0.14659516637490874,40
Low-tier (inst.),PI_INST,deepseek,prompt_A,q06,3.4274999999999998,3.3206249999999997,-0.10687499999999997,0.18587867389847715,0.029389998898543875,0.057604397841145995,40
Low-tier (inst.),PI_INST,deepseek,prompt_B,q01,3.9225000000000003,3.8768750000000005,-0.04562499999999999,0.201984346626295,0.03193652935200195,0.06259559752992382,40
Low-tier (inst.),PI_INST,deepseek,prompt_B,q02,3.9775,3.924375,-0.053125,0.09577408982627443,0.015143213234029364,0.029680697938697553,40
Low-tier (inst.),PI_INST,deepseek,prompt_B,q03,2.9725,2.84875,-0.12375,0.191062313636959,0.030209604305711985,0.05921082443919549,40
Low-tier (inst.),PI_INST,deepseek,prompt_B,q04,3.53,3.4200000000000004,-0.11000000000000001,0.2237357644805414,0.035375730489875495,0.06933643176015597,40
Low-tier (inst.),PI_INST,deepseek,prompt_B,q05,2.1925,2.0375,-0.155,0.48602917502384463,0.07684796011839855,0.15062200183206115,40
Low-tier (inst.),PI_INST,deepseek,prompt_B,q06,3.4450000000000003,3.3337499999999998,-0.11124999999999999,0.22295725127798802,0.03525263674444647,0.06909516801911507,40
Low-tier (inst.),PI_INST,deepseek,prompt_C,q01,3.9450000000000003,3.8793750000000005,-0.065625,0.1084103523063157,0.017141181761462284,0.033596716252466075,40
Low-tier (inst.),PI_INST,deepseek,prompt_C,q02,3.975,3.9625,-0.012500000000000011,0.07531983087525439,0.011909110927223875,0.023341857417358794,40
Low-tier (inst.),PI_INST,deepseek,prompt_C,q03,2.9825,2.87125,-0.11125000000000003,0.13704177727229283,0.021668207538897116,0.042469686776238344,40
Low-tier (inst.),PI_INST,deepseek,prompt_C,q04,3.535,3.465,-0.06999999999999999,0.16282757909156698,0.025745300791028106,0.05046078955041509,40
Low-tier (inst.),PI_INST,deepseek,prompt_C,q05,2.19,2.144375,-0.04562500000000003,0.5453441485746551,0.08622648090705885,0.16900390257783535,40
Low-tier (inst.),PI_INST,deepseek,prompt_C,q06,3.47,3.419375,-0.05062499999999999,0.22449997858488846,0.035496563349363616,0.0695732641647527,40
Low-tier (inst.),PI_INST,gemma,prompt_A,q01,3.6375,3.50625,-0.13125,0.21917312557510094,0.03465431393577103,0.06792245531411122,40
Low-tier (inst.),PI_INST,gemma,prompt_A,q02,3.465,3.234375,-0.230625,0.2264191356754106,0.03580000872904921,0.07016801710893646,40
Low-tier (inst.),PI_INST,gemma,prompt_A,q03,2.8875,2.645625,-0.241875,0.2011495409403482,0.031804534983439395,0.062336888567541215,40
Low-tier (inst.),PI_INST,gemma,prompt_A,q04,3.3850000000000002,3.1075000000000004,-0.27749999999999997,0.21623230622737727,0.03418932956947615,0.06701108595617325,40
Low-tier (inst.),PI_INST,gemma,prompt_A,q05,2.9225000000000003,2.386875,-0.535625,0.29639324947328566,0.046863887571704226,0.09185321964054029,40
Low-tier (inst.),PI_INST,gemma,prompt_A,q06,3.45,3.1875,-0.2625,0.1817824848407343,0.028742334541087558,0.056334975700531614,40
Low-tier (inst.),PI_INST,gemma,prompt_B,q01,3.6375,3.5137500000000004,-0.12374999999999999,0.20568444215251125,0.03252156582315408,0.063742269013382,40
Low-tier (inst.),PI_INST,gemma,prompt_B,q02,3.4575000000000005,3.4493750000000007,-0.008125000000000007,0.1654817655924354,0.02616496452490894,0.051283330468821525,40
Low-tier (inst.),PI_INST,gemma,prompt_B,q03,2.8899999999999997,2.8425,-0.0475,0.15104337974271684,0.023882055273836127,0.04680882833671881,40
Low-tier (inst.),PI_INST,gemma,prompt_B,q04,3.3825000000000003,3.3125,-0.07,0.1514036886045942,0.0239390251070699,0.046920489209857,40
Low-tier (inst.),PI_INST,gemma,prompt_B,q05,2.9225000000000003,2.87125,-0.051250000000000004,0.16553623044440632,0.026173576174141542,0.05130020930131742,40
Low-tier (inst.),PI_INST,gemma,prompt_B,q06,3.4549999999999996,3.4168749999999997,-0.038125000000000006,0.1385579925796138,0.021907942228614436,0.042939566768084296,40
Low-tier (inst.),PI_INST,gemma,prompt_C,q01,3.6375,3.50375,-0.13374999999999998,0.22076135740449895,0.03490543543743471,0.06841465345737203,40
Low-tier (inst.),PI_INST,gemma,prompt_C,q02,3.4825000000000004,3.4337500000000007,-0.04875,0.17749593711493142,0.028064571835459955,0.05500656079750151,40
Low-tier (inst.),PI_INST,gemma,prompt_C,q03,2.8924999999999996,2.7987499999999996,-0.09375,0.16169673259943546,0.02556649826107074,0.050110336591698654,40
Low-tier (inst.),PI_INST,gemma,prompt_C,q04,3.3900000000000006,3.28,-0.11000000000000001,0.17493588569119858,0.027659792164152326,0.05421319264173856,40
Low-tier (inst.),PI_INST,gemma,prompt_C,q05,2.9325,2.784375,-0.148125,0.2490615398672096,0.03938008717646065,0.07718497086586287,40
Low-tier (inst.),PI_INST,gemma,prompt_C,q06,3.4575000000000005,3.3568749999999996,-0.100625,0.1494098969536232,0.02362377896722511,0.046302606775761215,40
Low-tier (inst.),PI_INST,glm,prompt_A,q01,3.7825,3.639375,-0.143125,0.14489026572742594,0.02290916252428496,0.04490195854759852,40
Low-tier (inst.),PI_INST,glm,prompt_A,q02,3.7525000000000004,3.5856249999999994,-0.166875,0.14843062568427592,0.02346894258431003,0.04599912746524766,40
Low-tier (inst.),PI_INST,glm,prompt_A,q03,3.1075000000000004,2.7649999999999997,-0.3424999999999999,0.18091647031370367,0.028605405621477044,0.056066595018095,40
Low-tier (inst.),PI_INST,glm,prompt_A,q04,3.59,3.2849999999999993,-0.305,0.19150215905591486,0.03027914997282656,0.05934713394674006,40
Low-tier (inst.),PI_INST,glm,prompt_A,q05,2.8625,2.3331250000000003,-0.529375,0.2706762364892788,0.04279767078942497,0.08388343474727294,40
Low-tier (inst.),PI_INST,glm,prompt_A,q06,3.5875,3.2150000000000007,-0.37249999999999994,0.19071390843825434,0.030154516606884472,0.059102852549493566,40
Low-tier (inst.),PI_INST,glm,prompt_B,q01,3.7225,3.6712500000000006,-0.05124999999999998,0.11020813642074401,0.017425436388605393,0.03415385532166657,40
Low-tier (inst.),PI_INST,glm,prompt_B,q02,3.6950000000000003,3.62625,-0.06874999999999999,0.11790777578151318,0.018642856265701068,0.036539998280774096,40
Low-tier (inst.),PI_INST,glm,prompt_B,q03,3.06,2.9631250000000002,-0.09687500000000002,0.1286253130369219,0.020337447697441134,0.03986139748698462,40
Low-tier (inst.),PI_INST,glm,prompt_B,q04,3.53,3.4274999999999998,-0.10250000000000001,0.10857468184830907,0.01716716454343985,0.03364764250514211,40
Low-tier (inst.),PI_INST,glm,prompt_B,q05,2.785,2.606875,-0.17812499999999998,0.18073811447960003,0.02857720508798971,0.05601132197245983,40
Low-tier (inst.),PI_INST,glm,prompt_B,q06,3.5275,3.40625,-0.12125000000000001,0.11815217263104347,0.018681498800575326,0.036615737649127636,40
Low-tier (inst.),PI_INST,glm,prompt_C,q01,3.775,3.6868749999999997,-0.08812499999999997,0.12872494777426471,0.02035320133264493,0.039892274611984066,40
Low-tier (inst.),PI_INST,glm,prompt_C,q02,3.7375,3.666875,-0.07062499999999997,0.11005352718633712,0.017400990522204365,0.03410594142352055,40
Low-tier (inst.),PI_INST,glm,prompt_C,q03,3.0925,2.95125,-0.14125,0.12267713514416402,0.019396958193992352,0.03801803806022501,40
Low-tier (inst.),PI_INST,glm,prompt_C,q04,3.5799999999999996,3.426875,-0.153125,0.13554111638454666,0.02143093221885671,0.04200462714895915,40
Low-tier (inst.),PI_INST,glm,prompt_C,q05,2.8075,2.443125,-0.36437500000000006,0.21235006022349764,0.033575492579008825,0.0658079654548573,40
Low-tier (inst.),PI_INST,glm,prompt_C,q06,3.5775000000000006,3.3649999999999998,-0.21249999999999997,0.12506408613597125,0.01977436828385779,0.03875776183636127,40
Low-tier (inst.),PI_INST,gpt,prompt_A,q01,4.0,4.0,0.0,0.0,0.0,0.0,40
Low-tier (inst.),PI_INST,gpt,prompt_A,q02,4.0,3.9900000000000007,-0.01,0.03387382318894484,0.0053559217167446944,0.0104976065648196,40
Low-tier (inst.),PI_INST,gpt,prompt_A,q03,3.5,3.449375,-0.05062500000000001,0.0927651259350387,0.014667454269353961,0.028748210367933763,40
Low-tier (inst.),PI_INST,gpt,prompt_A,q04,3.8525000000000005,3.765625,-0.08687500000000001,0.1520150443803136,0.02403568894266852,0.047109950327630296,40
Low-tier (inst.),PI_INST,gpt,prompt_A,q05,3.35,3.0743750000000003,-0.275625,0.2598376897218723,0.04108394607386198,0.08052453430476948,40
Low-tier (inst.),PI_INST,gpt,prompt_A,q06,3.6525,3.5318749999999994,-0.12062500000000002,0.14685675691394673,0.023220092081687595,0.04551138048010769,40
Low-tier (inst.),PI_INST,gpt,prompt_B,q01,4.0,4.0,0.0,0.0,0.0,0.0,40
Low-tier (inst.),PI_INST,gpt,prompt_B,q02,4.0,4.0,0.0,0.0,0.0,0.0,40
Low-tier (inst.),PI_INST,gpt,prompt_B,q03,3.5,3.5,0.0,0.0,0.0,0.0,40
Low-tier (inst.),PI_INST,gpt,prompt_B,q04,3.88,3.860625,-0.019375,0.13438934777307235,0.02124882161136929,0.041647690358283806,40
Low-tier (inst.),PI_INST,gpt,prompt_B,q05,3.3775,3.3512500000000003,-0.026250000000000006,0.15472784212353352,0.024464619927665496,0.04795065505822437,40
Low-tier (inst.),PI_INST,gpt,prompt_B,q06,3.6475,3.6625,0.014999999999999994,0.12231736778372257,0.019340073979653264,0.0379065450001204,40
Low-tier (inst.),PI_INST,gpt,prompt_C,q01,4.0,4.0,0.0,0.0,0.0,0.0,40
Low-tier (inst.),PI_INST,gpt,prompt_C,q02,4.0,3.9993749999999997,-0.0006250000000000006,0.003952847075210477,0.0006250000000000004,0.0012250000000000008,40
Low-tier (inst.),PI_INST,gpt,prompt_C,q03,3.5,3.4993749999999997,-0.0006250000000000006,0.003952847075210477,0.0006250000000000004,0.0012250000000000008,40
Low-tier (inst.),PI_INST,gpt,prompt_C,q04,3.9025,3.8193749999999995,-0.083125,0.15331669711869156,0.024241498311462002,0.04751333669046552,40
Low-tier (inst.),PI_INST,gpt,prompt_C,q05,3.4125,3.260625,-0.15187499999999998,0.17259218086992204,0.02728921989423474,0.05348687099270009,40
Low-tier (inst.),PI_INST,gpt,prompt_C,q06,3.715,3.63,-0.08500000000000002,0.166487082736015,0.026323919122135244,0.051594881479385075,40
Low-tier (inst.),PI_INST,kimi,prompt_A,q01,3.995,3.925625,-0.06937499999999999,0.10613964857676889,0.016782151977621937,0.032893017876139,40
Low-tier (inst.),PI_INST,kimi,prompt_A,q02,4.0,3.9706249999999996,-0.029374999999999995,0.08103645507598448,0.012812988577301208,0.025113457611510365,40
Low-tier (inst.),PI_INST,kimi,prompt_A,q03,3.3225000000000002,3.019375,-0.303125,0.1698592460289944,0.026857104954526673,0.052639925710872275,40
Low-tier (inst.),PI_INST,kimi,prompt_A,q04,3.535,3.425625,-0.109375,0.1191163377672304,0.018833946694119186,0.03691453552047361,40
Low-tier (inst.),PI_INST,kimi,prompt_A,q05,3.075,2.6225,-0.4525,0.19071390843825436,0.030154516606884476,0.05910285254949357,40
Low-tier (inst.),PI_INST,kimi,prompt_A,q06,3.7474999999999996,3.4524999999999997,-0.295,0.17515560847282957,0.02769453338634141,0.05428128543722916,40
Low-tier (inst.),PI_INST,kimi,prompt_B,q01,3.995,3.9537500000000003,-0.04125000000000001,0.08136456420145263,0.012864867185179475,0.02521513968295177,40
Low-tier (inst.),PI_INST,kimi,prompt_B,q02,4.0,3.9768750000000006,-0.023125000000000003,0.07011608963455553,0.011086327193485929,0.02172920129923242,40
Low-tier (inst.),PI_INST,kimi,prompt_B,q03,3.3474999999999993,3.1931249999999998,-0.15437499999999998,0.11433860812381923,0.018078521308235014,0.03543390176414063,40
Low-tier (inst.),PI_INST,kimi,prompt_B,q04,3.5475000000000003,3.495,-0.052500000000000026,0.08507161387430881,0.013451003203459854,0.026363966278781313,40
Low-tier (inst.),PI_INST,kimi,prompt_B,q05,3.1125,2.90625,-0.20625000000000004,0.13560760700242105,0.021441445308632456,0.04202523280491961,40
Low-tier (inst.),PI_INST,kimi,prompt_B,q06,3.78,3.60625,-0.17375,0.13982016838489172,0.02210750974622621,0.043330719102603374,40
Low-tier (inst.),PI_INST,kimi,prompt_C,q01,3.9900000000000007,3.9549999999999996,-0.03500000000000001,0.061706501340558176,0.009756654533819863,0.019123042886286933,40
Low-tier (inst.),PI_INST,kimi,prompt_C,q02,3.9975,3.984375,-0.013125000000000006,0.03839216499929815,0.006070334285138945,0.01189785519887233,40
Low-tier (inst.),PI_INST,kimi,prompt_C,q03,3.3375,3.166875,-0.17062499999999997,0.11927767377652221,0.018859456157017396,0.036964534067754094,40
Low-tier (inst.),PI_INST,kimi,prompt_C,q04,3.5450000000000004,3.4931250000000005,-0.051875000000000025,0.08537014054946788,0.013498204415250849,0.026456480653891664,40
Low-tier (inst.),PI_INST,kimi,prompt_C,q05,3.085,2.7912500000000002,-0.29375,0.13619720807409924,0.02153466942350142,0.04220795207006278,40
Low-tier (inst.),PI_INST,kimi,prompt_C,q06,3.775,3.584375,-0.190625,0.14024789179822328,0.022175138755961676,0.04346327196168488,40
Low-tier (inst.),PI_INST,ministral,prompt_A,q01,3.775,3.603125,-0.171875,0.1870989300220197,0.029582938332501987,0.057982559131703894,40
Low-tier (inst.),PI_INST,ministral,prompt_A,q02,3.9875,3.875,-0.1125,0.18081014266989476,0.02858859374484328,0.05603364373989283,40
Low-tier (inst.),PI_INST,ministral,prompt_A,q03,3.275,3.0625,-0.2125,0.17031268378018782,0.02692879975807047,0.05278044752581812,40
Low-tier (inst.),PI_INST,ministral,prompt_A,q04,3.4875,3.45625,-0.03125,0.0788031464945144,0.012459871485528951,0.024421348111636744,40
Low-tier (inst.),PI_INST,ministral,prompt_A,q05,2.975,2.665625,-0.309375,0.18342254531056187,0.029001650870340605,0.056843235705867586,40
Low-tier (inst.),PI_INST,ministral,prompt_A,q06,3.6625,3.490625,-0.171875,0.19953371124468397,0.03154904987597761,0.06183613775691612,40
Low-tier (inst.),PI_INST,ministral,prompt_B,q01,3.7125,3.646875,-0.065625,0.1327335266711621,0.02098701330737898,0.041134546082462795,40
Low-tier (inst.),PI_INST,ministral,prompt_B,q02,3.975,3.971875,-0.003125,0.05996459959949874,0.009481235685721831,0.018583221944014787,40
Low-tier (inst.),PI_INST,ministral,prompt_B,q03,3.2125,3.146875,-0.065625,0.1327335266711621,0.02098701330737898,0.041134546082462795,40
Low-tier (inst.),PI_INST,ministral,prompt_B,q04,3.4875,3.49375,0.00625,0.03952847075210474,0.0062499999999999995,0.012249999999999999,40
Low-tier (inst.),PI_INST,ministral,prompt_B,q05,2.975,2.896875,-0.078125,0.12874984441115817,0.020357137836578006,0.03989999015969289,40
Low-tier (inst.),PI_INST,ministral,prompt_B,q06,3.6375,3.56875,-0.06875,0.16972356861552773,0.02683565247184692,0.052597878844819965,40
Low-tier (inst.),PI_INST,ministral,prompt_C,q01,3.775,3.65625,-0.11875,0.17206792785081068,0.027206328213704153,0.05332440329886014,40
Low-tier (inst.),PI_INST,ministral,prompt_C,q02,3.975,3.978125,0.003125,0.06631014444570496,0.010484554421159557,0.02054972666547273,40
Low-tier (inst.),PI_INST,ministral,prompt_C,q03,3.275,3.15625,-0.11875,0.17206792785081068,0.027206328213704153,0.05332440329886014,40
Low-tier (inst.),PI_INST,ministral,prompt_C,q04,3.5,3.5,0.0,0.11322770341445958,0.01790287185098582,0.03508962882793221,40
Low-tier (inst.),PI_INST,ministral,prompt_C,q05,2.9875,2.834375,-0.153125,0.17561134060395403,0.0277665909632052,0.05442251828788219,40
Low-tier (inst.),PI_INST,ministral,prompt_C,q06,3.675,3.553125,-0.121875,0.19913172904592705,0.031485490909631896,0.061711562182878515,40
Low-tier (inst.),PI_INST,mistral,prompt_A,q01,4.0,3.996875,-0.003125,0.01976423537605237,0.0031249999999999997,0.006124999999999999,40
Low-tier (inst.),PI_INST,mistral,prompt_A,q02,4.0,4.0,0.0,0.0,0.0,0.0,40
Low-tier (inst.),PI_INST,mistral,prompt_A,q03,3.3474999999999993,3.195625,-0.15187499999999998,0.15057448748726088,0.02380791689861341,0.046663517121282284,40
Low-tier (inst.),PI_INST,mistral,prompt_A,q04,3.789999999999999,3.6650000000000005,-0.125,0.1457737973711325,0.023048861143232215,0.04517576784073514,40
Low-tier (inst.),PI_INST,mistral,prompt_A,q05,3.1275,2.993125,-0.134375,0.1513494322454684,0.023930446423450623,0.04690367498996322,40
Low-tier (inst.),PI_INST,mistral,prompt_A,q06,3.85,3.701875,-0.14812499999999998,0.15466957128682834,0.024455406499407892,0.04793259673883947,40
Low-tier (inst.),PI_INST,mistral,prompt_B,q01,4.0,4.0,0.0,0.0,0.0,0.0,40
Low-tier (inst.),PI_INST,mistral,prompt_B,q02,4.0,4.0,0.0,0.0,0.0,0.0,40
Low-tier (inst.),PI_INST,mistral,prompt_B,q03,3.2775,3.3706249999999995,0.09312499999999999,0.09590785842511708,0.015164363906616971,0.029722153256969263,40
Low-tier (inst.),PI_INST,mistral,prompt_B,q04,3.745,3.7993750000000004,0.05437499999999999,0.09738364194231346,0.015397705769000711,0.030179503307241395,40
Low-tier (inst.),PI_INST,mistral,prompt_B,q05,3.1075,3.1237500000000002,0.016250000000000004,0.07479673309745072,0.011826401906382261,0.023179747736509233,40
Low-tier (inst.),PI_INST,mistral,prompt_B,q06,3.7825,3.87125,0.08874999999999998,0.09804989572295345,0.01550304974132674,0.03038597749300041,40
Low-tier (inst.),PI_INST,mistral,prompt_C,q01,4.0,3.9956249999999995,-0.004374999999999999,0.027669929526473312,0.004374999999999999,0.008574999999999998,40
Low-tier (inst.),PI_INST,mistral,prompt_C,q02,4.0,4.0,0.0,0.0,0.0,0.0,40
Low-tier (inst.),PI_INST,mistral,prompt_C,q03,3.3824999999999994,3.3049999999999997,-0.07749999999999997,0.11348217978257699,0.017943108097682747,0.03516849187145818,40
Low-tier (inst.),PI_INST,mistral,prompt_C,q04,3.8299999999999996,3.7550000000000003,-0.07499999999999998,0.09967897188423158,0.015760629298902876,0.030890833425849636,40
Low-tier (inst.),PI_INST,mistral,prompt_C,q05,3.1550000000000002,3.0524999999999998,-0.1025,0.12426708209460655,0.019648350880104214,0.03851076772500426,40
Low-tier (inst.),PI_INST,mistral,prompt_C,q06,3.8849999999999993,3.8131250000000003,-0.07187499999999998,0.10951341973732764,0.017315592036199704,0.03393856039095142,40
Low-tier (inst.),PI_INST,phi,prompt_A,q01,3.08,3.03125,-0.04875,0.25576368800626115,0.040439789843223745,0.07926198809271853,40
Low-tier (inst.),PI_INST,phi,prompt_A,q02,3.815,3.694375,-0.12062500000000001,0.16279681964700507,0.02574043729580924,0.05045125709978611,40
Low-tier (inst.),PI_INST,phi,prompt_A,q03,3.0125,2.804375,-0.20812499999999998,0.35239053128377545,0.05571783523667747,0.10920695706388783,40
Low-tier (inst.),PI_INST,phi,prompt_A,q04,3.19,3.146875,-0.043125000000000004,0.21520618467664196,0.03402708550665077,0.06669308759303551,40
Low-tier (inst.),PI_INST,phi,prompt_A,q05,2.93,2.893125,-0.036875000000000005,0.20135657713083563,0.03183727027944063,0.062401049747703635,40
Low-tier (inst.),PI_INST,phi,prompt_A,q06,3.4425,3.37375,-0.06875,0.20722139157964634,0.03276457886506597,0.0642185745755293,40
Low-tier (inst.),PI_INST,phi,prompt_B,q01,3.0524999999999998,3.0375,-0.015000000000000003,0.16070757006725936,0.02541009793218194,0.0498037919470766,40
Low-tier (inst.),PI_INST,phi,prompt_B,q02,3.8,3.6993750000000007,-0.10062499999999999,0.21404884267681068,0.03384409366908872,0.0663344235914139,40
Low-tier (inst.),PI_INST,phi,prompt_B,q03,2.9575,2.8381250000000002,-0.11937500000000001,0.2981506835950659,0.04714176230483039,0.09239785411746755,40
Low-tier (inst.),PI_INST,phi,prompt_B,q04,3.1525,3.168125,0.015624999999999997,0.19420180984923377,0.030706002242524972,0.06018376439534894,40
Low-tier (inst.),PI_INST,phi,prompt_B,q05,2.915,2.8362499999999997,-0.07875000000000001,0.15478997350421603,0.024474443761521882,0.04796990977258289,40
Low-tier (inst.),PI_INST,phi,prompt_B,q06,3.415,3.340625,-0.074375,0.16655324666411933,0.02633438055772291,0.051615385893136904,40
Low-tier (inst.),PI_INST,phi,prompt_C,q01,3.1375,3.0456250000000002,-0.091875,0.2530194263850211,0.0400058839822985,0.07841153260530506,40
Low-tier (inst.),PI_INST,phi,prompt_C,q02,3.8625,3.7587500000000005,-0.10375000000000001,0.15343816093387339,0.024260703426925417,0.047550978716773815,40
Low-tier (inst.),PI_INST,phi,prompt_C,q03,3.0,2.916875,-0.083125,0.3772108971085484,0.05964227965492178,0.1168988681236467,40
Low-tier (inst.),PI_INST,phi,prompt_C,q04,3.2625,3.2131249999999993,-0.049374999999999995,0.22825196238659884,0.036089804077236734,0.070736015991384,40
Low-tier (inst.),PI_INST,phi,prompt_C,q05,2.9825,2.83125,-0.15125000000000002,0.21874862636931353,0.034587194718009986,0.06779090164729958,40
Low-tier (inst.),PI_INST,phi,prompt_C,q06,3.4875,3.3618750000000004,-0.12562500000000001,0.1935239582994763,0.030598824501889544,0.059973696023703504,40
Lower (profile),PI_BIB,deepseek,prompt_A,q01,3.9599999999999995,3.894375,-0.065625,0.10434279980810784,0.016498045241630045,0.03233616867359489,40
Lower (profile),PI_BIB,deepseek,prompt_A,q02,3.9850000000000003,3.946875,-0.038125,0.08861243401204179,0.01401085602447122,0.02746127780796359,40
Lower (profile),PI_BIB,deepseek,prompt_A,q03,3.0025,2.78,-0.2225,0.19046165237559243,0.03011463142130458,0.059024677585756975,40
Lower (profile),PI_BIB,deepseek,prompt_A,q04,3.5174999999999996,3.3706249999999995,-0.146875,0.16203706247456048,0.02562030913913053,0.05021580591269584,40
Lower (profile),PI_BIB,deepseek,prompt_A,q05,2.0375,1.84125,-0.19624999999999998,0.5346802902861792,0.08454037686521643,0.1656991386558242,40
Lower (profile),PI_BIB,deepseek,prompt_A,q06,3.4274999999999998,3.243125,-0.18437499999999996,0.22593732821747556,0.035723828281012684,0.07001870343078485,40
Lower (profile),PI_BIB,deepseek,prompt_B,q01,3.9225000000000003,3.8549999999999995,-0.0675,0.21017392065400722,0.03323141470170843,0.06513357281534851,40
Lower (profile),PI_BIB,deepseek,prompt_B,q02,3.9775,3.915625,-0.061875,0.09951605655782646,0.015734870124043378,0.03084034544312502,40
Lower (profile),PI_BIB,deepseek,prompt_B,q03,2.9725,2.821875,-0.150625,0.21042444133897684,0.0332710254999829,0.06521120997996648,40
Lower (profile),PI_BIB,deepseek,prompt_B,q04,3.53,3.3868750000000007,-0.143125,0.22260027270930371,0.035196193476801,0.06898453921452996,40
Lower (profile),PI_BIB,deepseek,prompt_B,q05,2.1925,2.04375,-0.14875,0.48822513459599975,0.0771951718132815,0.15130253675403174,40
Lower (profile),PI_BIB,deepseek,prompt_B,q06,3.4450000000000003,3.31375,-0.13124999999999995,0.22876129648441573,0.036170336869191154,0.07089386026361466,40
Lower (profile),PI_BIB,deepseek,prompt_C,q01,3.9450000000000003,3.8462500000000004,-0.09875,0.12909323802029332,0.02041143313351864,0.040006408941696533,40
Lower (profile),PI_BIB,deepseek,prompt_C,q02,3.975,3.9418750000000005,-0.033125000000000016,0.09547242520413404,0.01509551586925648,0.0295872111037427,40
Lower (profile),PI_BIB,deepseek,prompt_C,q03,2.9825,2.8,-0.18250000000000002,0.1460154540468673,0.02308707041858755,0.0452506580204316,40
Lower (profile),PI_BIB,deepseek,prompt_C,q04,3.535,3.4056249999999997,-0.129375,0.16973655114580294,0.026837705190120006,0.05260190217263521,40
Lower (profile),PI_BIB,deepseek,prompt_C,q05,2.19,2.07125,-0.11875,0.5637201865446622,0.08913198762480683,0.17469869574462138,40
Lower (profile),PI_BIB,deepseek,prompt_C,q06,3.47,3.335,-0.135,0.25737830084059093,0.040695082548014856,0.07976236179410912,40
Lower (profile),PI_BIB,gemma,prompt_A,q01,3.6375,3.5,-0.1375,0.22610129338815133,0.03574975345082637,0.0700695167636197,40
Lower (profile),PI_BIB,gemma,prompt_A,q02,3.465,3.19,-0.275,0.24638410704655483,0.038956747876692746,0.07635522583831778,40
Lower (profile),PI_BIB,gemma,prompt_A,q03,2.8875,2.59,-0.2975,0.22757078357834412,0.03598210025084053,0.07052491649164744,40
Lower (profile),PI_BIB,gemma,prompt_A,q04,3.3850000000000002,3.0787500000000003,-0.30625,0.22537362141734607,0.03563469840996596,0.06984400888353329,40
Lower (profile),PI_BIB,gemma,prompt_A,q05,2.9225000000000003,2.24125,-0.68125,0.3362572084824506,0.05316693292273174,0.1042071885285542,40
Lower (profile),PI_BIB,gemma,prompt_A,q06,3.45,3.104375,-0.34562499999999996,0.20953913868541515,0.033131046859790604,0.06493685184518959,40
Lower (profile),PI_BIB,gemma,prompt_B,q01,3.6375,3.50375,-0.13374999999999998,0.22112402251526933,0.034962777826330296,0.06852704453960738,40
Lower (profile),PI_BIB,gemma,prompt_B,q02,3.4575000000000005,3.4237499999999996,-0.033750000000000016,0.16998774465629377,0.026877422371450226,0.05267974784804244,40
Lower (profile),PI_BIB,gemma,prompt_B,q03,2.8899999999999997,2.81625,-0.07375000000000001,0.17568090975197634,0.027777590811336596,0.054444077990219726,40
Lower (profile),PI_BIB,gemma,prompt_B,q04,3.3825000000000003,3.28125,-0.10125000000000002,0.17686279630817986,0.027964463484013383,0.05481034842866623,40
Lower (profile),PI_BIB,gemma,prompt_B,q05,2.9225000000000003,2.83375,-0.08875,0.17030797894493285,0.026928055858299393,0.05277898948226681,40
Lower (profile),PI_BIB,gemma,prompt_B,q06,3.4549999999999996,3.3987499999999997,-0.05625,0.15008010681478895,0.023729748450804562,0.04651030696357694,40
Lower (profile),PI_BIB,gemma,prompt_C,q01,3.6375,3.5,-0.1375,0.22610129338815133,0.03574975345082637,0.0700695167636197,40
Lower (profile),PI_BIB,gemma,prompt_C,q02,3.4825000000000004,3.3850000000000002,-0.0975,0.21166313342498272,0.03346687991555309,0.06559508463448406,40
Lower (profile),PI_BIB,gemma,prompt_C,q03,2.8924999999999996,2.7575000000000003,-0.13499999999999998,0.19642640691448113,0.031057741922640367,0.060873174168375115,40
Lower (profile),PI_BIB,gemma,prompt_C,q04,3.3900000000000006,3.235625,-0.15437499999999998,0.20575747330416172,0.032533113062122115,0.06376490160175935,40
Lower (profile),PI_BIB,gemma,prompt_C,q05,2.9325,2.67875,-0.25375000000000003,0.33275029137516376,0.05261244064150996,0.10312038365735952,40
Lower (profile),PI_BIB,gemma,prompt_C,q06,3.4575000000000005,3.2962500000000006,-0.16124999999999998,0.20800872146409677,0.032889066650305,0.0644625706345978,40
Lower (profile),PI_BIB,glm,prompt_A,q01,3.7825,3.5818749999999993,-0.20062499999999997,0.16903643781058655,0.02672700755214297,0.052384934802200224,40
Lower (profile),PI_BIB,glm,prompt_A,q02,3.7525000000000004,3.5231250000000003,-0.22937500000000002,0.1718011204852867,0.02716414226512591,0.05324171883964678,40
Lower (profile),PI_BIB,glm,prompt_A,q03,3.1075000000000004,2.6550000000000002,-0.4525,0.20308517854237845,0.0321105861607935,0.06293674887515525,40
Lower (profile),PI_BIB,glm,prompt_A,q04,3.59,3.176875,-0.41312499999999996,0.22617127472961837,0.03576081847246386,0.07009120420602917,40
Lower (profile),PI_BIB,glm,prompt_A,q05,2.8625,2.17,-0.6925,0.32827247906704043,0.05190443635008969,0.1017326952461758,40
Lower (profile),PI_BIB,glm,prompt_A,q06,3.5875,3.0943750000000003,-0.4931249999999999,0.20693021089122574,0.03271853915576273,0.06412833674529494,40
Lower (profile),PI_BIB,glm,prompt_B,q01,3.7225,3.609375,-0.11312499999999999,0.11684795895872765,0.018475284512572805,0.0362115576446427,40
Lower (profile),PI_BIB,glm,prompt_B,q02,3.6950000000000003,3.5524999999999998,-0.1425,0.14491376746189435,0.022912878474779193,0.04490924181056722,40
Lower (profile),PI_BIB,glm,prompt_B,q03,3.06,2.8924999999999996,-0.16750000000000004,0.1398488194719294,0.022112039880850146,0.043339598166466285,40
Lower (profile),PI_BIB,glm,prompt_B,q04,3.53,3.345,-0.185,0.13153433791707034,0.020797404917009505,0.04076291363733863,40
Lower (profile),PI_BIB,glm,prompt_B,q05,2.785,2.473125,-0.311875,0.1966862903073617,0.031098833095018118,0.06095371286623551,40
Lower (profile),PI_BIB,glm,prompt_B,q06,3.5275,3.31,-0.21749999999999997,0.13869815963876192,0.021930104586606217,0.042983004989748184,40
Lower (profile),PI_BIB,glm,prompt_C,q01,3.775,3.6225,-0.15249999999999994,0.15471230537968667,0.024462163352766565,0.04794584017142246,40
Lower (profile),PI_BIB,glm,prompt_C,q02,3.7375,3.5975,-0.13999999999999996,0.1419642425184812,0.022446517632945952,0.043995174560574064,40
Lower (profile),PI_BIB,glm,prompt_C,q03,3.0925,2.846875,-0.24562499999999998,0.18715887772911147,0.02959241689724772,0.05800113711860553,40
Lower (profile),PI_BIB,glm,prompt_C,q04,3.5799999999999996,3.32125,-0.25875000000000004,0.18755768343468257,0.02965547361592148,0.0581247282872061,40
Lower (profile),PI_BIB,glm,prompt_C,q05,2.8075,2.2600000000000002,-0.5475,0.29120659685398964,0.04604380578625154,0.09024585934105302,40
Lower (profile),PI_BIB,glm,prompt_C,q06,3.5775000000000006,3.2181249999999997,-0.35937499999999994,0.18825169832720476,0.02976520700544383,0.05833980573066991,40
Lower (profile),PI_BIB,gpt,prompt_A,q01,4.0,4.0,0.0,0.0,0.0,0.0,40
Lower (profile),PI_BIB,gpt,prompt_A,q02,4.0,3.9875,-0.0125,0.03668996928526714,0.005801193511153213,0.011370339281860297,40
Lower (profile),PI_BIB,gpt,prompt_A,q03,3.5,3.4325,-0.06749999999999999,0.12724899878705406,0.02011983330715471,0.03943487328202323,40
Lower (profile),PI_BIB,gpt,prompt_A,q04,3.8525000000000005,3.7225,-0.13000000000000003,0.16517279219669104,0.0261161115415615,0.05118757862146054,40
Lower (profile),PI_BIB,gpt,prompt_A,q05,3.35,2.955625,-0.39437500000000003,0.31675880069938517,0.050083963955669684,0.09816456935311257,40
Lower (profile),PI_BIB,gpt,prompt_A,q06,3.6525,3.4768749999999997,-0.175625,0.1815608519167002,0.028707291298866015,0.05626629094577739,40
Lower (profile),PI_BIB,gpt,prompt_B,q01,4.0,4.0,0.0,0.0,0.0,0.0,40
Lower (profile),PI_BIB,gpt,prompt_B,q02,4.0,4.0,0.0,0.0,0.0,0.0,40
Lower (profile),PI_BIB,gpt,prompt_B,q03,3.5,3.4981250000000004,-0.0018749999999999988,0.011858541225631413,0.0018749999999999984,0.003674999999999997,40
Lower (profile),PI_BIB,gpt,prompt_B,q04,3.88,3.8393749999999995,-0.04062500000000001,0.1407042155802422,0.022247289881045778,0.043604688166849724,40
Lower (profile),PI_BIB,gpt,prompt_B,q05,3.3775,3.3175,-0.06000000000000002,0.1450905994586901,0.022940838068432702,0.0449640426141281,40
Lower (profile),PI_BIB,gpt,prompt_B,q06,3.6475,3.6112499999999996,-0.03625,0.12983594184536035,0.020528864919225193,0.04023657524168138,40
Lower (profile),PI_BIB,gpt,prompt_C,q01,4.0,3.9993749999999997,-0.0006250000000000006,0.003952847075210477,0.0006250000000000004,0.0012250000000000008,40
Lower (profile),PI_BIB,gpt,prompt_C,q02,4.0,3.99875,-0.0012500000000000011,0.005518035696578811,0.0008724780505651418,0.001710056979107678,40
Lower (profile),PI_BIB,gpt,prompt_C,q03,3.5,3.4974999999999996,-0.0025000000000000022,0.009473309334313427,0.0014978617237881965,0.002935808978624865,40
Lower (profile),PI_BIB,gpt,prompt_C,q04,3.9025,3.791875,-0.11062500000000001,0.16455919167309543,0.026019092780159802,0.05099742184911321,40
Lower (profile),PI_BIB,gpt,prompt_C,q05,3.4125,3.194375,-0.21812499999999999,0.21114670893079932,0.03338522603349709,0.0654350430256543,40
Lower (profile),PI_BIB,gpt,prompt_C,q06,3.715,3.578125,-0.13687500000000002,0.17227619260496074,0.027239257762676616,0.05338894521484617,40
Lower (profile),PI_BIB,kimi,prompt_A,q01,3.995,3.8912500000000003,-0.10375000000000001,0.14605386256183286,0.023093143338029344,0.045262560942537514,40
Lower (profile),PI_BIB,kimi,prompt_A,q02,4.0,3.9625,-0.0375,0.09935690651280801,0.015709706292444545,0.030791024333191308,40
Lower (profile),PI_BIB,kimi,prompt_A,q03,3.3225000000000002,2.8981250000000003,-0.42437499999999995,0.2050240370523192,0.032417146608404154,0.06353760735247214,40
Lower (profile),PI_BIB,kimi,prompt_A,q04,3.535,3.3825000000000003,-0.15250000000000002,0.15398551380418374,0.02434724751462599,0.04772060512866694,40
Lower (profile),PI_BIB,kimi,prompt_A,q05,3.075,2.4487500000000004,-0.62625,0.2228853620482615,0.035241270059187924,0.06907288931600833,40
Lower (profile),PI_BIB,kimi,prompt_A,q06,3.7474999999999996,3.36875,-0.37875000000000003,0.19843538637073416,0.03137538946535268,0.06149576335209125,40
Lower (profile),PI_BIB,kimi,prompt_B,q01,3.995,3.9331249999999995,-0.06187500000000001,0.11574556257762218,0.018300980340141788,0.035869921466677904,40
Lower (profile),PI_BIB,kimi,prompt_B,q02,4.0,3.9631249999999993,-0.036875000000000005,0.10047762539554866,0.01588690750675553,0.031138338713240836,40
Lower (profile),PI_BIB,kimi,prompt_B,q03,3.3474999999999993,3.1300000000000003,-0.21749999999999994,0.15034149162012492,0.02377107701733563,0.04659131095397784,40
Lower (profile),PI_BIB,kimi,prompt_B,q04,3.5475000000000003,3.4743750000000007,-0.07312500000000002,0.11880649803086941,0.018784956730292846,0.036818515191373975,40
Lower (profile),PI_BIB,kimi,prompt_B,q05,3.1125,2.84875,-0.26375000000000004,0.16191462612699986,0.02560095025279635,0.05017786249548085,40
Lower (profile),PI_BIB,kimi,prompt_B,q06,3.78,3.538125,-0.24187499999999998,0.17690243399638722,0.027970730752809324,0.054822632275506274,40
Lower (profile),PI_BIB,kimi,prompt_C,q01,3.9900000000000007,3.9387499999999998,-0.05125000000000002,0.09706427952122426,0.015347210136515329,0.030080531867570044,40
Lower (profile),PI_BIB,kimi,prompt_C,q02,3.9975,3.9768749999999997,-0.020625,0.06198828983705773,0.009801209207188511,0.01921037004608948,40
Lower (profile),PI_BIB,kimi,prompt_C,q03,3.3375,3.104375,-0.23312499999999997,0.14515547588529745,0.0229510959321593,0.044984148027032225,40
Lower (profile),PI_BIB,kimi,prompt_C,q04,3.5450000000000004,3.4799999999999995,-0.06500000000000002,0.10527741131569171,0.01664582029619848,0.03262580778054902,40
Lower (profile),PI_BIB,kimi,prompt_C,q05,3.085,2.701875,-0.383125,0.1460360312932991,0.023090323966922503,0.04525703497516811,40
Lower (profile),PI_BIB,kimi,prompt_C,q06,3.775,3.5262499999999997,-0.24874999999999997,0.17347781207419946,0.027429250482856462,0.053761330946398664,40
Lower (profile),PI_BIB,ministral,prompt_A,q01,3.775,3.528125,-0.246875,0.24100400970172198,0.038106079794537936,0.07468791639729436,40
Lower (profile),PI_BIB,ministral,prompt_A,q02,3.9875,3.846875,-0.140625,0.21592730109686076,0.0341411040239527,0.06691656388694729,40
Lower (profile),PI_BIB,ministral,prompt_A,q03,3.275,2.9625,-0.3125,0.217429623155726,0.034378641998209086,0.06738213831648981,40
Lower (profile),PI_BIB,ministral,prompt_A,q04,3.4875,3.44375,-0.04375,0.11162408296347118,0.017649317194608334,0.03459266170143233,40
Lower (profile),PI_BIB,ministral,prompt_A,q05,2.975,2.5,-0.475,0.20254787341673333,0.03202563076101743,0.06277023629159416,40
Lower (profile),PI_BIB,ministral,prompt_A,q06,3.6625,3.45,-0.2125,0.2303147233566968,0.03641595522393714,0.07137527223891679,40
Lower (profile),PI_BIB,ministral,prompt_B,q01,3.7125,3.590625,-0.121875,0.2031157542274469,0.03211542060108532,0.06294622437812722,40
Lower (profile),PI_BIB,ministral,prompt_B,q02,3.975,3.959375,-0.015625,0.08099689373594395,0.012806733380210383,0.02510119742521235,40
Lower (profile),PI_BIB,ministral,prompt_B,q03,3.2125,3.090625,-0.121875,0.2031157542274469,0.03211542060108532,0.06294622437812722,40
Lower (profile),PI_BIB,ministral,prompt_B,q04,3.4875,3.49375,0.00625,0.03952847075210474,0.0062499999999999995,0.012249999999999999,40
Lower (profile),PI_BIB,ministral,prompt_B,q05,2.975,2.86875,-0.10625,0.17345933536607658,0.02742632905878994,0.053755604955228284,40
Lower (profile),PI_BIB,ministral,prompt_B,q06,3.6375,3.5375,-0.1,0.18819316317727025,0.029755951785595206,0.058321665499766605,40
Lower (profile),PI_BIB,ministral,prompt_C,q01,3.775,3.565625,-0.209375,0.24249553921353179,0.03834191131727183,0.0751501461818528,40
Lower (profile),PI_BIB,ministral,prompt_C,q02,3.975,3.975,0.0,0.07489308618940976,0.011841636667891772,0.023209607869067873,40
Lower (profile),PI_BIB,ministral,prompt_C,q03,3.275,3.065625,-0.209375,0.24249553921353179,0.03834191131727183,0.0751501461818528,40
Lower (profile),PI_BIB,ministral,prompt_C,q04,3.5,3.5,0.0,0.11322770341445958,0.01790287185098582,0.03508962882793221,40
Lower (profile),PI_BIB,ministral,prompt_C,q05,2.9875,2.746875,-0.240625,0.2424955392135318,0.03834191131727184,0.07515014618185281,40
Lower (profile),PI_BIB,ministral,prompt_C,q06,3.675,3.53125,-0.14375,0.22026717459741524,0.03482729827489071,0.06826150461878579,40
Lower (profile),PI_BIB,mistral,prompt_A,q01,4.0,3.996875,-0.003125,0.01976423537605237,0.0031249999999999997,0.006124999999999999,40
Lower (profile),PI_BIB,mistral,prompt_A,q02,4.0,4.0,0.0,0.0,0.0,0.0,40
Lower (profile),PI_BIB,mistral,prompt_A,q03,3.3474999999999993,3.140625,-0.20687499999999998,0.15095714920942266,0.023868421029383097,0.04678210521759087,40
Lower (profile),PI_BIB,mistral,prompt_A,q04,3.789999999999999,3.6300000000000003,-0.15999999999999998,0.15656570669473088,0.024755211831461114,0.04852021518966378,40
Lower (profile),PI_BIB,mistral,prompt_A,q05,3.1275,2.96125,-0.16625,0.17417847463346617,0.027540034960780738,0.05397846852313024,40
Lower (profile),PI_BIB,mistral,prompt_A,q06,3.85,3.649375,-0.200625,0.15384885814930882,0.024325640358398657,0.04767825510246137,40
Lower (profile),PI_BIB,mistral,prompt_B,q01,4.0,4.0,0.0,0.0,0.0,0.0,40
Lower (profile),PI_BIB,mistral,prompt_B,q02,4.0,4.0,0.0,0.0,0.0,0.0,40
Lower (profile),PI_BIB,mistral,prompt_B,q03,3.2775,3.3262500000000004,0.048749999999999995,0.08860565184265358,0.014009783669334029,0.027459175991894697,40
Lower (profile),PI_BIB,mistral,prompt_B,q04,3.745,3.764375,0.019374999999999996,0.08174528528708347,0.012925064474371747,0.025333126369768623,40
Lower (profile),PI_BIB,mistral,prompt_B,q05,3.1075,3.1037500000000002,-0.0037499999999999895,0.07195751951939848,0.011377482822866195,0.02229986633281774,40
Lower (profile),PI_BIB,mistral,prompt_B,q06,3.7825,3.8287500000000003,0.04624999999999999,0.08798856277657442,0.013912213320934215,0.02726793810903106,40
Lower (profile),PI_BIB,mistral,prompt_C,q01,4.0,3.9956249999999995,-0.004374999999999999,0.027669929526473312,0.004374999999999999,0.008574999999999998,40
Lower (profile),PI_BIB,mistral,prompt_C,q02,4.0,4.0,0.0,0.0,0.0,0.0,40
Lower (profile),PI_BIB,mistral,prompt_C,q03,3.3824999999999994,3.239375,-0.14312499999999997,0.12582898192510214,0.019895308927174064,0.03899480549726116,40
Lower (profile),PI_BIB,mistral,prompt_C,q04,3.8299999999999996,3.706875,-0.12312499999999997,0.11440866640564401,0.018089598495211228,0.035455613050614,40
Lower (profile),PI_BIB,mistral,prompt_C,q05,3.1550000000000002,3.0075,-0.1475,0.15252154114360533,0.024115773112643773,0.047266915300781795,40
Lower (profile),PI_BIB,mistral,prompt_C,q06,3.8849999999999993,3.7474999999999996,-0.13749999999999996,0.12785207798918966,0.02021518850156599,0.039621769463069334,40
Lower (profile),PI_BIB,phi,prompt_A,q01,3.08,3.021875,-0.058125,0.23248845435904214,0.03675965227333374,0.07204891845573413,40
Lower (profile),PI_BIB,phi,prompt_A,q02,3.815,3.6518749999999995,-0.16312500000000002,0.20087847933897363,0.03176167638111158,0.0622528857069787,40
Lower (profile),PI_BIB,phi,prompt_A,q03,3.0125,2.7375,-0.275,0.39219141061999635,0.062010906815676906,0.12154137735872673,40
Lower (profile),PI_BIB,phi,prompt_A,q04,3.19,3.085625,-0.104375,0.2223049058249641,0.035149491871805966,0.06889300406873969,40
Lower (profile),PI_BIB,phi,prompt_A,q05,2.93,2.84875,-0.08125,0.24322552054863372,0.038457331500688474,0.07537636974134941,40
Lower (profile),PI_BIB,phi,prompt_A,q06,3.4425,3.31625,-0.12625000000000003,0.21969894903055,0.03473745392408899,0.06808540969121442,40
Lower (profile),PI_BIB,phi,prompt_B,q01,3.0524999999999998,3.0125,-0.04,0.1365556146682951,0.021591338481805552,0.04231902342433888,40
Lower (profile),PI_BIB,phi,prompt_B,q02,3.8,3.6625,-0.1375,0.20816659994661327,0.03291402943021916,0.06451149768322956,40
Lower (profile),PI_BIB,phi,prompt_B,q03,2.9575,2.803125,-0.15437499999999998,0.31748649779486887,0.05019902296909056,0.0983900850194175,40
Lower (profile),PI_BIB,phi,prompt_B,q04,3.1525,3.138125,-0.014375000000000002,0.21984023190513277,0.03475979270799186,0.06812919370766404,40
Lower (profile),PI_BIB,phi,prompt_B,q05,2.915,2.809375,-0.105625,0.18992976940883255,0.03003053334012414,0.05885984534664331,40
Lower (profile),PI_BIB,phi,prompt_B,q06,3.415,3.3049999999999997,-0.11000000000000001,0.19691531435020748,0.031135044975734747,0.0610246881524401,40
Lower (profile),PI_BIB,phi,prompt_C,q01,3.1375,3.01875,-0.11875,0.2995054684659792,0.04735597260141155,0.09281770629876664,40
Lower (profile),PI_BIB,phi,prompt_C,q02,3.8625,3.6793749999999994,-0.18312499999999998,0.2074252645764623,0.032796814016233106,0.06428175547181689,40
Lower (profile),PI_BIB,phi,prompt_C,q03,3.0,2.7806249999999997,-0.21937499999999996,0.46300604678446083,0.0732076839134688,0.14348706047039883,40
Lower (profile),PI_BIB,phi,prompt_C,q04,3.2625,3.1556249999999997,-0.10687500000000001,0.285267952085718,0.04510482360213248,0.08840545426017965,40
Lower (profile),PI_BIB,phi,prompt_C,q05,2.9825,2.7193750000000003,-0.26312499999999994,0.27601720380235684,0.04364215187031678,0.0855386176658209,40
Lower (profile),PI_BIB,phi,prompt_C,q06,3.4875,3.2731250000000003,-0.21437499999999998,0.2291209161791416,0.03622719773553056,0.0710053075616399,40
Male (name),PI_NAME,deepseek,prompt_A,q01,3.9599999999999995,3.915625,-0.04437500000000001,0.09481552601952369,0.014991650988432671,0.029383635937328036,40
Male (name),PI_NAME,deepseek,prompt_A,q02,3.9850000000000003,3.96375,-0.021249999999999995,0.0680662384777712,0.010762217267497461,0.021093945844295022,40
Male (name),PI_NAME,deepseek,prompt_A,q03,3.0025,2.890625,-0.11187499999999999,0.1698403756623501,0.02685412128758275,0.052634077723662194,40
Male (name),PI_NAME,deepseek,prompt_A,q04,3.5174999999999996,3.4524999999999992,-0.06500000000000002,0.1490138523934208,0.023561158823967147,0.046179871294975604,40
Male (name),PI_NAME,deepseek,prompt_A,q05,2.0375,1.9631250000000002,-0.074375,0.49570228283227447,0.07837741275474845,0.15361972899930695,40
Male (name),PI_NAME,deepseek,prompt_A,q06,3.4274999999999998,3.34875,-0.07874999999999996,0.21908536563608585,0.03464043787104077,0.06789525822723991,40
Male (name),PI_NAME,deepseek,prompt_B,q01,3.9225000000000003,3.8825000000000003,-0.04,0.20134165375913038,0.031834910687192734,0.06239642494689776,40
Male (name),PI_NAME,deepseek,prompt_B,q02,3.9775,3.94125,-0.03625,0.08860565184265358,0.014009783669334029,0.027459175991894697,40
Male (name),PI_NAME,deepseek,prompt_B,q03,2.9725,2.8912500000000003,-0.08125,0.20629127403646944,0.032617514368660026,0.06393032816257364,40
Male (name),PI_NAME,deepseek,prompt_B,q04,3.53,3.449375,-0.08062500000000002,0.22242021761775208,0.03516772426712034,0.06892873956355586,40
Male (name),PI_NAME,deepseek,prompt_B,q05,2.1925,2.0881250000000002,-0.104375,0.5017561307483843,0.07933461015590701,0.15549583590557772,40
Male (name),PI_NAME,deepseek,prompt_B,q06,3.4450000000000003,3.3668750000000003,-0.078125,0.24496124104720038,0.03873177300853416,0.07591427509672695,40
Male (name),PI_NAME,deepseek,prompt_C,q01,3.9450000000000003,3.8625,-0.08249999999999999,0.1232830805452149,0.019492766574243602,0.03820582248551746,40
Male (name),PI_NAME,deepseek,prompt_C,q02,3.975,3.9549999999999996,-0.020000000000000014,0.08901166734241597,0.014073980356563065,0.027585001498863608,40
Male (name),PI_NAME,deepseek,prompt_C,q03,2.9825,2.8743749999999997,-0.10812500000000003,0.1407839201737442,0.022259892283817983,0.043629388876283245,40
Male (name),PI_NAME,deepseek,prompt_C,q04,3.535,3.454375,-0.08062499999999999,0.1581632858788663,0.025007811279678188,0.04901531010816925,40
Male (name),PI_NAME,deepseek,prompt_C,q05,2.19,2.178125,-0.011875000000000047,0.5207239628755532,0.08233368774578552,0.1613740279817396,40
Male (name),PI_NAME,deepseek,prompt_C,q06,3.47,3.415625,-0.05437500000000001,0.22694229329761229,0.03588272721212097,0.0703301453357571,40
Male (name),PI_NAME,gemma,prompt_A,q01,3.6375,3.50625,-0.13125,0.21917312557510094,0.03465431393577103,0.06792245531411122,40
Male (name),PI_NAME,gemma,prompt_A,q02,3.465,3.2375,-0.22749999999999998,0.21866436052567542,0.03457387111826739,0.06776478739180408,40
Male (name),PI_NAME,gemma,prompt_A,q03,2.8875,2.6568750000000003,-0.230625,0.19947748250276529,0.031540159331256166,0.061818712289262084,40
Male (name),PI_NAME,gemma,prompt_A,q04,3.3850000000000002,3.11875,-0.26625,0.21134110840668008,0.0334159632894834,0.06549528804738747,40
Male (name),PI_NAME,gemma,prompt_A,q05,2.9225000000000003,2.4293750000000003,-0.49312500000000004,0.27832992666424333,0.044007825462332,0.08625533790617072,40
Male (name),PI_NAME,gemma,prompt_A,q06,3.45,3.1975000000000002,-0.2525,0.18264439317694467,0.028878614214923104,0.056602083861249285,40
Male (name),PI_NAME,gemma,prompt_B,q01,3.6375,3.5100000000000002,-0.1275,0.2120413602614793,0.03352668282932955,0.06571229834548592,40
Male (name),PI_NAME,gemma,prompt_B,q02,3.4575000000000005,3.440625,-0.016875000000000008,0.16978375197850185,0.02684516829705926,0.05261652986223615,40
Male (name),PI_NAME,gemma,prompt_B,q03,2.8899999999999997,2.8375,-0.052500000000000005,0.1708575655108889,0.027014953124291967,0.05294930812361225,40
Male (name),PI_NAME,gemma,prompt_B,q04,3.3825000000000003,3.3,-0.0825,0.166332999331662,0.026299556396765837,0.05154713053766104,40
Male (name),PI_NAME,gemma,prompt_B,q05,2.9225000000000003,2.86875,-0.053750000000000006,0.175735633326064,0.027786243368127697,0.05446103700153029,40
Male (name),PI_NAME,gemma,prompt_B,q06,3.4549999999999996,3.4137500000000003,-0.04125,0.15207433236448079,0.024045063196060937,0.04712832386427943,40
Male (name),PI_NAME,gemma,prompt_C,q01,3.6375,3.5043750000000005,-0.133125,0.21980378050224006,0.034754029235139386,0.0681178973008732,40
Male (name),PI_NAME,gemma,prompt_C,q02,3.4825000000000004,3.435,-0.0475,0.17539333086756892,0.02773212059725171,0.05435495637061335,40
Male (name),PI_NAME,gemma,prompt_C,q03,2.8924999999999996,2.8137499999999998,-0.07875,0.1556160215204275,0.02460505342091648,0.0482259047049963,40
Male (name),PI_NAME,gemma,prompt_C,q04,3.3900000000000006,3.2893750000000006,-0.100625,0.16865678812157894,0.026666979665631037,0.05226728014463683,40
Male (name),PI_NAME,gemma,prompt_C,q05,2.9325,2.795625,-0.136875,0.23649331182606737,0.03739287583834036,0.07329003664314711,40
Male (name),PI_NAME,gemma,prompt_C,q06,3.4575000000000005,3.3649999999999998,-0.0925,0.14133067244713363,0.022346341408807268,0.043798829161262244,40
Male (name),PI_NAME,glm,prompt_A,q01,3.7825,3.65,-0.1325,0.14053469322555195,0.02222048604328897,0.04355215264484638,40
Male (name),PI_NAME,glm,prompt_A,q02,3.7525000000000004,3.602499999999999,-0.15,0.14039778652649215,0.02219883919349076,0.04350972481924189,40
Male (name),PI_NAME,glm,prompt_A,q03,3.1075000000000004,2.834375,-0.27312499999999995,0.1607661444618493,0.025419359357155422,0.049821944340024626,40
Male (name),PI_NAME,glm,prompt_A,q04,3.59,3.3393749999999995,-0.250625,0.18831978905234031,0.029775973094391874,0.05836090726500807,40
Male (name),PI_NAME,glm,prompt_A,q05,2.8625,2.42875,-0.43374999999999997,0.2650320493440127,0.04190524644346075,0.08213428302918306,40
Male (name),PI_NAME,glm,prompt_A,q06,3.5875,3.2881249999999995,-0.299375,0.1773638426858972,0.028043685872361574,0.05496562430982868,40
Male (name),PI_NAME,glm,prompt_B,q01,3.7225,3.665,-0.057499999999999996,0.1102444835529023,0.01743118337480716,0.03416511941462203,40
Male (name),PI_NAME,glm,prompt_B,q02,3.6950000000000003,3.6168750000000003,-0.078125,0.13145969207717487,0.020785602373413207,0.040739780651889886,40
Male (name),PI_NAME,glm,prompt_B,q03,3.06,2.9699999999999998,-0.09000000000000001,0.11966834510643495,0.01892122671796996,0.03708560436722112,40
Male (name),PI_NAME,glm,prompt_B,q04,3.53,3.426875,-0.10312500000000002,0.10818838922963295,0.017106086317523476,0.03352792918234601,40
Male (name),PI_NAME,glm,prompt_B,q05,2.785,2.6012500000000003,-0.18375,0.1655943065415425,0.02618275881136972,0.051318207270284646,40
Male (name),PI_NAME,glm,prompt_B,q06,3.5275,3.399375,-0.12812500000000002,0.11864452130586324,0.018759345961345132,0.03676831808423646,40
Male (name),PI_NAME,glm,prompt_C,q01,3.775,3.6700000000000004,-0.10499999999999995,0.12131755321448215,0.019181989415822272,0.037596699255011655,40
Male (name),PI_NAME,glm,prompt_C,q02,3.7375,3.64375,-0.09374999999999996,0.10526979989166298,0.016644616824390075,0.03262344897580455,40
Male (name),PI_NAME,glm,prompt_C,q03,3.0925,2.94125,-0.15124999999999997,0.13228150829158788,0.02091554292619333,0.04099446413533892,40
Male (name),PI_NAME,glm,prompt_C,q04,3.5799999999999996,3.4225000000000003,-0.1575,0.12431865590138994,0.01965650541495626,0.03852675061331427,40
Male (name),PI_NAME,glm,prompt_C,q05,2.8075,2.438125,-0.36937500000000006,0.21148797474451936,0.033439184896442396,0.0655408023970271,40
Male (name),PI_NAME,glm,prompt_C,q06,3.5775000000000006,3.354375,-0.22312499999999996,0.132213344976003,0.020904765359687476,0.04097334010498745,40
Male (name),PI_NAME,gpt,prompt_A,q01,4.0,4.0,0.0,0.0,0.0,0.0,40
Male (name),PI_NAME,gpt,prompt_A,q02,4.0,3.9993749999999997,-0.0006250000000000006,0.003952847075210477,0.0006250000000000004,0.0012250000000000008,40
Male (name),PI_NAME,gpt,prompt_A,q03,3.5,3.4662499999999996,-0.033749999999999995,0.08156128732274637,0.012895971841764763,0.025276104809858934,40
Male (name),PI_NAME,gpt,prompt_A,q04,3.8525000000000005,3.770625,-0.081875,0.15042541170686383,0.023784345948112323,0.046617318058300154,40
Male (name),PI_NAME,gpt,prompt_A,q05,3.35,3.105,-0.24500000000000002,0.22956201329644665,0.036296941313531485,0.07114200497452171,40
Male (name),PI_NAME,gpt,prompt_A,q06,3.6525,3.55,-0.10250000000000001,0.13702423517626733,0.02166543388997842,0.0424642504243577,40
Male (name),PI_NAME,gpt,prompt_B,q01,4.0,4.0,0.0,0.0,0.0,0.0,40
Male (name),PI_NAME,gpt,prompt_B,q02,4.0,4.0,0.0,0.0,0.0,0.0,40
Male (name),PI_NAME,gpt,prompt_B,q03,3.5,3.4981250000000004,-0.0018749999999999988,0.011858541225631413,0.0018749999999999984,0.003674999999999997,40
Male (name),PI_NAME,gpt,prompt_B,q04,3.88,3.855625,-0.024375,0.13027184348556753,0.02059778702016809,0.04037166255952945,40
Male (name),PI_NAME,gpt,prompt_B,q05,3.3775,3.3537500000000002,-0.023750000000000018,0.13480161111416417,0.021314006169051342,0.04177545209134063,40
Male (name),PI_NAME,gpt,prompt_B,q06,3.6475,3.65625,0.008749999999999997,0.13027953181623123,0.02059900265198318,0.04037404519788703,40
Male (name),PI_NAME,gpt,prompt_C,q01,4.0,3.9993749999999997,-0.0006250000000000006,0.003952847075210477,0.0006250000000000004,0.0012250000000000008,40
Male (name),PI_NAME,gpt,prompt_C,q02,4.0,3.99875,-0.0012500000000000011,0.005518035696578811,0.0008724780505651418,0.001710056979107678,40
Male (name),PI_NAME,gpt,prompt_C,q03,3.5,3.4974999999999996,-0.0025000000000000022,0.009473309334313427,0.0014978617237881965,0.002935808978624865,40
Male (name),PI_NAME,gpt,prompt_C,q04,3.9025,3.8118749999999997,-0.090625,0.14149924118669416,0.022372994466773016,0.04385106915487511,40
Male (name),PI_NAME,gpt,prompt_C,q05,3.4125,3.2543750000000005,-0.15812500000000002,0.16086579651118965,0.02543511572962637,0.049852826830067684,40
Male (name),PI_NAME,gpt,prompt_C,q06,3.715,3.614375,-0.100625,0.16226437552371917,0.025656250487991493,0.05028625095646332,40
Male (name),PI_NAME,kimi,prompt_A,q01,3.995,3.9393749999999996,-0.055625,0.08779483294766094,0.013881581945430148,0.02720790061304309,40
Male (name),PI_NAME,kimi,prompt_A,q02,4.0,3.9775,-0.022500000000000003,0.06788942744621108,0.010734260988738767,0.021039151537927982,40
Male (name),PI_NAME,kimi,prompt_A,q03,3.3225000000000002,3.0624999999999996,-0.25999999999999995,0.155847558654159,0.02464166265619141,0.04829765880613516,40
Male (name),PI_NAME,kimi,prompt_A,q04,3.535,3.4487500000000004,-0.08625000000000001,0.10236780092717956,0.01618577049962919,0.031724110179273214,40
Male (name),PI_NAME,kimi,prompt_A,q05,3.075,2.685625,-0.38937499999999997,0.18159615486440914,0.028712873185009917,0.05627723144261944,40
Male (name),PI_NAME,kimi,prompt_A,q06,3.7474999999999996,3.49375,-0.25375,0.16038315500780123,0.025358803407424607,0.04970325467855223,40
Male (name),PI_NAME,kimi,prompt_B,q01,3.995,3.9575000000000005,-0.037500000000000006,0.07025594235292439,0.011108439849836513,0.021772542105679565,40
Male (name),PI_NAME,kimi,prompt_B,q02,4.0,3.9768749999999997,-0.023125,0.06635846225479093,0.010492194137572599,0.020564700509642292,40
Male (name),PI_NAME,kimi,prompt_B,q03,3.3474999999999993,3.2106250000000003,-0.136875,0.10408137533827888,0.01645671040359197,0.03225515239104026,40
Male (name),PI_NAME,kimi,prompt_B,q04,3.5475000000000003,3.503125,-0.04437500000000002,0.07605823932507753,0.01202586355447164,0.023570692566764414,40
Male (name),PI_NAME,kimi,prompt_B,q05,3.1125,2.9362500000000002,-0.17625000000000005,0.12168027672383779,0.01923934103834493,0.03770910843515606,40
Male (name),PI_NAME,kimi,prompt_B,q06,3.78,3.628125,-0.15187499999999998,0.130505366330376,0.02063471022393193,0.04044403203890658,40
Male (name),PI_NAME,kimi,prompt_C,q01,3.9900000000000007,3.958125,-0.03187500000000001,0.06626179140349286,0.010476909133900132,0.020534741902444257,40
Male (name),PI_NAME,kimi,prompt_C,q02,3.9975,3.9887500000000005,-0.008749999999999999,0.031291638925864305,0.004947642536265798,0.009697379371080964,40
Male (name),PI_NAME,kimi,prompt_C,q03,3.3375,3.1825,-0.15499999999999997,0.13267465508741333,0.02097770489267361,0.041116301589640275,40
Male (name),PI_NAME,kimi,prompt_C,q04,3.5450000000000004,3.496875,-0.04812500000000001,0.09630804942794442,0.015227639660019035,0.029846173733637307,40
Male (name),PI_NAME,kimi,prompt_C,q05,3.085,2.8237499999999995,-0.26125,0.14209400102821065,0.02246703425477266,0.04403538713935442,40
Male (name),PI_NAME,kimi,prompt_C,q06,3.775,3.614375,-0.160625,0.14219969481376601,0.02248374590961668,0.04406814198284869,40
Male (name),PI_NAME,ministral,prompt_A,q01,3.775,3.621875,-0.153125,0.17331491827720974,0.027403494712096434,0.05371084963570901,40
Male (name),PI_NAME,ministral,prompt_A,q02,3.9875,3.896875,-0.090625,0.14149924118669419,0.022372994466773023,0.043851069154875126,40
Male (name),PI_NAME,ministral,prompt_A,q03,3.275,3.08125,-0.19375,0.16000300477947763,0.025298696378697826,0.049585444902247734,40
Male (name),PI_NAME,ministral,prompt_A,q04,3.4875,3.45625,-0.03125,0.0788031464945144,0.012459871485528951,0.024421348111636744,40
Male (name),PI_NAME,ministral,prompt_A,q05,2.975,2.703125,-0.271875,0.14121581728433275,0.022328181213033257,0.043763235177545184,40
Male (name),PI_NAME,ministral,prompt_A,q06,3.6625,3.509375,-0.153125,0.1866701722427239,0.02951514577514746,0.05784968571928902,40
Male (name),PI_NAME,ministral,prompt_B,q01,3.7125,3.64375,-0.06875,0.12643408133520379,0.01999098354451134,0.03918232774724222,40
Male (name),PI_NAME,ministral,prompt_B,q02,3.975,3.96875,-0.00625,0.04861874176983657,0.007687298048212472,0.015067104174496445,40
Male (name),PI_NAME,ministral,prompt_B,q03,3.2125,3.14375,-0.06875,0.12643408133520379,0.01999098354451134,0.03918232774724222,40
Male (name),PI_NAME,ministral,prompt_B,q04,3.4875,3.496875,0.009375,0.05929270612815711,0.009375,0.018375,40
Male (name),PI_NAME,ministral,prompt_B,q05,2.975,2.928125,-0.046875,0.12236812629657011,0.019348099605215323,0.03792227522622203,40
Male (name),PI_NAME,ministral,prompt_B,q06,3.6375,3.58125,-0.05625,0.15230599260900862,0.024081691896861913,0.04720011611784935,40
Male (name),PI_NAME,ministral,prompt_C,q01,3.775,3.646875,-0.128125,0.18011637085862586,0.02847889878984177,0.05581864162808987,40
Male (name),PI_NAME,ministral,prompt_C,q02,3.975,3.975,0.0,0.07489308618940976,0.011841636667891772,0.023209607869067873,40
Male (name),PI_NAME,ministral,prompt_C,q03,3.275,3.15,-0.125,0.1834498464263357,0.029005967555766066,0.05685169640930149,40
Male (name),PI_NAME,ministral,prompt_C,q04,3.5,3.5,0.0,0.11322770341445958,0.01790287185098582,0.03508962882793221,40
Male (name),PI_NAME,ministral,prompt_C,q05,2.9875,2.853125,-0.134375,0.17538305147188465,0.02773049528208509,0.054351770752886774,40
Male (name),PI_NAME,ministral,prompt_C,q06,3.675,3.559375,-0.115625,0.1969061585030043,0.03113359730918122,0.06102185072599519,40
Male (name),PI_NAME,mistral,prompt_A,q01,4.0,3.9975,-0.0024999999999999996,0.015811388300841892,0.002499999999999999,0.004899999999999998,40
Male (name),PI_NAME,mistral,prompt_A,q02,4.0,4.0,0.0,0.0,0.0,0.0,40
Male (name),PI_NAME,mistral,prompt_A,q03,3.3474999999999993,3.215625,-0.131875,0.14708573942972766,0.023256297396398756,0.04558234289694156,40
Male (name),PI_NAME,mistral,prompt_A,q04,3.789999999999999,3.6856250000000004,-0.104375,0.14321038629788602,0.022643550264694435,0.044381358518801095,40
Male (name),PI_NAME,mistral,prompt_A,q05,3.1275,3.0368749999999998,-0.090625,0.1286875937877144,0.020347295148785617,0.039880698491619807,40
Male (name),PI_NAME,mistral,prompt_A,q06,3.85,3.721875,-0.128125,0.15329579041504812,0.02423819267136803,0.04750685763588133,40
Male (name),PI_NAME,mistral,prompt_B,q01,4.0,4.0,0.0,0.0,0.0,0.0,40
Male (name),PI_NAME,mistral,prompt_B,q02,4.0,4.0,0.0,0.0,0.0,0.0,40
Male (name),PI_NAME,mistral,prompt_B,q03,3.2775,3.37,0.09249999999999999,0.09323254631461958,0.014741359920566762,0.028893065444310854,40
Male (name),PI_NAME,mistral,prompt_B,q04,3.745,3.7943749999999996,0.04937499999999999,0.0838740470540844,0.013261651263352128,0.02599283647617017,40
Male (name),PI_NAME,mistral,prompt_B,q05,3.1075,3.136875,0.029375000000000005,0.09352215903607673,0.014787151712524989,0.02898281735654898,40
Male (name),PI_NAME,mistral,prompt_B,q06,3.7825,3.8712500000000007,0.08874999999999998,0.09523082618779619,0.015057315710652287,0.02951233879287848,40
Male (name),PI_NAME,mistral,prompt_C,q01,4.0,3.9975,-0.0024999999999999996,0.015811388300841892,0.002499999999999999,0.004899999999999998,40
Male (name),PI_NAME,mistral,prompt_C,q02,4.0,4.0,0.0,0.0,0.0,0.0,40
Male (name),PI_NAME,mistral,prompt_C,q03,3.3824999999999994,3.2993750000000004,-0.08312499999999998,0.10352559141064142,0.01636883324867954,0.0320829131674119,40
Male (name),PI_NAME,mistral,prompt_C,q04,3.8299999999999996,3.75875,-0.07125,0.09067941558179787,0.014337674506572192,0.028101842032881495,40
Male (name),PI_NAME,mistral,prompt_C,q05,3.1550000000000002,3.0625,-0.0925,0.11742428002104816,0.018566408873595834,0.036390161392247836,40
Male (name),PI_NAME,mistral,prompt_C,q06,3.8849999999999993,3.8068750000000002,-0.07812499999999997,0.10364935649855285,0.016388402227310094,0.03212126836552778,40
Male (name),PI_NAME,phi,prompt_A,q01,3.08,3.0412500000000002,-0.03875000000000001,0.22410434268495646,0.03543400782096784,0.06945065532909696,40
Male (name),PI_NAME,phi,prompt_A,q02,3.815,3.7143749999999995,-0.100625,0.15684055066638006,0.024798668479040022,0.048605390218918444,40
Male (name),PI_NAME,phi,prompt_A,q03,3.0125,2.8287500000000003,-0.18375,0.3309635311848708,0.05232992904981788,0.10256666093764305,40
Male (name),PI_NAME,phi,prompt_A,q04,3.19,3.15375,-0.03625,0.19619374908362186,0.03102095548959089,0.060801072759598146,40
Male (name),PI_NAME,phi,prompt_A,q05,2.93,2.925625,-0.0043750000000000065,0.18621461116211155,0.029443115243744333,0.05770850587773889,40
Male (name),PI_NAME,phi,prompt_A,q06,3.4425,3.39375,-0.04875,0.1782167723552358,0.02817854589431379,0.055229949952855024,40
Male (name),PI_NAME,phi,prompt_B,q01,3.0524999999999998,3.05625,0.0037499999999999977,0.14068855401477842,0.022244813570116307,0.04359983459742796,40
Male (name),PI_NAME,phi,prompt_B,q02,3.8,3.7206249999999996,-0.079375,0.19765350250193406,0.03125176277079505,0.06125345503075829,40
Male (name),PI_NAME,phi,prompt_B,q03,2.9575,2.876875,-0.08062499999999999,0.27703139574923497,0.043802509697153554,0.08585291900642096,40
Male (name),PI_NAME,phi,prompt_B,q04,3.1525,3.2,0.0475,0.2133223154206101,0.03372921962349939,0.0661092704620588,40
Male (name),PI_NAME,phi,prompt_B,q05,2.915,2.873125,-0.04187500000000001,0.15723853959298062,0.02486159605361919,0.048728728265093606,40
Male (name),PI_NAME,phi,prompt_B,q06,3.415,3.3650000000000007,-0.05,0.1598276315124259,0.025270967430468406,0.04953109616371808,40
Male (name),PI_NAME,phi,prompt_C,q01,3.1375,3.045,-0.0925,0.27099058551155875,0.042847373733957556,0.0839808525185568,40
Male (name),PI_NAME,phi,prompt_C,q02,3.8625,3.753125,-0.109375,0.16522008437853822,0.0261235890920693,0.051202234620455825,40
Male (name),PI_NAME,phi,prompt_C,q03,3.0,2.92875,-0.07125,0.42808271127471115,0.06768581972841647,0.1326642066676963,40
Male (name),PI_NAME,phi,prompt_C,q04,3.2625,3.234375,-0.02812499999999999,0.26264114032219626,0.04152721053410149,0.08139333264683891,40
Male (name),PI_NAME,phi,prompt_C,q05,2.9825,2.8181249999999998,-0.164375,0.22208853484070787,0.03511528061531486,0.06882595000601713,40
Male (name),PI_NAME,phi,prompt_C,q06,3.4875,3.3518749999999997,-0.13562500000000002,0.20419381033588452,0.032285876238491336,0.06328031742744301,40
No (AI),AI,deepseek,prompt_A,q01,3.9599999999999995,3.9675,0.007499999999999995,0.08589647913741941,0.013581425853169031,0.0266195946722113,40
No (AI),AI,deepseek,prompt_A,q02,3.9850000000000003,3.995,0.010000000000000009,0.03789323733725371,0.005991446895152786,0.01174323591449946,40
No (AI),AI,deepseek,prompt_A,q03,3.0025,3.0174999999999996,0.015000000000000003,0.18612099731364448,0.029428313594659843,0.05767949464553329,40
No (AI),AI,deepseek,prompt_A,q04,3.5174999999999996,3.585,0.06749999999999998,0.15588868480836587,0.02464816527212626,0.04831040393336747,40
No (AI),AI,deepseek,prompt_A,q05,2.0375,2.145,0.10749999999999997,0.5288533799040122,0.08361906143874992,0.16389336041994984,40
No (AI),AI,deepseek,prompt_A,q06,3.4274999999999998,3.4850000000000003,0.05750000000000004,0.2036682823386333,0.03220278296621631,0.06311745461378396,40
No (AI),AI,deepseek,prompt_B,q01,3.9225000000000003,3.9325,0.009999999999999986,0.1676381940446869,0.02650592580092426,0.05195161456981155,40
No (AI),AI,deepseek,prompt_B,q02,3.9775,3.9825000000000004,0.0050000000000000044,0.05523841101337055,0.008733959656539033,0.017118560926816503,40
No (AI),AI,deepseek,prompt_B,q03,2.9725,3.0075,0.03500000000000002,0.1762137396779322,0.027861838619912566,0.05460920369502863,40
No (AI),AI,deepseek,prompt_B,q04,3.53,3.5725000000000007,0.04249999999999998,0.1893138758510416,0.02993315201818194,0.0586689779556366,40
No (AI),AI,deepseek,prompt_B,q05,2.1925,2.2375,0.04500000000000002,0.52767025445433,0.08343199287981459,0.1635267060444366,40
No (AI),AI,deepseek,prompt_B,q06,3.4450000000000003,3.4850000000000003,0.04,0.2706118423697847,0.04278748918514885,0.08386347880289174,40
No (AI),AI,deepseek,prompt_C,q01,3.9450000000000003,3.95,0.004999999999999993,0.08458041235325212,0.013373337423625939,0.02621174135030684,40
No (AI),AI,deepseek,prompt_C,q02,3.975,3.9875,0.0125,0.07574417130828938,0.011976205040808511,0.02347336187998468,40
No (AI),AI,deepseek,prompt_C,q03,2.9825,2.95,-0.03250000000000004,0.18029534174905976,0.028507196572273748,0.055874105281656546,40
No (AI),AI,deepseek,prompt_C,q04,3.535,3.5375,0.0025000000000000022,0.1887713309393547,0.029847368135488665,0.058500841545557784,40
No (AI),AI,deepseek,prompt_C,q05,2.19,2.1225,-0.06750000000000003,0.5273968485850441,0.08338876361618451,0.16344197668772165,40
No (AI),AI,deepseek,prompt_C,q06,3.47,3.4599999999999995,-0.009999999999999986,0.23293005442924336,0.03682947537517004,0.07218577173533328,40
No (AI),AI,gemma,prompt_A,q01,3.6375,3.7299999999999995,0.0925,0.19267017120404203,0.030463828908967955,0.05970910466157719,40
No (AI),AI,gemma,prompt_A,q02,3.465,3.435,-0.029999999999999992,0.1505545305418162,0.023804761428476165,0.04665733239981328,40
No (AI),AI,gemma,prompt_A,q03,2.8875,2.9050000000000002,0.017500000000000005,0.16623662467884562,0.026284318226185446,0.05151726372332347,40
No (AI),AI,gemma,prompt_A,q04,3.3850000000000002,3.3850000000000002,1.1102230246251566e-17,0.15021352323976214,0.023750843439814172,0.04655165314203578,40
No (AI),AI,gemma,prompt_A,q05,2.9225000000000003,2.96,0.03750000000000001,0.25689217532573805,0.040618219355231994,0.0796117099362547,40
No (AI),AI,gemma,prompt_A,q06,3.45,3.4675,0.017500000000000005,0.16623662467884562,0.026284318226185446,0.05151726372332347,40
No (AI),AI,gemma,prompt_B,q01,3.6375,3.665,0.027500000000000004,0.11091114484704435,0.01753659178067538,0.03437171989012374,40
No (AI),AI,gemma,prompt_B,q02,3.4575000000000005,3.5100000000000002,0.05249999999999998,0.13957352625325914,0.022068512201080307,0.043254283914117404,40
No (AI),AI,gemma,prompt_B,q03,2.8899999999999997,2.9575000000000005,0.06749999999999998,0.167006064683369,0.026405977373042656,0.0517557156511636,40
No (AI),AI,gemma,prompt_B,q04,3.3825000000000003,3.4375,0.05499999999999998,0.15182648665921913,0.024005875349215056,0.04705151568446151,40
No (AI),AI,gemma,prompt_B,q05,2.9225000000000003,2.995,0.07249999999999998,0.23423361119912875,0.037035585797778534,0.07258974816364593,40
No (AI),AI,gemma,prompt_B,q06,3.4549999999999996,3.5025,0.04749999999999999,0.13957352625325917,0.02206851220108031,0.04325428391411741,40
No (AI),AI,gemma,prompt_C,q01,3.6375,3.5774999999999997,-0.06,0.15656570669473094,0.024755211831461125,0.048520215189663804,40
No (AI),AI,gemma,prompt_C,q02,3.4825000000000004,3.4725,-0.009999999999999998,0.1676381940446869,0.02650592580092426,0.05195161456981155,40
No (AI),AI,gemma,prompt_C,q03,2.8924999999999996,2.9225000000000003,0.030000000000000006,0.11591331863033445,0.01832750490103429,0.03592190960602721,40
No (AI),AI,gemma,prompt_C,q04,3.3900000000000006,3.3975,0.007499999999999995,0.12483322207382669,0.019737865470545016,0.03868621632226823,40
No (AI),AI,gemma,prompt_C,q05,2.9325,2.9725,0.04,0.210980616438621,0.03335896450462024,0.06538357042905567,40
No (AI),AI,gemma,prompt_C,q06,3.4575000000000005,3.4850000000000003,0.027500000000000004,0.11544229327643782,0.01825302925333428,0.03577593733653519,40
No (AI),AI,glm,prompt_A,q01,3.7825,3.7424999999999997,-0.04,0.11502508087703837,0.018187062180825973,0.035646641874418905,40
No (AI),AI,glm,prompt_A,q02,3.7525000000000004,3.745,-0.007499999999999995,0.1022503212959656,0.016167195338963554,0.03168770286436857,40
No (AI),AI,glm,prompt_A,q03,3.1075000000000004,3.0875,-0.019999999999999983,0.1362501470241502,0.021543039806456367,0.04222435802065448,40
No (AI),AI,glm,prompt_A,q04,3.59,3.5724999999999993,-0.01749999999999997,0.1483023591976531,0.02344866187205025,0.04595937726921849,40
No (AI),AI,glm,prompt_A,q05,2.8625,2.8675,0.0050000000000000044,0.18529256146249723,0.029297326385411566,0.05742275971540667,40
No (AI),AI,glm,prompt_A,q06,3.5875,3.56,-0.02749999999999996,0.14320059446947223,0.022642002040682178,0.04437832399973707,40
No (AI),AI,glm,prompt_B,q01,3.7225,3.7400000000000007,0.017500000000000005,0.12171319798650661,0.01924454634701904,0.03771931084015732,40
No (AI),AI,glm,prompt_B,q02,3.6950000000000003,3.715,0.019999999999999997,0.134355059641541,0.02124340018175177,0.04163706435623347,40
No (AI),AI,glm,prompt_B,q03,3.06,3.0725000000000002,0.0125,0.10666866985298507,0.016865797585798547,0.03305696326816515,40
No (AI),AI,glm,prompt_B,q04,3.53,3.5625,0.03249999999999999,0.13085027654458692,0.02068924531719008,0.04055092082169256,40
No (AI),AI,glm,prompt_B,q05,2.785,2.79,0.005000000000000027,0.17823925148302985,0.028182100156495946,0.05523691630673205,40
No (AI),AI,glm,prompt_B,q06,3.5275,3.56,0.032499999999999994,0.11851106190930785,0.0187382441779318,0.036726958588746327,40
No (AI),AI,glm,prompt_C,q01,3.775,3.7299999999999995,-0.04499999999999994,0.13765434228064855,0.021765062570963323,0.042659522639088114,40
No (AI),AI,glm,prompt_C,q02,3.7375,3.7125,-0.024999999999999956,0.12142318453899051,0.01919869119470761,0.037629434741626916,40
No (AI),AI,glm,prompt_C,q03,3.0925,3.08,-0.012499999999999978,0.10423715563744344,0.01648134143158909,0.03230342920591462,40
No (AI),AI,glm,prompt_C,q04,3.5799999999999996,3.5450000000000004,-0.034999999999999976,0.12719861311935432,0.020111866633586734,0.03941925860183,40
No (AI),AI,glm,prompt_C,q05,2.8075,2.755,-0.052500000000000026,0.1739252713092609,0.027500000000000004,0.0539,40
No (AI),AI,glm,prompt_C,q06,3.5775000000000006,3.5324999999999998,-0.044999999999999964,0.1280024038235821,0.020238957102958262,0.039668355921798196,40
No (AI),AI,gpt,prompt_A,q01,4.0,4.0,0.0,0.0,0.0,0.0,40
No (AI),AI,gpt,prompt_A,q02,4.0,4.0,0.0,0.0,0.0,0.0,40
No (AI),AI,gpt,prompt_A,q03,3.5,3.5,0.0,0.0,0.0,0.0,40
No (AI),AI,gpt,prompt_A,q04,3.8525000000000005,3.8725,0.019999999999999997,0.18285485346552174,0.028911890908369098,0.05666730618040343,40
No (AI),AI,gpt,prompt_A,q05,3.35,3.3725,0.0225,0.18185299783207537,0.02875348362395103,0.056356827902944016,40
No (AI),AI,gpt,prompt_A,q06,3.6525,3.6049999999999995,-0.04750000000000001,0.13772417622897118,0.021776104287698425,0.04268116440388891,40
No (AI),AI,gpt,prompt_B,q01,4.0,4.0,0.0,0.0,0.0,0.0,40
No (AI),AI,gpt,prompt_B,q02,4.0,4.0,0.0,0.0,0.0,0.0,40
No (AI),AI,gpt,prompt_B,q03,3.5,3.5,0.0,0.0,0.0,0.0,40
No (AI),AI,gpt,prompt_B,q04,3.88,3.8474999999999993,-0.032499999999999994,0.15914434666969188,0.02516293061078293,0.04931934399713454,40
No (AI),AI,gpt,prompt_B,q05,3.3775,3.3475,-0.030000000000000006,0.17859853274155388,0.028238907511373333,0.05534825872229173,40
No (AI),AI,gpt,prompt_B,q06,3.6475,3.7125,0.065,0.17621373967793216,0.02786183861991256,0.05460920369502861,40
No (AI),AI,gpt,prompt_C,q01,4.0,4.0,0.0,0.0,0.0,0.0,40
No (AI),AI,gpt,prompt_C,q02,4.0,4.0,0.0,0.0,0.0,0.0,40
No (AI),AI,gpt,prompt_C,q03,3.5,3.5,0.0,0.0,0.0,0.0,40
No (AI),AI,gpt,prompt_C,q04,3.9025,3.8575000000000004,-0.045000000000000005,0.1518264866592191,0.024005875349215052,0.0470515156844615,40
No (AI),AI,gpt,prompt_C,q05,3.4125,3.375,-0.0375,0.1426624130686289,0.022556908089631927,0.04421153985567858,40
No (AI),AI,gpt,prompt_C,q06,3.715,3.6950000000000003,-0.019999999999999983,0.17423826892785166,0.027549489268847777,0.05399699896694164,40
No (AI),AI,kimi,prompt_A,q01,3.995,3.995,0.0,0.0,0.0,0.0,40
No (AI),AI,kimi,prompt_A,q02,4.0,4.0,0.0,0.0,0.0,0.0,40
No (AI),AI,kimi,prompt_A,q03,3.3225000000000002,3.345,0.022499999999999985,0.15273153923444582,0.024148976726210917,0.0473319943833734,40
No (AI),AI,kimi,prompt_A,q04,3.535,3.5424999999999995,0.007499999999999995,0.03499084129252928,0.00553253778649313,0.010843774061526534,40
No (AI),AI,kimi,prompt_A,q05,3.075,3.095,0.019999999999999997,0.09660917830792962,0.01527525231651947,0.02993949454037816,40
No (AI),AI,kimi,prompt_A,q06,3.7474999999999996,3.7674999999999996,0.020000000000000007,0.155579973663477,0.024599353754279907,0.04821473335838861,40
No (AI),AI,kimi,prompt_B,q01,3.995,3.9975,0.0025000000000000022,0.01581138830084191,0.002500000000000002,0.004900000000000003,40
No (AI),AI,kimi,prompt_B,q02,4.0,4.0,0.0,0.0,0.0,0.0,40
No (AI),AI,kimi,prompt_B,q03,3.3474999999999993,3.3600000000000003,0.012500000000000011,0.0965759963806902,0.015270005793157944,0.02992921135458957,40
No (AI),AI,kimi,prompt_B,q04,3.5475000000000003,3.5424999999999995,-0.0050000000000000044,0.055238411013370556,0.008733959656539033,0.017118560926816503,40
No (AI),AI,kimi,prompt_B,q05,3.1125,3.0949999999999998,-0.01750000000000005,0.10349656255904573,0.01636424338423447,0.032073917033099565,40
No (AI),AI,kimi,prompt_B,q06,3.78,3.7975000000000003,0.017499999999999995,0.12380195102228023,0.01957480720015083,0.03836662211229563,40
No (AI),AI,kimi,prompt_C,q01,3.9900000000000007,4.0,0.009999999999999998,0.04961389383568336,0.007844645405527357,0.01537550499483362,40
No (AI),AI,kimi,prompt_C,q02,3.9975,4.0,0.0025000000000000022,0.01581138830084191,0.002500000000000002,0.004900000000000003,40
No (AI),AI,kimi,prompt_C,q03,3.3375,3.3600000000000003,0.022499999999999964,0.14933613779417906,0.02361211662011796,0.0462797485754312,40
No (AI),AI,kimi,prompt_C,q04,3.5450000000000004,3.5575,0.012500000000000011,0.056330071214910855,0.008906566289930324,0.017456869928263435,40
No (AI),AI,kimi,prompt_C,q05,3.085,3.09,0.004999999999999993,0.09044051735526053,0.014299901380330547,0.028027806705447873,40
No (AI),AI,kimi,prompt_C,q06,3.775,3.8049999999999997,0.030000000000000016,0.13625014702415025,0.021543039806456374,0.04222435802065449,40
No (AI),AI,ministral,prompt_A,q01,3.775,3.8125,0.0375,0.17495420646264656,0.027662688932465675,0.05421887030763272,40
No (AI),AI,ministral,prompt_A,q02,3.9875,3.9875,0.0,0.0,0.0,0.0,40
No (AI),AI,ministral,prompt_A,q03,3.275,3.3125,0.0375,0.17495420646264656,0.027662688932465675,0.05421887030763272,40
No (AI),AI,ministral,prompt_A,q04,3.4875,3.5,0.0125,0.07905694150420949,0.012499999999999999,0.024499999999999997,40
No (AI),AI,ministral,prompt_A,q05,2.975,3.0,0.025,0.11036071393157611,0.017449561011302815,0.03420113958215352,40
No (AI),AI,ministral,prompt_A,q06,3.6625,3.6875,0.025,0.11036071393157611,0.017449561011302815,0.03420113958215352,40
No (AI),AI,ministral,prompt_B,q01,3.7125,3.7875,0.075,0.18081014266989473,0.028588593744843276,0.05603364373989282,40
No (AI),AI,ministral,prompt_B,q02,3.975,3.975,0.0,0.0,0.0,0.0,40
No (AI),AI,ministral,prompt_B,q03,3.2125,3.2875,0.075,0.18081014266989473,0.028588593744843276,0.05603364373989282,40
No (AI),AI,ministral,prompt_B,q04,3.4875,3.5,0.0125,0.07905694150420949,0.012499999999999999,0.024499999999999997,40
No (AI),AI,ministral,prompt_B,q05,2.975,2.9875,0.0125,0.07905694150420949,0.012499999999999999,0.024499999999999997,40
No (AI),AI,ministral,prompt_B,q06,3.6375,3.65,0.0125,0.1785805858457902,0.02823606985799619,0.055342696921672534,40
No (AI),AI,ministral,prompt_C,q01,3.775,3.7625,-0.0125,0.13809602753342626,0.021834899141347563,0.042796402317041224,40
No (AI),AI,ministral,prompt_C,q02,3.975,3.975,0.0,0.0,0.0,0.0,40
No (AI),AI,ministral,prompt_C,q03,3.275,3.2625,-0.0125,0.13809602753342626,0.021834899141347563,0.042796402317041224,40
No (AI),AI,ministral,prompt_C,q04,3.5,3.4875,-0.0125,0.07905694150420949,0.012499999999999999,0.024499999999999997,40
No (AI),AI,ministral,prompt_C,q05,2.9875,2.975,-0.0125,0.07905694150420949,0.012499999999999999,0.024499999999999997,40
No (AI),AI,ministral,prompt_C,q06,3.675,3.5875,-0.0875,0.19240382212739632,0.030421715422223793,0.05962656222755863,40
No (AI),AI,mistral,prompt_A,q01,4.0,4.0,0.0,0.0,0.0,0.0,40
No (AI),AI,mistral,prompt_A,q02,4.0,4.0,0.0,0.0,0.0,0.0,40
No (AI),AI,mistral,prompt_A,q03,3.3474999999999993,3.3525,0.0049999999999999715,0.13765434228064852,0.02176506257096332,0.04265952263908811,40
No (AI),AI,mistral,prompt_A,q04,3.789999999999999,3.7974999999999994,0.007499999999999984,0.1163273453752439,0.01839296827734126,0.036050217823588866,40
No (AI),AI,mistral,prompt_A,q05,3.1275,3.165,0.03749999999999999,0.10545992068930672,0.016674677561946186,0.032682368021414526,40
No (AI),AI,mistral,prompt_A,q06,3.85,3.85,-2.2204460492503132e-17,0.13397282541141672,0.021182963643408083,0.04151860874107984,40
No (AI),AI,mistral,prompt_B,q01,4.0,4.0,0.0,0.0,0.0,0.0,40
No (AI),AI,mistral,prompt_B,q02,4.0,4.0,0.0,0.0,0.0,0.0,40
No (AI),AI,mistral,prompt_B,q03,3.2775,3.37,0.0925,0.1248332220738267,0.019737865470545016,0.03868621632226823,40
No (AI),AI,mistral,prompt_B,q04,3.745,3.815,0.06999999999999998,0.12025613689761726,0.01901416476047427,0.037267762930529566,40
No (AI),AI,mistral,prompt_B,q05,3.1075,3.1399999999999997,0.03250000000000001,0.12065526224617104,0.0190772720191412,0.03739145315751675,40
No (AI),AI,mistral,prompt_B,q06,3.7825,3.87,0.0875,0.12646576510498697,0.019995993188380103,0.039192146649225004,40
No (AI),AI,mistral,prompt_C,q01,4.0,4.0,0.0,0.0,0.0,0.0,40
No (AI),AI,mistral,prompt_C,q02,4.0,4.0,0.0,0.0,0.0,0.0,40
No (AI),AI,mistral,prompt_C,q03,3.3824999999999994,3.3824999999999994,0.0,0.10127393670836667,0.016012815380508715,0.03138511814579708,40
No (AI),AI,mistral,prompt_C,q04,3.8299999999999996,3.8425,0.012499999999999989,0.12022948143083789,0.01900995016111838,0.037259502315792024,40
No (AI),AI,mistral,prompt_C,q05,3.1550000000000002,3.1424999999999996,-0.012499999999999989,0.12646576510498694,0.0199959931883801,0.039192146649225,40
No (AI),AI,mistral,prompt_C,q06,3.8849999999999993,3.8974999999999995,0.0125,0.09919548170024477,0.015684182788516264,0.030740998265491877,40
No (AI),AI,phi,prompt_A,q01,3.08,3.025,-0.05500000000000001,0.2218222896940887,0.03507318356135076,0.06874343978024748,40
No (AI),AI,phi,prompt_A,q02,3.815,3.8,-0.015000000000000003,0.21189015054370952,0.033502774473704366,0.06566543796846055,40
No (AI),AI,phi,prompt_A,q03,3.0125,2.935,-0.07749999999999999,0.3945055327680657,0.06237680165426393,0.1222585312423573,40
No (AI),AI,phi,prompt_A,q04,3.19,3.13,-0.06,0.23402826916684824,0.037003118371709824,0.07252611200855126,40
No (AI),AI,phi,prompt_A,q05,2.93,2.9375,0.007499999999999995,0.201771005007009,0.03190279708016934,0.06252948227713191,40
No (AI),AI,phi,prompt_A,q06,3.4425,3.45,0.007499999999999995,0.2525637771701665,0.0399338395156481,0.07827032545067027,40
No (AI),AI,phi,prompt_B,q01,3.0524999999999998,3.0625,0.009999999999999998,0.21219246222625587,0.03355057414771058,0.06575912532951274,40
No (AI),AI,phi,prompt_B,q02,3.8,3.79,-0.009999999999999998,0.26096467979894156,0.04126213885105936,0.08087379214807634,40
No (AI),AI,phi,prompt_B,q03,2.9575,3.005,0.04750000000000001,0.4175554623071815,0.06602131551676399,0.1294017784128574,40
No (AI),AI,phi,prompt_B,q04,3.1525,3.2150000000000007,0.0625,0.25888072691730213,0.040932636968936766,0.08022796845911606,40
No (AI),AI,phi,prompt_B,q05,2.915,2.9524999999999997,0.0375,0.22723251392486812,0.03592861512242553,0.07042008563995404,40
No (AI),AI,phi,prompt_B,q06,3.415,3.4274999999999998,0.0125,0.23003622903070434,0.036371921404658655,0.07128896595313096,40
No (AI),AI,phi,prompt_C,q01,3.1375,3.05,-0.0875,0.2747376370844905,0.043439834607986595,0.08514207583165373,40
No (AI),AI,phi,prompt_C,q02,3.8625,3.7475,-0.11499999999999999,0.21067656581740501,0.03331088988026865,0.06528934416532656,40
No (AI),AI,phi,prompt_C,q03,3.0,2.9699999999999998,-0.030000000000000006,0.4804912016590885,0.07597232964569976,0.14890576610557152,40
No (AI),AI,phi,prompt_C,q04,3.2625,3.255,-0.007499999999999995,0.28137710802955684,0.044489627140232614,0.08719966919485592,40
No (AI),AI,phi,prompt_C,q05,2.9825,2.9699999999999998,-0.0125,0.1800106834436394,0.02846218814227314,0.05578588875885535,40
No (AI),AI,phi,prompt_C,q06,3.4875,3.435,-0.052500000000000005,0.2207069062388816,0.03489682595220461,0.06839777886632104,40
Top-tier (inst.),PI_INST,deepseek,prompt_A,q01,3.9599999999999995,3.924375,-0.035625000000000004,0.08433136335998515,0.013333959320241161,0.026134560267672677,40
Top-tier (inst.),PI_INST,deepseek,prompt_A,q02,3.9850000000000003,3.9612499999999997,-0.023749999999999997,0.07069934537106716,0.01117854802277272,0.02190995412463453,40
Top-tier (inst.),PI_INST,deepseek,prompt_A,q03,3.0025,2.87,-0.13249999999999998,0.17294581929106123,0.027345135038182023,0.053596464674836766,40
Top-tier (inst.),PI_INST,deepseek,prompt_A,q04,3.5174999999999996,3.4375,-0.08,0.14380364105086904,0.022737352077301782,0.04456521007151149,40
Top-tier (inst.),PI_INST,deepseek,prompt_A,q05,2.0375,1.9618749999999998,-0.07562500000000001,0.48893157654058467,0.07730687009225984,0.15152146538082928,40
Top-tier (inst.),PI_INST,deepseek,prompt_A,q06,3.4274999999999998,3.3481250000000005,-0.07937499999999997,0.21749502646833452,0.03438898316992723,0.06740240701305737,40
Top-tier (inst.),PI_INST,deepseek,prompt_B,q01,3.9225000000000003,3.8868750000000007,-0.035625000000000004,0.18212487791031226,0.0287964716388337,0.05644108441211405,40
Top-tier (inst.),PI_INST,deepseek,prompt_B,q02,3.9775,3.951875,-0.025625000000000002,0.0641731182237867,0.010146660907121248,0.019887455377957646,40
Top-tier (inst.),PI_INST,deepseek,prompt_B,q03,2.9725,2.9162500000000002,-0.05625,0.2289013615803395,0.036192483105381604,0.07093726688654794,40
Top-tier (inst.),PI_INST,deepseek,prompt_B,q04,3.53,3.4668750000000004,-0.06312499999999999,0.21348658607954138,0.03375519309524737,0.06616017846668484,40
Top-tier (inst.),PI_INST,deepseek,prompt_B,q05,2.1925,2.134375,-0.05812499999999998,0.4736785769176914,0.07489515909435823,0.14679451182494213,40
Top-tier (inst.),PI_INST,deepseek,prompt_B,q06,3.4450000000000003,3.40375,-0.04124999999999998,0.24387036804469786,0.03855929084223943,0.07557621005078928,40
Top-tier (inst.),PI_INST,deepseek,prompt_C,q01,3.9450000000000003,3.8825000000000003,-0.0625,0.10741723110591495,0.016984155512168937,0.03328894480385111,40
Top-tier (inst.),PI_INST,deepseek,prompt_C,q02,3.975,3.954375,-0.020625000000000015,0.07883110394202245,0.012464291946113452,0.024430012214382367,40
Top-tier (inst.),PI_INST,deepseek,prompt_C,q03,2.9825,2.8875,-0.09500000000000003,0.12649110640673517,0.019999999999999997,0.03919999999999999,40
Top-tier (inst.),PI_INST,deepseek,prompt_C,q04,3.535,3.48125,-0.053749999999999985,0.141256949000839,0.02233468470844486,0.04377598202855192,40
Top-tier (inst.),PI_INST,deepseek,prompt_C,q05,2.19,2.2175000000000002,0.027499999999999986,0.5126227182656378,0.08105276850331077,0.1588634262664891,40
Top-tier (inst.),PI_INST,deepseek,prompt_C,q06,3.47,3.440625,-0.029375000000000002,0.22107600358015872,0.03495518536604203,0.06851216331744238,40
Top-tier (inst.),PI_INST,gemma,prompt_A,q01,3.6375,3.50625,-0.13125,0.21917312557510094,0.03465431393577103,0.06792245531411122,40
Top-tier (inst.),PI_INST,gemma,prompt_A,q02,3.465,3.259375,-0.205625,0.2138241174543419,0.03380856149155425,0.06626478052344632,40
Top-tier (inst.),PI_INST,gemma,prompt_A,q03,2.8875,2.6881250000000003,-0.19937500000000002,0.20595987753406284,0.03256511598084911,0.06382762732246425,40
Top-tier (inst.),PI_INST,gemma,prompt_A,q04,3.3850000000000002,3.15125,-0.23375000000000004,0.2149500538288503,0.033986587663748194,0.06661371182094646,40
Top-tier (inst.),PI_INST,gemma,prompt_A,q05,2.9225000000000003,2.52,-0.4025,0.2891632490746094,0.045720724134517096,0.08961261930365351,40
Top-tier (inst.),PI_INST,gemma,prompt_A,q06,3.45,3.2275000000000005,-0.22249999999999998,0.19495232816360583,0.030824669607479274,0.060416352430659376,40
Top-tier (inst.),PI_INST,gemma,prompt_B,q01,3.6375,3.538125,-0.099375,0.17490725564402146,0.027655265356222435,0.05420432009819597,40
Top-tier (inst.),PI_INST,gemma,prompt_B,q02,3.4575000000000005,3.4512500000000004,-0.006250000000000011,0.14727764639688243,0.023286640552151964,0.04564181548221785,40
Top-tier (inst.),PI_INST,gemma,prompt_B,q03,2.8899999999999997,2.8606249999999998,-0.029375000000000005,0.16688007170819807,0.0263860561345066,0.051716670023632935,40
Top-tier (inst.),PI_INST,gemma,prompt_B,q04,3.3825000000000003,3.325,-0.05750000000000001,0.1463443427901013,0.023139072294858037,0.04535258169792175,40
Top-tier (inst.),PI_INST,gemma,prompt_B,q05,2.9225000000000003,2.8975,-0.025000000000000012,0.17495420646264656,0.027662688932465675,0.05421887030763272,40
Top-tier (inst.),PI_INST,gemma,prompt_B,q06,3.4549999999999996,3.4318750000000002,-0.023125000000000007,0.14404721225686515,0.02277586406647087,0.044640693570282906,40
Top-tier (inst.),PI_INST,gemma,prompt_C,q01,3.6375,3.5112499999999995,-0.12625,0.2122037905362407,0.0335523653107902,0.06576263600914879,40
Top-tier (inst.),PI_INST,gemma,prompt_C,q02,3.4825000000000004,3.456875,-0.025625,0.16712956550732327,0.026425504567872803,0.051793988953030695,40
Top-tier (inst.),PI_INST,gemma,prompt_C,q03,2.8924999999999996,2.859375,-0.033124999999999995,0.1598664807477373,0.025277110033915397,0.049543135666474176,40
Top-tier (inst.),PI_INST,gemma,prompt_C,q04,3.3900000000000006,3.3299999999999996,-0.06000000000000001,0.1660050972340678,0.02624771052286861,0.05144551262482248,40
Top-tier (inst.),PI_INST,gemma,prompt_C,q05,2.9325,2.8475,-0.08499999999999999,0.21888411639554023,0.03460861757216561,0.0678328904414446,40
Top-tier (inst.),PI_INST,gemma,prompt_C,q06,3.4575000000000005,3.403125,-0.05437499999999999,0.13538732423717725,0.021406615545259928,0.04195696646870946,40
Top-tier (inst.),PI_INST,glm,prompt_A,q01,3.7825,3.68625,-0.09624999999999999,0.13475404946106012,0.02130648601139676,0.04176071258233765,40
Top-tier (inst.),PI_INST,glm,prompt_A,q02,3.7525000000000004,3.6400000000000006,-0.1125,0.12922351933265844,0.02043203241770012,0.04004678353869223,40
Top-tier (inst.),PI_INST,glm,prompt_A,q03,3.1075000000000004,2.93375,-0.17375,0.15095316814945942,0.02386779156853382,0.04678087147432629,40
Top-tier (inst.),PI_INST,glm,prompt_A,q04,3.59,3.4287499999999995,-0.16124999999999998,0.18440392537120157,0.029156820682435386,0.05714736853757336,40
Top-tier (inst.),PI_INST,glm,prompt_A,q05,2.8625,2.56375,-0.29874999999999996,0.25856792491504393,0.040883178629746914,0.08013103011430395,40
Top-tier (inst.),PI_INST,glm,prompt_A,q06,3.5875,3.388125,-0.19937499999999997,0.16922594325869442,0.026756970994394554,0.052443663149013324,40
Top-tier (inst.),PI_INST,glm,prompt_B,q01,3.7225,3.68875,-0.03374999999999999,0.0979844964188801,0.015492709203413654,0.030365710038690763,40
Top-tier (inst.),PI_INST,glm,prompt_B,q02,3.6950000000000003,3.6318749999999995,-0.06312499999999999,0.1196934519340863,0.01892519645597994,0.03709338505372068,40
Top-tier (inst.),PI_INST,glm,prompt_B,q03,3.06,3.0018749999999996,-0.05812500000000002,0.10149325795468585,0.016047493114390486,0.03145308650420535,40
Top-tier (inst.),PI_INST,glm,prompt_B,q04,3.53,3.4587499999999998,-0.07125000000000001,0.09380660684183967,0.01483212685960739,0.029070968644830483,40
Top-tier (inst.),PI_INST,glm,prompt_B,q05,2.785,2.6550000000000002,-0.12999999999999998,0.15609415304675764,0.02468065265313328,0.04837407920014123,40
Top-tier (inst.),PI_INST,glm,prompt_B,q06,3.5275,3.435,-0.0925,0.10098870208452995,0.015967715826565445,0.03129672302006827,40
Top-tier (inst.),PI_INST,glm,prompt_C,q01,3.775,3.6774999999999998,-0.09749999999999996,0.11668498024760773,0.018449515315709927,0.036161050018791455,40
Top-tier (inst.),PI_INST,glm,prompt_C,q02,3.7375,3.6512499999999997,-0.08624999999999997,0.10499542114558356,0.01660123373543248,0.03253841812144766,40
Top-tier (inst.),PI_INST,glm,prompt_C,q03,3.0925,2.9699999999999998,-0.12249999999999998,0.13080127812439124,0.020681497986711667,0.040535736053954864,40
Top-tier (inst.),PI_INST,glm,prompt_C,q04,3.5799999999999996,3.4474999999999993,-0.1325,0.13363747363286374,0.02112993987152729,0.041414682148193493,40
Top-tier (inst.),PI_INST,glm,prompt_C,q05,2.8075,2.485625,-0.321875,0.21440043861177865,0.03389968586761648,0.06644338430052829,40
Top-tier (inst.),PI_INST,glm,prompt_C,q06,3.5775000000000006,3.3825000000000003,-0.19499999999999998,0.13950461806527573,0.022057616859907175,0.04323292904541806,40
Top-tier (inst.),PI_INST,gpt,prompt_A,q01,4.0,4.0,0.0,0.0,0.0,0.0,40
Top-tier (inst.),PI_INST,gpt,prompt_A,q02,4.0,3.9975,-0.0024999999999999996,0.015811388300841892,0.002499999999999999,0.004899999999999998,40
Top-tier (inst.),PI_INST,gpt,prompt_A,q03,3.5,3.480625,-0.019374999999999996,0.051728922376716974,0.008179060780823814,0.016030959130414673,40
Top-tier (inst.),PI_INST,gpt,prompt_A,q04,3.8525000000000005,3.798125,-0.05437499999999999,0.14565144334581082,0.023029515273186894,0.04513784993544631,40
Top-tier (inst.),PI_INST,gpt,prompt_A,q05,3.35,3.1875,-0.1625,0.18708286933869706,0.029580398915498077,0.05797758187437623,40
Top-tier (inst.),PI_INST,gpt,prompt_A,q06,3.6525,3.586875,-0.06562500000000002,0.14441387949135495,0.022833839246688012,0.044754324923508504,40
Top-tier (inst.),PI_INST,gpt,prompt_B,q01,4.0,4.0,0.0,0.0,0.0,0.0,40
Top-tier (inst.),PI_INST,gpt,prompt_B,q02,4.0,4.0,0.0,0.0,0.0,0.0,40
Top-tier (inst.),PI_INST,gpt,prompt_B,q03,3.5,3.4981250000000004,-0.0018749999999999988,0.011858541225631413,0.0018749999999999984,0.003674999999999997,40
Top-tier (inst.),PI_INST,gpt,prompt_B,q04,3.88,3.8549999999999995,-0.025000000000000015,0.14400409538335876,0.02276904669017759,0.04462733151274807,40
Top-tier (inst.),PI_INST,gpt,prompt_B,q05,3.3775,3.3549999999999995,-0.02250000000000002,0.13957352625325914,0.022068512201080307,0.043254283914117404,40
Top-tier (inst.),PI_INST,gpt,prompt_B,q06,3.6475,3.6856250000000004,0.038125,0.14500082891009755,0.02292664409841494,0.04493622243289328,40
Top-tier (inst.),PI_INST,gpt,prompt_C,q01,4.0,3.9993749999999997,-0.0006250000000000006,0.003952847075210477,0.0006250000000000004,0.0012250000000000008,40
Top-tier (inst.),PI_INST,gpt,prompt_C,q02,4.0,3.9993749999999997,-0.0006250000000000006,0.003952847075210477,0.0006250000000000004,0.0012250000000000008,40
Top-tier (inst.),PI_INST,gpt,prompt_C,q03,3.5,3.4981250000000004,-0.0018750000000000017,0.008747710323132337,0.0013831344466232853,0.0027109435153816392,40
Top-tier (inst.),PI_INST,gpt,prompt_C,q04,3.9025,3.8162499999999993,-0.08625000000000001,0.1336074905776676,0.021125199134245775,0.041405390303121715,40
Top-tier (inst.),PI_INST,gpt,prompt_C,q05,3.4125,3.2575000000000003,-0.15500000000000003,0.15954663332432997,0.025226537715830225,0.04944401392302724,40
Top-tier (inst.),PI_INST,gpt,prompt_C,q06,3.715,3.621875,-0.09312500000000001,0.15882052239346567,0.025111729497056413,0.04921898981423057,40
Top-tier (inst.),PI_INST,kimi,prompt_A,q01,3.995,3.946875,-0.04812500000000001,0.08014160144426415,0.012671499794865721,0.02483613959793681,40
Top-tier (inst.),PI_INST,kimi,prompt_A,q02,4.0,3.98125,-0.018750000000000006,0.06522888694671782,0.010313592599462728,0.020214641494946946,40
Top-tier (inst.),PI_INST,kimi,prompt_A,q03,3.3225000000000002,3.0993749999999998,-0.22312499999999996,0.16480247500942077,0.026057559253137446,0.05107281613614939,40
Top-tier (inst.),PI_INST,kimi,prompt_A,q04,3.535,3.4681250000000006,-0.066875,0.09462942229614722,0.014962225406087295,0.029325961795931096,40
Top-tier (inst.),PI_INST,kimi,prompt_A,q05,3.075,2.729375,-0.34562499999999996,0.17576640784918238,0.027791109247475673,0.054470574125052316,40
Top-tier (inst.),PI_INST,kimi,prompt_A,q06,3.7474999999999996,3.53125,-0.21624999999999997,0.15907887899903536,0.025152579263163912,0.049299055355801265,40
Top-tier (inst.),PI_INST,kimi,prompt_B,q01,3.995,3.9637499999999997,-0.03125,0.06620432629755263,0.010467823102862431,0.020516933281610365,40
Top-tier (inst.),PI_INST,kimi,prompt_B,q02,4.0,3.9799999999999995,-0.02,0.05695252183696296,0.009004984374763988,0.017649769374537414,40
Top-tier (inst.),PI_INST,kimi,prompt_B,q03,3.3474999999999993,3.246875,-0.10062499999999996,0.09862638319201643,0.015594200413565983,0.030564632810589326,40
Top-tier (inst.),PI_INST,kimi,prompt_B,q04,3.5475000000000003,3.5149999999999997,-0.032500000000000015,0.07536237243802228,0.011915837338902353,0.02335504118424861,40
Top-tier (inst.),PI_INST,kimi,prompt_B,q05,3.1125,2.96875,-0.14375000000000004,0.11473911322022712,0.018141846724192726,0.035558019579417746,40
Top-tier (inst.),PI_INST,kimi,prompt_B,q06,3.78,3.6543750000000004,-0.125625,0.12148750859075899,0.01920886172030356,0.03764936897179498,40
Top-tier (inst.),PI_INST,kimi,prompt_C,q01,3.9900000000000007,3.96875,-0.021250000000000005,0.05081073478341728,0.008033882575117043,0.015746409847229404,40
Top-tier (inst.),PI_INST,kimi,prompt_C,q02,3.9975,3.990625,-0.006874999999999995,0.02714367046207726,0.004291791135859961,0.008411910626285523,40
Top-tier (inst.),PI_INST,kimi,prompt_C,q03,3.3375,3.2318749999999996,-0.105625,0.12345032998886218,0.01951921103320967,0.038257653625090954,40
Top-tier (inst.),PI_INST,kimi,prompt_C,q04,3.5450000000000004,3.5099999999999993,-0.034999999999999996,0.07591324332960958,0.01200293767460753,0.02352575784223076,40
Top-tier (inst.),PI_INST,kimi,prompt_C,q05,3.085,2.890625,-0.19437500000000002,0.11705350245036428,0.01850778379216258,0.03627525623263865,40
Top-tier (inst.),PI_INST,kimi,prompt_C,q06,3.775,3.668125,-0.10687499999999998,0.12338540567398287,0.01950894559768244,0.038237533371457584,40
Top-tier (inst.),PI_INST,ministral,prompt_A,q01,3.775,3.646875,-0.128125,0.1801163708586259,0.028478898789841774,0.055818641628089874,40
Top-tier (inst.),PI_INST,ministral,prompt_A,q02,3.9875,3.925,-0.0625,0.10591481821704042,0.01674660317642709,0.032823342225797095,40
Top-tier (inst.),PI_INST,ministral,prompt_A,q03,3.275,3.121875,-0.153125,0.17331491827720974,0.027403494712096434,0.05371084963570901,40
Top-tier (inst.),PI_INST,ministral,prompt_A,q04,3.4875,3.475,-0.0125,0.0379777262656375,0.006004805767690768,0.011769419304673906,40
Top-tier (inst.),PI_INST,ministral,prompt_A,q05,2.975,2.771875,-0.203125,0.1156347449115932,0.018283458528660018,0.035835578716173634,40
Top-tier (inst.),PI_INST,ministral,prompt_A,q06,3.6625,3.553125,-0.109375,0.192377791710971,0.03041759965200646,0.05961849531793266,40
Top-tier (inst.),PI_INST,ministral,prompt_B,q01,3.7125,3.66875,-0.04375,0.12516015381328077,0.019789557917348797,0.03878753351800364,40
Top-tier (inst.),PI_INST,ministral,prompt_B,q02,3.975,3.971875,-0.003125,0.04464514646144755,0.007059017464499048,0.013835674230418133,40
Top-tier (inst.),PI_INST,ministral,prompt_B,q03,3.2125,3.16875,-0.04375,0.12516015381328077,0.019789557917348797,0.03878753351800364,40
Top-tier (inst.),PI_INST,ministral,prompt_B,q04,3.4875,3.5,0.0125,0.07905694150420949,0.012499999999999999,0.024499999999999997,40
Top-tier (inst.),PI_INST,ministral,prompt_B,q05,2.975,2.965625,-0.009375,0.1213819332435792,0.019192168792211,0.037616650832733564,40
Top-tier (inst.),PI_INST,ministral,prompt_B,q06,3.6375,3.603125,-0.034375,0.1470530494718636,0.023251128660225485,0.04557221217404195,40
Top-tier (inst.),PI_INST,ministral,prompt_C,q01,3.775,3.675,-0.1,0.17947573223569382,0.02837760492956482,0.05562010566194705,40
Top-tier (inst.),PI_INST,ministral,prompt_C,q02,3.975,3.984375,0.009375,0.0819802000798254,0.012962207764428291,0.025405927218279452,40
Top-tier (inst.),PI_INST,ministral,prompt_C,q03,3.275,3.178125,-0.096875,0.18451143908670312,0.02917382009347,0.057180687383201194,40
Top-tier (inst.),PI_INST,ministral,prompt_C,q04,3.5,3.503125,0.003125,0.11493971385257934,0.01817356446910788,0.035620186359451446,40
Top-tier (inst.),PI_INST,ministral,prompt_C,q05,2.9875,2.903125,-0.084375,0.1659942364615758,0.02624599328395743,0.05144214683655656,40
Top-tier (inst.),PI_INST,ministral,prompt_C,q06,3.675,3.584375,-0.090625,0.19609059752037433,0.031004645795387437,0.06076910575895938,40
Top-tier (inst.),PI_INST,mistral,prompt_A,q01,4.0,4.0,0.0,0.0,0.0,0.0,40
Top-tier (inst.),PI_INST,mistral,prompt_A,q02,4.0,4.0,0.0,0.0,0.0,0.0,40
Top-tier (inst.),PI_INST,mistral,prompt_A,q03,3.3474999999999993,3.24875,-0.09875000000000002,0.15483138057337217,0.02448099079401016,0.047982741956259914,40
Top-tier (inst.),PI_INST,mistral,prompt_A,q04,3.789999999999999,3.721875,-0.06812499999999999,0.13913509161224824,0.021999189597544672,0.043118411611187554,40
Top-tier (inst.),PI_INST,mistral,prompt_A,q05,3.1275,3.063125,-0.06437499999999999,0.11887392319337584,0.018795617584549208,0.03683941046571645,40
Top-tier (inst.),PI_INST,mistral,prompt_A,q06,3.85,3.7543750000000005,-0.095625,0.1566769807024991,0.024772805796907257,0.04855469936193822,40
Top-tier (inst.),PI_INST,mistral,prompt_B,q01,4.0,4.0,0.0,0.0,0.0,0.0,40
Top-tier (inst.),PI_INST,mistral,prompt_B,q02,4.0,4.0,0.0,0.0,0.0,0.0,40
Top-tier (inst.),PI_INST,mistral,prompt_B,q03,3.2775,3.3731250000000004,0.09562499999999999,0.10799565221542898,0.017075611919808237,0.03346819936282414,40
Top-tier (inst.),PI_INST,mistral,prompt_B,q04,3.745,3.8106250000000004,0.06562499999999999,0.08598738354087257,0.013595799101381575,0.026647766238707887,40
Top-tier (inst.),PI_INST,mistral,prompt_B,q05,3.1075,3.16,0.052500000000000005,0.09264628073124863,0.014648663192705785,0.028711379857703338,40
Top-tier (inst.),PI_INST,mistral,prompt_B,q06,3.7825,3.875,0.09249999999999999,0.10863370587106953,0.017176497060869284,0.033665934239303794,40
Top-tier (inst.),PI_INST,mistral,prompt_C,q01,4.0,4.0,0.0,0.0,0.0,0.0,40
Top-tier (inst.),PI_INST,mistral,prompt_C,q02,4.0,4.0,0.0,0.0,0.0,0.0,40
Top-tier (inst.),PI_INST,mistral,prompt_C,q03,3.3824999999999994,3.323125,-0.059375,0.1027954622115298,0.016253389685910176,0.031856643784383944,40
Top-tier (inst.),PI_INST,mistral,prompt_C,q04,3.8299999999999996,3.784375,-0.045625000000000006,0.09266141494987445,0.014651056122779013,0.028716070000646864,40
Top-tier (inst.),PI_INST,mistral,prompt_C,q05,3.1550000000000002,3.0743750000000003,-0.08062499999999999,0.11773605584592105,0.01861570495989464,0.036486781721393496,40
Top-tier (inst.),PI_INST,mistral,prompt_C,q06,3.8849999999999993,3.8274999999999992,-0.057499999999999996,0.10411408929507854,0.01646188293433013,0.03226529055128706,40
Top-tier (inst.),PI_INST,phi,prompt_A,q01,3.08,3.044375,-0.035625000000000004,0.19830107742443634,0.03135415335633076,0.061454140578408284,40
Top-tier (inst.),PI_INST,phi,prompt_A,q02,3.815,3.7206249999999996,-0.094375,0.15591823753131573,0.024652837967905333,0.04831956241709445,40
Top-tier (inst.),PI_INST,phi,prompt_A,q03,3.0125,2.8393749999999995,-0.173125,0.3051579824136495,0.048249713530436944,0.0945694385196564,40
Top-tier (inst.),PI_INST,phi,prompt_A,q04,3.19,3.1725000000000003,-0.0175,0.19824550953623654,0.03134536730175691,0.061436919911443545,40
Top-tier (inst.),PI_INST,phi,prompt_A,q05,2.93,2.96125,0.03125,0.19020484908483434,0.030074027255833483,0.05894509342143363,40
Top-tier (inst.),PI_INST,phi,prompt_A,q06,3.4425,3.4200000000000004,-0.022500000000000006,0.18534444718567672,0.029305530238576176,0.0574388392676093,40
Top-tier (inst.),PI_INST,phi,prompt_B,q01,3.0524999999999998,3.07375,0.021249999999999998,0.1396596136766377,0.022082123817868882,0.043280962683023005,40
Top-tier (inst.),PI_INST,phi,prompt_B,q02,3.8,3.755,-0.045,0.1908315138195646,0.030173111650386122,0.0591392988347568,40
Top-tier (inst.),PI_INST,phi,prompt_B,q03,2.9575,2.951875,-0.005624999999999996,0.2794504393929684,0.044184994080831076,0.08660258839842891,40
Top-tier (inst.),PI_INST,phi,prompt_B,q04,3.1525,3.2275000000000005,0.075,0.2273030282830976,0.035939764421413035,0.07044193826596955,40
Top-tier (inst.),PI_INST,phi,prompt_B,q05,2.915,2.916875,0.001874999999999996,0.16451049183282176,0.02601139265931224,0.05098232961225199,40
Top-tier (inst.),PI_INST,phi,prompt_B,q06,3.415,3.3950000000000005,-0.02,0.17652267959176351,0.02791068630930472,0.05470494516623725,40
Top-tier (inst.),PI_INST,phi,prompt_C,q01,3.1375,3.0575,-0.08,0.25014098588698497,0.03955076257814532,0.07751949465316482,40
Top-tier (inst.),PI_INST,phi,prompt_C,q02,3.8625,3.763125,-0.099375,0.16176980915438505,0.0255780526789307,0.05013298325070417,40
Top-tier (inst.),PI_INST,phi,prompt_C,q03,3.0,2.9475000000000002,-0.052500000000000005,0.4069035669793432,0.06433710298508023,0.12610072185075724,40
Top-tier (inst.),PI_INST,phi,prompt_C,q04,3.2625,3.2550000000000003,-0.007499999999999995,0.25790079587473264,0.04077769626671562,0.07992428468276261,40
Top-tier (inst.),PI_INST,phi,prompt_C,q05,2.9825,2.8600000000000003,-0.12249999999999998,0.20489209167454275,0.032396284212378904,0.06349671705626266,40
Top-tier (inst.),PI_INST,phi,prompt_C,q06,3.4875,3.3743749999999997,-0.11312499999999999,0.19887403402721132,0.03144474574959082,0.061631701669198014,40
Yes (AI),AI,deepseek,prompt_A,q01,3.9599999999999995,3.9625,0.0025000000000000022,0.083166499665831,0.013149778198382919,0.02577356526883052,40
Yes (AI),AI,deepseek,prompt_A,q02,3.9850000000000003,3.9924999999999997,0.007500000000000007,0.041679485207707284,0.006590105247982558,0.012916606286045813,40
Yes (AI),AI,deepseek,prompt_A,q03,3.0025,2.9575,-0.045,0.16786746909239797,0.026542177368994797,0.0520226676432298,40
Yes (AI),AI,deepseek,prompt_A,q04,3.5174999999999996,3.5275000000000007,0.009999999999999998,0.15980757659905098,0.0252677964702413,0.049524881081672946,40
Yes (AI),AI,deepseek,prompt_A,q05,2.0375,1.9700000000000002,-0.06749999999999998,0.46870662192452256,0.07410902398424521,0.1452536870091206,40
Yes (AI),AI,deepseek,prompt_A,q06,3.4274999999999998,3.3975,-0.02999999999999997,0.21862038284403354,0.03456691763625728,0.06775115856706426,40
Yes (AI),AI,deepseek,prompt_B,q01,3.9225000000000003,3.9375,0.015000000000000003,0.20070388955386811,0.03173407131225494,0.06219877977201968,40
Yes (AI),AI,deepseek,prompt_B,q02,3.9775,3.9825000000000004,0.0050000000000000044,0.08149248824907507,0.012885093753079212,0.025254783756035255,40
Yes (AI),AI,deepseek,prompt_B,q03,2.9725,3.005,0.03250000000000001,0.16233472857821923,0.02566737428262,0.0503080535939352,40
Yes (AI),AI,deepseek,prompt_B,q04,3.53,3.5675,0.0375,0.1807214885127289,0.02857457629180895,0.05600616953194554,40
Yes (AI),AI,deepseek,prompt_B,q05,2.1925,2.1375,-0.05500000000000001,0.49352213989253063,0.07803270188903216,0.15294409570250303,40
Yes (AI),AI,deepseek,prompt_B,q06,3.4450000000000003,3.4675,0.022499999999999985,0.21778311959260566,0.03443453469247377,0.06749168799724858,40
Yes (AI),AI,deepseek,prompt_C,q01,3.9450000000000003,3.9174999999999995,-0.027500000000000035,0.12605961145833208,0.01993177465820947,0.039066278330090555,40
Yes (AI),AI,deepseek,prompt_C,q02,3.975,3.9825000000000004,0.007499999999999995,0.04167948520770726,0.006590105247982554,0.012916606286045806,40
Yes (AI),AI,deepseek,prompt_C,q03,2.9825,2.9274999999999998,-0.055000000000000014,0.16938803881120912,0.026782600551621048,0.05249389708117725,40
Yes (AI),AI,deepseek,prompt_C,q04,3.535,3.5025,-0.032499999999999994,0.18029534174905976,0.028507196572273748,0.055874105281656546,40
Yes (AI),AI,deepseek,prompt_C,q05,2.19,2.1025,-0.08750000000000002,0.4249811458864668,0.06719541918147665,0.13170302159569422,40
Yes (AI),AI,deepseek,prompt_C,q06,3.47,3.4225000000000003,-0.0475,0.17829318982636874,0.0281906285574043,0.05525363197251242,40
Yes (AI),AI,gemma,prompt_A,q01,3.6375,3.6025,-0.034999999999999996,0.16571523304011151,0.026201878969617075,0.05135568278044947,40
Yes (AI),AI,gemma,prompt_A,q02,3.465,3.4274999999999998,-0.0375,0.14266241306862887,0.022556908089631924,0.04421153985567857,40
Yes (AI),AI,gemma,prompt_A,q03,2.8875,2.825,-0.0625,0.21326220769458715,0.0337197157575391,0.06609064288477663,40
Yes (AI),AI,gemma,prompt_A,q04,3.3850000000000002,3.3125,-0.0725,0.1880909490863532,0.029739790318782138,0.05828998902481299,40
Yes (AI),AI,gemma,prompt_A,q05,2.9225000000000003,2.8449999999999998,-0.07749999999999999,0.26649433534173056,0.04213645416062876,0.08258745015483236,40
Yes (AI),AI,gemma,prompt_A,q06,3.45,3.3625,-0.0875,0.2040456208415544,0.03226244542212174,0.06323439302735862,40
Yes (AI),AI,gemma,prompt_B,q01,3.6375,3.5675,-0.07,0.18425177868535744,0.029132764179149707,0.057100217791133424,40
Yes (AI),AI,gemma,prompt_B,q02,3.4575000000000005,3.4824999999999995,0.024999999999999988,0.1056117709057383,0.01669868718930185,0.03272942689103162,40
Yes (AI),AI,gemma,prompt_B,q03,2.8899999999999997,2.8875,-0.0025000000000000022,0.16249260338195753,0.025692336480868255,0.05035697950250178,40
Yes (AI),AI,gemma,prompt_B,q04,3.3825000000000003,3.3649999999999998,-0.017500000000000005,0.14830235919765317,0.023448661872050258,0.045959377269218504,40
Yes (AI),AI,gemma,prompt_B,q05,2.9225000000000003,2.9299999999999997,0.007499999999999995,0.15588868480836587,0.02464816527212626,0.04831040393336747,40
Yes (AI),AI,gemma,prompt_B,q06,3.4549999999999996,3.45,-0.0050000000000000044,0.11535897150933823,0.01823985492519904,0.03575011565339011,40
Yes (AI),AI,gemma,prompt_C,q01,3.6375,3.5125,-0.125,0.2192645048267573,0.034668762264076815,0.06795077403759056,40
Yes (AI),AI,gemma,prompt_C,q02,3.4825000000000004,3.5325,0.05,0.1484967408776437,0.02347939631425926,0.04601961677594815,40
Yes (AI),AI,gemma,prompt_C,q03,2.8924999999999996,2.8575,-0.034999999999999996,0.2007038895538681,0.03173407131225494,0.06219877977201968,40
Yes (AI),AI,gemma,prompt_C,q04,3.3900000000000006,3.3575000000000004,-0.03250000000000001,0.20429679265025058,0.032302159172096945,0.06331223197731001,40
Yes (AI),AI,gemma,prompt_C,q05,2.9325,2.94,0.007500000000000007,0.22347775659404606,0.03533493586109493,0.06925647428774606,40
Yes (AI),AI,gemma,prompt_C,q06,3.4575000000000005,3.44,-0.017499999999999995,0.15506408931429544,0.02451778527664754,0.04805485914222917,40
Yes (AI),AI,glm,prompt_A,q01,3.7825,3.6849999999999996,-0.09749999999999998,0.13679012559954187,0.021628417915752898,0.042391699114875676,40
Yes (AI),AI,glm,prompt_A,q02,3.7525000000000004,3.6900000000000004,-0.062499999999999986,0.1254479154357675,0.019835057024860978,0.038876711768727513,40
Yes (AI),AI,glm,prompt_A,q03,3.1075000000000004,3.025,-0.08249999999999995,0.14656319193702497,0.023173675383271218,0.045420403751211584,40
Yes (AI),AI,glm,prompt_A,q04,3.59,3.5025,-0.08749999999999995,0.15719904090527542,0.024855350762732382,0.04871648749495547,40
Yes (AI),AI,glm,prompt_A,q05,2.8625,2.7525,-0.10999999999999996,0.20730257831092927,0.03277741561439788,0.06424373460421984,40
Yes (AI),AI,glm,prompt_A,q06,3.5875,3.5025,-0.08499999999999995,0.15114944209673364,0.023898825204470737,0.04684169740076265,40
Yes (AI),AI,glm,prompt_B,q01,3.7225,3.6974999999999993,-0.024999999999999988,0.1445594545418455,0.022856856683190215,0.04479943909905282,40
Yes (AI),AI,glm,prompt_B,q02,3.6950000000000003,3.6450000000000005,-0.04999999999999999,0.14849674087764364,0.02347939631425925,0.04601961677594813,40
Yes (AI),AI,glm,prompt_B,q03,3.06,3.0025,-0.05749999999999998,0.13375733864362596,0.02114889219381575,0.04145182869987887,40
Yes (AI),AI,glm,prompt_B,q04,3.53,3.4850000000000003,-0.04500000000000002,0.12999013769296464,0.02055324542343368,0.040284361029930014,40
Yes (AI),AI,glm,prompt_B,q05,2.785,2.665,-0.12,0.21862038284403354,0.03456691763625728,0.06775115856706426,40
Yes (AI),AI,glm,prompt_B,q06,3.5275,3.4675,-0.06000000000000003,0.1296939197515166,0.02050640925449457,0.04019256213880936,40
Yes (AI),AI,glm,prompt_C,q01,3.775,3.7125,-0.062499999999999965,0.11251780485885957,0.017790627033817834,0.03486962898628295,40
Yes (AI),AI,glm,prompt_C,q02,3.7375,3.675,-0.0625,0.12129113100939601,0.01917781169837846,0.037588510928821775,40
Yes (AI),AI,glm,prompt_C,q03,3.0925,3.035,-0.057499999999999996,0.09841695705465307,0.015561087233784009,0.030499730978216656,40
Yes (AI),AI,glm,prompt_C,q04,3.5799999999999996,3.4799999999999995,-0.10000000000000005,0.11547005383792518,0.01825741858350554,0.03578454042367086,40
Yes (AI),AI,glm,prompt_C,q05,2.8075,2.6149999999999998,-0.19250000000000003,0.17451397710535452,0.027593082559369927,0.054082441816365054,40
Yes (AI),AI,glm,prompt_C,q06,3.5775000000000006,3.47,-0.10750000000000001,0.12065526224617105,0.0190772720191412,0.03739145315751675,40
Yes (AI),AI,gpt,prompt_A,q01,4.0,4.0,0.0,0.0,0.0,0.0,40
Yes (AI),AI,gpt,prompt_A,q02,4.0,4.0,0.0,0.0,0.0,0.0,40
Yes (AI),AI,gpt,prompt_A,q03,3.5,3.5,0.0,0.0,0.0,0.0,40
Yes (AI),AI,gpt,prompt_A,q04,3.8525000000000005,3.84,-0.0125,0.16515338635838206,0.026113043209113437,0.05118156468986234,40
Yes (AI),AI,gpt,prompt_A,q05,3.35,3.3199999999999994,-0.030000000000000006,0.19897171555209442,0.03146019055478827,0.06166197348738501,40
Yes (AI),AI,gpt,prompt_A,q06,3.6525,3.5700000000000003,-0.08250000000000002,0.16468696023606383,0.02603929476377714,0.05103701773700319,40
Yes (AI),AI,gpt,prompt_B,q01,4.0,4.0,0.0,0.0,0.0,0.0,40
Yes (AI),AI,gpt,prompt_B,q02,4.0,4.0,0.0,0.0,0.0,0.0,40
Yes (AI),AI,gpt,prompt_B,q03,3.5,3.5,0.0,0.0,0.0,0.0,40
Yes (AI),AI,gpt,prompt_B,q04,3.88,3.845,-0.034999999999999996,0.14420427107014477,0.022800697245299206,0.04468936660078644,40
Yes (AI),AI,gpt,prompt_B,q05,3.3775,3.3225000000000002,-0.05500000000000001,0.18529256146249726,0.02929732638541157,0.057422759715406675,40
Yes (AI),AI,gpt,prompt_B,q06,3.6475,3.6275000000000004,-0.019999999999999997,0.12444749691006038,0.019676876967127867,0.03856667885557062,40
Yes (AI),AI,gpt,prompt_C,q01,4.0,4.0,0.0,0.0,0.0,0.0,40
Yes (AI),AI,gpt,prompt_C,q02,4.0,4.0,0.0,0.0,0.0,0.0,40
Yes (AI),AI,gpt,prompt_C,q03,3.5,3.5,0.0,0.0,0.0,0.0,40
Yes (AI),AI,gpt,prompt_C,q04,3.9025,3.8825000000000003,-0.020000000000000007,0.1324328567178913,0.020939473213563375,0.04104136749858422,40
Yes (AI),AI,gpt,prompt_C,q05,3.4125,3.3775000000000004,-0.03499999999999999,0.13310878527711348,0.02104634690269828,0.04125083992928863,40
Yes (AI),AI,gpt,prompt_C,q06,3.715,3.6100000000000003,-0.10499999999999998,0.1839035421641269,0.029077703150572606,0.05699229817512231,40
Yes (AI),AI,kimi,prompt_A,q01,3.995,3.995,0.0,0.022645540682891933,0.003580574370197167,0.007017925765586448,40
Yes (AI),AI,kimi,prompt_A,q02,4.0,3.9975,-0.0025000000000000022,0.01581138830084191,0.002500000000000002,0.004900000000000003,40
Yes (AI),AI,kimi,prompt_A,q03,3.3225000000000002,3.2674999999999996,-0.05499999999999997,0.15681117176318646,0.024794023266577554,0.048596285602492004,40
Yes (AI),AI,kimi,prompt_A,q04,3.535,3.525,-0.009999999999999998,0.03038218101250999,0.004803844614152612,0.00941553544373912,40
Yes (AI),AI,kimi,prompt_A,q05,3.075,3.0675,-0.007499999999999984,0.09442810316143528,0.014930394055974095,0.029263572349709225,40
Yes (AI),AI,kimi,prompt_A,q06,3.7474999999999996,3.6799999999999997,-0.06749999999999998,0.14568582283241896,0.023034951147310342,0.04514850424872827,40
Yes (AI),AI,kimi,prompt_B,q01,3.995,4.0,0.0050000000000000044,0.03162277660168382,0.005000000000000004,0.009800000000000007,40
Yes (AI),AI,kimi,prompt_B,q02,4.0,4.0,0.0,0.0,0.0,0.0,40
Yes (AI),AI,kimi,prompt_B,q03,3.3474999999999993,3.3200000000000003,-0.027500000000000004,0.0986771477454607,0.015602226994230245,0.03058036490869128,40
Yes (AI),AI,kimi,prompt_B,q04,3.5475000000000003,3.5375,-0.01000000000000002,0.06324555320336761,0.010000000000000004,0.019600000000000006,40
Yes (AI),AI,kimi,prompt_B,q05,3.1125,3.0774999999999997,-0.03500000000000005,0.11886212655091247,0.018793752371602863,0.036835754648341615,40
Yes (AI),AI,kimi,prompt_B,q06,3.78,3.7225,-0.05750000000000001,0.13753787357185165,0.02174664725116647,0.04262342861228628,40
Yes (AI),AI,kimi,prompt_C,q01,3.9900000000000007,3.9849999999999994,-0.0050000000000000044,0.022072142786315245,0.003489912202260567,0.006840227916430712,40
Yes (AI),AI,kimi,prompt_C,q02,3.9975,3.9924999999999997,-0.0050000000000000044,0.022072142786315245,0.003489912202260567,0.006840227916430712,40
Yes (AI),AI,kimi,prompt_C,q03,3.3375,3.2825,-0.05500000000000001,0.12800240382358208,0.020238957102958255,0.03966835592179818,40
Yes (AI),AI,kimi,prompt_C,q04,3.5450000000000004,3.5275,-0.017500000000000016,0.07120753345337015,0.011258899613764247,0.022067443242977925,40
Yes (AI),AI,kimi,prompt_C,q05,3.085,3.0075,-0.07750000000000003,0.13679012559954196,0.02162841791575291,0.042391699114875704,40
Yes (AI),AI,kimi,prompt_C,q06,3.775,3.7125,-0.062499999999999986,0.12129113100939597,0.019177811698378452,0.03758851092882177,40
Yes (AI),AI,ministral,prompt_A,q01,3.775,3.7625,-0.0125,0.21145103088313016,0.033433343559064826,0.06552935337576705,40
Yes (AI),AI,ministral,prompt_A,q02,3.9875,3.9625,-0.025,0.11036071393157611,0.017449561011302815,0.03420113958215352,40
Yes (AI),AI,ministral,prompt_A,q03,3.275,3.2625,-0.0125,0.21145103088313016,0.033433343559064826,0.06552935337576705,40
Yes (AI),AI,ministral,prompt_A,q04,3.4875,3.4875,0.0,0.0,0.0,0.0,40
Yes (AI),AI,ministral,prompt_A,q05,2.975,2.975,0.0,0.0,0.0,0.0,40
Yes (AI),AI,ministral,prompt_A,q06,3.6625,3.6375,-0.025,0.15811388300841897,0.024999999999999998,0.048999999999999995,40
Yes (AI),AI,ministral,prompt_B,q01,3.7125,3.7125,0.0,0.16012815380508713,0.025318484177091663,0.04962422898709966,40
Yes (AI),AI,ministral,prompt_B,q02,3.975,3.9625,-0.0125,0.07905694150420949,0.012499999999999999,0.024499999999999997,40
Yes (AI),AI,ministral,prompt_B,q03,3.2125,3.2125,0.0,0.16012815380508713,0.025318484177091663,0.04962422898709966,40
Yes (AI),AI,ministral,prompt_B,q04,3.4875,3.4875,0.0,0.0,0.0,0.0,40
Yes (AI),AI,ministral,prompt_B,q05,2.975,2.925,-0.05,0.15191090506255,0.024019223070763072,0.04707767721869562,40
Yes (AI),AI,ministral,prompt_B,q06,3.6375,3.5875,-0.05,0.15191090506255,0.024019223070763072,0.04707767721869562,40
Yes (AI),AI,ministral,prompt_C,q01,3.775,3.65,-0.125,0.2192645048267573,0.034668762264076815,0.06795077403759056,40
Yes (AI),AI,ministral,prompt_C,q02,3.975,3.9,-0.075,0.18081014266989473,0.028588593744843276,0.05603364373989282,40
Yes (AI),AI,ministral,prompt_C,q03,3.275,3.15,-0.125,0.2192645048267573,0.034668762264076815,0.06795077403759056,40
Yes (AI),AI,ministral,prompt_C,q04,3.5,3.4875,-0.0125,0.07905694150420949,0.012499999999999999,0.024499999999999997,40
Yes (AI),AI,ministral,prompt_C,q05,2.9875,2.8375,-0.15,0.23204774044612853,0.03668996928526713,0.07191233979912358,40
Yes (AI),AI,ministral,prompt_C,q06,3.675,3.5125,-0.1625,0.23717082451262844,0.0375,0.0735,40
Yes (AI),AI,mistral,prompt_A,q01,4.0,4.0,0.0,0.0,0.0,0.0,40
Yes (AI),AI,mistral,prompt_A,q02,4.0,4.0,0.0,0.0,0.0,0.0,40
Yes (AI),AI,mistral,prompt_A,q03,3.3474999999999993,3.3075,-0.04,0.1277015751965977,0.020191391920625665,0.03957512816442631,40
Yes (AI),AI,mistral,prompt_A,q04,3.789999999999999,3.7424999999999997,-0.0475,0.1280775005761986,0.02025083094211578,0.03969162864654693,40
Yes (AI),AI,mistral,prompt_A,q05,3.1275,3.1049999999999995,-0.022499999999999985,0.12907461566960562,0.020408488681340663,0.040000637815427696,40
Yes (AI),AI,mistral,prompt_A,q06,3.85,3.81,-0.04,0.12362059408549722,0.019546132150665557,0.03831041901530449,40
Yes (AI),AI,mistral,prompt_B,q01,4.0,4.0,0.0,0.0,0.0,0.0,40
Yes (AI),AI,mistral,prompt_B,q02,4.0,4.0,0.0,0.0,0.0,0.0,40
Yes (AI),AI,mistral,prompt_B,q03,3.2775,3.34,0.062499999999999965,0.1390213043994447,0.021981198259491602,0.04308314858860354,40
Yes (AI),AI,mistral,prompt_B,q04,3.745,3.78,0.034999999999999996,0.12310095919141387,0.01946397065981537,0.038149382493238126,40
Yes (AI),AI,mistral,prompt_B,q05,3.1075,3.1100000000000003,0.0025000000000000022,0.12086759019263332,0.01911084401522755,0.037457254269845995,40
Yes (AI),AI,mistral,prompt_B,q06,3.7825,3.8474999999999993,0.06499999999999997,0.14241506690674013,0.022517799227528466,0.044134886485955795,40
Yes (AI),AI,mistral,prompt_C,q01,4.0,4.0,0.0,0.0,0.0,0.0,40
Yes (AI),AI,mistral,prompt_C,q02,4.0,4.0,0.0,0.0,0.0,0.0,40
Yes (AI),AI,mistral,prompt_C,q03,3.3824999999999994,3.3325000000000005,-0.05000000000000001,0.14675987714106856,0.023204774044612853,0.04548135712744119,40
Yes (AI),AI,mistral,prompt_C,q04,3.8299999999999996,3.7825,-0.04750000000000001,0.13957352625325914,0.022068512201080307,0.043254283914117404,40
Yes (AI),AI,mistral,prompt_C,q05,3.1550000000000002,3.0700000000000003,-0.08499999999999999,0.14060309658478634,0.02223130156402834,0.04357335106549554,40
Yes (AI),AI,mistral,prompt_C,q06,3.8849999999999993,3.8375,-0.04750000000000001,0.1467380362484495,0.023201320696272485,0.04547458856469407,40
Yes (AI),AI,phi,prompt_A,q01,3.08,3.0375,-0.0425,0.17670415664142985,0.02793938035030438,0.05476118548659658,40
Yes (AI),AI,phi,prompt_A,q02,3.815,3.7924999999999995,-0.0225,0.20567275476173805,0.03251971788441669,0.0637386470534567,40
Yes (AI),AI,phi,prompt_A,q03,3.0125,2.9225000000000003,-0.09,0.39535767642438957,0.06251153739664629,0.12252261329742672,40
Yes (AI),AI,phi,prompt_A,q04,3.19,3.1675,-0.0225,0.22128702790256077,0.034988551241066236,0.06857756043248982,40
Yes (AI),AI,phi,prompt_A,q05,2.93,2.9050000000000002,-0.025,0.21691307487397354,0.034296968543619875,0.06722205834549495,40
Yes (AI),AI,phi,prompt_A,q06,3.4425,3.37,-0.0725,0.20629515822648942,0.03261812851302642,0.06393153188553179,40
Yes (AI),AI,phi,prompt_B,q01,3.0524999999999998,3.05,-0.0025000000000000022,0.19675248019158095,0.0311092986346279,0.06097422532387068,40
Yes (AI),AI,phi,prompt_B,q02,3.8,3.7575000000000003,-0.042499999999999996,0.24587624571139077,0.03887644794896011,0.07619783797996182,40
Yes (AI),AI,phi,prompt_B,q03,2.9575,2.9,-0.05749999999999998,0.38155384067433173,0.06032895932579421,0.11824476027855665,40
Yes (AI),AI,phi,prompt_B,q04,3.1525,3.2125,0.06,0.24786265841368166,0.039190527374576574,0.07681343365417008,40
Yes (AI),AI,phi,prompt_B,q05,2.915,2.925,0.009999999999999998,0.2619453847949694,0.041417201926067085,0.08117771577509149,40
Yes (AI),AI,phi,prompt_B,q06,3.415,3.3775,-0.0375,0.2588807269173022,0.04093263696893677,0.08022796845911608,40
Yes (AI),AI,phi,prompt_C,q01,3.1375,3.025,-0.1125,0.26524057778281984,0.04193821768463823,0.08219890666189092,40
Yes (AI),AI,phi,prompt_C,q02,3.8625,3.7625,-0.1,0.23204774044612858,0.03668996928526714,0.07191233979912359,40
Yes (AI),AI,phi,prompt_C,q03,3.0,2.9274999999999998,-0.0725,0.4326350389451563,0.06840560593311723,0.13407498762890976,40
Yes (AI),AI,phi,prompt_C,q04,3.2625,3.2049999999999996,-0.057499999999999996,0.2836461320115757,0.04484839133266884,0.08790284701203092,40
Yes (AI),AI,phi,prompt_C,q05,2.9825,2.9125,-0.06999999999999999,0.2053140184055783,0.032462996686167984,0.06362747350488925,40
Yes (AI),AI,phi,prompt_C,q06,3.4875,3.4025,-0.08499999999999999,0.224807610054601,0.03554520415557545,0.06966860014492789,40
